1,五幸神明ビル,2014,2006,1,,FALSE,9999,FALSE,
2,株式会社　アイシンク,2014,2006,1,,FALSE,9999,FALSE,
3,株式会社イーピーイ松本営業所,2008,2006,1,,TRUE,2008,FALSE,
4,株式会社イヌズカ,2014,2006,1,,FALSE,9999,FALSE,
5,太田屋　松本本店,2014,2006,1,,FALSE,9999,FALSE,
7,上條鋼材　株式会社,2014,2006,1,,FALSE,9999,FALSE,
8,株式会社開運堂　本店,2014,2006,1,開運堂　松風庵も本店料金に含む。,FALSE,9999,FALSE,
9,ゴルフ　コミュニティ　ウエストピーク,2014,2006,1,,FALSE,9999,FALSE,
10,医療法人雄久会老人保健施設こもれび,2014,2006,1,,FALSE,9999,FALSE,
11,小林軽金属工業株式会社,2014,2006,1,,FALSE,9999,FALSE,
13,笹部ビル,2014,2006,1,,FALSE,9999,FALSE,
14,特別養護老人ホーム常念荘,2014,2006,1,,FALSE,9999,FALSE,
15,株式会社しづか,2014,2006,1,,FALSE,9999,FALSE,
16,白百合幼稚園,2014,2006,1,,FALSE,9999,FALSE,
17,すがの旅館,2014,2006,1,,FALSE,9999,FALSE,
18,内湯滝の湯旅館,2014,2006,1,,FALSE,9999,FALSE,
19,第一貨物株式会社　松本物流センター,2014,2006,1,,FALSE,9999,FALSE,
21,徳澤園,2014,2006,1,,FALSE,9999,FALSE,
22,長野県信用保証協会　松本支店,2014,2006,1,,FALSE,9999,FALSE,
24,中村製作所株式会社　穂高工場,2014,2006,1,,FALSE,9999,FALSE,
25,飯田機械金属工業株式会社,2014,2006,1,,FALSE,9999,FALSE,
26,株式会社　平田商会,2014,2006,1,,FALSE,9999,FALSE,
28,パサージュ木曽駒,2014,2006,1,,FALSE,9999,FALSE,
29,平田荘　（株式会社守谷商会）,2007,2006,4,,FALSE,9999,FALSE,
30,Pensionメープル・リーフ,2014,2006,1,,FALSE,9999,FALSE,
32,ホテルいさみ,2014,2006,1,,FALSE,9999,FALSE,
33,株式会社ホタカ壁材,2014,2006,1,,FALSE,9999,FALSE,
34,有限会社ホテル雷鳥,2014,2006,1,,FALSE,9999,FALSE,
35,株式会社ホテル玉の湯,2014,2006,1,,FALSE,9999,FALSE,
36,伊東園ホテル浅間の湯,2014,2010,1,,FALSE,9999,FALSE,
37,株式会社ホテルおもと,2014,2006,1,,FALSE,9999,FALSE,
39,有限会社和泉荘,2014,2010,1,,FALSE,9999,FALSE,
40,有限会社菊の湯,2014,2006,1,,FALSE,9999,FALSE,
43,片倉興産株式会社　諏訪湖ホテル,2014,2006,1,,FALSE,9999,FALSE,
44,株式会社マルイチマシン,2014,2006,1,,FALSE,9999,FALSE,
47,安田株式会社　長野支店,2014,2006,1,,FALSE,9999,FALSE,
48,老人保健施設ローズガーデン,2014,2006,1,,FALSE,9999,FALSE,
49,社会福祉法人心泉会　ケアハウスローズガーデン,2014,2006,1,,FALSE,9999,FALSE,
50,サングリーン藤ヶ原,2014,2006,1,,FALSE,9999,FALSE,
51,ファミール二子,2014,2006,1,,FALSE,9999,FALSE,
52,グループホームひだまりの里ささが,2014,2006,1,,FALSE,9999,FALSE,
53,株式会社長野セキノ興産　松本店,2014,2006,1,,FALSE,9999,FALSE,
54,神沢第２ビル,2014,2006,1,,FALSE,9999,FALSE,
55,宮沢クリニック,2010,2006,1,,TRUE,2010,FALSE,
56,株式会社マルゴレーベル,2014,2006,1,,FALSE,9999,FALSE,
57,ヤンマー農機販売株式会社　甲信支社,2014,2010,1,,FALSE,9999,FALSE,
59,松本赤十字乳児院,2014,2006,1,,FALSE,9999,FALSE,
60,松本市南部保健センター,2014,2013,1,,FALSE,9999,FALSE,Ｈ２５年度（２０１３）は機器点検のみ行う。　１０月より対象物の解体がある為。　仮設事務所の点検があるかも！
61,タイヤガーデン松本笹賀店,2014,2006,1,,FALSE,9999,FALSE,
64,株式会社ハタ研削　本社,2014,2006,1,,FALSE,9999,FALSE,
65,北ふれあいホーム,2014,2006,1,,FALSE,9999,FALSE,
69,株式会社　長野第一興商,2014,2006,1,,FALSE,9999,FALSE,
71,長稱寺,2014,2006,1,,FALSE,9999,FALSE,
72,株式会社マルイチ産商松本PC,2014,2006,1,,FALSE,9999,FALSE,
73,有限会社杢匠,2014,2006,1,,FALSE,9999,FALSE,
74,松下電器産業株式会社　長野Pビル,2014,2006,1,,FALSE,9999,FALSE,
75,高美書店,2014,2006,1,,FALSE,9999,FALSE,
77,ハイツ押野,2014,2006,1,,FALSE,9999,FALSE,
78,レジデンス美須々,2014,2006,1,,FALSE,9999,FALSE,
79,アルプス運輸建設株式会社　野溝倉庫,2014,2006,1,,FALSE,9999,FALSE,
82,株式会社ケーツー,2014,2006,1,税込みで￥14.000-×１２ヶ月＝168.000-,FALSE,9999,FALSE,
84,株式会社AID,2014,2010,1,,FALSE,9999,FALSE,2009年よりハロゲン化物消火設備追加。フェンオール今福氏に依頼。今福携帯090-4460-6244
85,ゲストハウス・ノーサイド,2014,2006,1,,FALSE,9999,FALSE,
86,協和工業株式会社　大桑事業所,2014,2006,1,,FALSE,9999,FALSE,
90,昌川シンデレラストーリー,2006,2006,4,,FALSE,9999,FALSE,
91,ホテル　ザ・リゾート,2014,2010,1,　蓄電池設備点検（外注・ユアサ電池）,FALSE,9999,FALSE,
92,麻績村立　麻積小学校,2014,2006,1,,FALSE,9999,FALSE,
93,シェーンガルテンおみ,2014,2006,1,,FALSE,9999,FALSE,
94,いろは亭,2007,2006,4,,FALSE,9999,FALSE,
95,こまくさホテル,2014,2006,1,,FALSE,9999,FALSE,
96,株式会社ホテルおもと　寮,2006,2006,4,,FALSE,9999,FALSE,
98,医療法人社団英駿会　大久保クリニック,2014,2006,1,,FALSE,9999,FALSE,5月の消防点検時は防火対象物定期点検を含みます。
99,社団法人安曇野市医師会館,2014,2006,1,,FALSE,9999,FALSE,
103,ベルバロン,2014,2006,1,請求金額　税込,FALSE,9999,FALSE,
104,特別養護老人ホーム岡田の里,2014,2010,1,富士防・ＮＫ・ＳＨ【Ｈ２２年度まで】　【Ｈ２３年度からはＳＨ、富士防、西電か三協】の３社　事務小林氏了解済みＨ２２．４．５,FALSE,9999,FALSE,富士防・ＮＫ・ＳＨ【Ｈ２２年度まで】　【Ｈ２３年度からはＳＨ、富士防、西電か三協】の３社　事務小林氏了解済みＨ２２．４．５
105,New Well白坂,2007,2006,4,届出者　松本市蟻ヶ崎26-1　　新井明玉　TEL（0263）36-2202,FALSE,9999,FALSE,
106,犬飼テナント貸倉庫,2014,2006,1,,FALSE,9999,FALSE,
107,株式会社エフケーケー,2014,2006,1,,FALSE,9999,FALSE,ツカサ
108,トヨタ部品長野共販株式会社,2014,2006,1,,FALSE,9999,FALSE,
110,渓流荘しおり絵,2014,2006,1,,FALSE,9999,FALSE,
111,株式会社玉の湯　社員寮,2006,2006,4,,FALSE,9999,FALSE,
113,上條建工,2007,2006,4,,FALSE,9999,FALSE,
115,城西医療財団　介護老人保健施設　安曇野メディア,2014,2006,1,,FALSE,9999,FALSE,
116,松本市営中央西駐車場　アイパーク伊勢町,2014,2009,1,"請求書は長野三菱電機機器販売株式会社へ
２００８年度より外注ツカサ防設。",FALSE,9999,FALSE,２００８年度より外注ツカサ防設。
117,株式会社エイワ　穂高工場,2014,2006,1,,FALSE,9999,FALSE,
118,寿小池公民館・小赤多目的研修センター,2014,2006,1,,FALSE,9999,FALSE,
119,牛伏寺,2014,2006,1,,FALSE,9999,FALSE,
121,しなのポリマー株式会社　塩尻工場,2014,2006,1,,FALSE,9999,FALSE,
124,河西商事本町ビル,2014,2006,1,,FALSE,9999,FALSE,
125,ロン・都 南松本店,2014,2006,1,,FALSE,9999,FALSE,
126,ホクト株式会社　松本支店,2014,2006,1,,FALSE,9999,FALSE,
128,炭火焼肉　味楽苑,2014,2006,1,点検日程は信和電設、小林社長さんへ連絡の事。,FALSE,9999,FALSE,点検日程は信和電設、小林社長さんへ連絡の事。
130,はた敬老園,2014,2006,1,,FALSE,9999,FALSE,
132,信濃電材株式会社,2014,2006,1,,FALSE,9999,FALSE,
134,株式会社日本タネセンター,2014,2006,1,,FALSE,9999,FALSE,
135,株式会社マル井,2014,2006,1,,FALSE,9999,FALSE,
136,精神障害者生活訓練施設　援護寮　アルプスドミトリー,2014,2006,1,,FALSE,9999,FALSE,
137,アトム運輸株式会社　安曇野工場,2014,2013,1,,FALSE,9999,FALSE,
138,はーぶの里診療所,2014,2006,1,,FALSE,9999,FALSE,
142,あすなろ信用組合,2014,2006,1,,FALSE,9999,FALSE,
143,今井医院,2014,2006,1,,FALSE,9999,FALSE,
144,株式会社開運堂　平田店,2014,2006,1,,FALSE,9999,FALSE,
145,株式会社開運堂　豊科インター店,2014,2006,1,,FALSE,9999,FALSE,
146,甲信越福山通運株式会社　伊那支店,2014,2006,1,,FALSE,9999,FALSE,
147,サンニクス株式会社,2014,2006,1,,FALSE,9999,FALSE,
148,宗教法人神宮寺,2014,2006,1,,FALSE,9999,FALSE,
149,株式会社たかぎ,2014,2006,1,,FALSE,9999,FALSE,
150,株式会社デリカ,2014,2006,1,,FALSE,9999,FALSE,
151,有限会社中谷塗装店,2014,2006,1,,FALSE,9999,FALSE,
152,有限会社信濃クリーナー,2014,2006,1,,FALSE,9999,FALSE,
153,株式会社松本微生物研究所,2014,2006,1,,FALSE,9999,FALSE,
154,株式会社鍋屋商店　神林営業所,2014,2006,1,,FALSE,9999,FALSE,
155,三輪眼科医院,2014,2006,1,,FALSE,9999,FALSE,
158,株式会社山口特殊印刷,2014,2006,1,,FALSE,9999,FALSE,
159,JAあづみ農業協同組合　南部選果所　果実流通センター,2014,2006,1,,FALSE,9999,FALSE,
160,JAあづみ農業協同組合　中央選果所　果実流通センター,2014,2006,1,,FALSE,9999,FALSE,
161,JAあづみ農業協同組合　小倉選果所　果実流通センター,2014,2006,1,,FALSE,9999,FALSE,
162,城東ハウス,2014,2006,1,"平成19年から￥10,000とする。",FALSE,9999,FALSE,
164,株式会社シナノ電子技研　朝日工場,2007,2006,4,,FALSE,9999,FALSE,
165,株式会社プラスワン岡谷店,2014,2006,1,,FALSE,9999,FALSE,
166,聖南育苗センター,2014,2006,1,,FALSE,9999,FALSE,
167,ヤンマー農機販売株式会社　南信アグリサポートセンター,2014,2010,1,,FALSE,9999,FALSE,
169,ショートステイローズガーデン,2014,2006,1,,FALSE,9999,FALSE,
171,マツノ電器有限会社,2007,2006,4,,FALSE,9999,FALSE,
173,西耕地公民館,2014,2006,1,,FALSE,9999,FALSE,
174,ニチエイ　ライズ　筑摩店,2014,2006,1,,FALSE,9999,FALSE,
175,ジャパンオイルネットワーク株式会社　松本油槽所,2014,2006,1,,FALSE,9999,FALSE,
176,ペンションＪハウス,2014,2006,1,,FALSE,9999,FALSE,
177,須砂渡食堂,2014,2006,1,,FALSE,9999,FALSE,
179,医療法人篠崎医院　豊科診療所,2014,2006,1,,FALSE,9999,FALSE,
180,特別養護老人ホームたきべ野,2014,2006,1,,FALSE,9999,FALSE,
182,グループホームやすら木の家,2014,2006,1,,FALSE,9999,FALSE,
183,おもしろスクエアＪＩＮＯＳ深志店,2014,2006,1,,FALSE,9999,FALSE,百瀬
184,森永乳業株式会社　松本工場,2014,2006,1,,FALSE,9999,FALSE,
185,有限会社上條紙工,2014,2006,1,,FALSE,9999,FALSE,
186,北大妻集落センター,2014,2006,1,,FALSE,9999,FALSE,栗林
188,志賀高原ロッジ,2014,2006,1,,FALSE,9999,FALSE,
190,ニチエイ　ファイヤー　東通り店,2014,2006,1,,FALSE,9999,FALSE,
192,おもしろスクエアＪＩＮＯＳ深志店,2014,2006,1,請求月　【防火対象物点検　８月】　【ＩＴＶ・音響設備点検　６月】,FALSE,9999,FALSE,
193,おもしろ広場１００万㌦　おおまち店,2014,2006,1,請求月　【ＩＴＶ・音響設備点検　９月】,FALSE,9999,FALSE,
194,おもしろスクエアＪＩＮＯＳ豊科店,2014,2006,1,請求月　【消防設備点検　５月・１１月】　【防火対象物点検　１０月】　【ＩＴＶ・音響設備点検　８月】,FALSE,9999,FALSE,
196,株式会社セコニック　安曇野事業所,2014,2006,1,,FALSE,9999,FALSE,
197,株式会社セコニック　安曇野事業所　多目的製品棟,2014,2006,1,,FALSE,9999,FALSE,
198,株式会社セコニック　安曇野寮,2014,2006,1,,FALSE,9999,FALSE,
200,株式会社セコニック　穂高保養所楽之荘,2014,2006,1,,FALSE,9999,FALSE,
201,松本市立　中山保育園,2014,2006,1,,FALSE,9999,FALSE,
202,松本市立　並柳保育園,2014,2006,1,,FALSE,9999,FALSE,
203,松本市立　さくら保育園,2014,2010,1,,FALSE,9999,FALSE,
204,松本市立　宮田保育園,2014,2006,1,,FALSE,9999,FALSE,
205,松本市立　新村保育園,2014,2006,1,,FALSE,9999,FALSE,
206,松本市立　南郷保育園,2014,2006,1,,FALSE,9999,FALSE,
207,松本市立　中条保育園,2014,2006,1,,FALSE,9999,FALSE,
208,松本市立　中山小学校,2014,2006,1,,FALSE,9999,FALSE,
209,松本市立　芳川小学校,2014,2006,1,,FALSE,9999,FALSE,
210,松本市立　並柳小学校,2014,2006,1,,FALSE,9999,FALSE,
211,松本市立　明善小学校,2014,2006,1,,FALSE,9999,FALSE,
212,松本市立　清水小学校,2014,2006,1,,FALSE,9999,FALSE,
213,松本市立　明善中学校,2014,2006,1,,FALSE,9999,FALSE,
214,松本市立　信明中学校,2014,2006,1,,FALSE,9999,FALSE,
217,伊藤内科医院,2014,2006,1,,FALSE,9999,FALSE,
218,内田繊維株式会社,2014,2006,1,,FALSE,9999,FALSE,
219,魚長鮮魚株式会社,2014,2006,1,,FALSE,9999,FALSE,
220,株式会社遠條商店,2014,2006,1,,FALSE,9999,FALSE,
221,株式会社メディックス昭和　大町工場,2014,2006,1,機能点検については、軽微な点検とする。,FALSE,9999,FALSE,
222,特別養護老人ホーム　桔梗荘,2014,2006,1,,FALSE,9999,FALSE,
223,特別養護老人ホーム　サニーヒルきそ,2014,2006,1,,FALSE,9999,FALSE,
227,株式会社デイリーはやしや　第一工場,2014,2006,1,【注意事項】請求方法は月割りです。　（￥20.000-×１２ヶ月＝￥240.000-）,FALSE,9999,FALSE,
228,株式会社デイリーはやしや　第二工場,2014,2006,1,【注意事項】請求方法は月割りです。（￥18.000-×１２ヶ月＝216.000-）　,FALSE,9999,FALSE,
229,株式会社デイリーはやしや　本社,2014,2006,1,,FALSE,9999,FALSE,
230,株式会社デイリーはやしや　配送センター,2014,2006,1,,FALSE,9999,FALSE,
231,有限会社塩尻造花,2014,2006,1,,FALSE,9999,FALSE,
232,農事組合法人中信えのき培養センター,2014,2006,1,,FALSE,9999,FALSE,
233,長野県信用組合　松本職員南松本寮,2014,2006,1,,FALSE,9999,FALSE,
236,西穂山荘,2014,2006,1,,FALSE,9999,FALSE,連絡は有限会社西穂山荘　粟澤徹常務へ　TEL0263-36-7052　　携帯090-1040-2477
238,Ｈａｐｐｙ　松川店,2014,2006,1,,FALSE,9999,FALSE,
240,Ｈａｐｐｙ　豊科店,2014,2006,1,,FALSE,9999,FALSE,
243,ＨＯＴＥＬ　ホルンあずみ野,2014,2006,1,鈴木社長　携帯090-3819-6932,FALSE,9999,FALSE,鈴木社長　携帯090-3819-6932
244,松本流通センター協同組合,2014,2006,1,,FALSE,9999,FALSE,
246,株式会社前田製作所　松本営業所,2014,2006,1,,FALSE,9999,FALSE,
249,松本市城山介護老人保健施設,2014,2006,1,"平成19年度より城山診療所も松本市介護老人保健施設とする。　Ｈ23スプリンクラー増設に伴い、Ｈ24より点検料金増額、2件合せて \1,202,000-となる。　　",FALSE,9999,FALSE,平成19年度より城山診療所も松本市介護老人保健施設とする。
250,株式会社ユタカ　松本工場,2014,2006,1,,FALSE,9999,FALSE,
252,筑北村立　坂北小学校,2014,2006,1,,FALSE,9999,FALSE,
254,大治ビル,2014,2012,1,,FALSE,9999,FALSE,
256,株式会社べネフレックス　中南信支社,2007,2006,1,,TRUE,2008,FALSE,
257,株式会社べネフレックス　中南信支社　伊那出張所,2014,2006,1,,FALSE,9999,FALSE,
261,株式会社アイネット,2014,2006,1,,FALSE,9999,FALSE,
262,ガーデンホテル松本,2014,2006,1,,FALSE,9999,FALSE,
263,株式会社ナチュラルファーム,2014,2006,1,,FALSE,9999,FALSE,
267,有限会社大黒青果,2014,2006,1,,FALSE,9999,FALSE,
268,サンリン株式会社　穂高支店,2014,2006,1,,FALSE,9999,FALSE,
269,秋吉　塩尻広丘店,2014,2006,1,,FALSE,9999,FALSE,
271,穂高温泉供給株式会社,2014,2006,1,,FALSE,9999,FALSE,
273,ホテル健康パーク,2014,2006,1,,FALSE,9999,FALSE,
274,老人保健施設有明苑,2014,2006,1,,FALSE,9999,FALSE,
276,株式会社田内屋,2014,2006,1,,FALSE,9999,FALSE,
277,ホテルモルシャン,2014,2006,1,,FALSE,9999,FALSE,
280,松本第一高等学校,2014,2006,1,,FALSE,9999,FALSE,
281,松本市西部学校給食センター,2014,2006,1,,FALSE,9999,FALSE,
283,特別養護老人ホームサンライフおみ,2014,2009,1,,FALSE,9999,FALSE,
285,あい歯科医院,2014,2006,1,,FALSE,9999,FALSE,
287,株式会社カモシカスポーツ　山の家・松本店,2014,2006,1,今回のみ2/5に点検,FALSE,9999,FALSE,
288,ケアハウス　メディタウン,2014,2006,1,,FALSE,9999,FALSE,
294,ニチエイ　塩尻店,2014,2009,1,,FALSE,9999,FALSE,
295,デイサービスセンターみづき,2014,2006,1,,FALSE,9999,FALSE,
296,ＪＲ木曽福島駅,2014,2006,1,,FALSE,9999,FALSE,
297,ＪＲ木曽福島総合庁舎,2014,2006,1,,FALSE,9999,FALSE,
299,林檎の湯屋　おぶ～,2014,2006,1,,FALSE,9999,FALSE,
300,ＣＥＮＴＵＲＹ　ＭＡＸＩＭビル,2014,2006,1,,FALSE,9999,FALSE,
301,リッツガーデン,2014,2006,1,,FALSE,9999,FALSE,
306,パナソニック株式会社エコソリューションズ社　松本電材営業所,2014,2006,1,,FALSE,9999,FALSE,
307,村井バッティングセンター,2014,2006,1,,FALSE,9999,FALSE,
308,松本金属工業団地事業協同組合,2006,2006,4,,FALSE,9999,FALSE,
309,株式会社エム・ケー・ケー　島内本社ビル,2006,2006,1,,TRUE,2006,TRUE,
311,原こどもクリニック,2014,2006,1,,FALSE,9999,FALSE,
312,ホテルＫリゾート,2010,2006,1,,TRUE,2010,FALSE,
315,あずさ電子工業株式会社　梓川工場,2014,2006,1,,FALSE,9999,FALSE,
317,松商学園高等学校,2014,2006,1,,FALSE,9999,FALSE,
319,やまだ小児科クリニック,2014,2006,1,,FALSE,9999,FALSE,
321,株式会社いとう　松本支店,2014,2006,1,,FALSE,9999,FALSE,
322,しいな医院,2014,2006,1,,FALSE,9999,FALSE,
336,赤津整形外科クリニック,2014,2006,1,,FALSE,9999,FALSE,
337,郵ハイツ平田,2014,2006,1,,FALSE,9999,FALSE,
338,株式会社エイアンドエフ　長野配送センター,2014,2006,1,,FALSE,9999,FALSE,グリーンシステム
340,株式会社マツライ,2014,2006,1,,FALSE,9999,FALSE,
341,有限会社信公自動車工業（グリーンオート安曇野）,2014,2006,1,,FALSE,9999,FALSE,
343,伊夜比古神社,2014,2006,1,,FALSE,9999,FALSE,
345,株式会社開運堂　あづみの菓遊庭,2014,2006,1,,FALSE,9999,FALSE,グリーンシステム
350,株式会社セリア　穂高店,2014,2006,1,,FALSE,9999,FALSE,プレステ
351,おもしろ広場１００万㌦　しおじり店,2014,2006,1,請求月　【消防設備点検　６月・１２月】　【防火対象物点検　９月】　【ＩＴＶ・音響設備点検１１月】,FALSE,9999,FALSE,
352,ＶＥＧＡ×ＶＥＧＡ,2014,2006,1,請求月　【消防設備点検　６月・１２月】　【防火対象物点検　９月】　【ＩＴＶ・音響設備点検　１０月】,FALSE,9999,FALSE,
353,ＳＵＰＥＲ　ＳＬＯＴ　ＣＡＭＥＬＯＴ,2014,2006,1,請求月　【消防設備点検　６月・１２月】　【ＩＴＶ・音響設備点検　１２月】,FALSE,9999,FALSE,
354,アクロポリスビル,2014,2006,1,,FALSE,9999,FALSE,
355,メゾン・ドュ・ロテュス（小谷ビル）,2014,2006,1,,FALSE,9999,FALSE,
356,山形村　ミラ・フード館,2014,2006,1,,FALSE,9999,FALSE,
357,松本城大手門駐車場　南棟,2014,2009,1,,FALSE,9999,FALSE,
358,松本城大手門駐車場　北棟,2014,2009,1,,FALSE,9999,FALSE,
359,特別養護老人ホームなんてんの里,2014,2006,1,,FALSE,9999,FALSE,
362,塩尻市精神障害者授産施設　そよ風の家,2014,2006,1,,FALSE,9999,FALSE,
363,障害者福祉センター　すみれの丘,2014,2006,1,,FALSE,9999,FALSE,
364,老人福祉センターのむら,2014,2006,1,,FALSE,9999,FALSE,
365,ふれあいセンター田川の郷,2014,2006,1,,FALSE,9999,FALSE,
366,株式会社小池電機,2014,2006,1,,FALSE,9999,FALSE,
372,長野県安曇養護学校,2014,2006,1,,FALSE,9999,FALSE,
374,長野銀行研修センター,2014,2006,1,,FALSE,9999,FALSE,
375,ながぎん松本センタービル,2014,2006,1,,FALSE,9999,FALSE,
379,深志パークビル,2014,2006,1,,FALSE,9999,FALSE,
381,百仙風・百仙雅,2014,2006,1,,FALSE,9999,FALSE,
382,株式会社マルイチ産商　梓川共配センター,2014,2006,1,,FALSE,9999,FALSE,
383,長野県警察本部航空隊,2014,2006,1,"H19.6.29現在　契約はまだです。　平成１９年７月２５日契約完了。
２００８年度より外注ツカサ防設。",FALSE,9999,FALSE,H19.6.29現在　契約はまだです。　平成１９年７月２５日契約完了。
384,株式会社テレビ松本ケーブルビジョン,2014,2006,1,,FALSE,9999,FALSE,
385,松本市立考古博物館,2014,2006,1,平成19年度防火対象物　契約期間　10月15日～11月13日,FALSE,9999,FALSE,平成19年度防火対象物　契約期間　10月15日～11月13日
388,松本市　芳川公民館,2014,2006,1,,FALSE,9999,FALSE,
389,松本市　和田公民館,2014,2006,1,,FALSE,9999,FALSE,
391,松本市　寿台公民館,2014,2006,1,,FALSE,9999,FALSE,
392,松本市　岡田公民館・福祉ひろば,2014,2006,1,,FALSE,9999,FALSE,
397,財団法人　松本ソフト開発センター,2014,2006,1,,FALSE,9999,FALSE,
399,梓川デイサービスセンターなごみ荘,2014,2006,1,,FALSE,9999,FALSE,
403,一二三ファーマシー,2008,2009,4,,FALSE,9999,FALSE,
405,フジゲン株式会社　広丘工場,2014,2006,1,,FALSE,9999,FALSE,
408,安曇野市　穂高会館,2014,2012,1,,FALSE,9999,FALSE,三協へ日程連絡は小川（貴）氏
410,旧制高等学校記念館,2014,2006,1,,FALSE,9999,FALSE,
411,松本市総合体育館,2014,2006,1,,FALSE,9999,FALSE,
412,松本空港庁舎,2014,2006,1,２００８年度より外注グリーンシステム。（外注費にテスト用ボンベ代含む￥15.000-）,FALSE,9999,FALSE,２００８年度より外注グリーンシステム。（外注費にテスト用ボンベ代含む￥15.000-）
416,カクイチ　松本営業所,2014,2006,1,,FALSE,9999,FALSE,栗林
418,長野県阿南警察署,2014,2006,1,,FALSE,9999,FALSE,
419,奈良井ダム管理事務所他３,2014,2010,1,写真1部を各回ごと提出。　奈良井ダム１１月総合・５月機器　その他５月総合・１１月機器,FALSE,9999,FALSE,写真1部を各回ごと提出。　奈良井ダム１１月総合・５月機器　その他５月総合・１１月機器
420,株式会社川上屋本店,2014,2006,1,,FALSE,9999,FALSE,
424,株式会社ＳＹＮＡＸ,2014,2006,1,"請求は駐車場と共で \135,000 　管理ｼｽﾃﾑ上　㈱ＳＹＮＡＸ\100,000　　駐車場 \35,000 で入力。",FALSE,9999,FALSE,
425,株式会社ＳＹＮＡＸ　駐車場,2014,2006,1,,FALSE,9999,FALSE,
427,オタリ株式会社　松本工場,2014,2006,1,,FALSE,9999,FALSE,
430,株式会社ヤナセ　松本支店,2014,2006,1,,FALSE,9999,FALSE,百瀬
431,有限会社大下製作所,2014,2006,1,,FALSE,9999,FALSE,
433,ＥＸ,2014,2006,1,,FALSE,9999,FALSE,
435,情報工科専門学校,2014,2006,1,,FALSE,9999,FALSE,
436,塩澤産婦人科医院,2014,2006,1,,FALSE,9999,FALSE,
437,セントラルパック株式会社,2014,2006,1,,FALSE,9999,FALSE,
438,カワイ精密金属株式会社松本工場,2014,2006,1,点検毎に見積書が必要。,FALSE,9999,FALSE,
446,おもしろスクエアＪＩＮＯＳ　松川店,2014,2010,1,請求月　【消防設備点検　７月・１月】　【ＩＴＶ・音響設備点検　１月,FALSE,9999,FALSE,
447,おもしろ広場１００万㌦　千曲店,2014,2006,1,請求月　【消防設備点検　７月・１月】　【防火対象物点検　１０月】　【ＩＴＶ・音響設備点検　２月】,FALSE,9999,FALSE,
448,村井駅自転車駐車場,2014,2009,1,交通安全課の担当者は丸山さん（女性）,FALSE,9999,FALSE,交通安全課の担当者は丸山さん（女性）
449,松本駅北自転車駐車場　（ＩＴＶ点検含）,2014,2006,1,,FALSE,9999,FALSE,
450,味噌川ダム管理所,2014,2006,1,"味噌川ダム管理所・木曽川源流ふれあい館・水嶺寮木曽福島分室の3件で￥285,000×2回で、消費税込みです。",FALSE,9999,FALSE,
451,木曽川源流ふれあい館,2014,2006,1,"味噌川ダム管理所・木曽川源流ふれあい館・水嶺寮木曽福島分室の3件で￥285,000×2回で、消費税込みです。",FALSE,9999,FALSE,
452,水嶺寮　木曽福島分室,2014,2006,1,"味噌川ダム管理所・木曽川源流ふれあい館・水嶺寮木曽福島分室の3件で￥285,000×2回で、消費税込みです。",FALSE,9999,FALSE,
461,有明高原寮,2014,2006,1,,FALSE,9999,FALSE,
474,長野県松本家畜保健衛生所,2014,2006,1,,FALSE,9999,FALSE,
476,長野県畜産試験場,2014,2006,1,,FALSE,9999,FALSE,
477,長野県林業大学校,2014,2006,1,平成２３年度は３月に一括請求とする。,FALSE,9999,FALSE,
478,美ヶ原温泉センターウエルネスうつくし,2014,2006,1,,FALSE,9999,FALSE,
479,松本市葬祭センター,2014,2006,1,,FALSE,9999,FALSE,
481,長野県松本児童相談所,2014,2006,1,,FALSE,9999,FALSE,
485,株式会社長野銀行　本店,2014,2009,1,"２００９年度より年間契約金額　\396000-　　\33000×12回
２００８年度より外注グリーンシステム。（外注費にテスト用・起動用ボンベ代含む￥21.000-）",FALSE,9999,FALSE,２００８年度より外注グリーンシステム。（外注費にテスト用・起動用ボンベ代含む￥21.000-）
486,池田町創造館,2014,2006,1,防火対象物定期点検はＨ２９．４．１より実施が必要です。　池田消防署より３年間の猶予期間の認定通知有り。Ｈ２６．３．３０付,FALSE,9999,FALSE,防火対象物定期点検はＨ２９．４．１より実施が必要です。　池田消防署より３年間の猶予期間の認定通知有り。Ｈ２６．３．３０付
487,池田町立美術館,2014,2006,1,,FALSE,9999,FALSE,
488,すずむし荘,2014,2006,1,,FALSE,9999,FALSE,
492,四賀デイサービスセンター　ぷくぷくの郷,2014,2006,1,,FALSE,9999,FALSE,
493,中島職員宿舎,2014,2006,1,契約は、ちごの荘・中島・万郡で￥179.900-　点検月は総合9月、機器3月,FALSE,9999,FALSE,契約は、ちごの荘・中島・万郡で￥179.900-　点検月は総合9月、機器3月
495,万郡職員宿舎（第一、第二）,2014,2013,1,契約は、ちごの荘・中島・万郡で￥179.900-　点検月は総合9月、機器3月,FALSE,9999,FALSE,契約は、ちごの荘・中島・万郡で￥179.900-　点検月は総合9月、機器3月
497,県職員寮　ちごの荘,2014,2013,1,契約は、ちごの荘・中島・万郡で￥179.900-　点検月は総合9月、機器3月,FALSE,9999,FALSE,契約は、ちごの荘・中島・万郡で￥179.900-　点検月は総合9月、機器3月
498,有限会社伊勢屋商店,2014,2006,1,,FALSE,9999,FALSE,
501,雨宝山常光寺,2014,2006,1,,FALSE,9999,FALSE,
505,中日本建設コンサルタント株式会社　木曽駒山荘,2014,2006,1,,FALSE,9999,FALSE,
512,池田屋製菓,2014,2006,1,,FALSE,9999,FALSE,
515,丸山菓子舗　氷室店,2014,2006,1,,FALSE,9999,FALSE,
517,南信ミートパックセンター,2014,2006,1,,FALSE,9999,FALSE,
520,株式会社松田商会,2014,2006,1,,FALSE,9999,FALSE,
526,トヨタカローラ南信　木曽営業所,2014,2006,1,,FALSE,9999,FALSE,百瀬
527,マサムラ　本社ビル,2014,2006,1,,FALSE,9999,FALSE,百瀬
529,グランディール中村　Ａ・Ｂ棟,2014,2006,1,,FALSE,9999,FALSE,
532,信濃むつみ高等学校,2014,2006,1,,FALSE,9999,FALSE,
539,桐山えのき茸栽培施設,2014,2006,1,,FALSE,9999,FALSE,
541,有限会社進栄産業　塩尻工場,2007,2006,1,,TRUE,2007,FALSE,
542,株式会社シンケン　南信営業所,2014,2006,1,,FALSE,9999,FALSE,百瀬
545,有限会社エヌケーファクトリー,2008,2006,1,,TRUE,2008,FALSE,
546,シャルム由比ヶ浜　Ａ・Ｂ・Ｃ・Ｄ棟,2014,2006,1,,FALSE,9999,FALSE,
549,ワールドセントラルビル,2014,2006,1,,FALSE,9999,FALSE,
551,長野県立木曽病院,2014,2010,1,２０１０年度より　第２医師住宅　・　田沢下医師住宅　・　田沢下看護婦宿舎　・　保育所　含む,FALSE,9999,FALSE,２０１０年度より　第２医師住宅　・　田沢下医師住宅　・　田沢下看護婦宿舎　・　保育所　含む
555,松本市　あがたの森文化会館,2014,2006,1,,FALSE,9999,FALSE,
556,片倉興産株式会社　諏訪湖ホテル寮,2006,2006,4,,FALSE,9999,FALSE,
557,株式会社ミツルヤ家具センター,2014,2006,1,,FALSE,9999,FALSE,
561,豊田市民山の家　リゾート安曇野,2014,2006,1,,FALSE,9999,FALSE,
563,医療法人中島医院,2014,2006,1,,FALSE,9999,FALSE,
564,ボルボ・カーズ松本,2014,2006,1,,FALSE,9999,FALSE,
565,小梨の湯　笹屋,2014,2006,1,,FALSE,9999,FALSE,
566,株式会社角藤　中南信支店,2014,2006,1,,FALSE,9999,FALSE,
567,株式会社角藤　笹賀寮,2014,2006,1,,FALSE,9999,FALSE,
568,株式会社角藤　倉庫,2014,2010,1,,FALSE,9999,FALSE,
570,金塚ビル,2014,2010,1,請求書送付先　松本市蟻ヶ崎台１０－６　電話０２６３－３６－４１８１　藤森　久雄様へ,FALSE,9999,FALSE,点検連絡先　(有)中部ライフコンダクツ　藤森久雄　TEL36-4181　携帯090-8873-4108
571,安曇野本多通信工業株式会社　穂高工場,2014,2006,1,,FALSE,9999,FALSE,
573,株式会社式典サービス　えにしホール,2014,2006,1,,FALSE,9999,FALSE,
574,サンリン株式会社　本社,2014,2006,1,,FALSE,9999,FALSE,
575,株式会社マルイチ産商　松本低温流通加工センター,2014,2006,1,,FALSE,9999,FALSE,
576,エア・ウォーター・マッハ株式会社本社第１工場,2014,2006,1,,FALSE,9999,FALSE,
577,エア・ウォーター・マッハ株式会社　金型工場,2014,2006,1,,FALSE,9999,FALSE,
581,おもしろスクエアＪＩＮＯＳ　梓店,2014,2006,1,請求月　【消防設備点検　５月・１１月】　【防火対象物点検　８月】　【ＩＴＶ・音響　７月】,FALSE,9999,FALSE,
582,株式会社ジン・コーポレーション　豊科出張所,2014,2010,1,請求月　【消防設備点検　５月・１１月】,FALSE,9999,FALSE,
584,松本理容美容専門学校　寮,2014,2006,1,,FALSE,9999,FALSE,
585,松本ウエルトンホテル,2014,2006,1,,FALSE,9999,FALSE,
593,株式会社宮本工業所,2014,2006,1,,FALSE,9999,FALSE,
596,やよい保育園,2014,2006,1,,FALSE,9999,FALSE,
598,グランビュー東和・安曇野,2014,2012,1,消防設備点検は年１回、１０月。（リベート伊藤良行氏へ￥１0.000-）　　ＮＥＣ指紋システム保険請求あり、６月,FALSE,9999,FALSE,
599,四柱神社,2014,2006,1,,FALSE,9999,FALSE,
600,株式会社サイベックコーポレーション本社工場,2014,2014,1,,FALSE,9999,FALSE,
601,富士電機㈱筑波工場松本テクニカルセンター,2014,2006,1,,FALSE,9999,FALSE,
602,アート梱包運輸株式会社　松本営業所,2014,2006,1,,FALSE,9999,FALSE,
603,アート運輸株式会社タンクローリー,2014,2006,1,,FALSE,9999,FALSE,
604,松本中央幼稚園,2014,2006,1,,FALSE,9999,FALSE,
606,ハイツ丸山,2014,2006,1,,FALSE,9999,FALSE,
607,朝日食品工業株式会社　アルプス大町工場,2014,2006,1,,FALSE,9999,FALSE,
608,有限会社マルダイ電子工業,2014,2006,1,,FALSE,9999,FALSE,
612,医療法人小林医院,2014,2006,1,,FALSE,9999,FALSE,
614,株式会社長野銀行　高宮支店,2014,2006,1,,FALSE,9999,FALSE,
616,株式会社前田製作所　諏訪営業所,2014,2006,1,平成１９年１０月１６日に宮坂様よりＴＥＬ有り。次回より年２回に変更して下さいとの事。,FALSE,9999,FALSE,平成１９年１０月１６日に宮坂様よりＴＥＬ有り。次回より年２回に変更して下さいとの事。
617,ノセ眼鏡店　松本駅前店,2014,2006,1,,FALSE,9999,FALSE,
618,ヤヨイ会館,2014,2006,1,,FALSE,9999,FALSE,
621,松本保護会　更正保護施設　みすず寮,2014,2006,1,,FALSE,9999,FALSE,
623,ホテル　アルファ,2014,2006,1,,FALSE,9999,FALSE,栗林
624,楽園ホテル,2014,2006,1,,FALSE,9999,FALSE,
626,株式会社ぶどうの郷山辺,2014,2006,1,,FALSE,9999,FALSE,
627,ＴＳＵＴＡＹＡ北松本店,2014,2006,1,,FALSE,9999,FALSE,
628,白樺の家・地域交流ホーム,2014,2006,1,,FALSE,9999,FALSE,
629,株式会社エス・ティ・ヒッツ,2014,2006,1,,FALSE,9999,FALSE,
630,株式会社ヘリテイジ,2014,2006,1,,FALSE,9999,FALSE,
631,松本理容美容専門学校（新校舎）,2014,2006,1,,FALSE,9999,FALSE,
632,木曽広域連合　木曽クリーンセンター,2014,2010,1,"契約は、木曽クリーンセンター　+　粗大ゴミ処理施設　で年間￥404,000　　総合(10月)￥226,500　機器(3月)￥177,500",FALSE,9999,FALSE,"契約は、木曽クリーンセンター　+　粗大ゴミ処理施設　で年間￥404,000　　総合(10月)￥226,500　機器(3月)￥177,500"
633,木曽広域連合　粗大ゴミ処理施設,2014,2006,1,"契約は、北部クリーンセンター　+　粗大ゴミ処理施設　で年間￥40４,000　　総合(10月)￥226.500　機器(3月)￥177.500",FALSE,9999,FALSE,"契約は、北部クリーンセンター　+　粗大ゴミ処理施設　で年間￥40４,000　　総合(10月)￥226.500　機器(3月)￥177.500"
634,有限会社三河屋,2014,2006,1,,FALSE,9999,FALSE,
637,ビッグエコー松本駅前公園通り店,2014,2006,1,,FALSE,9999,FALSE,
640,ジュネス松本,2014,2006,1,,FALSE,9999,FALSE,
641,ちえの和,2014,2006,1,,FALSE,9999,FALSE,
642,株式会社エーワンオートイワセ　松本営業所,2014,2006,1,,FALSE,9999,FALSE,
644,豊丘団地　Ａ・Ｂ・Ｃ・Ｄ棟,2014,2013,1,,FALSE,9999,FALSE,Ｈ２６年度（２０１４）　Ａ棟　連結送水管耐圧点検含む　外注　長野綜合サービス\80.000-
645,マンションＥＬ・ドラード,2014,2010,1,ＩＴＶ設備保守点検については平成２２年度（２０１０年）より実施の事。,FALSE,9999,FALSE,ＩＴＶ設備保守点検については平成２２年度（２０１０年）より実施の事。
646,サンパレス大手,2014,2006,1,,FALSE,9999,FALSE,栗林
647,ニチエイ　コア　野溝店,2014,2006,1,,FALSE,9999,FALSE,
649,株式会社コスモシステム,2014,2006,1,,FALSE,9999,FALSE,
650,特別養護老人ホームゆめの里和田,2014,2009,1,,FALSE,9999,FALSE,グリーンシステム
651,和光学園松本研修センター,2014,2006,1,,FALSE,9999,FALSE,実務はユウキサービス
652,シャイニービル　タナカ,2014,2006,1,,FALSE,9999,FALSE,
655,ホテル　ウエストサイド,2007,2006,1,,TRUE,2008,FALSE,
658,安曇野アートヒルズミュージアム,2014,2006,1,,FALSE,9999,FALSE,
659,在宅複合施設こまくさ野村,2014,2006,1,,FALSE,9999,FALSE,
660,株式会社あらた　甲信支店,2008,2006,1,,TRUE,2008,FALSE,
662,松本マーケットサービスセンター南棟,2014,2006,1,,FALSE,9999,FALSE,
668,株式会社こばやし,2014,2006,1,,FALSE,9999,FALSE,
669,エルヴェ,2014,2006,1,,FALSE,9999,FALSE,
670,竹渕公民館,2014,2006,1,,FALSE,9999,FALSE,
671,吉江医院,2014,2006,1,,FALSE,9999,FALSE,
672,ライブコーポハーモニー,2014,2006,1,,FALSE,9999,FALSE,
673,ふとっぱら,2014,2006,1,,FALSE,9999,FALSE,
674,アズミビル,2014,2006,1,,FALSE,9999,FALSE,
675,株式会社市民タイムス　塩尻支社,2014,2006,1,,FALSE,9999,FALSE,
676,フルサト工業株式会社　松本事業所,2014,2006,1,,FALSE,9999,FALSE,
677,窪田ビル,2014,2006,1,,FALSE,9999,FALSE,
678,村井病院　生活訓練施設あかしや,2014,2006,1,,FALSE,9999,FALSE,
679,株式会社日研コンサル,2014,2006,1,,FALSE,9999,FALSE,
681,富士コーポレーション株式会社,2014,2006,1,,FALSE,9999,FALSE,
682,富士コーポレーション株式会社　倉庫,2014,2006,1,,FALSE,9999,FALSE,
683,株式会社パナホーム東海　中南信支店,2014,2006,1,,FALSE,9999,FALSE,
685,デイサービスセンターつくしの郷,2014,2006,1,,FALSE,9999,FALSE,
691,諏訪支店,2014,2006,1,,FALSE,9999,FALSE,
692,長野県職員小柴宿舎A・B棟、　青島宿舎A・B・C・D棟、　石芝独身寮、　高松独身寮,2014,2006,1,,FALSE,9999,FALSE,
693,株式会社シード・アドバンス,2014,2006,1,,FALSE,9999,FALSE,
698,一乗寺,2014,2006,1,,FALSE,9999,FALSE,栗林
699,セコム上信越株式会社　松本支社,2014,2006,1,,FALSE,9999,FALSE,栗林
704,このんこぴあ飯田,2014,2006,1,,FALSE,9999,FALSE,栗林
705,株式会社ヤナセ　松本支店　ショールーム,2014,2006,1,,FALSE,9999,FALSE,百瀬
706,株式会社セリア　信州辰野店,2014,2006,1,,FALSE,9999,FALSE,プレステ
708,株式会社セリア　塩尻店,2014,2006,1,,FALSE,9999,FALSE,プレステ
709,福澤ビル,2014,2006,1,,FALSE,9999,FALSE,ツカサ
710,おもしろスクエアＪＩＮＯＳ東長野店,2014,2006,1,請求月　【消防設備点検　７月・１月】　【防火対象物点検　１０月】　【ＩＴＶ・音響設備点検　５月】,FALSE,9999,FALSE,
716,株式会社開運堂　松風庵,2014,2006,1,開運堂本店に料金は含む,FALSE,9999,FALSE,
717,株式会社ハタ研削　特機工場　,2014,2006,1,,FALSE,9999,FALSE,
718,安曇野テクノセンター,2014,2006,1,,FALSE,9999,FALSE,
719,アルプス運輸建設株式会社,2014,2010,1,"地下タンク漏洩検査実施。平成２２年３月　（外注、長野綜合サービスさん￥50.000-）
　￥65.000-　",FALSE,9999,FALSE,
720,吉田ビル１階店舗,2014,2006,1,,FALSE,9999,FALSE,
721,オーエステック株式会社,2014,2006,1,,FALSE,9999,FALSE,
727,ビッグエコーフォルテ松本店,2014,2006,1,,FALSE,9999,FALSE,
729,深志鶴パーキング,2014,2006,1,,FALSE,9999,FALSE,
730,有料老人ホーム　ケアホーム　なると,2014,2007,1,,FALSE,9999,FALSE,
731,ラフィーネ松本南壱番館,2014,2007,1,,FALSE,9999,FALSE,
732,ラフィーネ松本南弐番館,2014,2007,1,,FALSE,9999,FALSE,
733,ラフィーネ清水グレースフォート,2014,2007,1,,FALSE,9999,FALSE,
739,マンション八日田,2014,2007,1,,FALSE,9999,FALSE,
741,古城寮,2014,2007,1,,FALSE,9999,FALSE,
742,アルフラッツ渚,2014,2007,1,連結送水管耐圧性能点検　Ｈ２４年度実施済み　　次回Ｈ２７年度,FALSE,9999,FALSE,連結送水管耐圧性能点検　Ｈ２４年度実施済み　　次回Ｈ２７年度
743,更埴ロジスティクスセンター,2014,2007,1,,FALSE,9999,FALSE,
745,ハミング松本,2014,2007,1,,FALSE,9999,FALSE,
746,ラフィーネ美術館通り,2014,2007,1,,FALSE,9999,FALSE,
749,神沢第３ビル,2014,2007,1,,FALSE,9999,FALSE,
750,ピュアラインあさひ,2014,2007,1,,FALSE,9999,FALSE,
751,松本マーケットサービスセンター本館,2014,2007,1,,FALSE,9999,FALSE,
753,並柳商店街,2014,2007,1,小沢組合長　携帯番号090-2743-4978,FALSE,9999,FALSE,小沢組合長　携帯番号090-2743-4978
754,株式会社環境技術センター,2014,2007,1,点検契約は当社、原常務。（契約日Ｈ１９年５月１０日）,FALSE,9999,FALSE,点検の連絡は青木さん（女性）にして下さい。
756,株式会社ＩＨＩターボ　社員寮,2014,2007,1,,FALSE,9999,FALSE,
757,株式会社ＩＨＩターボ　第2工場,2014,2007,1,,FALSE,9999,FALSE,
758,株式会社ＩＨＩターボ　第3工場,2014,2007,1,,FALSE,9999,FALSE,
759,株式会社ＩＨＩターボ　第1工場,2014,2007,1,,FALSE,9999,FALSE,点検前に点検見積書を提出する事。
760,福祉ステーションひまわり,2014,2007,1,古川さん,FALSE,9999,FALSE,
762,大将軍アックス,2014,2007,1,請求月【消防設備点検　８月・３月】　【防火対象物点検　１２月】　【ＩＴＶ・音響設備点検　２月】,FALSE,9999,FALSE,
763,大将軍本陣,2014,2007,1,請求月【消防設備点検　６月・１月】　【防火対象物点検　１０月】　【ＩＴＶ・音響設備点検　１０月】,FALSE,9999,FALSE,
764,株式会社ギガ・ジャパン社員寮,2014,2007,1,請求月【消防設備点検　８月・３月】,FALSE,9999,FALSE,
765,大将軍パートⅣ,2014,2007,1,請求月【消防設備点検　７月・２月】　【防火対象物点検　１１月】　【ＩＴＶ・音響設備点検　１月】,FALSE,9999,FALSE,
766,大将軍アルファ,2014,2007,1,請求月【消防設備点検　６月・１月】　【防火対象物点検　１０月】　【ＩＴＶ・音響設備　１１月】,FALSE,9999,FALSE,
767,大将軍サンクス,2014,2007,1,請求月【消防設備点検　７月・２月】　【防火対象物点検　１１月】　【ＩＴＶ・音響設備点検　１２月】　　　　　　　　　　　　　　　　　　　　　　　　　　　　,FALSE,9999,FALSE,従業員宿舎含む
768,株式会社シナノ電子技研,2014,2007,1,,FALSE,9999,FALSE,
769,ホテルヘイアン,2014,2007,1,請求書の送り先は有限会社レジャー企画　埼玉県越谷市谷中町１－１４８番地へ送る事,FALSE,9999,FALSE,
770,ツクイ松本,2014,2007,1,,FALSE,9999,FALSE,
774,ツクイ松本北深志,2014,2007,1,,FALSE,9999,FALSE,
775,ツクイ安曇野,2014,2007,1,,FALSE,9999,FALSE,
776,ツクイ松本西グループホーム,2014,2007,1,,FALSE,9999,FALSE,
777,介護老人保健施設わかな,2014,2007,1,,FALSE,9999,FALSE,
778,グループホームわかな,2014,2010,1,Ｈ２２年度より非常灯設備点検を行う事。,FALSE,9999,FALSE,Ｈ２２年度より非常灯設備点検を行う事。
779,木曽介護老人保健施設　アイライフ木曽,2014,2007,1,,FALSE,9999,FALSE,
780,グループホームひだまりの里とよしな,2014,2007,1,,FALSE,9999,FALSE,
781,集皆所ひだまり,2014,2007,1,,FALSE,9999,FALSE,
782,三全精工株式会社,2014,2007,1,"三全精工㈱本社・北工場で￥120,000の請求とする。",FALSE,9999,FALSE,
783,三全精工株式会社　北工場,2014,2007,1,"三全精工㈱本社・北工場で￥120,000の請求とする。",FALSE,9999,FALSE,
784,三全精工株式会社　大門工場,2014,2007,1,,FALSE,9999,FALSE,
785,Ｈａｐｐｙ　梓川店,2014,2007,1,,FALSE,9999,FALSE,
786,ニチエイ　岡田店,2014,2007,1,,FALSE,9999,FALSE,
787,ニチエイ　甲府昭和店,2014,2007,1,平成19年度分は集金済みのため、請求発生は平成20年1月点検分よりとする。,FALSE,9999,FALSE,
788,ニチエイ　富士吉田店,2014,2007,1,平成19年度分は集金済みのため、請求発生は平成20年1月点検分よりとする。,FALSE,9999,FALSE,
789,ニチエイ　箕輪店,2014,2007,1,平成19年度分は集金済みのため、請求発生は平成20年1月点検分よりとする。,FALSE,9999,FALSE,
790,株式会社イーピーイ唐沢センター,2014,2007,1,,FALSE,9999,FALSE,
791,株式会社モモセボデー,2014,2007,1,,FALSE,9999,FALSE,
792,セントラルパック株式会社　梓川工場,2014,2012,1,,FALSE,9999,FALSE,総合点検時に強化液消火器３㍑ステンレス製１本取替える事。費用は点検料金に含む。
794,レンゴー株式会社松本分工場,2014,2007,1,,FALSE,9999,FALSE,
795,松本シティーホテル,2014,2007,1,,FALSE,9999,FALSE,連結送水管耐圧性能点検は２１年５月に実施。　次回は２４年５月。
796,ダイナテック株式会社,2014,2007,1,,FALSE,9999,FALSE,
797,特別養護老人ホームうつくしの里,2014,2007,1,年２回消防訓練があります。,FALSE,9999,FALSE,年２回消防訓練立会い　有り。
799,株式会社ドガ管理事務所・倉庫,2014,2007,1,,FALSE,9999,FALSE,
800,株式会社ドガ西洗馬倉庫,2014,2007,1,,FALSE,9999,FALSE,
801,株式会社ドガ　ストリーム倉庫,2014,2007,1,,FALSE,9999,FALSE,
803,松本市城山デイサービスセンター,2014,2007,1,,FALSE,9999,FALSE,点検日程は本部の湯田さんに連絡の事。　携帯番号０９０－８３２８－３５５１
804,松本市田川デイサービスセンター,2014,2007,1,,FALSE,9999,FALSE,点検日程は、本部の湯田さんに連絡する事。　携帯番号０９０－８３２８－３５５１
805,松本市島立デイサービスセンター,2014,2007,1,,FALSE,9999,FALSE,点検日程は、本部の湯田さんに連絡の事。　携帯番号０９０－８３２８－３５５１
806,松本市芳川デイサービスセンター,2014,2007,1,,FALSE,9999,FALSE,点検日程は、本部の湯田さんに連絡の事。　携帯番号０９０－８３２８－３５５１
807,組合立鉢盛中学校,2014,2007,1,学校教育課　担当　赤沢さん,FALSE,9999,FALSE,点検日程指定あり　　　機器点検　H26.6.13～H26.7.11　　総合点検　H26.11.7～H26.12.5
808,新井公民館,2007,2007,4,,FALSE,9999,FALSE,
812,松川村松川浄水苑,2014,2007,1,,FALSE,9999,FALSE,
813,松川村生涯学習センター,2014,2007,1,,FALSE,9999,FALSE,
814,上二子公民館,2014,2007,1,町会長は任期２年です。,FALSE,9999,FALSE,点検時は当社、小川専務に確認の事。
815,松川村１５施設,2014,2007,1,,FALSE,9999,FALSE,
830,有限会社安曇野三郷ハイテクファーム,2014,2007,1,,FALSE,9999,FALSE,
831,大山祇命神示教会　甲信越第三偉光会館,2014,2007,1,,FALSE,9999,FALSE,
832,株式会社長野銀行　三郷支店,2013,2007,3,,FALSE,9999,FALSE,
835,塩尻市６０施設（学校楢川地区を除く）,2010,2011,1,"Ｈ１９年度～Ｈ２１年度の３年間。外注業者　中部防災・中信消防機材販売
＊入札メンバー　ＳＨ・中部防災・中信消防機材・ダイワ総業・太平ビルサービス・サニウェイ・西電設・丸登電業・サス・松本ホーチキ",TRUE,2010,FALSE,
836,塩尻市保健福祉センター,2010,2007,1,,TRUE,2010,FALSE,
837,塩尻市役所本庁舎・北庁舎,2010,2007,1,,TRUE,2010,FALSE,
838,松本市上下水道局庁舎,2014,2007,1,,FALSE,9999,FALSE,
839,ニチコン製箔株式会社　大町工場,2014,2007,1,点検前に見積書提出の事。　増築部分　総合点検\140.000-　機器点検\120.000-　追加　H24.9より,FALSE,9999,FALSE,点検前に見積書提出の事。
840,ニチコン株式会社　穂高,2014,2007,1,ホース耐圧性能点検￥１８０．０００－　平成２０年１１月実施　　次回平成２３年,FALSE,9999,FALSE,ホース耐圧性能点検￥１８０．０００－　平成２０年１１月実施　次回平成２３年
841,花林桃源郷　蔵久,2014,2007,1,,FALSE,9999,FALSE,
842,久星食品株式会社,2014,2007,1,,FALSE,9999,FALSE,
843,信州あずみ野穂高・新鮮いち番　Ｖｉｆ穂高,2014,2007,1,,FALSE,9999,FALSE,
845,降幡自動車株式会社,2014,2010,1,,FALSE,9999,FALSE,
846,株式会社ファインビュー室山,2014,2007,1,,FALSE,9999,FALSE,
847,ユーイン井川城,2014,2007,1,,FALSE,9999,FALSE,
849,株式会社タカチホ松本営業所,2014,2007,1,,FALSE,9999,FALSE,
850,株式会社ダイヨー,2014,2007,1,,FALSE,9999,FALSE,
851,タイトーステーション　松本店,2014,2010,1,点検予定日を打合せする際、見積書が必要です。,FALSE,9999,FALSE,点検予定日を打合せする際、見積書が必要です。
852,広仁堂医院,2014,2007,1,,FALSE,9999,FALSE,
854,南信ヤクルト販売株式会社,2014,2007,1,,FALSE,9999,FALSE,
855,電算印刷株式会社,2014,2007,1,,FALSE,9999,FALSE,
856,株式会社長野銀行　波田倉庫,2014,2007,1,,FALSE,9999,FALSE,
857,信州額縁株式会社貸作業所,2007,2007,4,,FALSE,9999,FALSE,
859,松本牛乳輸送株式会社　本社,2008,2007,1,,TRUE,2008,FALSE,
860,松本牛乳輸送株式会社,2014,2007,1,,FALSE,9999,FALSE,
861,朝日村立朝日小学校,2014,2007,1,,FALSE,9999,FALSE,
864,窪田空穂記念館及び生家,2014,2007,1,,FALSE,9999,FALSE,
865,松本合同庁舎,2014,2007,1,ミツワヤンマーへ総合点検時に\60.000-外注　自家発メーカー点検依頼する事。Ｈ２５年度連結送水管耐圧点検　長野綜合￥140.000-有り,FALSE,9999,FALSE,ミツワヤンマーへ総合点検時に\60.000-外注　自家発メーカー点検依頼する事。Ｈ２５年度連結送水管耐圧点検　長野綜合￥140.000－有り
866,株式会社タカギセイコー,2014,2007,1,外注　ツカサ防設,FALSE,9999,FALSE,ツカサ
867,長野運動公園複合施設,2014,2007,1,外注　プレステックス庄田さん,FALSE,9999,FALSE,
868,下押野集会センター,2014,2007,1,,FALSE,9999,FALSE,
869,株式会社　スドージャム,2014,2007,1,,FALSE,9999,FALSE,ツカサ
870,株式会社長野銀行　元町支店,2013,2007,3,,FALSE,9999,FALSE,
872,グループホームくらし,2014,2007,1,,FALSE,9999,FALSE,
873,介護老人保健施設ライフ２,2014,2007,1,,FALSE,9999,FALSE,
874,障害者等共同作業所　希望の家,2014,2007,1,,FALSE,9999,FALSE,
875,松本市　本郷公民館,2014,2007,1,,FALSE,9999,FALSE,
876,松本市　南部公民館,2014,2007,1,,FALSE,9999,FALSE,
877,松本市　城北公民館・城北地区福祉ひろば,2014,2007,1,,FALSE,9999,FALSE,
879,松本市　西部公民館,2014,2007,1,,FALSE,9999,FALSE,
880,松本市　四賀保健センター,2014,2007,1,,FALSE,9999,FALSE,
881,松本市　野球場,2014,2007,1,,FALSE,9999,FALSE,防火対象物点検を含む（担当は柿本課長）　消防設備の総合点検時に一緒に行って下さい。
882,長野県水産試験場,2014,2007,1,"請求は２回の点検終了後、一括請求とする。（\130,000 + 消費税）　押野試験池・木曽試験地を含む",FALSE,9999,FALSE,
883,長野県水産試験場　押野試験池,2014,2007,1,,FALSE,9999,FALSE,
884,長野県水産試験場　木曽試験地,2014,2007,1,,FALSE,9999,FALSE,
885,長野県松本盲学校,2014,2007,1,"請求金額　\170.000-×2回　（寮の点検料金を含む）　　システムの管理上、松本盲学校を\80,000×2回　　寮を\90.000-×2回と入力。",FALSE,9999,FALSE,"請求金額　\170.000-×2回　（寮の点検料金を含む）　　システムの管理上、松本盲学校を\80,000×2回　　寮を\90.000-×2回と入力。"
886,長野県松本盲学校　寮棟,2014,2007,1,松本盲学校　管理者用メモ欄参照。,FALSE,9999,FALSE,
887,長野県上松技術専門校　管理・実習・体育館,2014,2007,1,請求は　\59.000-×2回　　　システム管理上　管理・実習・体育館 \29.500-×2回　　寄宿舎 \29.500-×2回と入力。,FALSE,9999,FALSE,
888,長野県上松技術専門校　寄宿舎棟,2014,2007,1,上松技術専門校　管理・実習・体育館　　管理者用メモ欄参照。,FALSE,9999,FALSE,
889,長野県木曽警察署,2011,2007,1,"請求は 総合\160,000　機器\120,000",TRUE,2011,FALSE,"請求は 総合\160,000　機器\120,000"
890,長野県木曽警察　清雲寮,2011,2007,1,木曽警察署　管理者用メモ欄参照,TRUE,2011,FALSE,
891,長野県木曽警察署　新開１宿舎,2011,2007,1,木曽警察署　管理者用メモ欄参照,TRUE,2011,FALSE,
892,長野県木曽警察署　新開２宿舎,2011,2007,1,木曽警察署　管理者用メモ欄参照,TRUE,2011,FALSE,
893,長野県木曽警察署　新町Ａ宿舎,2011,2007,1,木曽警察署　管理者用メモ欄参照,TRUE,2011,FALSE,
894,長野県木曽警察署　新町Ｂ宿舎,2011,2007,1,木曽警察署　管理者用メモ欄参照,TRUE,2011,FALSE,
897,株式会社中日新聞社　長野支局,2014,2007,1,,FALSE,9999,FALSE,
899,新潟運輸株式会社　長野支店,2014,2007,1,,FALSE,9999,FALSE,
900,新潟運輸株式会社　上田支店,2014,2007,1,,FALSE,9999,FALSE,
902,松本市　入山辺地区福祉ひろば,2014,2007,1,,FALSE,9999,FALSE,
903,松本市　里山辺地区福祉ひろば,2014,2007,1,,FALSE,9999,FALSE,
904,松本市　白板地区福祉ひろば,2014,2007,1,,FALSE,9999,FALSE,
905,松本市　寿地区福祉ひろば,2014,2007,1,,FALSE,9999,FALSE,
907,松本ＶＯＲ／ＤＭＥ,2014,2007,1,,FALSE,9999,FALSE,
909,サスナカ通信工業株式会社　本社,2014,2007,1,,FALSE,9999,FALSE,
911,松本市重要文化財　馬場家住宅,2014,2007,1,,FALSE,9999,FALSE,
912,ふれあい山辺館　白糸の湯,2014,2007,1,,FALSE,9999,FALSE,
913,パチンコ　ホームラン和田店,2014,2007,1,,FALSE,9999,FALSE,
919,コムハウス,2014,2007,1,,FALSE,9999,FALSE,
920,グループホームこのゆびとまれ,2014,2007,1,,FALSE,9999,FALSE,
921,こもれび作業所,2014,2010,1,,FALSE,9999,FALSE,
922,第２コムハウス・ゆい,2014,2007,1,,FALSE,9999,FALSE,
928,犬飼ビル,2014,2013,1,,FALSE,9999,FALSE,
929,矢崎医院,2014,2007,1,毎年契約書作成の事。（６月の点検時に契約書持参する）,FALSE,9999,FALSE,毎年、６月の点検時に契約書を持参の事。
930,株式会社ヤマサ,2014,2007,1,,FALSE,9999,FALSE,
931,七日市場コミュニティーセンター,2014,2013,1,,FALSE,9999,FALSE,
932,昌川ビル,2014,2007,1,"昌川圭漢氏　携帯ＴＥＬ０９０－３５５８－３５６７

注意）消費税含む金額で契約してます。",FALSE,9999,FALSE,昌川圭漢氏　携帯ＴＥＬ０９０－３５５８－３５６７
934,神山商事合名会社貸店舗事務所,2014,2007,1,,FALSE,9999,FALSE,
935,高山内科医院,2008,2007,1,,TRUE,2008,FALSE,
936,長野県中信電気工事業協同組合,2014,2007,1,,FALSE,9999,FALSE,
942,中町蔵の会館,2014,2007,1,,FALSE,9999,FALSE,
943,山形協立高齢者グループホームなのはな,2014,2007,1,,FALSE,9999,FALSE,
944,丹羽外科医院,2014,2007,1,,FALSE,9999,FALSE,ユウキ
948,アリュール中村　Ａ棟・Ｂ棟,2014,2007,1,,FALSE,9999,FALSE,
950,ライフ井上穂高店,2014,2007,1,,FALSE,9999,FALSE,
951,温泉ロッジ野麦の里,2014,2007,1,,FALSE,9999,FALSE,
952,万作,2014,2007,1,,FALSE,9999,FALSE,
953,有限会社神山自動車販売,2014,2007,1,,FALSE,9999,FALSE,
954,下車屋,2014,2007,1,,FALSE,9999,FALSE,
955,赤羽工機有限会社,2014,2007,1,,FALSE,9999,FALSE,
957,須沢ビル,2014,2007,1,,FALSE,9999,FALSE,
959,綿半インテック株式会社　レンタル諏訪店,2014,2007,1,,FALSE,9999,FALSE,
960,株式会社綜合印刷,2014,2007,1,,FALSE,9999,FALSE,
961,株式会社アイバワークス,2014,2007,1,,FALSE,9999,FALSE,
962,株式会社エーアイテック,2014,2007,1,,FALSE,9999,FALSE,
965,フォレストモール,2014,2007,1,,FALSE,9999,FALSE,
966,マクサー電機株式会社,2014,2007,1,,FALSE,9999,FALSE,
968,明倫堂旭ビル,2014,2007,1,,FALSE,9999,FALSE,
969,明倫堂書店,2014,2007,1,,FALSE,9999,FALSE,
970,ラ・ヴィール並柳,2014,2007,1,有賀さん携帯０９０－３１４３－７１３１,FALSE,9999,FALSE,有賀さん携帯０９０－３１４３－７１３１
971,カイザーベルク穂高,2014,2007,1,,FALSE,9999,FALSE,
972,ホテル　シークレット９,2008,2007,1,,TRUE,2008,FALSE,
973,三村・渋木眼科医院,2014,2007,1,,FALSE,9999,FALSE,
975,ダウンタウンモール,2014,2007,1,,FALSE,9999,FALSE,
977,唐沢整形外科麻酔科医院,2014,2007,1,,FALSE,9999,FALSE,
978,医療法人中田歯科医院,2014,2007,1,,FALSE,9999,FALSE,
979,経友会安曇野研修センター,2014,2007,1,平成19年9月5日　長野県中小企業経友会事業組合　→　協同組合中央経友会　へ名称変更。,FALSE,9999,FALSE,
980,コムスン長野市三輪,2007,2007,4,,FALSE,9999,FALSE,
983,アルプスシャツ株式会社　ケータリングサービス第一,2014,2007,1,,FALSE,9999,FALSE,
986,天理教松本分教会,2014,2010,1,,FALSE,9999,FALSE,次回点検は２０１０年７月とします。３年に１回になりました。
988,特定非営利活動法人ジョイフル,2007,2007,4,,FALSE,9999,FALSE,
990,松本市南部屋内運動場・美須々屋内運動場,2010,2007,1,,TRUE,2010,FALSE,
991,アートヒルズ商管事務棟,2014,2007,1,,FALSE,9999,FALSE,
992,丸文通商株式会社　松本支店,2014,2007,1,,FALSE,9999,FALSE,
993,税理士法人未来経営,2014,2007,1,,FALSE,9999,FALSE,
994,長野県松本旭町庁舎,2014,2007,1,,FALSE,9999,FALSE,
996,城西医療財団　介護老人保健施設　白馬メディア,2014,2007,1,,FALSE,9999,FALSE,白馬サテライト
997,城西医療財団　白馬　天神原ハイツ,2014,2007,1,,FALSE,9999,FALSE,白馬サテライト
998,城西医療財団　白馬　かたくりの郷,2014,2007,1,,FALSE,9999,FALSE,白馬サテライト
999,株式会社宮地鐵工所　下原工場,2007,2007,4,,FALSE,9999,FALSE,
1001,白馬中学校,2014,2007,1,,FALSE,9999,FALSE,白馬サテライト
1003,等々力ビル,2014,2007,1,"等々力さん　携帯番号０９０－２７２１－４７６８
点検実施時間はＰＭ４：００～以降で。",FALSE,9999,FALSE,等々力さん　携帯番号０９０－２７２１－４７６８　　消防署への報告は総合点検時のみとする。
1004,チサンイン諏訪インター,2014,2007,1,,FALSE,9999,FALSE,グリーンシステム
1005,塩尻幼稚園,2014,2007,1,,FALSE,9999,FALSE,
1006,コムスンやわらぎ信州中野,2007,2007,4,,FALSE,9999,FALSE,
1007,コムスンやわらぎ伊那,2007,2007,4,,FALSE,9999,FALSE,
1008,信州アルピコタクシー株式会社,2014,2007,1,,FALSE,9999,FALSE,
1009,白馬村保健福祉ふれあいセンター,2014,2007,1,,FALSE,9999,FALSE,白馬サテライト
1010,株式会社ロッジ幸,2014,2007,1,,FALSE,9999,FALSE,白馬サテライト
1011,白馬村庁舎・多目的研修会施設,2014,2007,1,,FALSE,9999,FALSE,白馬サテライト
1012,山岳旅館　いとう,2014,2007,1,,FALSE,9999,FALSE,白馬サテライト
1013,ウイング２１,2014,2007,1,,FALSE,9999,FALSE,
1014,ホテル　グリーンプラザ白馬・他９件,2014,2007,1,,FALSE,9999,FALSE,白馬サテライト
1015,木曽広域連合　環境センター,2014,2007,1,"環境センター ・ 緑聖苑 ・ 汚泥集約センターの3件で　￥75,000×2回　　8/17現在、見積書提出中",FALSE,9999,FALSE,
1016,木曽葬祭センター　緑聖苑,2014,2007,1,"環境センター ・ 緑聖苑 ・ 汚泥集約センターの3件で　￥75,000×2回　　8/17現在、見積書提出中",FALSE,9999,FALSE,
1017,木曽広域連合　汚泥集約センター,2014,2007,1,"環境センター ・ 緑聖苑 ・ 汚泥集約センターの3件で　￥75,000×2回　　8/17現在、見積書提出中",FALSE,9999,FALSE,
1018,農事組合法人筑北きのこ生産組合,2014,2007,1,,FALSE,9999,FALSE,
1021,横内繊維株式会社,2007,2007,4,,FALSE,9999,FALSE,
1022,中之郷集落センター,2007,2007,4,,FALSE,9999,FALSE,
1023,ヨーケン株式会社,2014,2007,1,,FALSE,9999,FALSE,
1024,アウトドアステーション　バンバン松本店,2014,2007,1,,FALSE,9999,FALSE,
1025,朝日村中央公民館・トレーニングセンター,2014,2007,1,,FALSE,9999,FALSE,
1026,朝日村　朝日美術館,2014,2007,1,,FALSE,9999,FALSE,
1027,五幸セントラルパーキングビル,2014,2007,1,,FALSE,9999,FALSE,
1028,五幸本町ビル,2014,2007,1,,FALSE,9999,FALSE,
1029,株式会社プラザ安曇野,2014,2007,1,,FALSE,9999,FALSE,
1030,農林漁業体験実習館　ビレッジ安曇野,2014,2009,1,契約金額　3件（ビレッジ安曇野・ガラス工房・ガラス北工房）で￥56.000-×2回,FALSE,9999,FALSE,
1032,あづみ野ガラス北工房,2014,2007,1,契約金額　3件（ビレッジ安曇野・ガラス工房・ガラス北工房）で￥56.000-×2回,FALSE,9999,FALSE,
1033,あづみ野ガラス工房,2014,2007,1,契約金額　3件（ビレッジ安曇野・ガラス工房・ガラス北工房）で￥56.000-×2回,FALSE,9999,FALSE,
1034,グランビュー東和（庄内）,2014,2010,1,消防設備点検は年１回、１０月（リベート伊藤良行氏へ\１0.000-）,FALSE,9999,FALSE,
1035,株式会社トライアン相互,2014,2007,1,平成２０年２月より点検開始の事。（契約は平成１９年８月に完了）,FALSE,9999,FALSE,
1036,島新精工株式会社本社（穂高）工場,2014,2007,1,,FALSE,9999,FALSE,
1038,安曇精工株式会社本社工場,2014,2007,1,,FALSE,9999,FALSE,
1041,塩尻事業所　<ヘルスパ塩尻>,2014,2007,1,,FALSE,9999,FALSE,
1046,大阪外国語大学白馬山の家,2014,2007,1,,FALSE,9999,FALSE,白馬サテライト
1047,温泉民宿　ヒュッテほし,2014,2007,1,,FALSE,9999,FALSE,
1048,酒井産業株式会社,2014,2007,1,,FALSE,9999,FALSE,総務課の宮原さんと契約の打合せをしました。
1049,松本市公設地方卸売市場,2014,2007,1,ニッタンよりリベートのみ。８月請求。,FALSE,9999,FALSE,
1051,つかまの里・南天診療所,2014,2007,1,富士防災よりリベートのみ。１月請求。,FALSE,9999,FALSE,
1052,株式会社アカダプレーティング,2014,2007,1,,FALSE,9999,FALSE,
1053,あずみ野河昌,2014,2012,1,,FALSE,9999,FALSE,白馬サテライト
1054,松商学園高等学校　筑摩合宿所,2014,2007,1,,FALSE,9999,FALSE,
1055,株式会社前田製作所　大町店,2014,2007,1,,FALSE,9999,FALSE,白馬サテライト　　北條さん、もしくは田中さんへ連絡して点検を行ってください。　田中携帯090-9007-7352
1056,ボヌール丸山　Ａ,2014,2007,1,,FALSE,9999,FALSE,ユウキ
1057,ボヌール丸山　Ｂ,2014,2007,1,,FALSE,9999,FALSE,ユウキ
1058,やさかハイツ,2014,2007,1,,FALSE,9999,FALSE,
1060,株式会社トーヨータイヤジャパン　松本営業所,2014,2007,1,,FALSE,9999,FALSE,
1061,ミュー　ｍｊｕ：,2014,2013,1,,FALSE,9999,FALSE,
1065,ダンダンプラザ西棟,2014,2007,1,次回より株式会社シセン様と契約。　点検連絡先は大平常務若しくは小松マネージャー,FALSE,9999,FALSE,点検連絡先は大平常務若しくは小松マネージャー
1066,ダンダンプラザ東棟,2014,2007,1,西棟同様。,FALSE,9999,FALSE,西棟同様。
1068,白馬ジャンプ競技場,2014,2007,1,,FALSE,9999,FALSE,白馬サテライト
1069,大阪教育大学　遠見山の家,2014,2007,1,,FALSE,9999,FALSE,白馬サテライト
1070,白馬村国民保養センター　岳の湯,2014,2007,1,,FALSE,9999,FALSE,白馬サテライト
1071,東京工業大学木崎湖合宿研修所,2014,2007,1,,FALSE,9999,FALSE,白馬サテライト
1072,株式会社エイ・エム・ディー,2013,2007,3,,FALSE,9999,FALSE,
1073,赤帽松本配送センター,2010,2011,1,,FALSE,9999,FALSE,
1074,クレセント安曇野,2014,2007,1,明治不動産依頼分　リベート￥5.000-,FALSE,9999,FALSE,明治不動産依頼分　リベート￥5.000-
1075,グループホームてとてと,2008,2007,1,,TRUE,2008,FALSE,
1076,ハイカムール宮澤,2014,2007,1,,FALSE,9999,FALSE,
1077,プレジール宮沢,2014,2007,1,,FALSE,9999,FALSE,
1078,松本ナンバメゾン,2014,2007,1,,FALSE,9999,FALSE,
1079,株式会社胡桃澤精機,2007,2007,4,,FALSE,9999,FALSE,
1082,金塚コーポ,2014,2010,1,請求書送付先　松本市蟻ヶ崎台１０－６　電話０２６３－３６－４１８１　藤森　久雄様へ,FALSE,9999,FALSE,点検連絡先　(有)中部ライフコンダクツ　藤森久雄　ＴＥＬ３６－４１８１　携帯０９０－８８７３－４１０８
1083,長野建物　　和同産業㈱,2014,2007,1,"契約金額￥50,000-　　〔内訳 ： 北陸ｺｶ・ｺｰﾗ \25,000　　和同産業㈱ \25,000〕",FALSE,9999,FALSE,"契約金額￥50,000-　　〔内訳 ： 北陸ｺｶ・ｺｰﾗ \25,000　　和同産業㈱ \25,000〕"
1084,長野マーケットサービスセンター,2014,2007,1,,FALSE,9999,FALSE,
1090,株式会社ヒューブレイン信州松川事務所,2014,2007,1,,FALSE,9999,FALSE,栗林
1092,介護付有料老人ホーム　ケイエス島内,2014,2007,1,,FALSE,9999,FALSE,
1093,株式会社アリス,2014,2011,1,Ｈ２２年度より点検料金は￥２５．０００－税込みです。,FALSE,9999,FALSE,Ｈ２２年度より点検料金は￥２５．０００－税込みです。
1094,株式会社滝澤工務店,2014,2007,1,,FALSE,9999,FALSE,点検日程の連絡は滝澤部長か、川出さんへ　ＴＥＬ0263-57-2196
1095,レインボータウンビル,2014,2007,1,,FALSE,9999,FALSE,
1096,株式会社鳥羽洋行穂高保養所,2014,2007,1,"点検表２部提出。１部は東京都文京区水道２－８－６　㈱鳥羽洋行　総務グループ　日堂様へ。
　　　　　　　　　　　１部は大町市社２３４－１　　飯島　伸一様へ。",FALSE,9999,FALSE,飯島　伸一さん電話0261-62-5762　携帯090-9716-0935　郵便番号398-0003
1098,シティーハウス松本,2014,2007,1,,FALSE,9999,FALSE,
1099,丸伝冷蔵株式会社　信州工場,2014,2007,1,,FALSE,9999,FALSE,
1100,フジパン株式会社松本営業所,2014,2007,1,,FALSE,9999,FALSE,
1101,穂高カントリー株式会社,2014,2007,1,,FALSE,9999,FALSE,
1102,長野県波田学院,2014,2007,1,Ｈ２２年度より庶務課　長沢さんに変わりました。,FALSE,9999,FALSE,
1103,特別養護老人ホーム　天龍荘,2014,2007,1,,FALSE,9999,FALSE,
1106,中央駐車場,2014,2007,1,,FALSE,9999,FALSE,
1107,養護老人ホーム天龍荘,2008,2007,1,,TRUE,2008,FALSE,
1109,ショートステイ花りん,2014,2007,1,,FALSE,9999,FALSE,
1110,塩尻総合文化センター,2010,2007,1,中部防災へ外注\50.000-,TRUE,2010,FALSE,中部防災へ外注\50.000-
1112,コーポ穂高,2014,2007,1,明治不動産へ　リベート　￥5.000-,FALSE,9999,FALSE,明治不動産へ　リベート　￥5.000-
1114,松本光明幼稚園,2014,2007,1,,FALSE,9999,FALSE,
1116,小料理　寿,2014,2007,1,連絡先　御子柴さん携帯番号０９０－２４９６－６２５３,FALSE,9999,FALSE,連絡先　御子柴さん携帯番号０９０－２４９６－６２５３
1117,こうの内科循環器科,2014,2007,1,連絡先　河野先生に。　定休日　土曜日・日曜日・水曜日ＰＭ　　点検時間は昼１２時３０分から１３時３０分とします。,FALSE,9999,FALSE,連絡先　河野先生に。　定休日　土曜日・日曜日・水曜日ＰＭ　　点検時間は昼１２時３０分から１３時３０分とします。
1118,オートレスト木曽路,2014,2007,1,＊オートレスト木曽路は年１回。　　＊隣の弥次喜多は年２回。,FALSE,9999,FALSE,＊オートレスト木曽路は年１回。　　＊隣の弥次喜多は年２回。
1119,弥次喜多,2014,2007,1,,FALSE,9999,FALSE,
1120,マンションダック,2014,2007,1,,FALSE,9999,FALSE,ユウキ
1121,健明会やざき診療所,2014,2007,1,,FALSE,9999,FALSE,
1123,株式会社和幸電機製作所,2014,2007,1,,FALSE,9999,FALSE,
1124,田中スチール工業株式会社,2014,2007,1,次回は平成２２年度に実施の事　　３年に１回になりました。点検実施年は平成１９年度,FALSE,9999,FALSE,次回は平成２２年度に実施の事　　３年に１回になりました。点検実施年は平成１９年度
1125,穂高神社　社務所,2014,2007,1,,FALSE,9999,FALSE,
1126,穂高神社　資料館,2014,2007,1,,FALSE,9999,FALSE,
1127,お食事処あずさ,2014,2007,1,,FALSE,9999,FALSE,
1128,有限会社山のたこ平,2014,2007,1,,FALSE,9999,FALSE,請求書と点検票は同時に持参する事。（ＴＥＬしてから。）
1129,芽ぐみ野内科胃腸科クリニック,2014,2007,1,,FALSE,9999,FALSE,
1131,専念寺,2014,2007,1,,FALSE,9999,FALSE,
1132,大王わさび農場,2014,2007,1,,FALSE,9999,FALSE,
1133,コンフォール高宮,2014,2007,1,,FALSE,9999,FALSE,
1134,有限会社桜家,2014,2007,1,,FALSE,9999,FALSE,
1135,エバラ　第一テナントビル,2014,2007,1,,FALSE,9999,FALSE,
1136,スプレンダービル,2014,2007,1,,FALSE,9999,FALSE,
1137,そば亭伊藤,2008,2007,1,,TRUE,2008,FALSE,
1138,パシフィックエース株式会社,2014,2007,1,,FALSE,9999,FALSE,
1140,株式会社あづみアップル,2014,2007,1,,FALSE,9999,FALSE,
1141,医療法人和合の里小川歯科クリニック,2014,2008,1,,FALSE,9999,FALSE,
1143,中町十字屋ビル（音楽社）,2014,2007,1,,FALSE,9999,FALSE,
1144,松本広域消防局,2014,2007,1,,FALSE,9999,FALSE,
1145,松本広域消防局　豊科消防署,2014,2007,1,,FALSE,9999,FALSE,
1146,松本広域消防局　広丘消防署,2014,2007,1,,FALSE,9999,FALSE,
1147,松本広域消防局　塩尻消防署,2014,2007,1,,FALSE,9999,FALSE,
1148,松本広域消防局　本郷消防署　山辺出張所,2014,2007,1,,FALSE,9999,FALSE,
1149,松本広域消防局　本郷消防署,2014,2007,1,,FALSE,9999,FALSE,
1150,松本広域消防局　渚消防署,2014,2007,1,,FALSE,9999,FALSE,
1151,松本広域消防局　芳川消防署　神林出張所,2014,2007,1,,FALSE,9999,FALSE,
1152,松本広域消防局　丸の内消防署　庄内出張所,2014,2007,1,,FALSE,9999,FALSE,
1153,松本広域消防局　丸の内消防署,2014,2007,1,,FALSE,9999,FALSE,
1154,松本広域消防局　芳川消防署,2014,2007,1,,FALSE,9999,FALSE,
1155,株式会社ちくま　村井第一ビル,2014,2007,1,,FALSE,9999,FALSE,
1156,株式会社ちくま　村井第二ビル,2014,2007,1,,FALSE,9999,FALSE,
1158,横山医院,2014,2007,1,,FALSE,9999,FALSE,
1159,温泉旅館　岳の屋,2014,2007,1,,FALSE,9999,FALSE,
1160,株式会社シンワ,2014,2007,1,,FALSE,9999,FALSE,
1161,塩ノ崎医院,2014,2007,1,,FALSE,9999,FALSE,
1162,有限会社小野紙器,2007,2007,4,,FALSE,9999,FALSE,
1163,有限会社一榮,2007,2007,4,,FALSE,9999,FALSE,
1165,社団法人長野県食品衛生協会　松本食品衛生検査所,2007,2007,4,,FALSE,9999,FALSE,
1167,株式会社タツミ亭,2014,2007,1,,FALSE,9999,FALSE,
1171,ＣＳ社中部社松本サービスセンター,2014,2007,1,,FALSE,9999,FALSE,
1174,バックパッカーズホステル　ケイズハウス白馬アルプス,2014,2007,1,,FALSE,9999,FALSE,白馬サテライト
1175,浄土真宗　本願寺派　善福寺,2014,2007,1,,FALSE,9999,FALSE,
1176,晴風ビル,2014,2007,1,,FALSE,9999,FALSE,
1177,丸正醸造,2014,2007,1,,FALSE,9999,FALSE,
1178,ロイヤルメゾン三浦,2014,2007,1,３月２０日頃点検を行って下さい。事前に点検日を打合せする事。,FALSE,9999,FALSE,３月２０日頃点検を行って下さい。事前に点検日を打合せする事。
1179,アカギビル,2014,2007,1,請求月【消防設備点検　７月・１月】,FALSE,9999,FALSE,
1180,松本スプリング株式会社,2014,2007,1,,FALSE,9999,FALSE,
1181,ハイツ安曇野１,2014,2007,1,,FALSE,9999,FALSE,
1182,ハイツ安曇野２,2014,2007,1,,FALSE,9999,FALSE,
1183,ハイツ安曇野３,2014,2007,1,,FALSE,9999,FALSE,
1184,ハイツ安曇野５,2014,2007,1,,FALSE,9999,FALSE,
1186,ＥＸ　穂高店,2014,2007,1,,FALSE,9999,FALSE,
1187,マイパレス深志（モスＡ２０２）,2014,2011,1,ジン・コーポレーションの関係です。,FALSE,9999,FALSE,ジン・コーポレーションの関係です。
1189,有限会社信興鍍金工業所,2014,2007,1,,FALSE,9999,FALSE,
1190,山田ビル,2014,2007,1,協伸電業　百瀬さん携帯080-1086-4460です。,FALSE,9999,FALSE,協伸電業　百瀬さん携帯080-1086-4460です。
1191,有限会社永井精機,2014,2007,1,,FALSE,9999,FALSE,
1192,丸中運送株式会社,2014,2007,1,,FALSE,9999,FALSE,
1195,ウエストサイドレジデンスｙａｍａｓｈｉｃｈｉ,2014,2007,1,点検連絡先　つかまの里　早川事務長様　ＴＥＬ0263-29-1210です。,FALSE,9999,FALSE,点検連絡先　つかまの里　早川事務長様　ＴＥＬ0263-29-1210です。
1196,クリエ並柳,2014,2007,1,,FALSE,9999,FALSE,点検連絡はシバデン社長へ
1197,有限会社折協市場店,2014,2007,1,,FALSE,9999,FALSE,
1198,東和レジデンス２２,2013,2007,3,,FALSE,9999,FALSE,
1199,東和レジデンス２１,2013,2007,3,,FALSE,9999,FALSE,
1200,やすら木の家とくま,2014,2007,1,,FALSE,9999,FALSE,プレステ
1202,森のこかげ,2014,2008,1,点検日程の連絡は杉江くんへ（点検は当社１名で可です。杉江くんが手伝います。）,FALSE,9999,FALSE,点検日程の連絡は杉江くんへ（点検は当社１名で可です。杉江くんが手伝います。）
1203,虹のふもと,2014,2008,1,点検日程の連絡は杉江くんへ（点検は当社１名で可です。杉江くんが手伝います。）,FALSE,9999,FALSE,点検日程の連絡は杉江くんへ（点検は当社１名で可です。杉江くんが手伝います。）
1204,ひだまりの樹,2014,2008,1,点検日程の連絡は杉江くんへ（点検は当社１名で可です。杉江くんが手伝います。）,FALSE,9999,FALSE,点検日程の連絡は杉江くんへ（点検は当社１名で可です。杉江くんが手伝います。）
1205,りんごの樹,2014,2008,1,点検日程の連絡は杉江くんへ（点検は当社１名で可です。杉江くんが手伝います。）,FALSE,9999,FALSE,点検日程の連絡は杉江くんへ（点検は当社１名で可です。杉江くんが手伝います。）
1206,田中製氷冷凍株式会社臨空冷凍物流倉庫,2014,2007,1,点検日程の連絡は直接田中社長へ,FALSE,9999,FALSE,点検日程の連絡は直接田中社長へ
1208,富士電機健康保険組合　小梨ヒュッテ,2014,2007,1,,FALSE,9999,FALSE,点検日程の連絡は入村さんへして下さい。ＴＥＬ0263-25-0129
1209,(有)設備工業（タンポポハウス）,2014,2007,1,点検日程は安曇電化センターの五十嵐社長さんへ連絡の事。　携帯０９０－８９４３－３０５３,FALSE,9999,FALSE,点検日程は安曇電化センターの五十嵐社長さんへ連絡の事。　携帯０９０－８９４３－３０５３
1210,麻績村商工会館,2014,2007,1,,FALSE,9999,FALSE,
1211,聖高原リゾート株式会社　加工施設,2014,2007,1,,FALSE,9999,FALSE,
1212,ベクベーム,2013,2007,2,,FALSE,9999,FALSE,
1213,萬年山　金松寺,2014,2007,1,,FALSE,9999,FALSE,
1214,フォーブル並柳,2014,2007,1,,FALSE,9999,FALSE,
1216,とりあえず吾平松本村井店,2014,2007,1,稲葉さん携帯　090-9158-8302,FALSE,9999,FALSE,稲葉さん携帯　090-9158-8302
1218,惣社　小林歯科医院,2014,2007,1,,FALSE,9999,FALSE,
1220,有限会社新生堂,2014,2007,1,,FALSE,9999,FALSE,
1221,ゆたかや旅館,2014,2007,1,,FALSE,9999,FALSE,
1222,株式会社穂高観光食品,2014,2007,1,,FALSE,9999,FALSE,
1223,マルイチ・ロジスティクス・サービス株式会社,2014,2007,1,,FALSE,9999,FALSE,
1224,株式会社本久　松本支店,2014,2007,1,,FALSE,9999,FALSE,
1226,株式会社ピボット,2014,2007,1,,FALSE,9999,FALSE,ユウキサービス
1227,中華料理あげみ,2014,2007,1,,FALSE,9999,FALSE,
1228,株式会社アルタス,2014,2007,1,,FALSE,9999,FALSE,
1229,Ｅｘｃｅｌマンション九里巾,2014,2007,1,,FALSE,9999,FALSE,
1230,株式会社カーローリエ,2014,2007,1,,FALSE,9999,FALSE,
1231,サンリン株式会社　松本支店,2014,2007,1,,FALSE,9999,FALSE,
1232,株式会社田中機器製作所,2014,2007,1,,FALSE,9999,FALSE,
1233,株式会社田中機器製作所　大久保工場,2014,2007,1,,FALSE,9999,FALSE,
1234,株式会社長野フジカラー,2014,2007,1,,FALSE,9999,FALSE,
1235,株式会社中央製作所　サンカレッジ　まつもと,2014,2007,1,,FALSE,9999,FALSE,
1236,中房温泉旅館,2014,2007,1,"中房温泉冬季事務所 399-8101　長野県安曇野市三郷1687
TEL：0263-77-2008
FAX：0263-77-5488　",FALSE,9999,FALSE,
1237,ラ・セゾン,2014,2007,1,,FALSE,9999,FALSE,
1238,宗教法人　雲竜寺,2014,2007,1,,FALSE,9999,FALSE,
1239,ホテルプラザ,2014,2007,1,,FALSE,9999,FALSE,
1244,シンフォニー,2013,2007,2,,FALSE,9999,FALSE,
1245,平沼歯科医院,2014,2008,1,,FALSE,9999,FALSE,栗林
1248,ポルシェセンター松本,2014,2008,1,,FALSE,9999,FALSE,
1249,エア・ウォーター・マッハ株式会社本社第２工場,2014,2008,1,,FALSE,9999,FALSE,
1250,株式会社あづみ野,2014,2008,1,東京アートの関係の工場です。,FALSE,9999,FALSE,東京アートの関係の工場です。
1251,ニチエイ　中野店,2014,2008,1,,FALSE,9999,FALSE,
1252,ニチエイ　飯山店,2014,2008,1,,FALSE,9999,FALSE,
1254,犀川安曇野流域下水道終末処理場、他,2014,2008,1,,FALSE,9999,FALSE,オーエム防災（写真・工程表必要）
1255,あがた児童館,2014,2008,3,指定管理者　松本市社会福祉協議会,FALSE,9999,FALSE,
1256,高宮児童センター,2014,2008,3,指定管理者　松本市社会福祉協議会,FALSE,9999,FALSE,
1257,島内児童センター,2014,2008,3,指定管理者　松本市社会福祉協議会,FALSE,9999,FALSE,
1258,芳川児童センター,2014,2008,3,指定管理者　松本市社会福祉協議会,FALSE,9999,FALSE,
1259,菅野児童センター,2014,2008,3,指定管理者　松本市社会福祉協議会,FALSE,9999,FALSE,
1260,島立児童センター,2014,2008,3,指定管理者　松本市社会福祉協議会,FALSE,9999,FALSE,
1261,寿児童センター,2014,2008,3,指定管理者　松本市社会福祉協議会,FALSE,9999,FALSE,
1262,二子児童センター,2014,2008,3,指定管理者　松本市社会福祉協議会,FALSE,9999,FALSE,
1263,鎌田児童センター,2014,2008,3,指定管理者　松本市社会福祉協議会,FALSE,9999,FALSE,
1264,山辺児童センター,2014,2008,3,指定管理者　松本市社会福祉協議会,FALSE,9999,FALSE,
1265,浅間児童センター,2014,2008,3,指定管理者　松本市社会福祉協議会,FALSE,9999,FALSE,
1266,今井児童センター,2014,2008,3,指定管理者　松本市社会福祉協議会,FALSE,9999,FALSE,
1267,田川児童センター,2014,2008,3,指定管理者　松本市社会福祉協議会,FALSE,9999,FALSE,
1268,和田児童センター,2014,2011,3,指定管理者,FALSE,9999,FALSE,
1269,新村児童センター,2014,2011,3,指定管理者,FALSE,9999,FALSE,
1270,梓川児童センター,2014,2008,3,指定管理者　松本市社会福祉協議会,FALSE,9999,FALSE,
1271,元町児童館,2014,2008,3,指定管理者　ワーカーズコープ,FALSE,9999,FALSE,
1272,蟻ケ崎児童館,2014,2011,3,,FALSE,9999,FALSE,
1273,南郷児童館,2014,2008,3,指定管理者　ワーカーズコープ,FALSE,9999,FALSE,
1274,寿台児童館,2014,2008,3,指定管理者　ワーカーズコープ,FALSE,9999,FALSE,
1275,内田児童館,2014,2008,3,指定管理者　ワーカーズコープ,FALSE,9999,FALSE,
1276,並柳児童センター,2014,2011,3,指定管理者　松本市社会福祉協議会,FALSE,9999,FALSE,
1277,岡田児童センター,2014,2011,3,指定管理者　ワーカーズコープ,FALSE,9999,FALSE,
1278,筑摩児童センター,2014,2011,3,指定管理者　松本市社会福祉協議会,FALSE,9999,FALSE,
1279,中山児童センター,2014,2011,3,指定管理者　ワーカーズコープ,FALSE,9999,FALSE,
1280,信州額縁株式会社,2014,2008,1,,FALSE,9999,FALSE,
1282,あづみ農協きのこ培養センター,2014,2008,1,,FALSE,9999,FALSE,
1285,株式会社長野銀行　芳川支店,2014,2008,3,,FALSE,9999,FALSE,
1286,しろうま保育園,2014,2008,1,,FALSE,9999,FALSE,白馬サテライト
1288,株式会社イー・エム・エンジニアリング,2014,2008,1,,FALSE,9999,FALSE,
1289,コーポあさま寿Ａ・Ｂ,2014,2008,3,,FALSE,9999,FALSE,
1290,松本市リサイクルセンター,2014,2008,1,,FALSE,9999,FALSE,点検日程は三協電気の百瀬さんへ連絡の事。　百瀬さん携帯090-9666-0609
1291,株式会社求信,2014,2008,1,,FALSE,9999,FALSE,
1292,松林ビル,2014,2008,1,,FALSE,9999,FALSE,
1294,カーサクラベリートス,2014,2008,1,,FALSE,9999,FALSE,
1295,千国ビル（藤千商店）,2014,2008,1,,FALSE,9999,FALSE,栗林
1296,ビッグエコーあづみ野豊科店,2014,2008,1,,FALSE,9999,FALSE,
1297,株式会社嶺幸　第一倉庫・第二倉庫,2014,2008,1,第一倉庫・第二倉庫　別々に点検表は作成して下さい。,FALSE,9999,FALSE,第一倉庫・第二倉庫　別々に点検表は作成して下さい。
1298,ＳＳＫ安曇野,2014,2008,1,請求書・点検書類の送付先は野村　尚　法律事務所へ　〒390-0876　住所、松本市開智２－２－５　電話0263-36-2271,FALSE,9999,FALSE,請求書・点検書類の送付先は野村　尚　法律事務所へ　〒390-0876　住所、松本市開智２－２－５　電話0263-36-2271
1299,ネオット安曇野,2014,2008,1,請求書・点検書類の送付先は野村　尚　法律事務所へ　〒390-0876　住所、松本市開智２－２－５　電話0263-36-2271,FALSE,9999,FALSE,請求書・点検書類の送付先は野村　尚　法律事務所へ　〒390-0876　住所、松本市開智２－２－５　電話0263-36-2271
1300,シャレーモルゲン,2014,2008,1,,FALSE,9999,FALSE,
1302,赤羽コーポ,2014,2008,1,,FALSE,9999,FALSE,
1304,有限会社宮下組作業所,2014,2008,1,,FALSE,9999,FALSE,
1306,フォーブルつかま,2014,2008,1,,FALSE,9999,FALSE,
1307,フォーブル　つかま,2014,2008,1,,FALSE,9999,FALSE,
1309,楽市　松本店,2014,2008,1,,FALSE,9999,FALSE,
1310,ＮＫ外注Ｒ物件（６月分）,2014,2008,1,,FALSE,9999,FALSE,
1311,ＮＫ外注Ｒ物件（７月分）,2014,2008,1,,FALSE,9999,FALSE,
1312,有限会社デスポヤマト店,2014,2008,1,,FALSE,9999,FALSE,点検の日程連絡は赤羽電気の専務さんへ　　携帯090-8643-7035
1313,エステイトすずらんグループホーム,2014,2008,1,,FALSE,9999,FALSE,
1314,コーポ城北・城北アパート,2014,2010,1,,FALSE,9999,FALSE,次回点検は２０１１年７月となります。３年に１回になりました。
1315,Ｘ１４７,2014,2008,1,,FALSE,9999,FALSE,
1316,甲信越福山通運株式会社　松本支店,2014,2008,1,,FALSE,9999,FALSE,
1317,更級ビル,2014,2008,1,,FALSE,9999,FALSE,
1318,安曇野市立穂高保育園,2014,2008,1,,FALSE,9999,FALSE,三協へ日程連絡は小川（貴）氏
1319,丸正製パン株式会社,2014,2008,1,,FALSE,9999,FALSE,百瀬
1321,阿南自動車株式会社　松本支店,2014,2008,1,,FALSE,9999,FALSE,
1322,ＮＫ外注Ｒ物件（８月分）,2014,2008,1,,FALSE,9999,FALSE,
1323,ＮＫ外注Ｒ物件（９月分）,2014,2008,1,,FALSE,9999,FALSE,
1324,ＮＫ外注Ｒ物件（１０月分）,2014,2008,1,,FALSE,9999,FALSE,
1325,ＮＫ外注Ｒ物件（１１月分）,2014,2008,1,,FALSE,9999,FALSE,
1326,ＮＫ外注Ｒ物件（１２月分）,2014,2008,1,,FALSE,9999,FALSE,
1327,ＮＫ外注Ｒ物件（１月分）,2014,2008,1,,FALSE,9999,FALSE,
1328,ＮＫ外注Ｒ物件（２月分）,2014,2008,1,,FALSE,9999,FALSE,
1329,ＮＫ外注Ｒ物件（３月分）,2014,2008,1,,FALSE,9999,FALSE,
1330,ＮＫ外注Ｒ物件（４月分）,2014,2008,1,,FALSE,9999,FALSE,
1331,ＮＫ外注Ｒ物件（５月分）,2014,2008,1,,FALSE,9999,FALSE,
1333,フレグランス嶺,2014,2008,1,斉藤常務　依頼分,FALSE,9999,FALSE,斉藤常務　依頼分
1334,吉沢ビル,2014,2008,1,,FALSE,9999,FALSE,点検日程の連絡は昭和開発の滝沢さんまで。テナントビルなので事前に連絡して下さい。
1335,ＡＴＬＡＮＮＳＩＡ,2014,2008,1,,FALSE,9999,FALSE,
1336,ふれあいセンター洗馬・洗馬児童館,2014,2008,1,,FALSE,9999,FALSE,
1338,飯田支店,2014,2008,1,,FALSE,9999,FALSE,
1339,阿南自動車株式会社　諏訪営業所,2014,2008,1,,FALSE,9999,FALSE,
1340,高原社ビル１階（ＴＳＵＴＡＹＡ東松本店）,2014,2008,1,,FALSE,9999,FALSE,
1341,高原社ビル２階（株式会社高原社）,2014,2008,1,,FALSE,9999,FALSE,
1342,大谷総業運輸倉庫株式会社松本第二倉庫,2014,2008,1,,FALSE,9999,FALSE,
1343,ＴＳＵＴＡＹＡ松本庄内店,2014,2008,1,,FALSE,9999,FALSE,
1345,カナデアンロッキーステーキハウス,2014,2008,1,,FALSE,9999,FALSE,
1348,救護施設れんげ荘,2014,2008,1,,FALSE,9999,FALSE,
1349,桜家　埋橋工場,2014,2008,1,,FALSE,9999,FALSE,
1350,コーポ鈴木Ａ棟・Ｂ棟・Ｃ棟,2014,2008,3,,FALSE,9999,FALSE,
1351,トレド女鳥羽,2014,2008,3,,FALSE,9999,FALSE,
1353,長照寺,2014,2013,1,,FALSE,9999,FALSE,
1354,三協電気工業株式会社　社屋・社員寮,2014,2008,1,社屋・社員寮含めて点検の事。,FALSE,9999,FALSE,
1355,松本市　寿台地区福祉ひろば,2014,2008,1,,FALSE,9999,FALSE,
1356,ゆめの里新村宅幼老所,2014,2008,1,,FALSE,9999,FALSE,グリーンシステム
1357,百瀬克子貸店舗,2014,2008,1,,FALSE,9999,FALSE,
1358,ラフィーネ渚グラントーレ,2014,2008,1,,FALSE,9999,FALSE,
1359,白樺の家グループホーム和合,2014,2008,1,,FALSE,9999,FALSE,
1360,白樺の家グループホーム鵜山,2014,2008,1,,FALSE,9999,FALSE,
1361,株式会社ＩＨＩターボ須原物流センター,2014,2010,1,,FALSE,9999,FALSE,
1362,第２コーポかどや,2014,2008,1,,FALSE,9999,FALSE,
1363,八景山公民館,2014,2008,1,,FALSE,9999,FALSE,
1364,鈴木マンション,2014,2008,3,,FALSE,9999,FALSE,
1365,安曇野市穂高牧体育館,2014,2008,1,,FALSE,9999,FALSE,三協へ日程連絡は小川（貴）氏
1367,千葉金属工業株式会社諏訪営業所,2014,2008,1,,FALSE,9999,FALSE,百瀬
1368,松本ひよこ作業所,2014,2008,1,社会福祉法人　長野県社会福祉事業団,FALSE,9999,FALSE,
1369,ニチエイ　長野青木島店,2014,2008,1,,FALSE,9999,FALSE,
1370,リバーサイド　マルナカ,2014,2008,1,請求書送付先　明治不動産へ,FALSE,9999,FALSE,
1371,宮田中公民館,2014,2008,1,,FALSE,9999,FALSE,
1372,フォレスト笹井,2014,2008,1,請求先　東筑摩郡波田町１９０９　株式会社宮地鐵工所松本工場　施工課　稲垣　富士夫様　携帯090-7426-6649,FALSE,9999,FALSE,請求先　東筑摩郡波田町１９０９　株式会社宮地鐵工所松本工場　施工課　稲垣　富士夫様　携帯090-7426-6649
1374,株式会社トーヨータイヤジャパン　諏訪営業所,2014,2008,1,,FALSE,9999,FALSE,
1375,柏ハイツ白木,2014,2008,1,,FALSE,9999,FALSE,
1376,ホワイトウッド,2014,2008,1,,FALSE,9999,FALSE,
1377,オークウッド,2014,2008,1,,FALSE,9999,FALSE,
1378,代山温泉せせらぎの四季,2014,2008,1,,FALSE,9999,FALSE,消防訓練を兼ねて点検予定を原常務と決めて下さい。（毎回）　原常務携帯090-1533-7626
1379,割烹ゆたか,2014,2008,1,,FALSE,9999,FALSE,
1380,株式会社印出　本社工場,2014,2010,1,,FALSE,9999,FALSE,
1381,株式会社印出　グリーンヒル,2014,2010,1,,FALSE,9999,FALSE,
1382,株式会社印出　北工場,2014,2010,1,,FALSE,9999,FALSE,
1383,小見山医院,2014,2008,1,,FALSE,9999,FALSE,
1384,安田株式会社　寮,2014,2008,3,,FALSE,9999,FALSE,
1385,ツインオークス,2014,2008,1,,FALSE,9999,FALSE,
1386,長野銀行松本寮,2014,2008,1,,FALSE,9999,FALSE,
1387,長野銀行中条倉庫,2014,2008,1,,FALSE,9999,FALSE,
1388,キャノンアネルバ株式会社,2014,2008,1,,FALSE,9999,FALSE,
1389,ＳＢＣロイヤルカーステーション村井店　ウイウイ松本,2014,2008,1,,FALSE,9999,FALSE,
1390,本村公民館,2014,2008,1,,FALSE,9999,FALSE,
1393,ニューウェル白板,2014,2008,1,,FALSE,9999,FALSE,
1394,あすなろ信用組合カードローン事務センター,2014,2008,1,,FALSE,9999,FALSE,
1396,株式会社長野銀行　松本北支店,2014,2008,3,,FALSE,9999,FALSE,
1397,株式会社まるたか,2014,2008,1,長谷川企画開発室室長の携帯ですＴＥＬ090-4663-6501,FALSE,9999,FALSE,長谷川企画開発室室長の携帯ですＴＥＬ090-4663-6501
1399,レジデンス竹村,2014,2008,1,,FALSE,9999,FALSE,
1400,サンライフ相生,2014,2008,1,,FALSE,9999,FALSE,
1401,株式会社イケタニ,2014,2008,1,,FALSE,9999,FALSE,
1402,中央コーポ,2014,2008,1,,FALSE,9999,FALSE,
1403,吉澤マンション,2014,2008,3,,FALSE,9999,FALSE,
1404,アサヒハイツ,2014,2008,1,,FALSE,9999,FALSE,
1405,丸山内科クリニック,2014,2008,1,,FALSE,9999,FALSE,
1406,株式会社ちくま　村井第三ビル,2014,2008,1,,FALSE,9999,FALSE,
1407,ふじやビル,2014,2008,1,,FALSE,9999,FALSE,
1408,ＳＢＣロイヤルカーステーション出川店,2014,2008,1,,FALSE,9999,FALSE,
1409,フロマージェ・アソシエジャポン株式会社　あずみ野工場,2014,2008,1,,FALSE,9999,FALSE,ツカサ
1410,松本砂防事務所　梓川出張所,2014,2008,1,,FALSE,9999,FALSE,
1411,松本砂防事務所　姫川出張所,2014,2008,1,,FALSE,9999,FALSE,
1412,松本砂防事務所　高瀬川出張所,2014,2008,1,,FALSE,9999,FALSE,
1413,スカイハイツ,2014,2008,1,,FALSE,9999,FALSE,
1414,プレンティ友,2014,2008,1,,FALSE,9999,FALSE,
1415,メゾン蟻ケ崎,2014,2008,1,,FALSE,9999,FALSE,
1416,女渕砂原公民館,2014,2008,3,,FALSE,9999,FALSE,
1417,株式会社エス・アイ・シー,2014,2008,1,,FALSE,9999,FALSE,
1418,白樺の家鵜山ケアホームⅡ,2014,2008,1,,FALSE,9999,FALSE,
1419,丑山自動車有限会社,2014,2008,1,,FALSE,9999,FALSE,
1421,折井クリニック,2014,2008,1,,FALSE,9999,FALSE,
1423,品川内科医院,2014,2008,1,,FALSE,9999,FALSE,
1424,会田ハイツ.,2008,2008,1,,FALSE,9999,FALSE,
1425,会田ハイツ,2014,2009,1,,FALSE,9999,FALSE,
1426,スポーツネットワーク　ＳＡＭ石芝,2014,2009,1,,FALSE,9999,FALSE,
1427,東信マーケットサービスセンター,2014,2009,1,,FALSE,9999,FALSE,
1428,飯田寮,2014,2009,1,,FALSE,9999,FALSE,
1429,長野寮,2014,2009,1,,FALSE,9999,FALSE,
1430,小坂田倉庫.,2008,2008,1,,FALSE,9999,FALSE,
1431,吉田倉庫Ａ・Ｂ棟.,2008,2008,1,,FALSE,9999,FALSE,
1432,長野県消防防災航空センター,2014,2009,1,年度末に一括請求になります。,FALSE,9999,FALSE,年度末に一括請求になります。
1433,長野県野菜花き試験場,2014,2009,1,,FALSE,9999,FALSE,
1434,松本シネマライツ,2014,2009,1,,FALSE,9999,FALSE,小川（貴）
1435,吉田倉庫Ａ・Ｂ棟,2014,2009,1,,FALSE,9999,FALSE,グリーンシステム
1436,小坂田倉庫,2014,2009,1,,FALSE,9999,FALSE,グリーンシステム
1437,宮田観光ホテル松雲閣.,2008,2008,1,,FALSE,9999,FALSE,
1440,ヴィラ・デ・マリアージュ　松本,2014,2009,1,,FALSE,9999,FALSE,
1441,長野県立こども病院,2014,2011,1,"年間￥4.650.000-で契約　　支払いは１/２づつ￥2.325.000-とする。
＊当社社内的に防火対象物点検を￥１60.000-とする。（総合点検の７月に行う）",FALSE,9999,FALSE,
1442,有限会社あづみ野食品.,2008,2008,1,,FALSE,9999,FALSE,
1443,株式会社安曇野漬物.,2008,2008,1,,FALSE,9999,FALSE,
1444,株式会社安曇野漬物,2014,2009,1,,FALSE,9999,FALSE,
1445,有限会社あづみ野食品,2014,2009,1,まるたか・安曇野漬物と一緒です。長谷川室長に点検連絡をする事,FALSE,9999,FALSE,まるたか・安曇野漬物と一緒です。長谷川室長に点検連絡をする事
1446,グランドヴィレッジ.,2008,2008,1,,FALSE,9999,FALSE,
1447,グランドヴィレッジ,2014,2009,1,,FALSE,9999,FALSE,
1448,㈱関東甲信クボタ　大北営業所,2014,2009,1,,FALSE,9999,FALSE,
1449,㈱関東甲信クボタ　あづみ営業所,2014,2009,1,,FALSE,9999,FALSE,
1450,㈱関東甲信クボタ　麻績営業所,2014,2009,1,,FALSE,9999,FALSE,
1451,㈱関東甲信クボタ　塩尻営業所,2014,2009,1,,FALSE,9999,FALSE,
1452,㈱関東甲信クボタ　木曽営業所,2014,2009,1,,FALSE,9999,FALSE,
1455,㈱関東甲信クボタ　駒ヶ根営業所,2014,2009,1,,FALSE,9999,FALSE,
1456,㈱関東甲信クボタ　伊那営業所,2014,2009,1,,FALSE,9999,FALSE,
1457,㈱関東甲信クボタ　みのわ営業所,2014,2009,1,,FALSE,9999,FALSE,
1458,㈱関東甲信クボタ　茅野営業所,2014,2009,1,,FALSE,9999,FALSE,
1459,㈱関東甲信クボタ　飯山営業所,2014,2009,1,,FALSE,9999,FALSE,
1460,㈱関東甲信クボタ　信濃町営業所,2014,2009,1,,FALSE,9999,FALSE,
1461,㈱関東甲信クボタ　中野営業所,2014,2009,1,,FALSE,9999,FALSE,
1462,㈱関東甲信クボタ　長野推進課,2014,2009,1,長野サービスセンターと系統推進部東北信課を含む。,FALSE,9999,FALSE,長野サービスセンターと系統推進部東北信課を含む。
1463,㈱関東甲信クボタ　長野営業所,2014,2009,1,長野ｻｰﾋﾞｽｾﾝﾀｰ・系統推進部含む,FALSE,9999,FALSE,長野ｻｰﾋﾞｽｾﾝﾀｰ・系統推進部含む
1464,㈱関東甲信クボタ　甲信事業部,2014,2009,1,アグリソリューション推進部・松本営業所・部品課・商品課・松本推進課・松本サービスセンター・クボタクレジット・系統推進部含む。,FALSE,9999,FALSE,アグリソリューション推進部・松本営業所・部品課・商品課・松本推進課・松本サービスセンター・クボタクレジット・系統推進部含む。
1465,㈱関東甲信クボタ　上田営業所,2014,2009,1,ＮＢ課含む。,FALSE,9999,FALSE,ＮＢ課含む。
1466,㈱関東甲信クボタ　甲府営業所,2014,2013,1,,FALSE,9999,FALSE,
1467,㈱関東甲信クボタ　佐久営業所,2014,2009,1,,FALSE,9999,FALSE,
1468,㈱関東甲信クボタ　小海営業所,2014,2009,1,,FALSE,9999,FALSE,
1469,㈱関東甲信クボタ　川上営業所,2014,2009,1,,FALSE,9999,FALSE,
1471,㈱関東甲信クボタ　韮崎営業所,2014,2009,1,山梨ｻｰﾋﾞｽｾﾝﾀｰ含む,FALSE,9999,FALSE,
1472,㈱関東甲信クボタ　長坂営業所,2014,2009,1,,FALSE,9999,FALSE,
1473,有明の森保育園,2014,2009,1,,FALSE,9999,FALSE,三協へ日程連絡は小川（貴）氏
1474,有明あおぞら保育園,2014,2009,1,,FALSE,9999,FALSE,三協へ日程連絡は小川（貴）氏
1475,医療法人山田眼科医院,2014,2009,1,,FALSE,9999,FALSE,
1476,松本昭電エンジニアリング株式会社　本社・第２工場,2014,2009,1,,FALSE,9999,FALSE,
1477,松本タウンパーキング,2014,2009,1,,FALSE,9999,FALSE,
1478,シティ　フラット,2014,2008,3,,FALSE,9999,FALSE,
1479,興龍寺.,2008,2008,1,,FALSE,9999,FALSE,
1480,興龍寺,2014,2009,1,,FALSE,9999,FALSE,
1481,大嘉産業株式会社.,2008,2008,1,,FALSE,9999,FALSE,
1482,大嘉産業株式会社,2014,2009,1,,FALSE,9999,FALSE,
1483,湯多里　山の神,2014,2009,1,,FALSE,9999,FALSE,
1484,松本駅アルプス口（西口）自転車駐車場,2014,2009,1,,FALSE,9999,FALSE,
1485,まつもと情報創造館,2014,2009,1,Ｈ２１年度より松本ソフト開発センターが指定管理者になりました。,FALSE,9999,FALSE,Ｈ２１年度より松本ソフト開発センターが指定管理者になりました。
1486,ＪＲ平田駅自由通路,2014,2009,1,,FALSE,9999,FALSE,
1487,特別養護老人ホームゆめの里朝日,2014,2009,1,,FALSE,9999,FALSE,グリーンシステム
1488,信州文化フォーラム,2014,2009,1,,FALSE,9999,FALSE,栗林
1489,里山辺の杜,2014,2009,1,,FALSE,9999,FALSE,
1490,スポーツネットワーク　ＳＡＭ松本,2014,2009,1,,FALSE,9999,FALSE,
1491,グレイス飯田,2012,2009,3,窪田建設の久保田支店長より紹介物件,FALSE,9999,FALSE,窪田建設の久保田支店長より紹介物件
1492,市重要文化財高橋家住宅,2014,2009,1,点検の打合せは博物館（松本城内）にいる関さんと連絡をとって下さい。,FALSE,9999,FALSE,点検の打合せは博物館（松本城内）にいる関さんと連絡をとって下さい。
1494,岡谷セントラルホテル,2014,2009,1,,FALSE,9999,FALSE,
1495,松川村鈴の音ホール,2014,2009,1,,FALSE,9999,FALSE,
1497,下小俣公民館,2014,2009,1,,FALSE,9999,FALSE,
1498,メゾンエクシード,2012,2009,3,,FALSE,9999,FALSE,
1499,野村医院,2014,2009,1,,FALSE,9999,FALSE,栗林
1500,ユウビル,2014,2009,1,,FALSE,9999,FALSE,
1501,株式会社ティアンドデイ,2014,2009,1,,FALSE,9999,FALSE,
1502,メゾン広丘Ａ・Ｂ棟,2014,2009,1,点検表送付先　松本市蟻ヶ崎台１０－６　電話０２６３－３６－４１８１　藤森　久雄様へ,FALSE,9999,FALSE,点検表送付先　松本市蟻ヶ崎台１０－６　電話０２６３－３６－４１８１　藤森　久雄様へ
1503,パナソニックコンシューマーマーケティング㈱ＣＳ社　中部社,2014,2009,1,,FALSE,9999,FALSE,
1504,みやばやしこどもクリニック,2014,2009,1,,FALSE,9999,FALSE,
1505,しのざきこどもクリニック,2014,2009,1,,FALSE,9999,FALSE,
1506,有限会社ワーク,2014,2009,1,,FALSE,9999,FALSE,
1508,松本信用金庫　本店,2014,2009,1,,FALSE,9999,FALSE,
1509,ヤマダドレス　本店,2014,2009,1,,FALSE,9999,FALSE,
1510,ヤマダドレス　ギャラリー,2014,2009,1,,FALSE,9999,FALSE,
1511,内川医院,2014,2009,1,,FALSE,9999,FALSE,
1512,ＮＰＯ法人　アトリエＭＯＯ,2014,2009,1,,FALSE,9999,FALSE,
1513,サンガーデン女鳥羽,2014,2009,1,,FALSE,9999,FALSE,
1514,女鳥羽コーポ,2014,2009,1,,FALSE,9999,FALSE,
1516,グループホームすみか,2014,2009,1,,FALSE,9999,FALSE,
1517,ロイヤルビル,2014,2009,1,,FALSE,9999,FALSE,
1518,藤中産業株式会社,2012,2009,3,,FALSE,9999,FALSE,
1520,ケアハウス　メディタウン　アベニュー,2014,2009,1,,FALSE,9999,FALSE,
1521,とどろき歯科医院,2012,2009,3,,FALSE,9999,FALSE,
1522,豊科劇場,2014,2009,1,,FALSE,9999,FALSE,
1523,あづみ野流通センター,2014,2009,1,,FALSE,9999,FALSE,
1524,手芸の小島（丸山国芳様）,2012,2009,3,,FALSE,9999,FALSE,
1525,アネックス相生,2014,2009,1,,FALSE,9999,FALSE,
1526,ファンテイン相生,2014,2009,1,,FALSE,9999,FALSE,
1530,テスコム電機株式会社　旧松本工場,2014,2009,1,,FALSE,9999,FALSE,
1532,テスコム電機株式会社　商品センター,2014,2009,1,,FALSE,9999,FALSE,
1533,『ＮＰＯハートラインまつもと』ことぶき,2014,2009,1,,FALSE,9999,FALSE,
1534,パーラーＭＶＰ筑摩店,2014,2009,1,,FALSE,9999,FALSE,
1535,メゾン巣山,2012,2009,3,,FALSE,9999,FALSE,
1537,神應透析クリニック,2014,2009,1,,FALSE,9999,FALSE,
1538,エトワールハタ,2014,2009,1,,FALSE,9999,FALSE,
1539,松本クリーンセンター,2014,2009,1,外注　信州消防防災設備協同組合\20.1-　アルプス　総合\19.2-機器\10.0-　ホーチキ　総合\20.2-機器\11.8-　信州  総合\15.3-  機器\ 9.0-　中信機材  総合\27.0-機器\15.9-　富士防災　 総合\60.0-機器\40.0-   富士コムテック　総合\18.0-機器\10.6-　ツカサ防設4.0－防災管理点検　　　　,FALSE,9999,FALSE,
1540,ベルコリンＱｕｅｓｔ,2012,2009,3,消費税込みの金額とする。,FALSE,9999,FALSE,
1541,ベルコリン,2012,2009,3,消費税込みの金額とする。,FALSE,9999,FALSE,
1543,まきば荘,2014,2009,1,,FALSE,9999,FALSE,
1544,安曇野市穂高交流学習センターみらい,2014,2009,1,,FALSE,9999,FALSE,三協へ日程連絡は小川（貴）氏
1545,高松工業株式会社,2014,2009,1,,FALSE,9999,FALSE,
1546,三才公民館,2014,2009,1,Ｈ２１年度までの町会長は横内さん　ＴＥＬ0263-25-9435,FALSE,9999,FALSE,
1547,きく蔵,2012,2009,3,ゆい設備より依頼のあった時に点検実施,FALSE,9999,FALSE,
1548,ＪＥＮＮＲ　ＡＰＰＥＡＲ,2012,2009,3,,FALSE,9999,FALSE,
1549,こみや歯科医院,2014,2013,1,,FALSE,9999,FALSE,
1550,Ｉ．Ｃｉｔｙ　２１,2014,2009,1,点検書類作成部数４部　正１部・副１部・控２部,FALSE,9999,FALSE,ツカサ　　点検書類作成部数４部　正１部・副１部・控２部
1551,井上本店,2014,2009,1,点検書類作成部数４部　正１部・副１部・控２部,FALSE,9999,FALSE,ツカサ　　点検書類作成部数４部　正１部・副１部・控２部
1552,是空ビル,2014,2009,1,,FALSE,9999,FALSE,
1553,桃昌寺,2014,2009,1,,FALSE,9999,FALSE,
1554,ダスキン南松本支店,2014,2009,1,,FALSE,9999,FALSE,
1555,徒士町アパルトメント,2012,2009,3,,FALSE,9999,FALSE,
1556,宮澤整形外科医院,2014,2009,1,,FALSE,9999,FALSE,栗林
1557,スポーツネットワーク　ＳＡＭ塩尻,2014,2009,1,,FALSE,9999,FALSE,
1558,株式会社臨空モールド　松本工場,2014,2009,1,,FALSE,9999,FALSE,
1559,前田ビル１階テナント　Ｌｏｕｎｇｅエリート,2009,2009,4,点検表送り先　松本市両島１３－１９　堀川健行様　0263-26-9002,FALSE,9999,FALSE,
1560,かみむらクリニック,2014,2009,1,,FALSE,9999,FALSE,協栄電気興業　粕谷さん紹介物件。
1561,バーバーホラサワ,2012,2009,3,,FALSE,9999,FALSE,
1562,三枝塗料株式会社,2014,2009,1,,FALSE,9999,FALSE,栗林
1563,小日向公民館,2013,2009,2,,FALSE,9999,FALSE,
1566,グランコート東和・安曇野,2014,2009,1,,FALSE,9999,FALSE,
1567,ミナミビル,2014,2009,1,,FALSE,9999,FALSE,
1568,学校法人　才教学園,2014,2009,1,,FALSE,9999,FALSE,ニッタン経由グリーンシステム
1569,株式会社ディバイザー,2014,2009,1,,FALSE,9999,FALSE,
1570,アールテックビル,2014,2009,1,財津事務局長　携帯電話090-6498-3893,FALSE,9999,FALSE,財津事務局長　携帯電話090-6498-3893
1571,医療法人　藤森医療財団　藤森病院,2014,2009,1,,FALSE,9999,FALSE,
1572,有限会社　安曇野ゴルフ,2014,2009,1,,FALSE,9999,FALSE,
1573,株式会社カンノ　アルミニウム合金工場,2014,2009,1,,FALSE,9999,FALSE,ツカサ
1576,樹ビル,2014,2009,1,,FALSE,9999,FALSE,
1577,キャトルアピア,2014,2009,1,,FALSE,9999,FALSE,
1578,サープラスＴＯＷ立沢,2014,2009,1,,FALSE,9999,FALSE,
1579,こねこねハウス,2014,2009,1,,FALSE,9999,FALSE,
1580,有限会社合津運輸　松川村倉庫,2012,2009,3,合津社長　携帯090-5776-0784　平成２４年度（２０１２年度）から実施して下さい。,FALSE,9999,FALSE,合津社長　携帯090-5776-0784　平成２４年度（２０１２年度）から実施して下さい。
1581,得得うどん　南和田店,2014,2009,1,,FALSE,9999,FALSE,
1582,得得うどん　豊科店,2014,2009,1,,FALSE,9999,FALSE,
1583,ラ・シェネガ　ワイズ店,2014,2009,1,,FALSE,9999,FALSE,
1585,食べ処飲み処柳ばし,2014,2009,1,,FALSE,9999,FALSE,
1586,サニーコート柳ばし,2014,2009,1,,FALSE,9999,FALSE,
1588,池上百竹亭,2014,2009,1,,FALSE,9999,FALSE,栗林
1589,松本市水防センター,2014,2009,1,,FALSE,9999,FALSE,栗林
1590,株式会社水建,2014,2009,1,,FALSE,9999,FALSE,
1591,中信測機株式会社,2014,2009,1,,FALSE,9999,FALSE,
1592,ラフィーネ上田ＡＸＥ,2014,2009,1,,FALSE,9999,FALSE,
1593,特別養護老人ホームちくまの,2014,2009,1,Ｈ２２年度（２０１０年）より実施,FALSE,9999,FALSE,Ｈ２２年度（２０１０年）より実施
1594,株式会社あづみ野ビバレッジ　松川工場,2014,2009,1,,FALSE,9999,FALSE,
1595,グループホーム　よっこらしょ！,2014,2009,1,,FALSE,9999,FALSE,
1596,ファインフーズ株式会社,2014,2009,1,,FALSE,9999,FALSE,
1598,株式会社信越リード,2014,2009,1,,FALSE,9999,FALSE,
1600,シティ輿石,2014,2009,1,請求書は長野ローズへ,FALSE,9999,FALSE,請求書は長野ローズへ
1601,パークハイツ島内,2014,2009,1,請求書は長野ローズへ,FALSE,9999,FALSE,請求書は長野ローズへ
1602,甲　信,2014,2009,1,対象物は１物件　甲信さんと松本ダンススクール別々で請求書発送の事。,FALSE,9999,FALSE,
1603,甲　信（松本ダンススクール）,2014,2009,1,対象物は１物件　甲信さんと松本ダンススクール別々で請求書発送の事。,FALSE,9999,FALSE,
1604,炭火焼肉　牛角高宮店,2014,2009,1,,FALSE,9999,FALSE,
1606,ラーメン屋きまぐれ八兵衛,2014,2009,1,,FALSE,9999,FALSE,
1607,ビッグエコーあづみ野穂高店,2014,2009,1,,FALSE,9999,FALSE,
1608,フレグランスパールＢ棟,2014,2009,1,,FALSE,9999,FALSE,
1609,フレグランスパールＡ棟,2014,2013,1,,FALSE,9999,FALSE,
1610,新鮮市場　あづみ野,2014,2009,1,,FALSE,9999,FALSE,
1611,ツクイ塩尻,2014,2009,1,,FALSE,9999,FALSE,
1612,ツクイ茅野,2014,2009,1,,FALSE,9999,FALSE,
1613,有限会社コサカタイヤ,2014,2009,1,,FALSE,9999,FALSE,
1614,サンタの創庫　塩尻北インター店,2014,2009,1,,FALSE,9999,FALSE,栗林
1615,ツクイ伊那中央,2014,2009,1,,FALSE,9999,FALSE,
1616,昭和電機産業株式会社　松本支店,2014,2009,1,,FALSE,9999,FALSE,
1617,宗教法人　青原寺,2014,2009,1,,FALSE,9999,FALSE,
1618,ツクイ上田原,2014,2009,1,,FALSE,9999,FALSE,
1619,ハイツ　サニーサイド,2014,2009,1,,FALSE,9999,FALSE,ユウキ
1620,神田公民館,2014,2009,1,,FALSE,9999,FALSE,
1621,ウエストビル,2014,2009,1,,FALSE,9999,FALSE,
1622,プレジール百瀬,2013,2009,2,,FALSE,9999,FALSE,
1623,セジュール大門,2013,2009,2,,FALSE,9999,FALSE,
1624,穂高養生園,2014,2009,1,,FALSE,9999,FALSE,
1626,グランドスラム　トレイス,2014,2009,1,,FALSE,9999,FALSE,
1627,マンマ・ミーア,2014,2009,1,,FALSE,9999,FALSE,
1628,アークヒルズ元町,2014,2011,1,,FALSE,9999,FALSE,
1629,あぐりす,2014,2009,1,,FALSE,9999,FALSE,
1630,合資会社　昭和製材所,2014,2009,1,前回2007. 5. 9に点検実施。,FALSE,9999,FALSE,
1631,せきクリニック,2014,2009,1,,FALSE,9999,FALSE,
1632,株式会社　銘林　松本営業所,2014,2009,1,,FALSE,9999,FALSE,
1633,松澤工務店株式会社,2014,2009,1,,FALSE,9999,FALSE,
1634,長野県信用保証協会　伊那支店,2014,2009,1,,FALSE,9999,FALSE,
1635,ケアホーム　コスモスハウス,2014,2009,1,点検日程の連絡は杉江くんへ（点検は当社１名で可です。杉江くんが手伝います。）,FALSE,9999,FALSE,点検日程の連絡は杉江くんへ（点検は当社１名で可です。杉江くんが手伝います。）
1636,新明和工業株式会社　松本営業所,2014,2009,1,,FALSE,9999,FALSE,
1637,松本砂防事務所　元町事務所,2014,2009,1,,FALSE,9999,FALSE,
1639,有限会社ザウルス（オートシステム松本）,2014,2009,1,,FALSE,9999,FALSE,
1640,真宗大谷派　妙勝寺,2014,2009,1,,FALSE,9999,FALSE,
1641,炭火焼肉　太鼓門,2014,2009,1,,FALSE,9999,FALSE,
1643,海幸の宴　松本店,2014,2009,1,,FALSE,9999,FALSE,
1644,株式会社国吉　波田倉庫,2014,2009,1,,FALSE,9999,FALSE,
1645,Ｅｄｇｅ　ａｎｄ　Ｓｏｆａ,2014,2009,1,,FALSE,9999,FALSE,
1646,宮崎町・駒町公民館,2014,2009,1,,FALSE,9999,FALSE,
1647,ピーチハイツ,2014,2009,1,,FALSE,9999,FALSE,
1648,株式会社　丸五山形食品,2014,2009,1,,FALSE,9999,FALSE,
1649,学校法人外語学園　松本大学予備校　本校,2014,2009,1,,FALSE,9999,FALSE,
1650,学校法人外語学園　松本大学予備校　駅前校,2014,2009,1,,FALSE,9999,FALSE,
1652,メディア書店　松本店,2014,2009,1,,FALSE,9999,FALSE,栗林
1654,三愛ロジスティクス株式会社　長野営業所,2014,2009,1,,FALSE,9999,FALSE,栗林
1655,株式会社デンセン松本営業所,2014,2009,1,,FALSE,9999,FALSE,
1656,ﾊｰﾄﾞｵﾌ･ｵﾌﾊｳｽ･ﾎﾋﾞｰｵﾌ･ｶﾞﾚｰｼﾞｵﾌ松本平田店,2014,2009,1,,FALSE,9999,FALSE,栗林
1657,養老乃瀧　筑摩店,2014,2009,1,,FALSE,9999,FALSE,
1658,住まいとくらしの情報館　茅野,2014,2009,1,,FALSE,9999,FALSE,
1659,フォレストハイツ,2012,2009,3,,FALSE,9999,FALSE,
1660,株式会社ＡＩＤ穂高保養所研修センター,2014,2010,1,,FALSE,9999,FALSE,
1661,山形村　ふれあいドーム,2014,2010,1,,FALSE,9999,FALSE,
1662,保育所てくのん,2014,2010,1,,FALSE,9999,FALSE,
1663,グループホームこまくさ野村　宮ノ前,2014,2010,1,,FALSE,9999,FALSE,
1664,波田２０区分館,2014,2010,1,,FALSE,9999,FALSE,
1666,ホテル　Ｋ　ＲＥＳＯＲＴ,2014,2010,1,,FALSE,9999,FALSE,
1667,有限会社旭重機建設,2014,2010,1,,FALSE,9999,FALSE,
1668,特別養護老人ホーム四賀福寿荘,2014,2012,1,,FALSE,9999,FALSE,実務は柿本さん
1669,松本ひよこ第１・第２三郷ホーム,2014,2010,1,,FALSE,9999,FALSE,
1670,穂高スイミングクラブ,2014,2010,1,,FALSE,9999,FALSE,
1671,ＰＡＲＫ　ＢＬＤＧ,2014,2010,1,,FALSE,9999,FALSE,
1672,株式会社伊東電機工作所,2014,2010,1,,FALSE,9999,FALSE,
1673,東京電力株式会社　塩尻送電所,2014,2010,1,点検書類は消防署へ３年に１回提出（次回Ｈ２４後期）　総合点検　煙感知器感度試験全数。消火器放射試験。騒音計。,FALSE,9999,FALSE,点検書類は消防署へ３年に１回提出（次回Ｈ２４後期）　総合点検　煙感知器感度試験全数。消火器放射試験。騒音計。
1674,東京電力株式会社　松本電力所,2014,2010,1,点検書類の消防署提出は点検毎に出す事。　総合点検時、煙感知器感度試験全数。　消火器放射試験。　騒音計。,FALSE,9999,FALSE,点検書類の消防署提出は点検毎に出す事。　総合点検時、煙感知器感度試験全数。　消火器放射試験。　騒音計。
1675,長野第一物流株式会社松本営業所,2014,2010,1,,FALSE,9999,FALSE,
1676,松本市南部屋内運動場・美須々屋内運動場,2014,2010,1,契約金額の振り分けはＳＨ用です。請求時に間違えない様にお願いします。￥179.000-×２＝358.000-,FALSE,9999,FALSE,総合点検時に防火対象物定期点検があります。
1677,障害者施設ママりお,2014,2010,1,,FALSE,9999,FALSE,
1678,松本市医師会　医療センター南分室,2014,2010,1,,FALSE,9999,FALSE,
1680,株式会社信州自然食品センター,2014,2010,1,,FALSE,9999,FALSE,
1681,株式会社はしづめ,2014,2010,1,,FALSE,9999,FALSE,栗林
1682,生金ビル,2014,2010,1,中田さん携帯090-1463-7327,FALSE,9999,FALSE,点検日程の連絡先は中田さん携帯090-1463-7327と三輪さん　両方へする事。
1683,温心寮,2014,2010,1,,FALSE,9999,FALSE,
1684,藤ハイツ,2014,2010,1,,FALSE,9999,FALSE,
1685,フォーブル米山,2014,2010,1,,FALSE,9999,FALSE,
1686,総合福祉ツクイ飯田,2014,2010,1,,FALSE,9999,FALSE,
1687,有限会社鉢伏ファーム,2014,2010,1,,FALSE,9999,FALSE,
1688,木祖産業協同組合　木工文化センター,2014,2010,1,,FALSE,9999,FALSE,栗林
1689,スタンダードスタイル,2014,2010,1,協栄ハウジング賃貸テナント,FALSE,9999,FALSE,百瀬　　協栄ハウジング賃貸テナント
1690,福田ハイツ,2014,2010,1,,FALSE,9999,FALSE,
1691,レジデンス渚,2013,2010,3,,FALSE,9999,FALSE,
1692,㈱関東甲信クボタ　豊丘営業所,2014,2010,1,,FALSE,9999,FALSE,
1695,松本市　今井地区福祉ひろば,2014,2010,1,,FALSE,9999,FALSE,
1696,松本市　鎌田地区福祉ひろば,2014,2010,1,,FALSE,9999,FALSE,
1697,清水ビル,2014,2010,1,,FALSE,9999,FALSE,
1698,双葉中央マンション,2014,2010,1,,FALSE,9999,FALSE,
1699,第一双葉マンション,2014,2010,1,,FALSE,9999,FALSE,
1700,株式会社ＩＨＩターボ　和村寮,2014,2010,1,,FALSE,9999,FALSE,
1702,もくりゅう館,2014,2010,1,,FALSE,9999,FALSE,共に消防訓練を実施します。
1703,深志神社梅風閣,2014,2010,1,,FALSE,9999,FALSE,
1704,明科陸運株式会社,2014,2010,1,,FALSE,9999,FALSE,栗林
1705,まごのてイン井川城,2014,2010,1,郷津先生の携帯090-1828-8194,FALSE,9999,FALSE,
1706,ひろ内科医院,2014,2010,1,,FALSE,9999,FALSE,栗林
1708,柴田マンション,2014,2010,1,,FALSE,9999,FALSE,
1714,生活科学センター,2011,2010,1,毎年見積書提出してから点検を行う事。,TRUE,2011,FALSE,毎年見積書提出してから点検を行う事。
1715,カシヨ株式会社村山倉庫,2014,2010,1,,FALSE,9999,FALSE,栗林
1717,松本市　松原地区公民館,2014,2010,1,,FALSE,9999,FALSE,
1718,ファミリーマンション　紺屋,2014,2010,1,,FALSE,9999,FALSE,
1719,フレンドリーハイツ　紺屋,2014,2010,1,,FALSE,9999,FALSE,
1720,シャトワ荒町,2013,2010,3,,FALSE,9999,FALSE,
1721,メゾン・ドゥ・プリムール,2014,2010,1,明治不動産へ　リベート￥５．０００－,FALSE,9999,FALSE,明治不動産へ　リベート￥５．０００－
1722,メディアメガリサイクル館　中野店,2014,2010,1,,FALSE,9999,FALSE,栗林
1723,メガリサイクル館　丹波島店,2014,2010,1,,FALSE,9999,FALSE,栗林
1728,サンタの創庫　高森店,2014,2010,1,,FALSE,9999,FALSE,栗林
1730,メディア書店　稲田店,2014,2010,1,,FALSE,9999,FALSE,栗林
1731,メディア書店　飯田高森店,2014,2010,1,,FALSE,9999,FALSE,栗林
1732,メディア書店　塩尻インター店,2014,2010,1,,FALSE,9999,FALSE,栗林
1733,メディア書店　穂高店,2014,2010,1,,FALSE,9999,FALSE,栗林
1734,サンタの創庫　大町店,2014,2010,1,,FALSE,9999,FALSE,栗林
1735,サンタの創庫　新中野店,2014,2010,1,,FALSE,9999,FALSE,栗林
1736,メディアワールド　下諏訪店,2014,2012,1,,FALSE,9999,FALSE,栗林
1739,メディア書店　アップルライン店,2014,2010,1,,FALSE,9999,FALSE,栗林
1740,サンタの創庫　南バイパス家電館,2014,2010,1,,FALSE,9999,FALSE,栗林
1741,サンタの創庫　長野南バイパス店,2014,2010,1,,FALSE,9999,FALSE,栗林
1749,サンタの創庫　伊那店,2014,2010,1,,FALSE,9999,FALSE,栗林
1750,サンタの創庫　オークション代行店,2014,2010,1,,FALSE,9999,FALSE,栗林
1752,フレグランス平田,2014,2010,1,,FALSE,9999,FALSE,
1753,しののめ玉成館,2014,2010,1,,FALSE,9999,FALSE,
1754,上條耳鼻咽喉科,2014,2010,1,,FALSE,9999,FALSE,栗林
1755,有限会社スガワラ,2014,2010,1,,FALSE,9999,FALSE,栗林
1756,石挽き十割そば穂高城,2014,2010,1,,FALSE,9999,FALSE,
1757,株式会社サンネットワークマエダ,2014,2010,1,,FALSE,9999,FALSE,
1758,北部農業者トレーニングセンター,2014,2010,1,,FALSE,9999,FALSE,白馬サテライト
1759,白馬クロスカントリー競技場,2014,2010,1,,FALSE,9999,FALSE,白馬サテライト
1760,白馬もみの木ホテル,2014,2010,1,,FALSE,9999,FALSE,白馬サテライト
1761,トヨタ部品長野共販株式会社　伊那営業所,2014,2010,1,,FALSE,9999,FALSE,
1763,酒一番どんぺり,2014,2010,1,,FALSE,9999,FALSE,
1764,中華料理　楓林,2014,2010,1,,FALSE,9999,FALSE,
1765,ロイヤルオートサービス松本村井店,2014,2010,1,,FALSE,9999,FALSE,
1766,ジブラルタ生命　松本中央ビル,2014,2010,1,,FALSE,9999,FALSE,
1768,株式会社ヤマシタコーポレーション松本営業所　鎌田倉庫,2014,2010,1,,FALSE,9999,FALSE,
1769,株式会社サンプロ,2014,2010,1,,FALSE,9999,FALSE,
1770,株式会社アイダエナジー５店舗,2014,2010,1,,FALSE,9999,FALSE,
1771,株式会社あずみ製作所　本社工場,2014,2010,1,,FALSE,9999,FALSE,グリーンシステム
1772,株式会社あずみ製作所　第２工場,2014,2010,1,,FALSE,9999,FALSE,グリーンシステム
1773,株式会社あずみ製作所　波田工場,2014,2010,1,,FALSE,9999,FALSE,グリーンシステム
1774,株式会社ウスダ製作所,2014,2010,1,,FALSE,9999,FALSE,
1775,三田歯科医院,2014,2010,1,,FALSE,9999,FALSE,栗林
1776,山映閣,2014,2010,1,,FALSE,9999,FALSE,
1777,Ｋ＆Ｋ　ｂｕｉｌｄｉｎｇ,2014,2010,1,,FALSE,9999,FALSE,
1779,鎌田スカイ,2014,2010,1,スポット点検,FALSE,9999,FALSE,スポット点検
1780,ハーモニー　フラット　♭,2014,2010,1,スポット点検,FALSE,9999,FALSE,スポット点検
1781,ハーモニー　シャープ　♯,2014,2010,1,スポット点検,FALSE,9999,FALSE,スポット点検
1782,サンケイビル,2014,2010,1,,FALSE,9999,FALSE,
1784,俺のステーキ ジョー松本あがた店,2014,2010,1,,FALSE,9999,FALSE,栗林
1785,株式会社甲府大一実業松本紙器工場,2014,2012,1,,FALSE,9999,FALSE,
1786,富田振興センター,2014,2010,1,,FALSE,9999,FALSE,
1788,居食房　吉亭,2014,2010,1,,FALSE,9999,FALSE,
1789,下二子公民館,2014,2010,1,下二子東公民館も含む,FALSE,9999,FALSE,下二子東公民館も含む
1790,サンフォルテ,2014,2010,1,長野ローズより紹介物件,FALSE,9999,FALSE,長野ローズより紹介物件
1791,コーポ信州,2014,2010,1,松澤工務店より紹介物件,FALSE,9999,FALSE,松澤工務店より紹介物件
1792,柿澤内科医院,2014,2010,1,,FALSE,9999,FALSE,
1793,ＪＡ松本市　農協会館・国府町パーキング,2014,2010,1,,FALSE,9999,FALSE,ツカサ
1794,ＪＡ松本市　南部事業所,2014,2010,1,,FALSE,9999,FALSE,ツカサ
1795,ＪＡ松本市　並柳洋菜センター,2014,2010,1,,FALSE,9999,FALSE,ツカサ
1796,土屋クリニック,2014,2010,1,,FALSE,9999,FALSE,
1798,セジュールＭＯＭＯＳＥ,2014,2010,1,,FALSE,9999,FALSE,
1799,西電設工事株式会社,2014,2010,1,,FALSE,9999,FALSE,
1800,日野製薬株式会社,2014,2010,1,,FALSE,9999,FALSE,
1801,日野製薬株式会社王滝店,2014,2010,1,,FALSE,9999,FALSE,
1802,日野製薬株式会社里宮店,2014,2010,1,,FALSE,9999,FALSE,
1803,株式会社オーティーマシン,2014,2010,1,,FALSE,9999,FALSE,
1804,株式会社国吉　松本倉庫,2014,2010,1,,FALSE,9999,FALSE,
1805,株式会社タカノ書店,2013,2010,3,,FALSE,9999,FALSE,
1806,第１コーポかどや,2014,2010,1,,FALSE,9999,FALSE,
1807,アコモ・ウエスト　№１,2014,2010,1,スポット点検,FALSE,9999,FALSE,スポット点検
1808,里菓抄　まる山,2014,2010,1,,FALSE,9999,FALSE,
1809,サンエスポア,2014,2010,1,オーナー　太田辰由様　松本市両島７－８－１７　TEL0263-26-1586,FALSE,9999,FALSE,オーナー　太田辰由様　松本市両島７－８－１７　TEL0263-26-1586
1810,早川ハイツＡ・Ｂ棟,2014,2010,1,オーナー　早川俊樹様　松本市大字里山辺１３１１　TEL0263-35-8771,FALSE,9999,FALSE,オーナー　早川俊樹様　松本市大字里山辺１３１１　TEL0263-35-8771
1811,メガトン書店　塩尻店,2014,2010,1,,FALSE,9999,FALSE,栗林
1812,リンナイ株式会社松本営業所,2014,2010,1,,FALSE,9999,FALSE,
1813,有限会社縄文自動車,2014,2010,1,,FALSE,9999,FALSE,栗林
1814,信濃ワイン株式会社,2014,2010,1,,FALSE,9999,FALSE,栗林
1818,ラッズウイング,2014,2010,1,,FALSE,9999,FALSE,
1819,株式会社フロンティア・スピリット本社,2014,2010,1,,FALSE,9999,FALSE,
1820,株式会社フロンティア・スピリット貸店舗（清水口建設）,2014,2010,1,,FALSE,9999,FALSE,
1821,マツノ電器.有限会社,2014,2010,1,,FALSE,9999,FALSE,
1822,田中電子,2014,2010,1,,FALSE,9999,FALSE,
1823,大恵山無量寺,2014,2010,1,,FALSE,9999,FALSE,次回から点検調整は住職とする事。金額は\45.000-です。税別
1825,熊谷歯科医院,2014,2010,1,,FALSE,9999,FALSE,
1826,唐沢内科医院,2014,2010,1,,FALSE,9999,FALSE,
1827,日本コマック株式会社　本社、輸入建材センター,2014,2010,1,,FALSE,9999,FALSE,百瀬
1828,しなのポリマー株式会社　角前分室,2014,2010,1,,FALSE,9999,FALSE,
1830,ジブラルタ生命　飯田支部,2014,2010,1,,FALSE,9999,FALSE,
1831,紺谷泌尿器科クリニック,2014,2010,1,,FALSE,9999,FALSE,
1832,みやいりクリニック,2014,2010,1,,FALSE,9999,FALSE,
1833,松本市寿台公民館,2014,2010,1,,FALSE,9999,FALSE,
1834,宇部三菱セメント㈱松本サービスステーション,2014,2010,1,スポット点検,FALSE,9999,FALSE,スポット点検
1835,波田しなのハイツ,2014,2010,1,,FALSE,9999,FALSE,
1836,スカイコート旭,2014,2010,1,,FALSE,9999,FALSE,百瀬
1837,サンライズ北深志,2014,2010,1,,FALSE,9999,FALSE,
1838,ハイシティ田町,2014,2010,1,,FALSE,9999,FALSE,
1839,岩原ビル,2014,2010,1,,FALSE,9999,FALSE,
1840,松田・南信株式会社　松本支店,2014,2010,1,,FALSE,9999,FALSE,栗林
1841,長野県信連　松本寮,2014,2010,1,,FALSE,9999,FALSE,
1842,えんぱーく,2014,2010,1,,FALSE,9999,FALSE,
1843,株式会社環境技術センター　事業本部,2014,2010,1,,FALSE,9999,FALSE,
1844,ふじさわ山荘,2014,2010,1,"望月専務　携帯090-2749-8201　　消防設備点検　各￥175,000とし　その他にスプリンクラーヘッド取付及び取外しとして　各￥80,000が発生するものとする。",FALSE,9999,FALSE,望月専務　携帯090-2749-8201　　春・秋　点検時にスプリンクラーヘッドの撤去、取付、水張り、水抜きを行う。
1845,宙和第一ビル２階（呑み喰い屋　傾奇者）,2014,2010,1,,FALSE,9999,FALSE,
1846,目黒区立八ヶ岳林間学園,2014,2010,1,,FALSE,9999,FALSE,総合点検時は自家発電設備メーカー（ヤンマー）に依頼する事。
1847,株式会社三栄産業山形倉庫,2014,2010,1,社長携帯090-7401-7703,FALSE,9999,FALSE,社長携帯090-7401-7703
1848,ケアホームきずな,2014,2012,1,"「ケアホームきずな」の点検料に「らいふあしすと」の点検料を含む。　　施設側の都合により点検料を分けてほしいとの依頼（H24.11.15）があり　１回￥39,000の点検料（税抜）を　きずな分￥28,500（税抜）　らいふあしすと側￥10,500（税抜）とし、請求書を発行する。",FALSE,9999,FALSE,
1849,株式会社あずみ製作所　筑北工場,2014,2011,1,,FALSE,9999,FALSE,グリーンシステム
1850,株式会社ミナトヤ,2010,2010,1,,FALSE,9999,FALSE,
1851,デイホーム楓,2014,2011,1,,FALSE,9999,FALSE,
1852,荒川区立清里高原ロッジ清里高原少年自然の家,2010,2010,1,総合と機器点検の間に自火報・非常放送のみの点検有り￥74.000-,FALSE,9999,FALSE,自家発電設備は軽微点検とする。（メーカー点検無し）・総合と機器点検の間に自火報・非常放送のみの点検有り
1853,荒川区立清里高原ロッジ清里高原少年自然の家.,2014,2011,1,総合と機器点検の間に自火報・非常放送のみの点検有り８月実施,FALSE,9999,FALSE,自家発は軽微点検（メーカー点検無し）・総合と機器点検の間に自火報・非常放送のみの点検有り８月実施
1854,モルトクリエンテ　ビル,2010,2010,1,,FALSE,9999,FALSE,
1855,松島電気工事株式会社社屋,2010,2010,1,,FALSE,9999,FALSE,
1856,モルトクリエンテ　ビル.,2014,2011,1,,FALSE,9999,FALSE,
1857,松島電気工事株式会社社屋.,2014,2011,1,,FALSE,9999,FALSE,
1858,安曇野市堀金学校給食センター,2014,2011,1,,FALSE,9999,FALSE,オーエム
1859,安曇野市堀金除雪基地,2014,2011,1,,FALSE,9999,FALSE,オーエム
1860,安曇野市堀金公民館・民俗資料館,2014,2011,1,,FALSE,9999,FALSE,オーエム
1861,安曇野市堀金総合体育館,2014,2011,1,,FALSE,9999,FALSE,オーエム
1862,安曇野市堀金総合運動場,2014,2011,1,,FALSE,9999,FALSE,オーエム
1863,安曇野市堀金多目的屋内運動場（堀金常念ドーム）,2014,2011,1,,FALSE,9999,FALSE,オーエム
1864,安曇野市堀金人権教育集会場,2014,2011,1,,FALSE,9999,FALSE,オーエム
1865,安曇野市堀金総合支所,2014,2011,1,,FALSE,9999,FALSE,オーエム
1866,安曇野市堀金憩いの里うらら,2014,2011,1,,FALSE,9999,FALSE,オーエム
1867,安曇野市立堀金中学校,2014,2011,1,,FALSE,9999,FALSE,オーエム
1868,安曇野市立堀金小学校,2014,2011,1,,FALSE,9999,FALSE,オーエム
1869,安曇野市堀金教職員住宅,2014,2011,1,,FALSE,9999,FALSE,オーエム
1870,安曇野市立堀金保育園,2014,2011,1,,FALSE,9999,FALSE,オーエム
1872,安曇野市営三田団地Ａ棟,2014,2011,1,,FALSE,9999,FALSE,ミック
1873,安曇野市営三田団地Ｂ棟,2014,2011,1,,FALSE,9999,FALSE,ミック
1874,安曇野市営三田団地Ｃ棟,2014,2011,1,,FALSE,9999,FALSE,ミック
1875,安曇野市営三田団地Ｄ棟,2014,2011,1,,FALSE,9999,FALSE,ミック
1877,株式会社セリア　茅野店,2014,2011,1,,FALSE,9999,FALSE,百瀬
1878,松本トンネル,2014,2011,1,点検時、消火器２０型５本と１０型１本放射試験・詰替えを行う事。写真必要。,FALSE,9999,FALSE,点検時、消火器２０型５本と１０型１本放射試験・詰替えを行う事。写真必要。
1879,株式会社シガリオあづみ野研究工場,2010,2010,1,,FALSE,9999,FALSE,
1880,株式会社シガリオあづみ野研究工場.,2014,2011,1,,FALSE,9999,FALSE,
1884,穂高ハートクリニック,2010,2010,1,,FALSE,9999,FALSE,
1885,穂高ハートクリニック.,2014,2011,1,,FALSE,9999,FALSE,
1888,アビタ　マルヤマ,2010,2010,1,,FALSE,9999,FALSE,
1889,アビタ　マルヤマ.,2014,2011,1,,FALSE,9999,FALSE,
1890,株式会社ダイシン,2014,2011,1,,FALSE,9999,FALSE,貴志補助
1894,中信平二期農業水利事業　中央管理所.,2014,2011,1,年２回点検終了時に一括請求とする。　完了届必要。,FALSE,9999,FALSE,年２回点検終了時に一括請求とする。　完了届必要。
1895,地域在宅医療支援センター塩尻,2014,2011,1,,FALSE,9999,FALSE,
1896,有限会社中信保健企画　職員寮,2014,2011,1,,FALSE,9999,FALSE,
1897,こもれびはうす　きたくり,2014,2011,1,,FALSE,9999,FALSE,
1898,ポレスター下諏訪,2014,2011,1,,FALSE,9999,FALSE,
1899,サンビレッジＡ・Ｂ・Ｃ棟,2014,2011,1,,FALSE,9999,FALSE,
1900,阿南自動車株式会社　豊科営業所配送センター,2014,2011,1,,FALSE,9999,FALSE,
1901,グレイスフル日義,2014,2011,1,,FALSE,9999,FALSE,
1902,グレイスフル木曽,2014,2011,1,,FALSE,9999,FALSE,
1903,山形村農業　エポック館,2014,2011,1,,FALSE,9999,FALSE,
1904,ＳＡＭ中央スイミングスクール,2014,2011,1,,FALSE,9999,FALSE,
1905,山形村役場本庁舎,2014,2011,1,,FALSE,9999,FALSE,
1906,特別養護老人ホーム　ピアやまがた,2014,2011,1,,FALSE,9999,FALSE,実務は柿本さん
1907,安曇野高橋節郎記念美術館,2014,2011,1,,FALSE,9999,FALSE,実務は百瀬氏
1908,安曇野市穂高陶芸会館,2014,2011,1,,FALSE,9999,FALSE,実務は百瀬氏
1909,安曇野市西穂高保育園,2014,2011,1,,FALSE,9999,FALSE,
1910,有限会社勝野木工,2014,2011,1,,FALSE,9999,FALSE,
1911,タマホーム松本支店,2014,2011,1,,FALSE,9999,FALSE,栗林　　消火器放射能力試験含む
1912,ユニキャリア健康保険組合穂高山荘,2014,2011,1,,FALSE,9999,FALSE,
1913,大同生命松本ビル,2014,2011,3,連結送水管耐圧性能点検　前回２００８年４月１２日実施　　管理人リベート　\106.000-,FALSE,9999,FALSE,連結送水管耐圧性能点検　前回２００８年４月１２日実施
1914,株式会社エイコー,2014,2011,1,,FALSE,9999,FALSE,
1915,丸屋家具,2014,2011,1,,FALSE,9999,FALSE,
1916,唐沢歯科医院,2014,2011,1,,FALSE,9999,FALSE,
1917,株式会社ウィルトス　本社ビル,2014,2011,1,請求書は株式会社アースエステートへ,FALSE,9999,FALSE,請求書は株式会社アースエステートへ
1918,環境未来株式会社分析センター,2014,2011,1,,FALSE,9999,FALSE,
1919,穂苅整形外科リウマチクリニック,2014,2011,1,,FALSE,9999,FALSE,
1920,ビッグエコー松本並柳店,2014,2011,1,,FALSE,9999,FALSE,
1921,山﨑建設株式会社第二機材倉庫,2014,2011,1,,FALSE,9999,FALSE,百瀬
1922,ハイツ井川城,2014,2011,1,,FALSE,9999,FALSE,
1923,シャトレ井川城,2014,2011,1,,FALSE,9999,FALSE,
1924,株式会社トーヨータイヤジャパン　長野営業所,2014,2011,1,,FALSE,9999,FALSE,
1925,株式会社トーヨータイヤジャパン　伊那営業所,2014,2011,1,,FALSE,9999,FALSE,
1926,株式会社トーヨータイヤジャパン　飯田営業所,2014,2011,1,,FALSE,9999,FALSE,
1927,有限会社春日ビル,2014,2011,1,,FALSE,9999,FALSE,栗林
1928,サニータウン　表藤,2014,2011,1,,FALSE,9999,FALSE,
1929,株式会社ピレネ,2014,2011,1,,FALSE,9999,FALSE,２０１２年度は総合点検を２回行う事。（請求金額は契約の通りとする）
1930,株式会社京屋松本店,2014,2011,1,,FALSE,9999,FALSE,
1931,昭和建物株式会社南松本昭和ビル,2014,2011,1,昭和建物株式会社　南松本営業所　も含む,FALSE,9999,FALSE,ツカサ　　昭和建物株式会社　南松本営業所　も含む
1932,メガネストアー大町店,2014,2011,1,,FALSE,9999,FALSE,
1933,道の駅　寄って停まつかわ,2014,2011,1,,FALSE,9999,FALSE,
1934,ヤマカ精工株式会社,2014,2011,1,,FALSE,9999,FALSE,
1935,赤羽ビル,2014,2011,1,その他の欄は防災管理点検の分です。,FALSE,9999,FALSE,ツカサ　その他の欄は防災管理点検の分です。
1936,曹洞宗　天久山　自性院,2014,2011,1,,FALSE,9999,FALSE,
1938,マンションＭＩＹＡＮＯＵＥ,2014,2011,1,,FALSE,9999,FALSE,
1939,株式会社フロンティア・スピリット今井工場,2014,2011,1,,FALSE,9999,FALSE,
1940,ベルワールド　ヤマダ,2014,2011,1,,FALSE,9999,FALSE,
1942,サンクアピア,2014,2011,1,,FALSE,9999,FALSE,
1943,ヒュッテ不思議童子,2014,2011,1,,FALSE,9999,FALSE,星野
1944,こばやしクリニック,2014,2011,1,,FALSE,9999,FALSE,
1945,ホテル　あずみイン,2014,2011,1,,FALSE,9999,FALSE,
1946,株式会社エア・ウォーター農園　安曇野菜園ＡＢ棟,2014,2011,1,,FALSE,9999,FALSE,百瀬
1947,株式会社エア・ウォーター農園　安曇野菜園Ｃ棟,2014,2011,1,,FALSE,9999,FALSE,百瀬
1948,長野県松本あさひ学園,2014,2011,1,,FALSE,9999,FALSE,
1949,株式会社サトウ,2014,2011,1,,FALSE,9999,FALSE,
1950,ヴィラ安曇野,2014,2011,1,,FALSE,9999,FALSE,
1951,コンチェルトＭ,2014,2011,1,,FALSE,9999,FALSE,
1952,コーポ中川,2014,2011,1,,FALSE,9999,FALSE,
1953,ツクイ岡谷,2014,2011,1,,FALSE,9999,FALSE,
1954,株式会社ケーツー長野センター,2014,2011,1,,FALSE,9999,FALSE,ＹＢシステム
1955,松本砂防事務所　大所中継所,2014,2011,1,,FALSE,9999,FALSE,
1956,松本砂防事務所　上高地防災情報管理センター,2014,2011,1,,FALSE,9999,FALSE,
1957,しらゆり内科・循環器科クリニック,2014,2011,1,,FALSE,9999,FALSE,
1958,合名会社千筋屋,2014,2011,1,,FALSE,9999,FALSE,
1959,伊那宝石株式会社,2014,2011,1,,FALSE,9999,FALSE,
1960,株式会社アクティオ松本営業所,2014,2011,1,,FALSE,9999,FALSE,
1961,株式会社アクティオ穂高営業所,2014,2011,1,,FALSE,9999,FALSE,
1962,アルト　フォレスタ,2014,2011,1,,FALSE,9999,FALSE,
1963,ヤシマモータース,2014,2011,1,,FALSE,9999,FALSE,
1964,もくりゅう館　別棟,2014,2011,1,,FALSE,9999,FALSE,
1965,ＣＥＮＴＵＲＹビル,2014,2011,1,,FALSE,9999,FALSE,
1966,相互金属株式会社,2014,2011,1,,FALSE,9999,FALSE,
1967,株式会社長野技研,2014,2011,1,,FALSE,9999,FALSE,
1968,プリムローズ　カクショー,2014,2011,1,明治不動産へリベート\5.000-,FALSE,9999,FALSE,
1969,ダンロップタイヤ関東株式会社　松本営業所,2014,2011,1,,FALSE,9999,FALSE,栗林
1970,株式会社シンコー,2014,2011,1,,FALSE,9999,FALSE,
1971,アンソレイエ　Ａ棟Ｂ棟,2014,2011,1,,FALSE,9999,FALSE,
1972,ベルヴィラージュＡ棟Ｂ棟,2014,2011,1,,FALSE,9999,FALSE,
1973,南浅間ガーデン,2014,2011,1,,FALSE,9999,FALSE,
1974,さがみや泌尿器科クリニック,2014,2011,1,,FALSE,9999,FALSE,
1976,虹の村診療所,2014,2011,1,,FALSE,9999,FALSE,栗林
1977,宜保内科消化器・肝臓内科クリニック,2014,2011,1,Ｈ２４年１月より実施,FALSE,9999,FALSE,
1978,ロイヤルオートサービス松本渚店,2014,2011,1,,FALSE,9999,FALSE,
1979,南信ヤクルト販売㈱安曇野中央サービスセンター,2014,2011,1,,FALSE,9999,FALSE,
1980,しなの液酸株式会社本社工場,2014,2011,1,,FALSE,9999,FALSE,
1981,グループホームかたくり,2014,2011,1,,FALSE,9999,FALSE,
1982,さくら食堂,2014,2011,1,,FALSE,9999,FALSE,
1983,昭和建物株式会社南松本営業所,2014,2011,1,,FALSE,9999,FALSE,ツカサ
1984,サラーム征矢野,2014,2011,1,サンカレッジまつもと（中央製作所）社長様所有物件です。請求書宛先は㈱マイステージ　送付先はサンカレッジまつもとへお願いします。,FALSE,9999,FALSE,
1985,墨の芸術館　淡香苑,2014,2011,1,,FALSE,9999,FALSE,
1986,ブリヂストンタイヤ長野販売株式会社,2014,2011,1,,FALSE,9999,FALSE,
1987,珈琲哲学　松本店,2014,2011,1,,FALSE,9999,FALSE,栗林
1988,珈琲哲学　あづみ野店,2014,2011,1,,FALSE,9999,FALSE,栗林
1989,安曇野ストレスケアクリニック,2014,2011,1,,FALSE,9999,FALSE,栗林
1990,南信ヤクルト販売株式会社　倉庫,2014,2011,1,,FALSE,9999,FALSE,
1991,メガトン書店　梓川店,2014,2011,1,,FALSE,9999,FALSE,栗林
1992,総合営業部中南信支社,2014,2011,1,,FALSE,9999,FALSE,
1993,社会福祉法人サン・ビジョン　グレイスフル箕輪,2014,2011,1,,FALSE,9999,FALSE,百瀬
1995,社会福祉法人サン・ビジョン　第２グレイスフル辰野,2014,2011,1,,FALSE,9999,FALSE,百瀬
1996,社会福祉法人サン・ビジョン　第２グレイスフル岡谷,2014,2011,1,,FALSE,9999,FALSE,百瀬
1997,スターゼン販売㈱松本営業所,2014,2011,1,内田係長　携帯090-9836-9001,FALSE,9999,FALSE,内田係長　携帯090-9836-9001
1998,グループホーム　パノパノ,2014,2011,1,,FALSE,9999,FALSE,栗林
1999,ムラカミビル,2014,2011,1,,FALSE,9999,FALSE,
2000,慈泉会　本部ビル,2014,2011,1,,FALSE,9999,FALSE,
2001,エンパイヤ自動車株式会社,2014,2011,1,,FALSE,9999,FALSE,
2004,牧尾ダム管理所,2014,2011,1,管理棟・旧支所棟・合戸寮・福島宿舎　　地下タンク漏洩は長野綜合サービスへ外注,FALSE,9999,FALSE,管理棟・旧支所棟・合戸寮・福島宿舎　　地下タンク漏洩は長野綜合サービスへ外注
2005,有限会社サンデン精機,2014,2011,1,請求書は7月と1月の２回終了後に一括請求として下さい。,FALSE,9999,FALSE,請求書は7月と1月の２回終了後に一括請求として下さい。
2006,黒岩工業,2014,2011,1,,FALSE,9999,FALSE,百瀬
2007,清水ハウス,2014,2011,3,,FALSE,9999,FALSE,
2008,南信酪農業協同組合下伊那事業所,2014,2011,1,,FALSE,9999,FALSE,
2009,田中製氷冷凍株式会社　市場工場,2014,2011,1,,FALSE,9999,FALSE,
2010,大泉寺,2014,2011,1,セコム物件の日野製薬点検時に実施して下さい。,FALSE,9999,FALSE,セコム物件の日野製薬点検時に実施して下さい。
2011,株式会社オーヤマ精工,2014,2011,1,,FALSE,9999,FALSE,
2013,けやき歯科,2014,2011,1,,FALSE,9999,FALSE,
2014,パインヒル,2014,2011,1,,FALSE,9999,FALSE,
2015,平成ハイツ,2014,2011,3,,FALSE,9999,FALSE,
2016,（有）ｼｰﾋﾟｰﾜｲSAN一日市場新聞販売,2014,2011,1,,FALSE,9999,FALSE,
2017,松田工業,2014,2011,1,,FALSE,9999,FALSE,
2018,安曇野市穂高農産物処理加工施設,2014,2011,1,,FALSE,9999,FALSE,
2019,株式会社日本ケーブル　社宅,2014,2011,1,,FALSE,9999,FALSE,白馬サテライト
2020,明科北村集会場,2014,2011,1,,FALSE,9999,FALSE,
2021,株式会社安曇野肉のマルト　有明店,2014,2011,1,,FALSE,9999,FALSE,
2022,シティーハウス清水Ａ棟・Ｂ棟,2014,2011,1,,FALSE,9999,FALSE,
2023,松物商事有限会社,2014,2011,3,,FALSE,9999,FALSE,
2024,中原テナントビル,2014,2011,1,,FALSE,9999,FALSE,
2025,センターフィールド,2014,2011,1,,FALSE,9999,FALSE,
2026,井門泌尿器科医院,2014,2011,1,,FALSE,9999,FALSE,星野
2027,安曇野市営住宅追分団地,2014,2011,1,請求書のあて先は穂高エルピーガス　　　送り先はアイダエナジー本社,FALSE,9999,FALSE,栗林
2028,有限会社宮坂電子　第二工場,2014,2011,1,,FALSE,9999,FALSE,
2029,コーポ　フルマヤ,2014,2011,1,,FALSE,9999,FALSE,
2030,ジュネアピア,2014,2011,1,,FALSE,9999,FALSE,
2031,新屋コミュニティーセンター,2014,2011,1,,FALSE,9999,FALSE,
2032,株式会社　松澤電気,2014,2011,1,,FALSE,9999,FALSE,
2033,野口公民館,2014,2011,1,,FALSE,9999,FALSE,
2034,千代田ハイツ,2014,2011,1,,FALSE,9999,FALSE,
2035,あかはね内科・神経内科医院,2014,2011,1,,FALSE,9999,FALSE,百瀬
2036,ＡＢＣ松本白板店,2014,2012,1,,FALSE,9999,FALSE,清水
2037,ｃｏｎｇｌｏＭビル,2014,2012,1,,FALSE,9999,FALSE,
2040,安曇野市北部学校給食センター,2014,2012,1,,FALSE,9999,FALSE,
2041,ウイング２１.,2014,2012,1,消防設備点検については、中部互光より受注。　スプリンクラー設備については、白馬村役場より直受。,FALSE,9999,FALSE,ツカサ　　消防設備点検については、中部互光より受注。　スプリンクラー設備については、白馬村役場より直受。
2043,民宿　ごほーでん,2014,2012,1,,FALSE,9999,FALSE,
2044,株式会社木下工業　本社社屋,2014,2012,1,,FALSE,9999,FALSE,２０１２年度より実施になりました。
2045,富士電機健康保険組合　体育館.,2011,2011,1,,FALSE,9999,FALSE,
2046,富士電機健康保険組合　体育館,2014,2012,1,,FALSE,9999,FALSE,
2047,本庄ビル,2014,2012,1,,FALSE,9999,FALSE,ツカサ
2048,株式会社シンケン本社及び倉庫,2014,2012,1,,FALSE,9999,FALSE,ツカサ
2049,富士電機パワーセミコンダクタ㈱大町工場,2014,2012,1,,FALSE,9999,FALSE,ツカサ
2050,昭和建物株式会社　松本駅前ビル,2014,2012,1,,FALSE,9999,FALSE,ツカサ
2051,松本ハイランド農業協同組合　聖南支所,2014,2012,1,,FALSE,9999,FALSE,ツカサ
2052,松本ﾊｲﾗﾝﾄﾞ農業協同組合　ＪＡ松本ﾊｲﾗﾝﾄﾞ坂北地域交流ｾﾝﾀｰ,2014,2012,1,,FALSE,9999,FALSE,ツカサ
2053,松本ハイランド農業協同組合　旧坂北支所倉庫,2014,2012,1,,FALSE,9999,FALSE,ツカサ
2054,大東レジデンス深志,2014,2012,1,,FALSE,9999,FALSE,ツカサ
2056,松本ハイランド農業協同組合　明科支所,2014,2012,1,,FALSE,9999,FALSE,プレステ
2057,松本ハイランド農業協同組合　生坂支所,2014,2012,1,,FALSE,9999,FALSE,プレステ
2058,松本ハイランド農業協同組合　明科支所旧七貴出張所,2014,2012,1,,FALSE,9999,FALSE,プレステ
2059,松本ハイランド農業協同組合　あぐり資材センター川手,2014,2012,1,,FALSE,9999,FALSE,プレステ
2060,長野県機械金属健康保険組合,2014,2012,1,,FALSE,9999,FALSE,
2061,Ｍ＆Ｍサービス株式会社　長野工場,2014,2012,1,,FALSE,9999,FALSE,
2062,グリーン長野農業協同組合　大岡支所,2014,2012,1,,FALSE,9999,FALSE,ＹＢシステム
2063,グリーン長野農業協同組合　塩崎支所,2014,2012,1,,FALSE,9999,FALSE,ＹＢシステム
2064,グリーン長野農業協同組合　塩崎集荷場,2014,2012,1,,FALSE,9999,FALSE,ＹＢシステム
2065,グリーン長野農業協同組合　くらしのセンター,2014,2012,1,,FALSE,9999,FALSE,ＹＢシステム
2066,グリーン長野農業協同組合　西寺尾西支所,2014,2012,1,,FALSE,9999,FALSE,ＹＢシステム
2067,グリーン長野農業協同組合　信里支所,2014,2012,1,,FALSE,9999,FALSE,ＹＢシステム
2068,グリーン長野農業協同組合　南長野公園前セルフ給油所,2014,2012,1,,FALSE,9999,FALSE,ＹＢシステム
2069,グリーン長野農業協同組合　篠ノ井農業機械センター,2014,2012,1,,FALSE,9999,FALSE,ＹＢシステム
2070,グリーン長野農業協同組合　中央施設園芸流通センター,2014,2012,1,,FALSE,9999,FALSE,ＹＢシステム
2071,グリーン長野農業協同組合　東部青果物流センター,2014,2012,1,,FALSE,9999,FALSE,ＹＢシステム
2072,グリーン長野農業協同組合　オートパル篠ノ井,2014,2012,1,,FALSE,9999,FALSE,ＹＢシステム
2073,グリーン長野農業協同組合　共和支所,2014,2012,1,,FALSE,9999,FALSE,ＹＢシステム
2074,グリーン長野農業協同組合　きのこ種菌センター,2014,2012,1,,FALSE,9999,FALSE,ＹＢシステム
2075,グリーン長野農業協同組合　川柳支所,2014,2012,1,,FALSE,9999,FALSE,ＹＢシステム
2076,グリーン長野農業協同組合　西部青果物流センター,2014,2012,1,,FALSE,9999,FALSE,ＹＢシステム
2077,グリーン長野農業協同組合　西部給油所,2014,2012,1,,FALSE,9999,FALSE,ＹＢシステム
2078,グリーン長野農業協同組合　篠ノ井東支所,2014,2012,1,,FALSE,9999,FALSE,ＹＢシステム
2079,㈱東京堂朝日村流通センター　（５号棟）,2014,2012,1,,FALSE,9999,FALSE,グリーンシステム
2080,㈱東京堂朝日村流通センター　（１号棟～４号棟）,2014,2012,1,,FALSE,9999,FALSE,グリーンシステム
2081,㈱東京堂ＡＲＣバリューデリバリーセンター　（６号棟）,2014,2012,1,,FALSE,9999,FALSE,グリーンシステム
2082,上條耳鼻咽喉科医院.,2014,2012,1,,FALSE,9999,FALSE,連絡先は柴田社長
2083,グリーン長野農業協同組合　村山出張所,2014,2012,1,,FALSE,9999,FALSE,ＹＢシステム
2084,わかばレディス＆マタニティクリニック,2014,2012,1,,FALSE,9999,FALSE,百瀬
2085,株式会社シンケン　長野支店,2014,2012,1,,FALSE,9999,FALSE,プレステックス
2087,ビーム電子工業株式会社,2014,2012,1,,FALSE,9999,FALSE,百瀬
2088,第一イワサビル,2014,2012,1,,FALSE,9999,FALSE,
2089,第二イワサビル,2014,2012,1,,FALSE,9999,FALSE,
2090,第三イワサビル,2014,2012,1,,FALSE,9999,FALSE,
2091,第１２イワサビル（ＤＳＫパーソナルスクール上田校）,2014,2012,1,点検時はスクールの方へ連絡して日程を調整して下さい。ＴＥＬ0268-25-0059,FALSE,9999,FALSE,プレステックス　点検時はスクールの方へ連絡して日程を調整して下さい。ＴＥＬ0268-25-0059
2092,松本中川病院,2014,2012,1,,FALSE,9999,FALSE,田中さん携帯090-1867-9334
2093,名糖運輸株式会社千曲物流センター,2014,2012,1,,FALSE,9999,FALSE,ＹＢシステム
2094,通いのかいご　やすら木の家トムテ,2014,2012,1,,FALSE,9999,FALSE,グループホームやすら木の家と一緒に点検して下さい。
2095,名鉄自動車整備株式会社松本支店木曽工場,2014,2012,1,,FALSE,9999,FALSE,
2096,株式会社フロンティア・スピリット　ＴＯＷＮＹフロンティア,2014,2012,1,,FALSE,9999,FALSE,Ｈ２４年１２月より実施の事。
2097,リゾートハウス　クラーレット,2014,2012,1,,FALSE,9999,FALSE,
2099,ホテル大手,2014,2012,1,,FALSE,9999,FALSE,
2101,丸大食品株式会社穂高保養所,2014,2012,1,,FALSE,9999,FALSE,
2102,株式会社エスビーケイ　長野工場,2014,2012,1,,FALSE,9999,FALSE,ツカサ
2104,あおぞら産婦人科,2014,2012,1,,FALSE,9999,FALSE,
2106,原田アパート,2014,2012,1,,FALSE,9999,FALSE,
2107,有限会社熊井製作所,2014,2012,1,,FALSE,9999,FALSE,栗林
2108,有限会社熊井製作所　片丘棟,2014,2012,1,,FALSE,9999,FALSE,栗林
2109,ザ・ダイソー梓川店,2014,2012,1,笹澤社長様　携帯090-8840-8034,FALSE,9999,FALSE,笹澤社長様　携帯090-8840-8034
2110,ザ・ダイソー下諏訪店,2014,2012,1,笹澤社長様　携帯090-8840-8034,FALSE,9999,FALSE,笹澤社長様　携帯090-8840-8034
2111,ザ・ダイソー伊那北店,2014,2012,1,笹澤社長　携帯090-8840-8034,FALSE,9999,FALSE,笹澤社長　携帯090-8840-8034
2112,ノバビル,2014,2012,1,,FALSE,9999,FALSE,荒井
2114,リトルベア並柳,2014,2012,1,,FALSE,9999,FALSE,グリーンシステム
2115,株式会社クラヤシキ製作所,2014,2012,1,,FALSE,9999,FALSE,
2120,昭和産業株式会社松本工場,2014,2012,1,,FALSE,9999,FALSE,
2121,得得うどん　松本並柳店,2014,2012,1,,FALSE,9999,FALSE,
2122,社会福祉法人サン・ビジョン　グレイスフル箕輪（特養棟）,2014,2012,1,,FALSE,9999,FALSE,百瀬
2123,魚民　岡谷ホルモン　おいで屋,2014,2012,1,,FALSE,9999,FALSE,栗林
2124,千年の宴・魚民　茅野市役所前店,2014,2012,1,,FALSE,9999,FALSE,栗林
2125,笑笑　塩尻大門一番町店,2014,2012,1,,FALSE,9999,FALSE,栗林
2126,魚民　松本東口駅前店,2014,2012,1,,FALSE,9999,FALSE,栗林
2127,サントーア松本横田,2014,2012,1,,FALSE,9999,FALSE,
2128,医療法人社団　玉井会　玉井医院　通所リハビリテーションひろば,2014,2012,1,,FALSE,9999,FALSE,栗林
2129,フォーエルイオンタウン松本店,2014,2012,1,,FALSE,9999,FALSE,栗林
2130,浄土宗　林昌寺,2014,2012,1,,FALSE,9999,FALSE,
2131,ＪＲ松本駅自由通路,2014,2012,1,,FALSE,9999,FALSE,
2132,株式会社イトウ,2014,2012,1,,FALSE,9999,FALSE,
2133,株式会社高原ベジフル,2014,2012,1,,FALSE,9999,FALSE,
2134,医療法人つづく歯科医院,2014,2012,1,,FALSE,9999,FALSE,
2136,ひだまりの家,2014,2012,1,,FALSE,9999,FALSE,
2137,株式会社　峯建工,2012,2012,3,,FALSE,9999,FALSE,
2138,株式会社ＴＢ企画,2014,2012,1,,FALSE,9999,FALSE,
2139,プレアデスコート大門,2014,2012,1,,FALSE,9999,FALSE,
2140,㈱関東甲信クボタ　新村倉庫,2014,2012,1,,FALSE,9999,FALSE,
2141,住宅型有料老人ホーム　おひさま松原台,2014,2012,1,,FALSE,9999,FALSE,５月の点検時に消防訓練も予定する事。
2142,大池内科クリニック,2014,2012,1,,FALSE,9999,FALSE,
2143,信州金熊温泉　明日香荘,2014,2012,1,ゲートボール場含む,FALSE,9999,FALSE,ゲートボール場含む　高橋支配人　携帯０９０－１６１０－２２０３
2144,二代目丸源　松本高宮店,2014,2012,1,,FALSE,9999,FALSE,
2145,マツモト産業株式会社松本営業所,2014,2012,1,,FALSE,9999,FALSE,栗林
2146,有限会社ＭＩＳＳ,2014,2012,1,,FALSE,9999,FALSE,
2147,藤田金属株式会社松本コイルセンター,2014,2012,1,,FALSE,9999,FALSE,
2149,長野１１３７ビル,2014,2012,1,現地担当者　蟹沢さん・石川さん・穂刈さん,FALSE,9999,FALSE,現地担当者　蟹沢さん・石川さん・穂刈さん
2150,埴生の宿,2014,2012,1,白馬尾崎さん営業物件,FALSE,9999,FALSE,白馬尾崎さん営業物件
2151,ＡＤスクウェア,2014,2012,1,,FALSE,9999,FALSE,
2152,有限会社寿昇運,2012,2012,3,,FALSE,9999,FALSE,
2153,株式会社寿バイオ,2012,2012,3,,FALSE,9999,FALSE,
2154,宮の前ハイツ　むらせ,2012,2012,3,,FALSE,9999,FALSE,
2155,見岳荘,2014,2012,1,,FALSE,9999,FALSE,
2156,ケアビレッジ銀乃扇,2014,2012,1,,FALSE,9999,FALSE,
2157,サニーハイツ,2014,2012,1,,FALSE,9999,FALSE,
2158,葦　笛,2014,2012,1,,FALSE,9999,FALSE,
2159,有限会社桝匠　波田営業所,2014,2012,1,奥原社長　携帯０９０－２５４６－９９６４です,FALSE,9999,FALSE,奥原社長　携帯０９０－２５４６－９９６４です
2160,松本ハイランド農業協同組合　ファーマーズガーデンあかしな,2014,2012,1,,FALSE,9999,FALSE,ツカサ
2161,松本ハイランド農業協同組合　㈱協同機械化センター筑北支店,2014,2012,1,,FALSE,9999,FALSE,ツカサ
2162,松本ハイランド農業協同組合　聖南給油所,2014,2012,1,,FALSE,9999,FALSE,ツカサ
2164,公園通りビル,2014,2012,1,,FALSE,9999,FALSE,
2174,すわっこらんど,2014,2012,1,,FALSE,9999,FALSE,
2182,ハウス　ア　ラ　イ,2014,2012,1,,FALSE,9999,FALSE,
2183,ハウス　ア　ラ　イⅡ,2014,2012,1,,FALSE,9999,FALSE,
2184,ハウス　ア　ラ　イⅢ,2014,2012,1,,FALSE,9999,FALSE,
2185,アプリコット,2014,2012,1,,FALSE,9999,FALSE,
2187,株式会社角藤　旧仙台銘板松本営業所,2014,2012,1,,FALSE,9999,FALSE,
2188,倉科医院,2014,2012,1,,FALSE,9999,FALSE,栗林
2191,裏川眼科,2014,2012,1,,FALSE,9999,FALSE,栗林
2192,炭火焼肉　牛角塩尻店,2014,2012,1,,FALSE,9999,FALSE,
2193,株式会社イトウ　事務所・倉庫,2014,2012,1,,FALSE,9999,FALSE,
2194,タカラスタンダード株式会社松本営業所,2014,2012,1,,FALSE,9999,FALSE,栗林
2195,林ビル,2014,2012,1,６月中に連絡をし、点検は７月23、24、25日の3日間のうちに実施すること。,FALSE,9999,FALSE,６月中に連絡をし、点検は７月23、24、25日の3日間のうちに実施すること。
2196,株式会社シンケン　伊那営業所　倉庫,2014,2012,1,,FALSE,9999,FALSE,
2197,朝日生命保険相互会社　上田中央営業所,2014,2012,1,,FALSE,9999,FALSE,
2198,朝日生命保険相互会社　小諸営業所,2014,2012,1,,FALSE,9999,FALSE,
2199,朝日生命保険相互会社　千曲出張所,2014,2012,1,,FALSE,9999,FALSE,
2200,朝日生命保険相互会社　伊那営業所,2014,2012,1,,FALSE,9999,FALSE,
2201,朝日生命保険相互会社　飯田中央営業所,2014,2012,1,,FALSE,9999,FALSE,
2202,朝日生命保険相互会社　南松本営業所,2014,2012,1,,FALSE,9999,FALSE,
2203,朝日生命保険相互会社　諏訪営業所,2014,2012,1,,FALSE,9999,FALSE,
2204,朝日生命保険相互会社　大町新出張所　,2014,2012,1,,FALSE,9999,FALSE,
2205,朝日生命保険相互会社　蟻ヶ崎社宅,2014,2012,1,,FALSE,9999,FALSE,
2206,クリーンコスモ姫川,2014,2012,1,,FALSE,9999,FALSE,
2207,安曇野市文化財収蔵センター,2014,2012,1,,FALSE,9999,FALSE,
2208,中華　天天食堂村井店,2014,2012,1,,FALSE,9999,FALSE,
2209,ザ・ダイソー松本南店,2014,2012,1,笹澤社長　携帯090-8840-8034,FALSE,9999,FALSE,笹澤社長　携帯090-8840-8034
2210,伊藤ビル,2014,2012,1,管理者　北部商事　細川さん　携帯080-1103-6748,FALSE,9999,FALSE,管理者　北部商事　細川さん　携帯080-1103-6748
2211,ハイツ新井,2014,2012,1,,FALSE,9999,FALSE,
2212,有限会社ホテル紫山荘,2014,2012,1,,FALSE,9999,FALSE,
2213,焼肉　海州,2014,2012,1,,FALSE,9999,FALSE,
2214,アメニティナガタ,2014,2012,1,,FALSE,9999,FALSE,
2215,メゾン百瀬,2014,2012,1,,FALSE,9999,FALSE,
2216,杉野建築店,2014,2012,1,,FALSE,9999,FALSE,
2217,ダンロップタイヤ関東株式会社　塩尻倉庫,2014,2012,1,,FALSE,9999,FALSE,
2218,たつのパークホテル,2014,2012,1,元請　西新サービス株式会社　東京都足立区中川四丁目１６－２９　ＴＥＬ03-5673-6315,FALSE,9999,FALSE,元請　西新サービス株式会社　東京都足立区中川四丁目１６－２９　ＴＥＬ03-5673-6315
2219,アルパインロッヂ,2014,2012,1,,FALSE,9999,FALSE,
2220,ノーススターアウトドアアドベンチャー,2014,2012,1,,FALSE,9999,FALSE,
2226,神宮寺マンション,2014,2012,1,,FALSE,9999,FALSE,
2227,ゆり産婦人科医院,2014,2012,1,,FALSE,9999,FALSE,
2228,富国物産株式会社松本支店,2014,2012,1,,FALSE,9999,FALSE,栗林
2229,日建リース工業株式会社長野支店,2014,2012,1,,FALSE,9999,FALSE,
2231,中村内科小児科医院,2014,2013,1,,FALSE,9999,FALSE,
2232,タカラスタンダード㈱飯田営業所,2014,2013,1,,FALSE,9999,FALSE,栗林
2233,有料老人ホーム　ケアホーム　内田,2014,2013,1,,FALSE,9999,FALSE,
2234,ポレスター諏訪湖岸通り弐番館,2014,2013,1,,FALSE,9999,FALSE,＊消火器放射能力試験あり
2235,ＡＢＣ松本白板店,2014,2013,1,,FALSE,9999,FALSE,音響設備点検　担当　志村
2236,ケアヒルズＭＩＲＩＥ若槻,2014,2013,1,,FALSE,9999,FALSE,
2237,ケアヒルズＭＩＲＩＥかわい,2014,2013,1,,FALSE,9999,FALSE,
2238,安曇野警察署,2014,2013,1,,FALSE,9999,FALSE,
2239,㈱マツモトキヨシ甲信越販売　ファミリードラッグ岡谷店,2014,2013,1,,FALSE,9999,FALSE,鈴木
2240,㈱マツモトキヨシ甲信越販売　本部,2014,2013,1,,FALSE,9999,FALSE,鈴木
2241,㈱マツモトキヨシ甲信越販売　ファミリー薬局,2014,2013,1,,FALSE,9999,FALSE,鈴木
2242,㈱マツモトキヨシ甲信越販売ドラッグストア　マツモトキヨシ上原店,2014,2013,1,,FALSE,9999,FALSE,鈴木
2243,㈱マツモトキヨシ甲信越販売　赤沼ファミリー薬局,2014,2013,1,,FALSE,9999,FALSE,鈴木
2244,㈱マツモトキヨシ甲信越販売ドラッグストア　マツモトキヨシ長峰店,2014,2013,1,,FALSE,9999,FALSE,鈴木
2245,㈱マツモトキヨシ甲信越販売ドラッグストア　マツモトキヨシ大和店,2014,2013,1,,FALSE,9999,FALSE,鈴木
2246,㈱マツモトキヨシ甲信越販売ドラッグストア　マツモトキヨシそうざ店,2014,2013,1,,FALSE,9999,FALSE,鈴木
2247,㈱マツモトキヨシ甲信越販売　ドラッグストア　マツモトキヨシ寿店,2014,2013,1,,FALSE,9999,FALSE,鈴木
2248,㈱マツモトキヨシ甲信越販売ドラッグストアマツモトキヨシつかま店,2014,2013,1,,FALSE,9999,FALSE,鈴木
2249,㈱マツモトキヨシ甲信越販売ドラッグストアマツモトキヨシ南松本店,2014,2013,1,,FALSE,9999,FALSE,鈴木
2250,㈱マツモトキヨシ甲信越販売　ファミリードラッグ岡谷若宮店,2014,2013,1,,FALSE,9999,FALSE,鈴木
2251,㈱マツモトキヨシ甲信越販売ﾄﾞﾗｯｸﾞｽﾄｱﾏﾂﾓﾄｷﾖｼあづみの堀金店,2014,2013,1,,FALSE,9999,FALSE,鈴木
2252,㈱マツモトキヨシ甲信越販売　ファミリードラッグ富士見店,2014,2013,1,,FALSE,9999,FALSE,鈴木
2253,㈱青五　ﾀﾞｲｿｰ＆ｱｵﾔﾏ100YENPLAZA松本高宮店,2014,2013,1,,FALSE,9999,FALSE,栗林
2254,ＧＥヘルスケア・ジャパン株式会社,2014,2013,1,,FALSE,9999,FALSE,栗林
2255,有限会社ｂｕｏｎｏ！安曇野工場,2014,2013,1,,FALSE,9999,FALSE,栗林
2257,ニチコン製箔株式会社　大町工場　大町寮,2014,2013,1,,FALSE,9999,FALSE,
2258,征矢野ふくとく園,2014,2013,1,,FALSE,9999,FALSE,
2259,松商学園高等学校　向上合宿所,2014,2013,1,,FALSE,9999,FALSE,
2260,ニュー東京　三郷店,2014,2013,1,,FALSE,9999,FALSE,
2261,介護付有料老人ホーム　ケイエス神林,2014,2013,1,,FALSE,9999,FALSE,Ｈ２５年度より直接契約となります。
2262,祭一丁&ビッグエコー大さじ小さじ店,2014,2013,1,,FALSE,9999,FALSE,
2263,ＪＩＮＯＳ塩尻北店,2014,2013,1,請求月【消防設備点検１０月･３月】【防火対象物点検４月】【ＩＴＶ･音響設備点検４月】,FALSE,9999,FALSE,
2264,ホテル　モンターニュ松本,2014,2013,1,,FALSE,9999,FALSE,ツカサ防設
2265,有限会社五味クリーニング工場,2014,2013,1,,FALSE,9999,FALSE,栗林
2266,殺生ヒュッテ,2014,2013,1,,FALSE,9999,FALSE,ツカサ防設
2267,宮川きのこ工場,2014,2013,1,,FALSE,9999,FALSE,
2268,月の蕎麦,2014,2013,1,,FALSE,9999,FALSE,
2269,サンライフ伊藤,2014,2013,1,,FALSE,9999,FALSE,
2270,クボタパルデンス,2014,2013,1,,FALSE,9999,FALSE,
2271,北澤美術館　本館棟,2014,2013,1,,FALSE,9999,FALSE,
2272,北澤美術館　収蔵庫棟,2014,2013,1,,FALSE,9999,FALSE,総合点検のみフェンオール依頼。ガス放出有り　担当今福さんＴＥＬ090-4460-6244
2273,有限会社オリイ,2014,2013,1,点検日程は協伸電業の百瀬氏と打合せの事。　携帯080-1086-4460,FALSE,9999,FALSE,点検日程は協伸電業の百瀬氏と打合せの事。　携帯080-1086-4460
2274,長野県貨物株式会社,2014,2013,1,,FALSE,9999,FALSE,
2275,ボルボ・カーズ長野,2014,2013,1,,FALSE,9999,FALSE,
2276,オートギャラリー長野,2014,2013,1,,FALSE,9999,FALSE,
2277,フィアット・アルファロメオ長野,2014,2013,1,,FALSE,9999,FALSE,
2278,グループホームあやめ,2014,2013,1,,FALSE,9999,FALSE,
2279,くら寿司松本南店,2014,2013,1,,FALSE,9999,FALSE,
2282,あんずの木,2014,2013,1,点検日程は古畑理事長へ連絡して下さい。,FALSE,9999,FALSE,点検日程は古畑理事長へ連絡して下さい。
2283,太洋白馬ハイツ,2014,2013,1,,FALSE,9999,FALSE,白馬サテライト
2284,白馬アルプスホテル,2014,2013,1,,FALSE,9999,FALSE,白馬サテライト
2285,南信酪農業協同組合,2014,2013,1,,FALSE,9999,FALSE,
2286,塩尻市辰野町中学校組合　両小野中学校,2014,2013,1,,FALSE,9999,FALSE,
2287,塩尻市立　塩尻西小学校,2014,2013,1,,FALSE,9999,FALSE,
2288,塩尻市立　塩尻中学校,2014,2013,1,,FALSE,9999,FALSE,
2289,塩尻市立　塩尻東小学校,2014,2013,1,,FALSE,9999,FALSE,
2290,塩尻市立　吉田小学校,2014,2013,1,,FALSE,9999,FALSE,
2291,塩尻市立　桔梗小学校,2014,2013,1,,FALSE,9999,FALSE,
2292,塩尻市立　丘中学校,2014,2013,1,,FALSE,9999,FALSE,
2293,塩尻市立　広丘小学校,2014,2013,1,,FALSE,9999,FALSE,
2294,塩尻市立　広陵中学校,2014,2013,1,,FALSE,9999,FALSE,
2295,塩尻市立　宗賀小学校,2014,2013,1,,FALSE,9999,FALSE,
2296,塩尻市立　西部中学校,2014,2013,1,,FALSE,9999,FALSE,
2297,塩尻市立　洗馬小学校,2014,2013,1,,FALSE,9999,FALSE,
2298,塩尻市立　楢川小学校,2014,2013,1,,FALSE,9999,FALSE,
2299,塩尻市立　楢川中学校,2014,2013,1,,FALSE,9999,FALSE,
2300,塩尻市立　片丘小学校,2014,2013,1,,FALSE,9999,FALSE,
2301,片丘児童館・片丘トレーニングセンター,2014,2013,1,,FALSE,9999,FALSE,
2302,松川村立松川中学校,2014,2013,1,,FALSE,9999,FALSE,
2303,メゾン浅間,2014,2013,1,,FALSE,9999,FALSE,
2304,セコム上信越株式会社　伊那営業所,2014,2013,1,,FALSE,9999,FALSE,栗林
2305,スバル信州株式会社松本村井店,2014,2013,1,,FALSE,9999,FALSE,栗林
2306,スバル信州株式会社諏訪店,2014,2013,1,,FALSE,9999,FALSE,栗林
2307,スバル信州株式会社伊那店,2014,2013,1,,FALSE,9999,FALSE,栗林
2308,サンテインおたり,2014,2013,1,,FALSE,9999,FALSE,オオマチ防災
2309,道の駅おたり,2014,2013,1,,FALSE,9999,FALSE,オオマチ防災
2310,雨飾荘,2014,2013,1,,FALSE,9999,FALSE,オオマチ防災
2311,栂池自然園　栂池山荘,2014,2013,1,,FALSE,9999,FALSE,オオマチ防災
2312,栂池自然園　栂池ビジターセンター,2014,2013,1,,FALSE,9999,FALSE,オオマチ防災
2313,早稲田大学　神の田圃ヒュッテ,2014,2013,1,,FALSE,9999,FALSE,オオマチ防災
2314,鳥蔵別邸　東屋,2014,2013,1,,FALSE,9999,FALSE,ＹＢシステム
2316,明盛電子工業,2014,2013,1,,FALSE,9999,FALSE,
2317,パレーシャル赤津他２件,2014,2013,1,,FALSE,9999,FALSE,
2318,やすら木の家「しろのにし」北棟,2014,2013,1,,FALSE,9999,FALSE,
2319,やすら木の家「しろのにし」南棟,2014,2013,1,,FALSE,9999,FALSE,
2320,ＪＡ松本市　会館,2014,2013,1,,FALSE,9999,FALSE,ツカサ
2321,合同会社浅間温泉開発　星野リゾート　界　松本,2014,2013,1,,FALSE,9999,FALSE,柿本
2322,新生テクノス株式会社　木曽福島営業所,2014,2013,1,,FALSE,9999,FALSE,
2323,安曇野市碌山公園　研成ホール,2014,2013,1,,FALSE,9999,FALSE,
2324,テスコム電機株式会社,2014,2013,1,,FALSE,9999,FALSE,
2325,有料老人ホーム　ローズガーデン,2014,2013,1,,FALSE,9999,FALSE,
2326,㈱東京堂ＡＲＣバリューデリバリーセンター　（７号棟）,2014,2013,1,,FALSE,9999,FALSE,グリーンシステム
2327,松商学園高等学校　源智寮,2014,2013,1,,FALSE,9999,FALSE,
2328,大栄産業株式会社,2013,2013,3,,FALSE,9999,FALSE,
2329,情熱家族　飯田店,2014,2013,1,,FALSE,9999,FALSE,栗林
2330,情熱家族　座光寺店,2014,2013,1,,FALSE,9999,FALSE,栗林
2331,野澤公民館,2014,2013,1,,FALSE,9999,FALSE,
2332,ダンロップタイヤ関東株式会社　伊那配送センター,2014,2013,1,,FALSE,9999,FALSE,
2333,株式会社東京ウェルズ松本事業所,2014,2013,1,,FALSE,9999,FALSE,
2334,昭和開発ビル,2014,2013,1,,FALSE,9999,FALSE,
2335,ヴィラ・クレアーレ,2014,2013,1,,FALSE,9999,FALSE,
2336,ツクイ飯田白山デイサービス,2014,2013,1,,FALSE,9999,FALSE,
2337,株式会社日伸音波製作所.,2013,2013,3,,FALSE,9999,FALSE,
2338,千歳橋ビル,2014,2013,1,,FALSE,9999,FALSE,
2339,ヤマダドレス　本町ビル,2014,2013,1,,FALSE,9999,FALSE,
2340,県設計ビル,2014,2013,1,,FALSE,9999,FALSE,
2341,コージィ　クロッシング,2013,2013,3,,FALSE,9999,FALSE,
2342,株式会社サイベックコーポレーション夢工場,2014,2013,1,,FALSE,9999,FALSE,
2343,サービス付き高齢者向け住宅　悠庵,2014,2013,1,,FALSE,9999,FALSE,
2344,本庄プラザビル,2014,2013,1,,FALSE,9999,FALSE,
2345,シンコール株式会社松本営業所,2014,2013,1,,FALSE,9999,FALSE,
2346,株式会社ぶどうの郷山辺　農産物直売所,2014,2013,1,,FALSE,9999,FALSE,
2347,宮島耳鼻咽喉科医院,2014,2013,1,,FALSE,9999,FALSE,
2348,コーポあさま寿　Ａ棟・Ｂ棟,2014,2013,1,,FALSE,9999,FALSE,
2349,酒楽ビル,2014,2013,1,,FALSE,9999,FALSE,
2350,株式会社アルプスウェイ　長野センター,2014,2013,1,,FALSE,9999,FALSE,ＹＢシステム
2351,ロンサール竹渕,2014,2013,1,田中常務　携帯090-8176-7852,FALSE,9999,FALSE,田中常務　携帯090-8176-7852
2352,大東プラザニュー伊勢町,2014,2013,1,,FALSE,9999,FALSE,
2353,株式会社エーワンオートイワセ　本社サービスセンター,2014,2013,1,,FALSE,9999,FALSE,
2354,油　家,2014,2013,1,,FALSE,9999,FALSE,
2355,株式会社コタケ開智橋店,2014,2013,1,,FALSE,9999,FALSE,
2356,太田皮膚科クリニック,2014,2013,1,,FALSE,9999,FALSE,
2357,ヴィラハイランド,2014,2013,1,,FALSE,9999,FALSE,
2358,株式会社ウッドアールオオクワ,2014,2013,1,,FALSE,9999,FALSE,
2359,波田２３区公民館,2014,2013,1,,FALSE,9999,FALSE,
2360,ＣＯＯの家　長野塩尻店,2014,2013,1,梶間さん携帯090-8079-5351,FALSE,9999,FALSE,梶間さん携帯090-8079-5351
2361,山本耳鼻咽喉科,2014,2013,1,,FALSE,9999,FALSE,
2362,三沢医院,2014,2013,1,三沢さん携帯090-9665-7417,FALSE,9999,FALSE,三沢さん携帯090-9665-7417
2363,マクサー電機株式会社　倉庫,2014,2013,1,,FALSE,9999,FALSE,
2364,株式会社安曇野ミネラルウォーター,2014,2013,1,,FALSE,9999,FALSE,
2365,水宗園　安曇野工場,2014,2013,1,,FALSE,9999,FALSE,
2366,ロイヤルカーステーション佐久インター店,2014,2013,1,,FALSE,9999,FALSE,
2367,ロイヤルカーステーション長野柳原39.8専門店,2014,2013,1,,FALSE,9999,FALSE,
2368,ロイヤルオートサービス須坂店（車検のコバック須坂店）,2014,2013,1,,FALSE,9999,FALSE,
2369,株式会社エム・ケー・ケー本社ビル,2014,2013,1,,FALSE,9999,FALSE,
2370,ニチエイ本店ビル,2014,2013,1,１階焼肉あんちゃん\40.000-　２階ビッグエコー\50.000-,FALSE,9999,FALSE,１階焼肉あんちゃん\40.000-　２階ビッグエコー\50.000-
2371,ヤマダドレス　川中島店,2014,2013,1,,FALSE,9999,FALSE,
2372,久保田建設工業株式会社,2014,2013,1,,FALSE,9999,FALSE,
2373,ワークマン松本笹賀店,2014,2013,1,,FALSE,9999,FALSE,
2374,ワークマン伊那箕輪店,2014,2013,1,,FALSE,9999,FALSE,
2375,株式会社　山都　倉庫,2014,2013,1,点検日程の連絡は石田社長へ　ＴＥＬ0263-88-6604,FALSE,9999,FALSE,点検日程の連絡は石田社長へ　ＴＥＬ0263-88-6604
2376,アクアランド茅野：アクアランド茅野カルチャーセンター,2014,2013,1,,FALSE,9999,FALSE,アクアランド茅野とアクアランド茅野カルチャーセンター　点検票は２物件で作成の事。
2377,金沢温泉　金鶏の湯,2014,2013,1,,FALSE,9999,FALSE,
2378,尖石温泉　縄文の湯,2014,2013,1,,FALSE,9999,FALSE,
2379,有限会社マルダイ電子工業　本社,2014,2013,1,,FALSE,9999,FALSE,
2380,あづみ野建設労働組合,2014,2013,1,,FALSE,9999,FALSE,
2381,東急ハーヴェストクラブ旧軽井沢,2014,2013,1,,FALSE,9999,FALSE,
2382,アトリュウムビル,2014,2013,1,,FALSE,9999,FALSE,
2383,フィッシングジャンボ　松本インター店,2014,2013,1,,FALSE,9999,FALSE,
2384,車検のコバック　松本梓橋店,2014,2013,1,,FALSE,9999,FALSE,
2385,有限会社ニチボ,2014,2013,1,,FALSE,9999,FALSE,
2386,コーポ　サークルワン,2014,2013,1,,FALSE,9999,FALSE,
2387,ラシュレ白金,2014,2013,1,,FALSE,9999,FALSE,
2388,ベルビア茅野駅前ビル,2014,2013,1,,FALSE,9999,FALSE,
2389,ベルビア茅野市営地下駐車場,2014,2013,1,,FALSE,9999,FALSE,
2390,富士見町コミュニティ・プラザ,2014,2013,1,,FALSE,9999,FALSE,
2391,ビックウィーク蓼科,2014,2013,1,,FALSE,9999,FALSE,
2392,リッツパレス,2014,2013,1,,FALSE,9999,FALSE,
2393,きまはち商店,2014,2013,1,,FALSE,9999,FALSE,
2394,株式会社マル井第２工場,2014,2013,1,,FALSE,9999,FALSE,
2395,寿小池町会　放送設備,2013,2013,2,町内放送設備メンテナンス,FALSE,9999,FALSE,町内放送設備メンテナンス
2396,(有)タカノ自動車センター,2014,2013,1,,FALSE,9999,FALSE,
2397,ベルジューレ軽井沢,2014,2013,1,,FALSE,9999,FALSE,
2398,横河ブリッジ南蓼荘,2014,2013,1,,FALSE,9999,FALSE,
2399,ロイヤルヴァンベール蓼科,2014,2013,1,,FALSE,9999,FALSE,
2400,自動車振興会健康保険組合　ビュートピア蓼科,2014,2013,1,,FALSE,9999,FALSE,
2401,リッツガーデン島立Ａ棟Ｂ棟Ｃ棟,2014,2013,1,,FALSE,9999,FALSE,
2402,下宿　寺沢,2014,2013,1,,FALSE,9999,FALSE,
2403,シェーンベルク蓼科,2014,2013,1,,FALSE,9999,FALSE,
2404,康耀堂美術館,2014,2013,1,,FALSE,9999,FALSE,
2405,東急ハーヴェストクラブ旧軽井沢アネックス,2014,2013,1,,FALSE,9999,FALSE,
2406,望岳の湯,2014,2013,1,,FALSE,9999,FALSE,
2407,三菱重工健保組合蓼科高原荘,2014,2013,1,,FALSE,9999,FALSE,
2408,蓼科フォーラム,2014,2013,1,,FALSE,9999,FALSE,
2409,住友化学健保組合蓼科高原荘,2014,2013,1,,FALSE,9999,FALSE,
2410,サンライズ蓼科,2014,2013,1,,FALSE,9999,FALSE,
2411,ＴＲＹ&ＴＲＵＳＴ蓼科山荘,2014,2013,1,,FALSE,9999,FALSE,
2412,グループホームとよだ,2014,2013,1,,FALSE,9999,FALSE,
2413,グループリビングとよだ,2014,2013,1,,FALSE,9999,FALSE,
2414,ユーシーシーフーヅ㈱松本支店.,2013,2013,1,,FALSE,9999,FALSE,
2415,ユーシーシーフーヅ㈱松本支店,2014,2014,1,,FALSE,9999,FALSE,
2416,そばとカフェ　ぐりんでる,2013,2013,1,,FALSE,9999,FALSE,
2417,そばとカフェ　ぐりんでる.,2014,2014,1,,FALSE,9999,FALSE,
2418,上條鋼材株式会社　山形倉庫,2014,2014,3,,FALSE,9999,FALSE,
2419,株式会社アシスト,2014,2014,1,,FALSE,9999,FALSE,
2420,波田児童センター,2014,2014,3,,FALSE,9999,FALSE,
2421,波田放課後児童クラブ,2014,2014,3,,FALSE,9999,FALSE,
2422,岡田放課後児童クラブ,2014,2014,3,,FALSE,9999,FALSE,
2423,寿放課後児童クラブ,2014,2014,3,,FALSE,9999,FALSE,
2424,国営アルプスあづみの公園（堀金・穂高地区）,2014,2014,1,,FALSE,9999,FALSE,
2425,なゆた上田,2014,2014,1,宮澤社長携帯　090-3143-0106　１０月に訓練実施の事。（点検時に行う）,FALSE,9999,FALSE,宮澤社長携帯　090-3143-0106　１０月に訓練実施の事。（点検時に行う）
2426,松廼家,2014,2014,1,,FALSE,9999,FALSE,
2427,丸山菓子舗　工場店,2014,2014,1,,FALSE,9999,FALSE,
2428,東洋計器株式会社本社工場,2014,2014,1,Ｈ２６年度より直受となります。,FALSE,9999,FALSE,Ｈ２６年度より直受となります。
2429,東洋計器株式会社　穂高工場,2014,2014,1,Ｈ２６年度より直受となります。,FALSE,9999,FALSE,Ｈ２６年度より直受となります。
2430,大和グラビヤ株式会社アルプス工場,2014,2014,1,,FALSE,9999,FALSE,鈴木
2431,重要文化財小野家住宅,2014,2014,1,,FALSE,9999,FALSE,栗林
2432,税理士　牧内秀幸事務所,2014,2014,1,,FALSE,9999,FALSE,鈴木
2433,株式会社伍福園スイートガーデン,2014,2014,1,,FALSE,9999,FALSE,鈴木
2434,カルビ大将　塩尻店,2014,2014,1,,FALSE,9999,FALSE,鈴木
2435,カルビ大将　豊科店,2014,2014,1,,FALSE,9999,FALSE,鈴木
2436,かつ時　豊科インター店,2014,2014,1,,FALSE,9999,FALSE,鈴木
2437,ステーキ宮　箕輪店,2014,2014,1,,FALSE,9999,FALSE,鈴木
2438,ステーキ宮　飯田インター店,2014,2014,1,,FALSE,9999,FALSE,鈴木
2439,いろはにほへと　飯田駅前店,2014,2014,1,,FALSE,9999,FALSE,鈴木
2440,穂の花　蔵久店,2014,2014,1,,FALSE,9999,FALSE,
2441,有料老人ホーム　ケアホーム村井,2014,2014,1,,FALSE,9999,FALSE,
2442,有料老人ホーム　ケアホーム松原,2014,2014,1,,FALSE,9999,FALSE,
2443,有料老人ホーム　ケアホーム野溝,2014,2014,1,,FALSE,9999,FALSE,
2444,フォーシーズン八ヶ岳高原,2014,2014,1,,FALSE,9999,FALSE,
2445,東急リゾートヴィラ旧軽井沢,2014,2014,1,,FALSE,9999,FALSE,
2446,会田共同養鶏農産物直売所たまごの駅,2014,2014,1,点検日程は直接たまごの駅へ連絡する。請求書はイーシーシーへ,FALSE,9999,FALSE,
2447,焼肉番長　塩尻店,2014,2014,1,,FALSE,9999,FALSE,栗林
2448,焼肉番長　伊那店,2014,2014,1,,FALSE,9999,FALSE,栗林
2449,エスポワール安曇野,2014,2014,1,,FALSE,9999,FALSE,
2450,レストラン　ポム,2014,2014,3,,FALSE,9999,FALSE,
2451,ヴィエント軽井沢コリドール,2014,2014,1,,FALSE,9999,FALSE,
2452,パセーオ軽井沢,2014,2014,1,,FALSE,9999,FALSE,
2453,塩壺の湯,2014,2014,1,,FALSE,9999,FALSE,
2454,旧軽井沢三笠ハウス,2014,2014,1,,FALSE,9999,FALSE,
2455,ホテルコロシアム・イン・蓼科,2014,2014,1,Ｈ２６年度６月　消火栓ホース耐圧性能点検実施\70.000-　次回Ｈ２９年度予定,FALSE,9999,FALSE,Ｈ２６年度６月　消火栓ホース耐圧性能点検実施\70.000-　次回Ｈ２９年度予定
2456,ＩＨＩグループ健康保険組合ステラ蓼科,2014,2014,1,,FALSE,9999,FALSE,
