1,1,2010,五幸神明ビル,3900811,長野県松本市中央１丁目７番１０号,0263-39-8348,,太田　隆治
1,1,2011,五幸神明ビル,3900811,長野県松本市中央１丁目７番１０号,0263-39-8348,,太田　隆治
1,1,2012,五幸神明ビル,3900811,長野県松本市中央１丁目７番１０号,0263-39-8348,,太田　隆治
1,1,2013,五幸神明ビル,3900811,長野県松本市中央１丁目７番１０号,0263-39-8348,,太田　隆治
1,1,2014,五幸神明ビル,3900811,長野県松本市中央１丁目７番１０号,0263-39-8348,,太田　隆治
2,2,2010,株式会社　アイシンク,3900846,長野県松本市南原1丁目８番１１号,0263-25-2130,,赤羽　桂
2,2,2011,株式会社　アイシンク,3900846,長野県松本市南原1丁目８番１１号,0263-25-2130,,赤羽　桂
2,2,2012,株式会社　アイシンク,3900846,長野県松本市南原1丁目８番１１号,0263-25-2130,,赤羽　桂
2,2,2013,株式会社　アイシンク,3900846,長野県松本市南原1丁目８番１１号,0263-25-2130,,赤羽　桂
2,2,2014,株式会社　アイシンク,3900846,長野県松本市南原1丁目８番１１号,0263-25-2130,,赤羽　桂
4,4,2010,株式会社イヌズカ,3990024,長野県松本市寿小赤258-6,0263-58-1301,,犬塚　義浩
4,4,2011,株式会社イヌズカ,3990024,長野県松本市寿小赤258-6,0263-58-1301,,犬塚　義浩
4,4,2012,株式会社イヌズカ,3990024,長野県松本市寿小赤258-6,0263-58-1301,,犬塚　義浩
4,4,2013,株式会社イヌズカ,3990024,長野県松本市寿小赤258-6,0263-58-1301,,犬塚　義浩
4,4,2014,株式会社イヌズカ,3990024,長野県松本市寿小赤258-6,0263-58-1301,,犬塚　義浩
5,5,2010,太田屋　松本本店,3900852,長野県松本市島立９６５－１,0263-47-8877,0263-47-8635,岩波　秀樹
5,5,2011,太田屋　松本本店,3900852,長野県松本市島立９６５－１,0263-47-8877,0263-47-8635,岩波　秀樹
5,5,2012,太田屋　松本本店,3900852,長野県松本市島立９６５－１,0263-47-8877,0263-47-8635,岩波　秀樹
5,5,2013,太田屋　松本本店,3900852,長野県松本市島立９６５－１,0263-47-8877,0263-47-8635,岩波　秀樹
5,5,2014,太田屋　松本本店,3900852,長野県松本市島立９６５－１,0263-47-8877,0263-47-8635,岩波　秀樹
7,7,2010,上條鋼材　株式会社,3901242,長野県松本市大字和田５５１１番地１４,0263-48-1334,,丸山　隆久
7,7,2011,上條鋼材　株式会社,3901242,長野県松本市大字和田５５１１番地１４,0263-48-1334,,丸山　隆久
7,7,2012,上條鋼材　株式会社,3901242,長野県松本市大字和田５５１１番地１４,0263-48-1334,,丸山　隆久
7,7,2013,上條鋼材　株式会社,3901242,長野県松本市大字和田５５１１番地１４,0263-48-1334,,丸山　隆久
7,7,2014,上條鋼材　株式会社,3901242,長野県松本市大字和田５５１１番地１４,0263-48-1334,,丸山　隆久
8,8,2010,株式会社開運堂　本店,3900811,長野県松本市中央２丁目２番１５号,0263-32-0506,,西田　優
8,8,2011,株式会社開運堂　本店,3900811,長野県松本市中央２丁目２番１５号,0263-32-0506,,西田　優
8,8,2012,株式会社開運堂　本店,3900811,長野県松本市中央２丁目２番１５号,0263-32-0506,,西田　優
8,8,2013,株式会社開運堂　本店,3900811,長野県松本市中央２丁目２番１５号,0263-32-0506,,西田　優
8,8,2014,株式会社開運堂　本店,3900811,長野県松本市中央２丁目２番１５号,0263-32-0506,,西田　優
9,9,2010,ゴルフ　コミュニティ　ウエストピーク,3900221,長野県松本市大字里山辺4318,0263-25-4111,,望月　勝治
9,9,2011,ゴルフ　コミュニティ　ウエストピーク,3900221,長野県松本市大字里山辺4318,0263-25-4111,,望月　勝治
9,9,2012,ゴルフ　コミュニティ　ウエストピーク,3900221,長野県松本市大字里山辺4318,0263-25-4111,,望月　勝治
9,9,2013,ゴルフ　コミュニティ　ウエストピーク,3900221,長野県松本市大字里山辺4318,0263-25-4111,,望月　勝治
9,9,2014,ゴルフ　コミュニティ　ウエストピーク,3900221,長野県松本市大字里山辺4318,0263-25-4111,,望月　勝治
10,627,2010,医療法人雄久会老人保健施設こもれび,3990731,長野県塩尻市大門六番町4番36号,0263-51-1700,0263-51-1881,小池　達也
10,627,2011,医療法人雄久会老人保健施設こもれび,3990731,長野県塩尻市大門六番町4番36号,0263-51-1700,0263-51-1881,小池　達也
10,627,2012,医療法人雄久会老人保健施設こもれび,3990731,長野県塩尻市大門六番町4番36号,0263-51-1700,0263-51-1881,小池　達也
10,627,2013,医療法人雄久会老人保健施設こもれび,3990731,長野県塩尻市大門六番町4番36号,0263-51-1700,0263-51-1881,小池　達也
10,627,2014,医療法人雄久会老人保健施設こもれび,3990731,長野県塩尻市大門六番町4番36号,0263-51-1700,0263-51-1881,小池　達也
11,11,2010,小林軽金属工業株式会社,3998201,長野県安曇野市豊科大字南穂高1083,0263-72-3873,,小林　今朝重
11,11,2011,小林軽金属工業株式会社,3998201,長野県安曇野市豊科大字南穂高1083,0263-72-3873,,小林　今朝重
11,11,2012,小林軽金属工業株式会社,3998201,長野県安曇野市豊科大字南穂高1083,0263-72-3873,,小林　今朝重
11,11,2013,小林軽金属工業株式会社,3998201,長野県安曇野市豊科大字南穂高1083,0263-72-3873,,小林　今朝重
11,11,2014,小林軽金属工業株式会社,3998201,長野県安曇野市豊科大字南穂高1083,0263-72-3873,,小林　今朝重
13,13,2010,笹部ビル,3900847,松本市笹部2丁目1番57号,0263-25-3505,,西澤　治
13,13,2011,笹部ビル,3900847,松本市笹部2丁目1番57号,0263-25-3505,,西澤　治
13,13,2012,笹部ビル,3900847,松本市笹部2丁目1番57号,0263-25-3505,,西澤　治
13,13,2013,笹部ビル,3900847,松本市笹部2丁目1番57号,0263-25-3505,,西澤　治
13,13,2014,笹部ビル,3900847,松本市笹部2丁目1番57号,0263-25-3505,,西澤　治
14,14,2010,特別養護老人ホーム常念荘,3998211,長野県安曇市堀金烏川2048番地2,0263-72-3611,0263-72-1128,丸山所長
14,14,2011,特別養護老人ホーム常念荘,3998211,長野県安曇市堀金烏川2048番地2,0263-72-3611,0263-72-1128,丸山所長
14,14,2012,特別養護老人ホーム常念荘,3998211,長野県安曇市堀金烏川2048番地2,0263-72-3611,0263-72-1128,丸山所長
14,14,2013,特別養護老人ホーム常念荘,3998211,長野県安曇市堀金烏川2048番地2,0263-72-3611,0263-72-1128,丸山所長
14,14,2014,特別養護老人ホーム常念荘,3998211,長野県安曇市堀金烏川2048番地2,0263-72-3611,0263-72-1128,丸山所長
15,15,2010,株式会社しづか,3900874,長野県松本市大手４丁目１０番８号,0263-32-0547,,市東　一也
15,15,2011,株式会社しづか,3900874,長野県松本市大手４丁目１０番８号,0263-32-0547,,市東　一也
15,15,2012,株式会社しづか,3900874,長野県松本市大手４丁目１０番８号,0263-32-0547,,市東　一也
15,15,2013,株式会社しづか,3900874,長野県松本市大手４丁目１０番８号,0263-32-0547,,市東　一也
15,15,2014,株式会社しづか,3900874,長野県松本市大手４丁目１０番８号,0263-32-0547,,市東　一也
16,16,2010,白百合幼稚園,3990032,長野県松本市芳川村井町サイカチ1383-ロ,0263-86-1084,,田中　茂樹
16,16,2011,白百合幼稚園,3990032,長野県松本市芳川村井町サイカチ1383-ロ,0263-86-1084,,田中　茂樹
16,16,2012,白百合幼稚園,3990032,長野県松本市芳川村井町サイカチ1383-ロ,0263-86-1084,,田中　茂樹
16,16,2013,白百合幼稚園,3990032,長野県松本市芳川村井町サイカチ1383-ロ,0263-86-1084,,田中　茂樹
16,16,2014,白百合幼稚園,3990032,長野県松本市芳川村井町サイカチ1383-ロ,0263-86-1084,,田中　茂樹
17,17,2010,すがの旅館,3990704,塩尻市広丘郷原1762,0263-52-1285,,百瀬　武人
17,17,2011,すがの旅館,3990704,塩尻市広丘郷原1762,0263-52-1285,,百瀬　武人
17,17,2012,すがの旅館,3990704,塩尻市広丘郷原1762,0263-52-1285,,百瀬　武人
17,17,2013,すがの旅館,3990704,塩尻市広丘郷原1762,0263-52-1285,,百瀬　武人
17,17,2014,すがの旅館,3990704,塩尻市広丘郷原1762,0263-52-1285,,百瀬　武人
18,18,2010,内湯滝の湯旅館,3900221,長野県松本市里山辺,0263-32-3284,,遠藤　照生
18,18,2011,内湯滝の湯旅館,3900221,長野県松本市里山辺,0263-32-3284,,遠藤　照生
18,18,2012,内湯滝の湯旅館,3900221,長野県松本市里山辺,0263-32-3284,,遠藤　照生
18,18,2013,内湯滝の湯旅館,3900221,長野県松本市里山辺,0263-32-3284,,遠藤　照生
18,18,2014,内湯滝の湯旅館,3900221,長野県松本市里山辺,0263-32-3284,,遠藤　照生
19,19,2010,第一貨物株式会社　松本物流センター,3901242,長野県松本市大字和田7088番地1,0263-40-5070,0263-48-0567,鈴木　浩一
19,19,2011,第一貨物株式会社　松本物流センター,3901242,長野県松本市大字和田7088番地1,0263-40-5070,0263-48-0567,鈴木　浩一
19,19,2012,第一貨物株式会社　松本物流センター,3901242,長野県松本市大字和田7088番地1,0263-40-5070,0263-48-0567,鈴木　浩一
19,19,2013,第一貨物株式会社　松本物流センター,3901242,長野県松本市大字和田7088番地1,0263-40-5070,0263-48-0567,鈴木　浩一
19,19,2014,第一貨物株式会社　松本物流センター,3901242,長野県松本市大字和田7088番地1,0263-40-5070,0263-48-0567,鈴木　浩一
21,21,2010,徳澤園,3901516,長野県松本市安曇上高地徳澤4468,0263-95-2508,0263-95-2512,上條　敏昭
21,21,2011,徳澤園,3901516,長野県松本市安曇上高地徳澤4468,0263-95-2508,0263-95-2512,上條　敏昭
21,21,2012,徳澤園,3901516,長野県松本市安曇上高地徳澤4468,0263-95-2508,0263-95-2512,上條　敏昭
21,21,2013,徳澤園,3901516,長野県松本市安曇上高地徳澤4468,0263-95-2508,0263-95-2512,上條　敏昭
21,21,2014,徳澤園,3901516,長野県松本市安曇上高地徳澤4468,0263-95-2508,0263-95-2512,上條　敏昭
22,22,2010,長野県信用保証協会　松本支店,3900852,長野県松本市大字島立976番地1,0263-47-1533,0263-47-4209,伊藤　等
22,22,2011,長野県信用保証協会　松本支店,3900852,長野県松本市大字島立976番地1,0263-47-1533,0263-47-4209,伊藤　等
22,22,2012,長野県信用保証協会　松本支店,3900852,長野県松本市大字島立976番地1,0263-47-1533,0263-47-4209,伊藤　等
22,22,2013,長野県信用保証協会　松本支店,3900852,長野県松本市大字島立976番地1,0263-47-1533,0263-47-4209,伊藤　等
22,22,2014,長野県信用保証協会　松本支店,3900852,長野県松本市大字島立976番地1,0263-47-1533,0263-47-4209,伊藤　等
24,24,2010,中村製作所株式会社　穂高工場,3998300,長野県安曇野市穂高6783-1,0263-82-7611,,滝沢　章夫
24,24,2011,中村製作所株式会社　穂高工場,3998300,長野県安曇野市穂高6783-1,0263-82-7611,,滝沢　章夫
24,24,2012,中村製作所株式会社　穂高工場,3998300,長野県安曇野市穂高6783-1,0263-82-7611,,滝沢　章夫
24,24,2013,中村製作所株式会社　穂高工場,3998300,長野県安曇野市穂高6783-1,0263-82-7611,,滝沢　章夫
24,24,2014,中村製作所株式会社　穂高工場,3998300,長野県安曇野市穂高6783-1,0263-82-7611,,滝沢　章夫
25,25,2010,飯田機械金属工業株式会社,3950041,長野県飯田市中央通り2丁目2番,0265-22-1741,0265-22-1856,尾関　鉄治
25,25,2011,飯田機械金属工業株式会社,3950041,長野県飯田市中央通り2丁目2番,0265-22-1741,0265-22-1856,尾関　鉄治
25,25,2012,飯田機械金属工業株式会社,3950041,長野県飯田市中央通り2丁目2番,0265-22-1741,0265-22-1856,尾関　鉄治
25,25,2013,飯田機械金属工業株式会社,3950041,長野県飯田市中央通り2丁目2番,0265-22-1741,0265-22-1856,尾関　鉄治
25,25,2014,飯田機械金属工業株式会社,3950041,長野県飯田市中央通り2丁目2番,0265-22-1741,0265-22-1856,尾関　鉄治
26,26,2010,株式会社　平田商会,3950811,長野県飯田市松尾上溝2910番地８,0265-22-5544,,岡島　治
26,26,2011,株式会社　平田商会,3950811,長野県飯田市松尾上溝2910番地８,0265-22-5544,,岡島　治
26,26,2012,株式会社　平田商会,3950811,長野県飯田市松尾上溝2910番地８,0265-22-5544,,岡島　治
26,26,2013,株式会社　平田商会,3950811,長野県飯田市松尾上溝2910番地８,0265-22-5544,,岡島　治
26,26,2014,株式会社　平田商会,3950811,長野県飯田市松尾上溝2910番地８,0265-22-5544,,岡島　治
28,10,2010,パサージュ木曽駒,3996101,長野県木曽郡木曽町日義4898番地の1,0264-23-7331,,田屋　雄一
28,10,2011,パサージュ木曽駒,3996101,長野県木曽郡木曽町日義4898番地の1,0264-23-7331,,田屋　雄一
28,10,2012,パサージュ木曽駒,3996101,長野県木曽郡木曽町日義4898番地の1,0264-23-7331,,田屋　雄一
28,10,2013,パサージュ木曽駒,3996101,長野県木曽郡木曽町日義4898番地の1,0264-23-7331,,田屋　雄一
28,10,2014,パサージュ木曽駒,3996101,長野県木曽郡木曽町日義4898番地の1,0264-23-7331,,田屋　雄一
30,29,2010,Pensionメープル・リーフ,3998301,安曇野市穂高有明7717,0263-83-3883,,土屋　邦夫
30,29,2011,Pensionメープル・リーフ,3998301,安曇野市穂高有明7717,0263-83-3883,,土屋　邦夫
30,29,2012,Pensionメープル・リーフ,3998301,安曇野市穂高有明7717,0263-83-3883,,土屋　邦夫
30,29,2013,Pensionメープル・リーフ,3998301,安曇野市穂高有明7717,0263-83-3883,,土屋　邦夫
30,29,2014,Pensionメープル・リーフ,3998301,安曇野市穂高有明7717,0263-83-3883,,土屋　邦夫
32,30,2010,ホテルいさみ,3990702,長野県塩尻市広丘野村1654-5,0263-53-2248,,上條　秀夫
32,30,2011,ホテルいさみ,3990702,長野県塩尻市広丘野村1654-5,0263-53-2248,,上條　秀夫
32,30,2012,ホテルいさみ,3990702,長野県塩尻市広丘野村1654-5,0263-53-2248,,上條　秀夫
32,30,2013,ホテルいさみ,3990702,長野県塩尻市広丘野村1654-5,0263-53-2248,,上條　秀夫
32,30,2014,ホテルいさみ,3990702,長野県塩尻市広丘野村1654-5,0263-53-2248,,上條　秀夫
33,32,2010,株式会社ホタカ壁材,3998304,長野県安曇野市穂高柏原2829番地1,0263-82-5698,,赤羽　文夫
33,32,2011,株式会社ホタカ壁材,3998304,長野県安曇野市穂高柏原2829番地1,0263-82-5698,,赤羽　文夫
33,32,2012,株式会社ホタカ壁材,3998304,長野県安曇野市穂高柏原2829番地1,0263-82-5698,,赤羽　文夫
33,32,2013,株式会社ホタカ壁材,3998304,長野県安曇野市穂高柏原2829番地1,0263-82-5698,,赤羽　文夫
33,32,2014,株式会社ホタカ壁材,3998304,長野県安曇野市穂高柏原2829番地1,0263-82-5698,,赤羽　文夫
34,33,2010,有限会社ホテル雷鳥,3901520,長野県松本市安曇4306番地,0263-93-2746,,梨子田　豊
34,33,2011,有限会社ホテル雷鳥,3901520,長野県松本市安曇4306番地,0263-93-2746,,梨子田　豊
34,33,2012,有限会社ホテル雷鳥,3901520,長野県松本市安曇4306番地,0263-93-2746,,梨子田　豊
34,33,2013,有限会社ホテル雷鳥,3901520,長野県松本市安曇4306番地,0263-93-2746,,梨子田　豊
34,33,2014,有限会社ホテル雷鳥,3901520,長野県松本市安曇4306番地,0263-93-2746,,梨子田　豊
35,34,2010,株式会社ホテル玉の湯,3900303,長野県松本市浅間温泉1丁目28番16号,0263-46-0573,0263-46-5178,山崎　良弘
35,34,2011,株式会社ホテル玉の湯,3900303,長野県松本市浅間温泉1丁目28番16号,0263-46-0573,0263-46-5178,山崎　良弘
35,34,2012,株式会社ホテル玉の湯,3900303,長野県松本市浅間温泉1丁目28番16号,0263-46-0573,0263-46-5178,山崎　良弘
35,34,2013,株式会社ホテル玉の湯,3900303,長野県松本市浅間温泉1丁目28番16号,0263-46-0573,0263-46-5178,山崎　良弘
35,34,2014,株式会社ホテル玉の湯,3900303,長野県松本市浅間温泉1丁目28番16号,0263-46-0573,0263-46-5178,山崎　良弘
36,35,2010,伊東園ホテル浅間の湯,3900303,長野県松本市浅間温泉3丁目4番9号,0263-46-1411,0263-46-1414,木下　泰一
36,35,2011,伊東園ホテル浅間の湯,3900303,長野県松本市浅間温泉3丁目4番9号,0263-46-1411,0263-46-1414,木下　泰一
36,35,2012,伊東園ホテル浅間の湯,3900303,長野県松本市浅間温泉3丁目4番9号,0263-46-1411,0263-46-1414,木下　泰一
36,35,2013,伊東園ホテル浅間の湯,3900303,長野県松本市浅間温泉3丁目4番9号,0263-46-1411,0263-46-1414,木下　泰一
36,35,2014,伊東園ホテル浅間の湯,3900303,長野県松本市浅間温泉3丁目4番9号,0263-46-1411,0263-46-1414,木下　泰一
37,35,2010,株式会社ホテルおもと,3900303,長野県松本市浅間温泉3丁目13番10号,0263-46-2385,0263-46-5047,山本　浩司
37,35,2011,株式会社ホテルおもと,3900303,長野県松本市浅間温泉3丁目13番10号,0263-46-2385,0263-46-5047,山本　浩司
37,35,2012,株式会社ホテルおもと,3900303,長野県松本市浅間温泉3丁目13番10号,0263-46-2385,0263-46-5047,山本　浩司
37,35,2013,株式会社ホテルおもと,3900303,長野県松本市浅間温泉3丁目13番10号,0263-46-2385,0263-46-5047,山本　浩司
37,35,2014,株式会社ホテルおもと,3900303,長野県松本市浅間温泉3丁目13番10号,0263-46-2385,0263-46-5047,山本　浩司
39,35,2010,有限会社和泉荘,3900303,長野県松本市浅間温泉1丁目29番9号,0263-46-2323,0263-46-0692,
39,35,2011,有限会社和泉荘,3900303,長野県松本市浅間温泉1丁目29番9号,0263-46-2323,0263-46-0692,
39,35,2012,有限会社和泉荘,3900303,長野県松本市浅間温泉1丁目29番9号,0263-46-2323,0263-46-0692,
39,35,2013,有限会社和泉荘,3900303,長野県松本市浅間温泉1丁目29番9号,0263-46-2323,0263-46-0692,
39,35,2014,有限会社和泉荘,3900303,長野県松本市浅間温泉1丁目29番9号,0263-46-2323,0263-46-0692,
40,35,2010,有限会社菊の湯,3900303,長野県松本市浅間温泉1丁目29番7号,0263-46-2300,0263-46-0015,中條盛人
40,35,2011,有限会社菊の湯,3900303,長野県松本市浅間温泉1丁目29番7号,0263-46-2300,0263-46-0015,中條盛人
40,35,2012,有限会社菊の湯,3900303,長野県松本市浅間温泉1丁目29番7号,0263-46-2300,0263-46-0015,中條盛人
40,35,2013,有限会社菊の湯,3900303,長野県松本市浅間温泉1丁目29番7号,0263-46-2300,0263-46-0015,中條盛人
40,35,2014,有限会社菊の湯,3900303,長野県松本市浅間温泉1丁目29番7号,0263-46-2300,0263-46-0015,中條盛人
43,35,2010,片倉興産株式会社　諏訪湖ホテル,3920027,長野県諏訪市湖岸通り4丁目1番43号,0266-52-2151,,古畑　成士
43,35,2011,片倉興産株式会社　諏訪湖ホテル,3920027,長野県諏訪市湖岸通り4丁目1番43号,0266-52-2151,,古畑　成士
43,35,2012,片倉興産株式会社　諏訪湖ホテル,3920027,長野県諏訪市湖岸通り4丁目1番43号,0266-52-2151,,古畑　成士
43,35,2013,片倉興産株式会社　諏訪湖ホテル,3920027,長野県諏訪市湖岸通り4丁目1番43号,0266-52-2151,,古畑　成士
43,35,2014,片倉興産株式会社　諏訪湖ホテル,3920027,長野県諏訪市湖岸通り4丁目1番43号,0266-52-2151,,古畑　成士
44,39,2010,株式会社マルイチマシン,3998301,長野県安曇野市穂高有明2155番地５,0263-83-2497,,菅澤　一隆
44,39,2011,株式会社マルイチマシン,3998301,長野県安曇野市穂高有明2155番地５,0263-83-2497,,菅澤　一隆
44,39,2012,株式会社マルイチマシン,3998301,長野県安曇野市穂高有明2155番地５,0263-83-2497,,菅澤　一隆
44,39,2013,株式会社マルイチマシン,3998301,長野県安曇野市穂高有明2155番地５,0263-83-2497,,菅澤　一隆
44,39,2014,株式会社マルイチマシン,3998301,長野県安曇野市穂高有明2155番地５,0263-83-2497,,菅澤　一隆
47,42,2010,安田株式会社　長野支店,3990033,松本市笹賀7815番地,0263-28-9111,0263-28-9121,永井　洋
47,42,2011,安田株式会社　長野支店,3990033,松本市笹賀7815番地,0263-28-9111,0263-28-9121,永井　洋
47,42,2012,安田株式会社　長野支店,3990033,松本市笹賀7815番地,0263-28-9111,0263-28-9121,永井　洋
47,42,2013,安田株式会社　長野支店,3990033,松本市笹賀7815番地,0263-28-9111,0263-28-9121,永井　洋
47,42,2014,安田株式会社　長野支店,3990033,松本市笹賀7815番地,0263-28-9111,0263-28-9121,永井　洋
48,43,2010,老人保健施設ローズガーデン,3900823,長野県松本市大字中山7494-8,0263-57-8002,,
48,43,2011,老人保健施設ローズガーデン,3900823,長野県松本市大字中山7494-8,0263-57-8002,,
48,43,2012,老人保健施設ローズガーデン,3900823,長野県松本市大字中山7494-8,0263-57-8002,,
48,43,2013,老人保健施設ローズガーデン,3900823,長野県松本市大字中山7494-8,0263-57-8002,,
48,43,2014,老人保健施設ローズガーデン,3900823,長野県松本市大字中山7494-8,0263-57-8002,,
49,44,2010,社会福祉法人心泉会　ケアハウスローズガーデン,3900823,長野県松本市大字中山７４９４番地１０,0263-86-3820,,
49,44,2011,社会福祉法人心泉会　ケアハウスローズガーデン,3900823,長野県松本市大字中山７４９４番地１０,0263-86-3820,,
49,44,2012,社会福祉法人心泉会　ケアハウスローズガーデン,3900823,長野県松本市大字中山７４９４番地１０,0263-86-3820,,
49,44,2013,社会福祉法人心泉会　ケアハウスローズガーデン,3900823,長野県松本市大字中山７４９４番地１０,0263-86-3820,,
49,44,2014,社会福祉法人心泉会　ケアハウスローズガーデン,3900823,長野県松本市大字中山７４９４番地１０,0263-86-3820,,
50,45,2010,サングリーン藤ヶ原,3900221,長野県松本市里山辺1832-2,0263-39-7311,0263-39-7522,藤井公貴
50,45,2011,サングリーン藤ヶ原,3900221,長野県松本市里山辺1832-2,0263-39-7311,0263-39-7522,藤井公貴
50,45,2012,サングリーン藤ヶ原,3900221,長野県松本市里山辺1832-2,0263-39-7311,0263-39-7522,藤井公貴
50,45,2013,サングリーン藤ヶ原,3900221,長野県松本市里山辺1832-2,0263-39-7311,0263-39-7522,藤井公貴
50,45,2014,サングリーン藤ヶ原,3900221,長野県松本市里山辺1832-2,0263-39-7311,0263-39-7522,藤井公貴
51,46,2010,ファミール二子,3990033,長野県松本市笹賀5859-1,0263-26-8826,,寺崎　要
51,46,2011,ファミール二子,3990033,長野県松本市笹賀5859-1,0263-26-8826,,寺崎　要
51,46,2012,ファミール二子,3990033,長野県松本市笹賀5859-1,0263-26-8826,,寺崎　要
51,46,2013,ファミール二子,3990033,長野県松本市笹賀5859-1,0263-26-8826,,寺崎　要
51,46,2014,ファミール二子,3990033,長野県松本市笹賀5859-1,0263-26-8826,,寺崎　要
52,639,2010,グループホームひだまりの里ささが,3990033,長野県松本市笹賀2517-3,0263-85-7114,,佐々木恵子
52,639,2011,グループホームひだまりの里ささが,3990033,長野県松本市笹賀2517-3,0263-85-7114,,佐々木恵子
52,639,2012,グループホームひだまりの里ささが,3990033,長野県松本市笹賀2517-3,0263-85-7114,,佐々木恵子
52,639,2013,グループホームひだまりの里ささが,3990033,長野県松本市笹賀2517-3,0263-85-7114,,佐々木恵子
52,639,2014,グループホームひだまりの里ささが,3990033,長野県松本市笹賀2517-3,0263-85-7114,,佐々木恵子
53,48,2010,株式会社長野セキノ興産　松本店,3990033,長野県松本市笹賀5652-242,0263-26-6689,,深沢店長
53,48,2011,株式会社長野セキノ興産　松本店,3990033,長野県松本市笹賀5652-242,0263-26-6689,,深沢店長
53,48,2012,株式会社長野セキノ興産　松本店,3990033,長野県松本市笹賀5652-242,0263-26-6689,,深沢店長
53,48,2013,株式会社長野セキノ興産　松本店,3990033,長野県松本市笹賀5652-242,0263-26-6689,,深沢店長
53,48,2014,株式会社長野セキノ興産　松本店,3990033,長野県松本市笹賀5652-242,0263-26-6689,,深沢店長
54,49,2010,神沢第２ビル,3900811,長野県松本市中央１－１３－３,0263-32-0565,,神澤　芳江
54,49,2011,神沢第２ビル,3900811,長野県松本市中央１－１３－３,0263-32-0565,,神澤　芳江
54,49,2012,神沢第２ビル,3900811,長野県松本市中央１－１３－３,0263-32-0565,,神澤　芳江
54,49,2013,神沢第２ビル,3900811,長野県松本市中央１－１３－３,0263-32-0565,,神澤　芳江
54,49,2014,神沢第２ビル,3900811,長野県松本市中央１－１３－３,0263-32-0565,,神澤　芳江
55,50,2010,宮沢クリニック,3900875,長野県松本市城西1丁目４番５号,0263-32-6548,,宮沢　崇子
56,51,2010,株式会社マルゴレーベル,3990005,長野県松本市野溝木工２丁目６番１８号,0263-27-3609,,植田　昌広
56,51,2011,株式会社マルゴレーベル,3990005,長野県松本市野溝木工２丁目６番１８号,0263-27-3609,,植田　昌広
56,51,2012,株式会社マルゴレーベル,3990005,長野県松本市野溝木工２丁目６番１８号,0263-27-3609,,植田　昌広
56,51,2013,株式会社マルゴレーベル,3990005,長野県松本市野溝木工２丁目６番１８号,0263-27-3609,,植田　昌広
56,51,2014,株式会社マルゴレーベル,3990005,長野県松本市野溝木工２丁目６番１８号,0263-27-3609,,植田　昌広
57,52,2010,ヤンマー農機販売株式会社　甲信支社,3901301,長野県東筑摩郡山形村北野尻８１２９－１,0263-97-3100,,津野　忠之
57,52,2011,ヤンマー農機販売株式会社　甲信支社,3901301,長野県東筑摩郡山形村北野尻８１２９－１,0263-97-3100,,津野　忠之
57,52,2012,ヤンマー農機販売株式会社　甲信支社,3901301,長野県東筑摩郡山形村北野尻８１２９－１,0263-97-3100,,津野　忠之
57,52,2013,ヤンマー農機販売株式会社　甲信支社,3901301,長野県東筑摩郡山形村北野尻８１２９－１,0263-97-3100,,津野　忠之
57,52,2014,ヤンマー農機販売株式会社　甲信支社,3901301,長野県東筑摩郡山形村北野尻８１２９－１,0263-97-3100,,津野　忠之
59,54,2010,松本赤十字乳児院,3900312,長野県松本市岡田松岡４９－２,0263-46-4630,,堀内　隆
59,54,2011,松本赤十字乳児院,3900312,長野県松本市岡田松岡４９－２,0263-46-4630,,堀内　隆
59,54,2012,松本赤十字乳児院,3900312,長野県松本市岡田松岡４９－２,0263-46-4630,,堀内　隆
59,54,2013,松本赤十字乳児院,3900312,長野県松本市岡田松岡４９－２,0263-46-4630,,堀内　隆
59,54,2014,松本赤十字乳児院,3900312,長野県松本市岡田松岡４９－２,0263-46-4630,,堀内　隆
60,55,2010,松本市南部保健センター,3900833,長野県松本市双葉４－１６,0263-25-3133,,青沼　博之
60,55,2011,松本市南部保健センター,3900833,長野県松本市双葉４－１６,0263-25-3133,,青沼　博之
60,55,2012,松本市南部保健センター,3900833,長野県松本市双葉４－１６,0263-25-3133,,青沼　博之
60,55,2013,松本市南部保健センター,3900833,長野県松本市双葉４－１６,0263-25-3133,,青沼　博之
60,55,2014,松本市南部保健センター,3900833,長野県松本市双葉４－１６,0263-25-3133,,青沼　博之
61,56,2010,タイヤガーデン松本笹賀店,3990033,長野県松本市笹賀７９０２番地,0263-25-2992,0263-27-0589,手塚　光一
61,56,2011,タイヤガーデン松本笹賀店,3990033,長野県松本市笹賀７９０２番地,0263-25-2992,0263-27-0589,手塚　光一
61,56,2012,タイヤガーデン松本笹賀店,3990033,長野県松本市笹賀７９０２番地,0263-25-2992,0263-27-0589,手塚　光一
61,56,2013,タイヤガーデン松本笹賀店,3990033,長野県松本市笹賀７９０２番地,0263-25-2992,0263-27-0589,手塚　光一
61,56,2014,タイヤガーデン松本笹賀店,3990033,長野県松本市笹賀７９０２番地,0263-25-2992,0263-27-0589,手塚　光一
64,59,2010,株式会社ハタ研削　本社,3998300,安曇野市穂高8183-2,0263-82-8300,,上條　詠一
64,59,2011,株式会社ハタ研削　本社,3998300,安曇野市穂高8183-2,0263-82-8300,,上條　詠一
64,59,2012,株式会社ハタ研削　本社,3998300,安曇野市穂高8183-2,0263-82-8300,,上條　詠一
64,59,2013,株式会社ハタ研削　本社,3998300,安曇野市穂高8183-2,0263-82-8300,,上條　詠一
64,59,2014,株式会社ハタ研削　本社,3998300,安曇野市穂高8183-2,0263-82-8300,,上條　詠一
65,55,2010,北ふれあいホーム,3900877,松本市沢村1-14-26,0263-33-1133,,横山　高光
65,55,2011,北ふれあいホーム,3900877,松本市沢村1-14-26,0263-33-1133,,横山　高光
65,55,2012,北ふれあいホーム,3900877,松本市沢村1-14-26,0263-33-1133,,横山　高光
65,55,2013,北ふれあいホーム,3900877,松本市沢村1-14-26,0263-33-1133,,横山　高光
65,55,2014,北ふれあいホーム,3900877,松本市沢村1-14-26,0263-33-1133,,横山　高光
69,64,2010,株式会社　長野第一興商,3900803,長野県松本市元町1丁目８番１０号,0263-36-9797,,深澤　真
69,64,2011,株式会社　長野第一興商,3900803,長野県松本市元町1丁目８番１０号,0263-36-9797,,深澤　真
69,64,2012,株式会社　長野第一興商,3900803,長野県松本市元町1丁目８番１０号,0263-36-9797,,深澤　真
69,64,2013,株式会社　長野第一興商,3900803,長野県松本市元町1丁目８番１０号,0263-36-9797,,深澤　真
69,64,2014,株式会社　長野第一興商,3900803,長野県松本市元町1丁目８番１０号,0263-36-9797,,深澤　真
71,66,2010,長稱寺,3900806,長野県松本市女鳥羽2丁目4番42号,0263-32-5380,,木曽　義淨
71,66,2011,長稱寺,3900806,長野県松本市女鳥羽2丁目4番42号,0263-32-5380,,木曽　義淨
71,66,2012,長稱寺,3900806,長野県松本市女鳥羽2丁目4番42号,0263-32-5380,,木曽　義淨
71,66,2013,長稱寺,3900806,長野県松本市女鳥羽2丁目4番42号,0263-32-5380,,木曽　義淨
71,66,2014,長稱寺,3900806,長野県松本市女鳥羽2丁目4番42号,0263-32-5380,,木曽　義淨
72,67,2010,株式会社マルイチ産商松本PC,3990004,長野県松本市市場10番3号,0263-26-4101,0263-27-1708,中沢　守
72,67,2011,株式会社マルイチ産商松本PC,3990004,長野県松本市市場10番3号,0263-26-4101,0263-27-1708,中沢　守
72,67,2012,株式会社マルイチ産商松本PC,3990004,長野県松本市市場10番3号,0263-26-4101,0263-27-1708,中沢　守
72,67,2013,株式会社マルイチ産商松本PC,3990004,長野県松本市市場10番3号,0263-26-4101,0263-27-1708,中沢　守
72,67,2014,株式会社マルイチ産商松本PC,3990004,長野県松本市市場10番3号,0263-26-4101,0263-27-1708,中沢　守
73,68,2010,有限会社杢匠,3990003,長野県松本市大字芳川野溝528-2,0263-27-2071,,木戸岡　幸夫
73,68,2011,有限会社杢匠,3990003,長野県松本市大字芳川野溝528-2,0263-27-2071,,木戸岡　幸夫
73,68,2012,有限会社杢匠,3990003,長野県松本市大字芳川野溝528-2,0263-27-2071,,木戸岡　幸夫
73,68,2013,有限会社杢匠,3990003,長野県松本市大字芳川野溝528-2,0263-27-2071,,木戸岡　幸夫
73,68,2014,有限会社杢匠,3990003,長野県松本市大字芳川野溝528-2,0263-27-2071,,木戸岡　幸夫
74,40,2010,松下電器産業株式会社　長野Pビル,3900841,松本市渚2丁目9番25号,,,
74,40,2011,松下電器産業株式会社　長野Pビル,3900841,松本市渚2丁目9番25号,,,
74,40,2012,松下電器産業株式会社　長野Pビル,3900841,松本市渚2丁目9番25号,,,
74,40,2013,松下電器産業株式会社　長野Pビル,3900841,松本市渚2丁目9番25号,,,
74,40,2014,松下電器産業株式会社　長野Pビル,3900841,松本市渚2丁目9番25号,,,
75,70,2010,高美書店,3900811,松本市中央2丁目2番19号,0263-32-0250,,安西　好浩
75,70,2011,高美書店,3900811,松本市中央2丁目2番19号,0263-32-0250,,安西　好浩
75,70,2012,高美書店,3900811,松本市中央2丁目2番19号,0263-32-0250,,安西　好浩
75,70,2013,高美書店,3900811,松本市中央2丁目2番19号,0263-32-0250,,安西　好浩
75,70,2014,高美書店,3900811,松本市中央2丁目2番19号,0263-32-0250,,安西　好浩
77,72,2010,ハイツ押野,,長野県安曇野市明科七貴４６２１－１,0263-62-2330,,内山　明
77,72,2011,ハイツ押野,,長野県安曇野市明科七貴４６２１－１,0263-62-2330,,内山　明
77,72,2012,ハイツ押野,,長野県安曇野市明科七貴４６２１－１,0263-62-2330,,内山　明
77,72,2013,ハイツ押野,,長野県安曇野市明科七貴４６２１－１,0263-62-2330,,内山　明
77,72,2014,ハイツ押野,,長野県安曇野市明科七貴４６２１－１,0263-62-2330,,内山　明
78,73,2010,レジデンス美須々,3900311,長野県松本市水汲62,,,小沢　保彦
78,73,2011,レジデンス美須々,3900311,長野県松本市水汲62,,,小沢　保彦
78,73,2012,レジデンス美須々,3900311,長野県松本市水汲62,,,小沢　保彦
78,73,2013,レジデンス美須々,3900311,長野県松本市水汲62,,,小沢　保彦
78,73,2014,レジデンス美須々,3900311,長野県松本市水汲62,,,小沢　保彦
79,74,2010,アルプス運輸建設株式会社　野溝倉庫,3990003,松本市芳川野溝1109-32,,,上嶋　金司
79,74,2011,アルプス運輸建設株式会社　野溝倉庫,3990003,松本市芳川野溝1109-32,,,上嶋　金司
79,74,2012,アルプス運輸建設株式会社　野溝倉庫,3990003,松本市芳川野溝1109-32,,,上嶋　金司
79,74,2013,アルプス運輸建設株式会社　野溝倉庫,3990003,松本市芳川野溝1109-32,,,上嶋　金司
79,74,2014,アルプス運輸建設株式会社　野溝倉庫,3990003,松本市芳川野溝1109-32,,,上嶋　金司
82,77,2010,株式会社ケーツー,3901301,長野県東筑摩郡山形村8200番地,0263-97-3525,,中村　謙一
82,77,2011,株式会社ケーツー,3901301,長野県東筑摩郡山形村8200番地,0263-97-3525,,中村　謙一
82,77,2012,株式会社ケーツー,3901301,長野県東筑摩郡山形村8200番地,0263-97-3525,,中村　謙一
82,77,2013,株式会社ケーツー,3901301,長野県東筑摩郡山形村8200番地,0263-97-3525,,中村　謙一
82,77,2014,株式会社ケーツー,3901301,長野県東筑摩郡山形村8200番地,0263-97-3525,,中村　謙一
84,1074,2010,株式会社AID,3901710,長野県松本市梓川倭3820番地1,0263-78-8003,,伊藤　覚
84,1074,2011,株式会社AID,3901710,長野県松本市梓川倭3820番地1,0263-78-8003,,伊藤　覚
84,1074,2012,株式会社AID,3901710,長野県松本市梓川倭3820番地1,0263-78-8003,,伊藤　覚
84,1074,2013,株式会社AID,3901710,長野県松本市梓川倭3820番地1,0263-78-8003,,伊藤　覚
84,1074,2014,株式会社AID,3901710,長野県松本市梓川倭3820番地1,0263-78-8003,,伊藤　覚
85,80,2010,ゲストハウス・ノーサイド,3998301,長野県安曇野市穂高有明7728-2,0263-83-5522,,田川　理貴
85,80,2011,ゲストハウス・ノーサイド,3998301,長野県安曇野市穂高有明7728-2,0263-83-5522,,田川　理貴
85,80,2012,ゲストハウス・ノーサイド,3998301,長野県安曇野市穂高有明7728-2,0263-83-5522,,田川　理貴
85,80,2013,ゲストハウス・ノーサイド,3998301,長野県安曇野市穂高有明7728-2,0263-83-5522,,田川　理貴
85,80,2014,ゲストハウス・ノーサイド,3998301,長野県安曇野市穂高有明7728-2,0263-83-5522,,田川　理貴
86,81,2010,協和工業株式会社　大桑事業所,3995501,長野県木曽郡大桑村大字殿字中尾平35-35,0264-55-3511,,清水　秀男
86,81,2011,協和工業株式会社　大桑事業所,3995501,長野県木曽郡大桑村大字殿字中尾平35-35,0264-55-3511,,清水　秀男
86,81,2012,協和工業株式会社　大桑事業所,3995501,長野県木曽郡大桑村大字殿字中尾平35-35,0264-55-3511,,清水　秀男
86,81,2013,協和工業株式会社　大桑事業所,3995501,長野県木曽郡大桑村大字殿字中尾平35-35,0264-55-3511,,清水　秀男
86,81,2014,協和工業株式会社　大桑事業所,3995501,長野県木曽郡大桑村大字殿字中尾平35-35,0264-55-3511,,清水　秀男
91,631,2010,ホテル　ザ・リゾート,3990701,長野県塩尻市広丘吉田４０１－３０,0263-57-8500,,小澤　多津子
91,631,2011,ホテル　ザ・リゾート,3990701,長野県塩尻市広丘吉田４０１－３０,0263-57-8500,,小澤　多津子
91,631,2012,ホテル　ザ・リゾート,3990701,長野県塩尻市広丘吉田４０１－３０,0263-57-8500,,小澤　多津子
91,631,2013,ホテル　ザ・リゾート,3990701,長野県塩尻市広丘吉田４０１－３０,0263-57-8500,,小澤　多津子
91,631,2014,ホテル　ザ・リゾート,3990701,長野県塩尻市広丘吉田４０１－３０,0263-57-8500,,小澤　多津子
92,623,2010,麻績村立　麻積小学校,3997701,長野県東筑摩郡麻績村大字麻3863番地,0263-67-2021,0263-67-4448,堀内　敏明
92,623,2011,麻績村立　麻積小学校,3997701,長野県東筑摩郡麻績村大字麻3863番地,0263-67-2021,0263-67-4448,堀内　敏明
92,623,2012,麻績村立　麻積小学校,3997701,長野県東筑摩郡麻績村大字麻3863番地,0263-67-2021,0263-67-4448,堀内　敏明
92,623,2013,麻績村立　麻積小学校,3997701,長野県東筑摩郡麻績村大字麻3863番地,0263-67-2021,0263-67-4448,堀内　敏明
92,623,2014,麻績村立　麻積小学校,3997701,長野県東筑摩郡麻績村大字麻3863番地,0263-67-2021,0263-67-4448,堀内　敏明
93,623,2010,シェーンガルテンおみ,3997702,長野県東筑摩郡麻績村日3434,0263-67-2800,0263-67-3399,塚原　敏樹
93,623,2011,シェーンガルテンおみ,3997702,長野県東筑摩郡麻績村日3434,0263-67-2800,0263-67-3399,塚原　敏樹
93,623,2012,シェーンガルテンおみ,3997702,長野県東筑摩郡麻績村日3434,0263-67-2800,0263-67-3399,塚原　敏樹
93,623,2013,シェーンガルテンおみ,3997702,長野県東筑摩郡麻績村日3434,0263-67-2800,0263-67-3399,塚原　敏樹
93,623,2014,シェーンガルテンおみ,3997702,長野県東筑摩郡麻績村日3434,0263-67-2800,0263-67-3399,塚原　敏樹
95,89,2010,こまくさホテル,3901500,長野県南安曇郡安曇村,0263-93-2314,0263-93-2365,中田　英司
95,89,2011,こまくさホテル,3901500,長野県南安曇郡安曇村,0263-93-2314,0263-93-2365,中田　英司
95,89,2012,こまくさホテル,3901500,長野県南安曇郡安曇村,0263-93-2314,0263-93-2365,中田　英司
95,89,2013,こまくさホテル,3901500,長野県南安曇郡安曇村,0263-93-2314,0263-93-2365,中田　英司
95,89,2014,こまくさホテル,3901500,長野県南安曇郡安曇村,0263-93-2314,0263-93-2365,中田　英司
98,92,2010,医療法人社団英駿会　大久保クリニック,3900851,長野県松本市島内3533,0263-47-4341,,内川　敬
98,92,2011,医療法人社団英駿会　大久保クリニック,3900851,長野県松本市島内3533,0263-47-4341,,内川　敬
98,92,2012,医療法人社団英駿会　大久保クリニック,3900851,長野県松本市島内3533,0263-47-4341,,内川　敬
98,92,2013,医療法人社団英駿会　大久保クリニック,3900851,長野県松本市島内3533,0263-47-4341,,内川　敬
98,92,2014,医療法人社団英駿会　大久保クリニック,3900851,長野県松本市島内3533,0263-47-4341,,内川　敬
99,93,2010,社団法人安曇野市医師会館,3998200,安曇野市豊科4111-1,0263-72-2347,,矢ノ口事務長
99,93,2011,社団法人安曇野市医師会館,3998200,安曇野市豊科4111-1,0263-72-2347,,矢ノ口事務長
99,93,2012,社団法人安曇野市医師会館,3998200,安曇野市豊科4111-1,0263-72-2347,,矢ノ口事務長
99,93,2013,社団法人安曇野市医師会館,3998200,安曇野市豊科4111-1,0263-72-2347,,矢ノ口事務長
99,93,2014,社団法人安曇野市医師会館,3998200,安曇野市豊科4111-1,0263-72-2347,,矢ノ口事務長
103,97,2010,ベルバロン,3900811,長野県松本市中央２丁目３番２６号,0263-34-2820,,北原　嗣正
103,97,2011,ベルバロン,3900811,長野県松本市中央２丁目３番２６号,0263-34-2820,,北原　嗣正
103,97,2012,ベルバロン,3900811,長野県松本市中央２丁目３番２６号,0263-34-2820,,北原　嗣正
103,97,2013,ベルバロン,3900811,長野県松本市中央２丁目３番２６号,0263-34-2820,,北原　嗣正
103,97,2014,ベルバロン,3900811,長野県松本市中央２丁目３番２６号,0263-34-2820,,北原　嗣正
104,219,2010,特別養護老人ホーム岡田の里,3900313,長野県松本市岡田下岡田677-1,0263-33-3306,,上條　佳代子
104,219,2011,特別養護老人ホーム岡田の里,3900313,長野県松本市岡田下岡田677-1,0263-33-3306,,上條　佳代子
104,219,2012,特別養護老人ホーム岡田の里,3900313,長野県松本市岡田下岡田677-1,0263-33-3306,,上條　佳代子
104,219,2013,特別養護老人ホーム岡田の里,3900313,長野県松本市岡田下岡田677-1,0263-33-3306,,上條　佳代子
104,219,2014,特別養護老人ホーム岡田の里,3900313,長野県松本市岡田下岡田677-1,0263-33-3306,,上條　佳代子
106,100,2010,笹部テナント社屋,3900847,長野県松本市笹部,0263-25-2100,,犬飼　　愛
106,100,2011,笹部テナント社屋,3900847,長野県松本市笹部,0263-25-2100,,犬飼　　愛
106,100,2012,笹部テナント社屋,3900847,長野県松本市笹部,0263-25-2100,,犬飼　　愛
106,100,2013,笹部テナント社屋,3900847,長野県松本市笹部,0263-25-2100,,犬飼　　愛
106,100,2014,笹部テナント社屋,3900847,長野県松本市笹部,0263-25-2100,,犬飼　　愛
107,101,2010,株式会社エフケーケー,3901131,長野県松本市字今井７２５０番地,0263-86-3700,,福澤　君昭
107,101,2011,株式会社エフケーケー,3901131,長野県松本市字今井７２５０番地,0263-86-3700,,福澤　君昭
107,101,2012,株式会社エフケーケー,3901131,長野県松本市字今井７２５０番地,0263-86-3700,,福澤　君昭
107,101,2013,株式会社エフケーケー,3901131,長野県松本市字今井７２５０番地,0263-86-3700,,福澤　君昭
107,101,2014,株式会社エフケーケー,3901131,長野県松本市字今井７２５０番地,0263-86-3700,,福澤　君昭
108,624,2010,トヨタ部品長野共販株式会社,3990033,長野県松本市笹賀7600-56,0263-86-8013,0263-86-4644,丸山
108,624,2011,トヨタ部品長野共販株式会社,3990033,長野県松本市笹賀7600-56,0263-86-8013,0263-86-4644,丸山
108,624,2012,トヨタ部品長野共販株式会社,3990033,長野県松本市笹賀7600-56,0263-86-8013,0263-86-4644,丸山
108,624,2013,トヨタ部品長野共販株式会社,3990033,長野県松本市笹賀7600-56,0263-86-8013,0263-86-4644,丸山
108,624,2014,トヨタ部品長野共販株式会社,3990033,長野県松本市笹賀7600-56,0263-86-8013,0263-86-4644,丸山
110,104,2010,渓流荘しおり絵,3901514,長野県松本市安曇4170-4,0263-93-2642,,齋藤　敬一
110,104,2011,渓流荘しおり絵,3901514,長野県松本市安曇4170-4,0263-93-2642,,齋藤　敬一
110,104,2012,渓流荘しおり絵,3901514,長野県松本市安曇4170-4,0263-93-2642,,齋藤　敬一
110,104,2013,渓流荘しおり絵,3901514,長野県松本市安曇4170-4,0263-93-2642,,齋藤　敬一
110,104,2014,渓流荘しおり絵,3901514,長野県松本市安曇4170-4,0263-93-2642,,齋藤　敬一
115,109,2010,城西医療財団　介護老人保健施設　安曇野メディア,3998205,長野県安曇野市豊科5633番地1,0263-73-5800,,縣事務長
115,109,2011,城西医療財団　介護老人保健施設　安曇野メディア,3998205,長野県安曇野市豊科5633番地1,0263-73-5800,,縣事務長
115,109,2012,城西医療財団　介護老人保健施設　安曇野メディア,3998205,長野県安曇野市豊科5633番地1,0263-73-5800,,縣事務長
115,109,2013,城西医療財団　介護老人保健施設　安曇野メディア,3998205,長野県安曇野市豊科5633番地1,0263-73-5800,,縣事務長
115,109,2014,城西医療財団　介護老人保健施設　安曇野メディア,3998205,長野県安曇野市豊科5633番地1,0263-73-5800,,縣事務長
116,110,2010,松本市営中央西駐車場　アイパーク伊勢町,3900811,長野県松本市中央2丁目3番33号,,,柳沢
116,110,2011,松本市営中央西駐車場　アイパーク伊勢町,3900811,長野県松本市中央2丁目3番33号,,,柳沢
116,110,2012,松本市営中央西駐車場　アイパーク伊勢町,3900811,長野県松本市中央2丁目3番33号,,,柳沢
116,110,2013,松本市営中央西駐車場　アイパーク伊勢町,3900811,長野県松本市中央2丁目3番33号,,,柳沢
116,110,2014,松本市営中央西駐車場　アイパーク伊勢町,3900811,長野県松本市中央2丁目3番33号,,,柳沢
117,111,2010,株式会社エイワ　穂高工場,3998302,長野県南安曇郡穂高町北穂高２８３３番１,0263-82-8226,,松岡　直哉
117,111,2011,株式会社エイワ　穂高工場,3998302,長野県南安曇郡穂高町北穂高２８３３番１,0263-82-8226,,松岡　直哉
117,111,2012,株式会社エイワ　穂高工場,3998302,長野県南安曇郡穂高町北穂高２８３３番１,0263-82-8226,,松岡　直哉
117,111,2013,株式会社エイワ　穂高工場,3998302,長野県南安曇郡穂高町北穂高２８３３番１,0263-82-8226,,松岡　直哉
117,111,2014,株式会社エイワ　穂高工場,3998302,長野県南安曇郡穂高町北穂高２８３３番１,0263-82-8226,,松岡　直哉
118,112,2010,寿小池公民館・小赤多目的研修センター,3990027,長野県松本市寿南1-39-5,,,三輪　典正
118,112,2011,寿小池公民館・小赤多目的研修センター,3990027,長野県松本市寿南1-39-5,,,三輪　典正
118,112,2012,寿小池公民館・小赤多目的研修センター,3990027,長野県松本市寿南1-39-5,,,三輪　典正
118,112,2013,寿小池公民館・小赤多目的研修センター,3990027,長野県松本市寿南1-39-5,,,三輪　典正
118,112,2014,寿小池公民館・小赤多目的研修センター,3990027,長野県松本市寿南1-39-5,,,三輪　典正
119,113,2010,牛伏寺,3990023,長野県松本市内田2573,0263-58-3178,,大谷　秀雄
119,113,2011,牛伏寺,3990023,長野県松本市内田2573,0263-58-3178,,大谷　秀雄
119,113,2012,牛伏寺,3990023,長野県松本市内田2573,0263-58-3178,,大谷　秀雄
119,113,2013,牛伏寺,3990023,長野県松本市内田2573,0263-58-3178,,大谷　秀雄
119,113,2014,牛伏寺,3990023,長野県松本市内田2573,0263-58-3178,,大谷　秀雄
121,115,2010,しなのポリマー株式会社　塩尻工場,3990705,長野県塩尻市大字広丘堅石2146番地5,0263-54-1010,,赤羽　敏文
121,115,2011,しなのポリマー株式会社　塩尻工場,3990705,長野県塩尻市大字広丘堅石2146番地5,0263-54-1010,,赤羽　敏文
121,115,2012,しなのポリマー株式会社　塩尻工場,3990705,長野県塩尻市大字広丘堅石2146番地5,0263-54-1010,,赤羽　敏文
121,115,2013,しなのポリマー株式会社　塩尻工場,3990705,長野県塩尻市大字広丘堅石2146番地5,0263-54-1010,,赤羽　敏文
121,115,2014,しなのポリマー株式会社　塩尻工場,3990705,長野県塩尻市大字広丘堅石2146番地5,0263-54-1010,,赤羽　敏文
124,118,2010,河西商事本町ビル,3900811,長野県松本市中央2-1-34,,,芹沢　正三
124,118,2011,河西商事本町ビル,3900811,長野県松本市中央2-1-34,,,芹沢　正三
124,118,2012,河西商事本町ビル,3900811,長野県松本市中央2-1-34,,,芹沢　正三
124,118,2013,河西商事本町ビル,3900811,長野県松本市中央2-1-34,,,芹沢　正三
124,118,2014,河西商事本町ビル,3900811,長野県松本市中央2-1-34,,,芹沢　正三
125,119,2010,ロン・都 南松本店,3990014,長野県松本市平田東1-30-2,0263-57-7111,,柳沢　幸三
125,119,2011,ロン・都 南松本店,3990014,長野県松本市平田東1-30-2,0263-57-7111,,柳沢　幸三
125,119,2012,ロン・都 南松本店,3990014,長野県松本市平田東1-30-2,0263-57-7111,,柳沢　幸三
125,119,2013,ロン・都 南松本店,3990014,長野県松本市平田東1-30-2,0263-57-7111,,柳沢　幸三
125,119,2014,ロン・都 南松本店,3990014,長野県松本市平田東1-30-2,0263-57-7111,,柳沢　幸三
126,120,2010,ホクト株式会社　松本支店,3990031,長野県松本市芳川小屋605-3,0263-58-3491,,前田支店長
126,120,2011,ホクト株式会社　松本支店,3990031,長野県松本市芳川小屋605-3,0263-58-3491,,前田支店長
126,120,2012,ホクト株式会社　松本支店,3990031,長野県松本市芳川小屋605-3,0263-58-3491,,前田支店長
126,120,2013,ホクト株式会社　松本支店,3990031,長野県松本市芳川小屋605-3,0263-58-3491,,前田支店長
126,120,2014,ホクト株式会社　松本支店,3990031,長野県松本市芳川小屋605-3,0263-58-3491,,前田支店長
128,122,2010,炭火焼肉　味楽苑,3900811,長野県松本市中央１丁目１４番１２号,0263-35-3307,0263-35-3304,松谷　相徳
128,122,2011,炭火焼肉　味楽苑,3900811,長野県松本市中央１丁目１４番１２号,0263-35-3307,0263-35-3304,松谷　相徳
128,122,2012,炭火焼肉　味楽苑,3900811,長野県松本市中央１丁目１４番１２号,0263-35-3307,0263-35-3304,松谷　相徳
128,122,2013,炭火焼肉　味楽苑,3900811,長野県松本市中央１丁目１４番１２号,0263-35-3307,0263-35-3304,松谷　相徳
128,122,2014,炭火焼肉　味楽苑,3900811,長野県松本市中央１丁目１４番１２号,0263-35-3307,0263-35-3304,松谷　相徳
130,124,2010,はた敬老園,3901401,長野県東筑摩郡波田町３０２３,0263-92-2036,,奥原　達幸
130,124,2011,はた敬老園,3901401,長野県東筑摩郡波田町３０２３,0263-92-2036,,奥原　達幸
130,124,2012,はた敬老園,3901401,長野県東筑摩郡波田町３０２３,0263-92-2036,,奥原　達幸
130,124,2013,はた敬老園,3901401,長野県東筑摩郡波田町３０２３,0263-92-2036,,奥原　達幸
130,124,2014,はた敬老園,3901401,長野県東筑摩郡波田町３０２３,0263-92-2036,,奥原　達幸
132,126,2010,信濃電材株式会社,3900828,長野県松本市庄内3-6-12,0263-26-6062,,
132,126,2011,信濃電材株式会社,3900828,長野県松本市庄内3-6-12,0263-26-6062,,
132,126,2012,信濃電材株式会社,3900828,長野県松本市庄内3-6-12,0263-26-6062,,
132,126,2013,信濃電材株式会社,3900828,長野県松本市庄内3-6-12,0263-26-6062,,
132,126,2014,信濃電材株式会社,3900828,長野県松本市庄内3-6-12,0263-26-6062,,
134,89,2010,株式会社日本タネセンター,3990033,長野県松本市笹賀6146番地3,0263-26-0565,,半戸（ｻｽﾅｶ通信）
134,89,2011,株式会社日本タネセンター,3990033,長野県松本市笹賀6146番地3,0263-26-0565,,半戸（ｻｽﾅｶ通信）
134,89,2012,株式会社日本タネセンター,3990033,長野県松本市笹賀6146番地3,0263-26-0565,,半戸（ｻｽﾅｶ通信）
134,89,2013,株式会社日本タネセンター,3990033,長野県松本市笹賀6146番地3,0263-26-0565,,半戸（ｻｽﾅｶ通信）
134,89,2014,株式会社日本タネセンター,3990033,長野県松本市笹賀6146番地3,0263-26-0565,,半戸（ｻｽﾅｶ通信）
135,129,2010,株式会社マル井,3998205,長野県安曇野市豊科4932,0263-72-2562,,井口　浩司
135,129,2011,株式会社マル井,3998205,長野県安曇野市豊科4932,0263-72-2562,,井口　浩司
135,129,2012,株式会社マル井,3998205,長野県安曇野市豊科4932,0263-72-2562,,井口　浩司
135,129,2013,株式会社マル井,3998205,長野県安曇野市豊科4932,0263-72-2562,,井口　浩司
135,129,2014,株式会社マル井,3998205,長野県安曇野市豊科4932,0263-72-2562,,井口　浩司
136,130,2010,精神障害者生活訓練施設　援護寮　アルプスドミトリー,3998201,長野県安曇野市豊科南穂高3046-1,0263-72-6212,,河原　淳史
136,130,2011,精神障害者生活訓練施設　援護寮　アルプスドミトリー,3998201,長野県安曇野市豊科南穂高3046-1,0263-72-6212,,河原　淳史
136,130,2012,精神障害者生活訓練施設　援護寮　アルプスドミトリー,3998201,長野県安曇野市豊科南穂高3046-1,0263-72-6212,,河原　淳史
136,130,2013,精神障害者生活訓練施設　援護寮　アルプスドミトリー,3998201,長野県安曇野市豊科南穂高3046-1,0263-72-6212,,河原　淳史
136,130,2014,精神障害者生活訓練施設　援護寮　アルプスドミトリー,3998201,長野県安曇野市豊科南穂高3046-1,0263-72-6212,,河原　淳史
137,131,2010,アトム運輸株式会社　安曇野工場,3998204,長野県安曇野市豊科高家1178-1,0263-71-6060,0263-71-6061,胡桃沢　庄治
137,131,2011,アトム運輸株式会社　安曇野工場,3998204,長野県安曇野市豊科高家1178-1,0263-71-6060,0263-71-6061,胡桃沢　庄治
137,131,2012,アトム運輸株式会社　安曇野工場,3998204,長野県安曇野市豊科高家1178-1,0263-71-6060,0263-71-6061,胡桃沢　庄治
137,131,2013,アトム運輸株式会社　安曇野工場,3998204,長野県安曇野市豊科高家1178-1,0263-71-6060,0263-71-6061,胡桃沢　庄治
137,131,2014,アトム運輸株式会社　安曇野工場,3998204,長野県安曇野市豊科高家1178-1,0263-71-6060,0263-71-6061,胡桃沢　庄治
138,132,2010,はーぶの里診療所,3998602,長野県北安曇郡池田町大字会染4855番地1,0261-62-0210,0261-62-0211,佐藤敏行
138,132,2011,はーぶの里診療所,3998602,長野県北安曇郡池田町大字会染4855番地1,0261-62-0210,0261-62-0211,佐藤敏行
138,132,2012,はーぶの里診療所,3998602,長野県北安曇郡池田町大字会染4855番地1,0261-62-0210,0261-62-0211,佐藤敏行
138,132,2013,はーぶの里診療所,3998602,長野県北安曇郡池田町大字会染4855番地1,0261-62-0210,0261-62-0211,佐藤敏行
138,132,2014,はーぶの里診療所,3998602,長野県北安曇郡池田町大字会染4855番地1,0261-62-0210,0261-62-0211,佐藤敏行
142,136,2010,あすなろ信用組合,3900803,長野県松本市元町3丁目4番45号,0263-35-4177,,関口　正美
142,136,2011,あすなろ信用組合,3900803,長野県松本市元町3丁目4番45号,0263-35-4177,,関口　正美
142,136,2012,あすなろ信用組合,3900803,長野県松本市元町3丁目4番45号,0263-35-4177,,関口　正美
142,136,2013,あすなろ信用組合,3900803,長野県松本市元町3丁目4番45号,0263-35-4177,,関口　正美
142,136,2014,あすなろ信用組合,3900803,長野県松本市元町3丁目4番45号,0263-35-4177,,関口　正美
143,137,2010,今井医院,3990701,長野県塩尻市大字広丘吉田858,0263-58-1165,,今井　洋輔
143,137,2011,今井医院,3990701,長野県塩尻市大字広丘吉田858,0263-58-1165,,今井　洋輔
143,137,2012,今井医院,3990701,長野県塩尻市大字広丘吉田858,0263-58-1165,,今井　洋輔
143,137,2013,今井医院,3990701,長野県塩尻市大字広丘吉田858,0263-58-1165,,今井　洋輔
143,137,2014,今井医院,3990701,長野県塩尻市大字広丘吉田858,0263-58-1165,,今井　洋輔
144,138,2010,株式会社開運堂　平田店,3990014,長野県松本市平田東３－１－７,0263-86-1995,,上松　英美子
144,138,2011,株式会社開運堂　平田店,3990014,長野県松本市平田東３－１－７,0263-86-1995,,上松　英美子
144,138,2012,株式会社開運堂　平田店,3990014,長野県松本市平田東３－１－７,0263-86-1995,,上松　英美子
144,138,2013,株式会社開運堂　平田店,3990014,長野県松本市平田東３－１－７,0263-86-1995,,上松　英美子
144,138,2014,株式会社開運堂　平田店,3990014,長野県松本市平田東３－１－７,0263-86-1995,,上松　英美子
145,139,2010,株式会社開運堂　豊科インター店,,長野県安曇野市豊科南穂高１１１５,0263-73-8811,,棟居　泰子
145,139,2011,株式会社開運堂　豊科インター店,,長野県安曇野市豊科南穂高１１１５,0263-73-8811,,棟居　泰子
145,139,2012,株式会社開運堂　豊科インター店,,長野県安曇野市豊科南穂高１１１５,0263-73-8811,,棟居　泰子
145,139,2013,株式会社開運堂　豊科インター店,,長野県安曇野市豊科南穂高１１１５,0263-73-8811,,棟居　泰子
145,139,2014,株式会社開運堂　豊科インター店,,長野県安曇野市豊科南穂高１１１５,0263-73-8811,,棟居　泰子
146,140,2010,甲信越福山通運株式会社　伊那支店,3994511,長野県上伊那郡南箕輪村字北原1628-462,0265-74-9921,,豊島　弘之
146,140,2011,甲信越福山通運株式会社　伊那支店,3994511,長野県上伊那郡南箕輪村字北原1628-462,0265-74-9921,,豊島　弘之
146,140,2012,甲信越福山通運株式会社　伊那支店,3994511,長野県上伊那郡南箕輪村字北原1628-462,0265-74-9921,,豊島　弘之
146,140,2013,甲信越福山通運株式会社　伊那支店,3994511,長野県上伊那郡南箕輪村字北原1628-462,0265-74-9921,,豊島　弘之
146,140,2014,甲信越福山通運株式会社　伊那支店,3994511,長野県上伊那郡南箕輪村字北原1628-462,0265-74-9921,,豊島　弘之
147,141,2010,サンニクス株式会社,3901401,長野県東筑摩郡波田町9949番地1,0263-92-2455,0263-92-4260,松井　和重
147,141,2011,サンニクス株式会社,3901401,長野県東筑摩郡波田町9949番地1,0263-92-2455,0263-92-4260,松井　和重
147,141,2012,サンニクス株式会社,3901401,長野県東筑摩郡波田町9949番地1,0263-92-2455,0263-92-4260,松井　和重
147,141,2013,サンニクス株式会社,3901401,長野県東筑摩郡波田町9949番地1,0263-92-2455,0263-92-4260,松井　和重
147,141,2014,サンニクス株式会社,3901401,長野県東筑摩郡波田町9949番地1,0263-92-2455,0263-92-4260,松井　和重
148,142,2010,宗教法人神宮寺,3900303,長野県松本市浅間温泉3丁目21番1号,0263-46-0096,0263-46-3919,高橋　通方
148,142,2011,宗教法人神宮寺,3900303,長野県松本市浅間温泉3丁目21番1号,0263-46-0096,0263-46-3919,高橋　通方
148,142,2012,宗教法人神宮寺,3900303,長野県松本市浅間温泉3丁目21番1号,0263-46-0096,0263-46-3919,高橋　通方
148,142,2013,宗教法人神宮寺,3900303,長野県松本市浅間温泉3丁目21番1号,0263-46-0096,0263-46-3919,高橋　通方
148,142,2014,宗教法人神宮寺,3900303,長野県松本市浅間温泉3丁目21番1号,0263-46-0096,0263-46-3919,高橋　通方
149,143,2010,株式会社たかぎ,3900874,長野県松本市大手3-5-12,0263-32-5337,,高木　健
149,143,2011,株式会社たかぎ,3900874,長野県松本市大手3-5-12,0263-32-5337,,高木　健
149,143,2012,株式会社たかぎ,3900874,長野県松本市大手3-5-12,0263-32-5337,,高木　健
149,143,2013,株式会社たかぎ,3900874,長野県松本市大手3-5-12,0263-32-5337,,高木　健
149,143,2014,株式会社たかぎ,3900874,長野県松本市大手3-5-12,0263-32-5337,,高木　健
150,144,2010,株式会社デリカ,3901242,長野県松本市大字和田5511-11,0263-48-1184,,山田　詔一
150,144,2011,株式会社デリカ,3901242,長野県松本市大字和田5511-11,0263-48-1184,,山田　詔一
150,144,2012,株式会社デリカ,3901242,長野県松本市大字和田5511-11,0263-48-1184,,山田　詔一
150,144,2013,株式会社デリカ,3901242,長野県松本市大字和田5511-11,0263-48-1184,,山田　詔一
150,144,2014,株式会社デリカ,3901242,長野県松本市大字和田5511-11,0263-48-1184,,山田　詔一
151,145,2010,有限会社中谷塗装店,3900837,長野県松本市鎌田１丁目１５番２４号,0263-25-2525,,中谷　寛幸
151,145,2011,有限会社中谷塗装店,3900837,長野県松本市鎌田１丁目１５番２４号,0263-25-2525,,中谷　寛幸
151,145,2012,有限会社中谷塗装店,3900837,長野県松本市鎌田１丁目１５番２４号,0263-25-2525,,中谷　寛幸
151,145,2013,有限会社中谷塗装店,3900837,長野県松本市鎌田１丁目１５番２４号,0263-25-2525,,中谷　寛幸
151,145,2014,有限会社中谷塗装店,3900837,長野県松本市鎌田１丁目１５番２４号,0263-25-2525,,中谷　寛幸
152,146,2010,有限会社信濃クリーナー,3990005,長野県松本市野溝木工１丁目８番３６号,0263-27-2550,,金原　正一
152,146,2011,有限会社信濃クリーナー,3990005,長野県松本市野溝木工１丁目８番３６号,0263-27-2550,,金原　正一
152,146,2012,有限会社信濃クリーナー,3990005,長野県松本市野溝木工１丁目８番３６号,0263-27-2550,,金原　正一
152,146,2013,有限会社信濃クリーナー,3990005,長野県松本市野溝木工１丁目８番３６号,0263-27-2550,,金原　正一
152,146,2014,有限会社信濃クリーナー,3990005,長野県松本市野溝木工１丁目８番３６号,0263-27-2550,,金原　正一
153,147,2010,株式会社松本微生物研究所,3901241,長野県松本市新村2904番地,0263-47-2078,,北原　伸一
153,147,2011,株式会社松本微生物研究所,3901241,長野県松本市新村2904番地,0263-47-2078,,北原　伸一
153,147,2012,株式会社松本微生物研究所,3901241,長野県松本市新村2904番地,0263-47-2078,,北原　伸一
153,147,2013,株式会社松本微生物研究所,3901241,長野県松本市新村2904番地,0263-47-2078,,北原　伸一
153,147,2014,株式会社松本微生物研究所,3901241,長野県松本市新村2904番地,0263-47-2078,,北原　伸一
154,148,2010,株式会社鍋屋商店　神林営業所,3901243,長野県松本市神林南荒井4840-4,,,滝澤　章文
154,148,2011,株式会社鍋屋商店　神林営業所,3901243,長野県松本市神林南荒井4840-4,,,滝澤　章文
154,148,2012,株式会社鍋屋商店　神林営業所,3901243,長野県松本市神林南荒井4840-4,,,滝澤　章文
154,148,2013,株式会社鍋屋商店　神林営業所,3901243,長野県松本市神林南荒井4840-4,,,滝澤　章文
154,148,2014,株式会社鍋屋商店　神林営業所,3901243,長野県松本市神林南荒井4840-4,,,滝澤　章文
155,149,2010,三輪眼科医院,3990007,長野県松本市石芝3-5-3,0263-28-1138,,三輪　正人
155,149,2011,三輪眼科医院,3990007,長野県松本市石芝3-5-3,0263-28-1138,,三輪　正人
155,149,2012,三輪眼科医院,3990007,長野県松本市石芝3-5-3,0263-28-1138,,三輪　正人
155,149,2013,三輪眼科医院,3990007,長野県松本市石芝3-5-3,0263-28-1138,,三輪　正人
155,149,2014,三輪眼科医院,3990007,長野県松本市石芝3-5-3,0263-28-1138,,三輪　正人
158,152,2010,株式会社山口特殊印刷,3998102,長野県安曇野市三郷温3669-2,0263-77-6500,,藤林　実
158,152,2011,株式会社山口特殊印刷,3998102,長野県安曇野市三郷温3669-2,0263-77-6500,,藤林　実
158,152,2012,株式会社山口特殊印刷,3998102,長野県安曇野市三郷温3669-2,0263-77-6500,,藤林　実
158,152,2013,株式会社山口特殊印刷,3998102,長野県安曇野市三郷温3669-2,0263-77-6500,,藤林　実
158,152,2014,株式会社山口特殊印刷,3998102,長野県安曇野市三郷温3669-2,0263-77-6500,,藤林　実
159,153,2010,JAあづみ農業協同組合　南部選果所　果実流通センター,3901702,長野県松本市梓川梓4735,,,中嶋　浩一
159,153,2011,JAあづみ農業協同組合　南部選果所　果実流通センター,3901702,長野県松本市梓川梓4735,,,中嶋　浩一
159,153,2012,JAあづみ農業協同組合　南部選果所　果実流通センター,3901702,長野県松本市梓川梓4735,,,中嶋　浩一
159,153,2013,JAあづみ農業協同組合　南部選果所　果実流通センター,3901702,長野県松本市梓川梓4735,,,中嶋　浩一
159,153,2014,JAあづみ農業協同組合　南部選果所　果実流通センター,3901702,長野県松本市梓川梓4735,,,中嶋　浩一
160,153,2010,JAあづみ農業協同組合　中央選果所　果実流通センター,3998102,長野県安曇野市三郷温1279-4,,,水谷　孔彦
160,153,2011,JAあづみ農業協同組合　中央選果所　果実流通センター,3998102,長野県安曇野市三郷温1279-4,,,水谷　孔彦
160,153,2012,JAあづみ農業協同組合　中央選果所　果実流通センター,3998102,長野県安曇野市三郷温1279-4,,,水谷　孔彦
160,153,2013,JAあづみ農業協同組合　中央選果所　果実流通センター,3998102,長野県安曇野市三郷温1279-4,,,水谷　孔彦
160,153,2014,JAあづみ農業協同組合　中央選果所　果実流通センター,3998102,長野県安曇野市三郷温1279-4,,,水谷　孔彦
161,153,2010,JAあづみ農業協同組合　小倉選果所　果実流通センター,3998103,長野県安曇野市三郷小倉3478-1,,,水谷　孔彦
161,153,2011,JAあづみ農業協同組合　小倉選果所　果実流通センター,3998103,長野県安曇野市三郷小倉3478-1,,,水谷　孔彦
161,153,2012,JAあづみ農業協同組合　小倉選果所　果実流通センター,3998103,長野県安曇野市三郷小倉3478-1,,,水谷　孔彦
161,153,2013,JAあづみ農業協同組合　小倉選果所　果実流通センター,3998103,長野県安曇野市三郷小倉3478-1,,,水谷　孔彦
161,153,2014,JAあづみ農業協同組合　小倉選果所　果実流通センター,3998103,長野県安曇野市三郷小倉3478-1,,,水谷　孔彦
162,156,2010,城東ハウス,3900807,長野県松本市城東1-3-1,0263-32-6170,,
162,156,2011,城東ハウス,3900807,長野県松本市城東1-3-1,0263-32-6170,,
162,156,2012,城東ハウス,3900807,長野県松本市城東1-3-1,0263-32-6170,,
162,156,2013,城東ハウス,3900807,長野県松本市城東1-3-1,0263-32-6170,,
162,156,2014,城東ハウス,3900807,長野県松本市城東1-3-1,0263-32-6170,,
165,159,2010,株式会社プラスワン岡谷店,3940083,長野県岡谷市長地柴宮２９８１－５,0266-26-0083,0266-26-8505,皆川　貴志
165,159,2011,株式会社プラスワン岡谷店,3940083,長野県岡谷市長地柴宮２９８１－５,0266-26-0083,0266-26-8505,皆川　貴志
165,159,2012,株式会社プラスワン岡谷店,3940083,長野県岡谷市長地柴宮２９８１－５,0266-26-0083,0266-26-8505,皆川　貴志
165,159,2013,株式会社プラスワン岡谷店,3940083,長野県岡谷市長地柴宮２９８１－５,0266-26-0083,0266-26-8505,皆川　貴志
165,159,2014,株式会社プラスワン岡谷店,3940083,長野県岡谷市長地柴宮２９８１－５,0266-26-0083,0266-26-8505,皆川　貴志
166,160,2010,聖南育苗センター,3997501,長野県東筑摩郡筑北村大字西条3761,0263-66-2265,,丸山　倫章
166,160,2011,聖南育苗センター,3997501,長野県東筑摩郡筑北村大字西条3761,0263-66-2265,,丸山　倫章
166,160,2012,聖南育苗センター,3997501,長野県東筑摩郡筑北村大字西条3761,0263-66-2265,,丸山　倫章
166,160,2013,聖南育苗センター,3997501,長野県東筑摩郡筑北村大字西条3761,0263-66-2265,,丸山　倫章
166,160,2014,聖南育苗センター,3997501,長野県東筑摩郡筑北村大字西条3761,0263-66-2265,,丸山　倫章
167,634,2010,ヤンマー農機販売株式会社　南信アグリサポートセンター,3994511,長野県上伊那郡南箕輪村神子柴8288,0265-78-3102,,後藤　俊夫
167,634,2011,ヤンマー農機販売株式会社　南信アグリサポートセンター,3994511,長野県上伊那郡南箕輪村神子柴8288,0265-78-3102,,後藤　俊夫
167,634,2012,ヤンマー農機販売株式会社　南信アグリサポートセンター,3994511,長野県上伊那郡南箕輪村神子柴8288,0265-78-3102,,後藤　俊夫
167,634,2013,ヤンマー農機販売株式会社　南信アグリサポートセンター,3994511,長野県上伊那郡南箕輪村神子柴8288,0265-78-3102,,後藤　俊夫
167,634,2014,ヤンマー農機販売株式会社　南信アグリサポートセンター,3994511,長野県上伊那郡南箕輪村神子柴8288,0265-78-3102,,後藤　俊夫
169,164,2010,ショートステイローズガーデン,3900823,長野県松本市大字中山6788番地38,0263-57-1801,0263-57-1803,市川　勝利
169,164,2011,ショートステイローズガーデン,3900823,長野県松本市大字中山6788番地38,0263-57-1801,0263-57-1803,市川　勝利
169,164,2012,ショートステイローズガーデン,3900823,長野県松本市大字中山6788番地38,0263-57-1801,0263-57-1803,市川　勝利
169,164,2013,ショートステイローズガーデン,3900823,長野県松本市大字中山6788番地38,0263-57-1801,0263-57-1803,市川　勝利
169,164,2014,ショートステイローズガーデン,3900823,長野県松本市大字中山6788番地38,0263-57-1801,0263-57-1803,市川　勝利
173,168,2010,西耕地公民会,3901131,長野県松本市大字今井西耕地2413,,,町会長
173,168,2011,西耕地公民会,3901131,長野県松本市大字今井西耕地2413,,,町会長
173,168,2012,西耕地公民会,3901131,長野県松本市大字今井西耕地2413,,,町会長
173,168,2013,西耕地公民会,3901131,長野県松本市大字今井西耕地2413,,,町会長
173,168,2014,西耕地公民会,3901131,長野県松本市大字今井西耕地2413,,,町会長
174,235,2010,ニチエイ　ライズ　筑摩店,3900827,長野県松本市出川1-2-8,0263-27-9055,,小松　信治
174,235,2011,ニチエイ　ライズ　筑摩店,3900827,長野県松本市出川1-2-8,0263-27-9055,,小松　信治
174,235,2012,ニチエイ　ライズ　筑摩店,3900827,長野県松本市出川1-2-8,0263-27-9055,,小松　信治
174,235,2013,ニチエイ　ライズ　筑摩店,3900827,長野県松本市出川1-2-8,0263-27-9055,,小松　信治
174,235,2014,ニチエイ　ライズ　筑摩店,3900827,長野県松本市出川1-2-8,0263-27-9055,,小松　信治
175,170,2010,ジャパンオイルネットワーク株式会社　松本油槽所,3990004,長野県松本市市場11-28,0263-25-9200,0263-27-3595,倉岡　孝行
175,170,2011,ジャパンオイルネットワーク株式会社　松本油槽所,3990004,長野県松本市市場11-28,0263-25-9200,0263-27-3595,倉岡　孝行
175,170,2012,ジャパンオイルネットワーク株式会社　松本油槽所,3990004,長野県松本市市場11-28,0263-25-9200,0263-27-3595,倉岡　孝行
175,170,2013,ジャパンオイルネットワーク株式会社　松本油槽所,3990004,長野県松本市市場11-28,0263-25-9200,0263-27-3595,倉岡　孝行
175,170,2014,ジャパンオイルネットワーク株式会社　松本油槽所,3990004,長野県松本市市場11-28,0263-25-9200,0263-27-3595,倉岡　孝行
176,171,2010,ペンションＪハウス,3970302,長野県木曽郡木曽町開田高原西野6322-218,0264-44-2219,,松井　淳一
176,171,2011,ペンションＪハウス,3970302,長野県木曽郡木曽町開田高原西野6322-218,0264-44-2219,,松井　淳一
176,171,2012,ペンションＪハウス,3970302,長野県木曽郡木曽町開田高原西野6322-218,0264-44-2219,,松井　淳一
176,171,2013,ペンションＪハウス,3970302,長野県木曽郡木曽町開田高原西野6322-218,0264-44-2219,,松井　淳一
176,171,2014,ペンションＪハウス,3970302,長野県木曽郡木曽町開田高原西野6322-218,0264-44-2219,,松井　淳一
177,172,2010,須佐渡食堂,3998211,長野県安曇野市堀金烏川岩原40-6,0263-73-2287,,百瀬　和宏
177,172,2011,須佐渡食堂,3998211,長野県安曇野市堀金烏川岩原40-6,0263-73-2287,,百瀬　和宏
177,172,2012,須佐渡食堂,3998211,長野県安曇野市堀金烏川岩原40-6,0263-73-2287,,百瀬　和宏
177,172,2013,須佐渡食堂,3998211,長野県安曇野市堀金烏川岩原40-6,0263-73-2287,,百瀬　和宏
177,172,2014,須佐渡食堂,3998211,長野県安曇野市堀金烏川岩原40-6,0263-73-2287,,百瀬　和宏
179,620,2010,医療法人篠崎医院　豊科診療所,3998204,長野県安曇野市高家5089番地1,0263-71-6311,,野村　雄一
179,620,2011,医療法人篠崎医院　豊科診療所,3998204,長野県安曇野市高家5089番地1,0263-71-6311,,野村　雄一
179,620,2012,医療法人篠崎医院　豊科診療所,3998204,長野県安曇野市高家5089番地1,0263-71-6311,,野村　雄一
179,620,2013,医療法人篠崎医院　豊科診療所,3998204,長野県安曇野市高家5089番地1,0263-71-6311,,野村　雄一
179,620,2014,医療法人篠崎医院　豊科診療所,3998204,長野県安曇野市高家5089番地1,0263-71-6311,,野村　雄一
180,620,2010,特別養護老人ホームたきべ野,3998204,長野県安曇野市高家5090番地1,0263-71-4165,,恩田　政利
180,620,2011,特別養護老人ホームたきべ野,3998204,長野県安曇野市高家5090番地1,0263-71-4165,,恩田　政利
180,620,2012,特別養護老人ホームたきべ野,3998204,長野県安曇野市高家5090番地1,0263-71-4165,,恩田　政利
180,620,2013,特別養護老人ホームたきべ野,3998204,長野県安曇野市高家5090番地1,0263-71-4165,,恩田　政利
180,620,2014,特別養護老人ホームたきべ野,3998204,長野県安曇野市高家5090番地1,0263-71-4165,,恩田　政利
182,178,2010,グループホームやすら木の家,3900852,長野県松本市島立2225-1,0263-40-3711,0263-47-5210,伊藤　日和
182,178,2011,グループホームやすら木の家,3900852,長野県松本市島立2225-1,0263-40-3711,0263-47-5210,伊藤　日和
182,178,2012,グループホームやすら木の家,3900852,長野県松本市島立2225-1,0263-40-3711,0263-47-5210,伊藤　日和
182,178,2013,グループホームやすら木の家,3900852,長野県松本市島立2225-1,0263-40-3711,0263-47-5210,伊藤　日和
182,178,2014,グループホームやすら木の家,3900852,長野県松本市島立2225-1,0263-40-3711,0263-47-5210,伊藤　日和
183,612,2010,おもしろスクエアＪＩＮＯＳ深志店,3900828,長野県松本市庄内１－３－１２,0263-34-0290,,
183,612,2011,おもしろスクエアＪＩＮＯＳ深志店,3900828,長野県松本市庄内１－３－１２,0263-34-0290,,
183,612,2012,おもしろスクエアＪＩＮＯＳ深志店,3900828,長野県松本市庄内１－３－１２,0263-34-0290,,
183,612,2013,おもしろスクエアＪＩＮＯＳ深志店,3900828,長野県松本市庄内１－３－１２,0263-34-0290,,
183,612,2014,おもしろスクエアＪＩＮＯＳ深志店,3900828,長野県松本市庄内１－３－１２,0263-34-0290,,
184,181,2010,森永乳業株式会社　松本工場,3900837,長野県松本市鎌田2-1-4,0263-26-0330,,横山　匡彦
184,181,2011,森永乳業株式会社　松本工場,3900837,長野県松本市鎌田2-1-4,0263-26-0330,,横山　匡彦
184,181,2012,森永乳業株式会社　松本工場,3900837,長野県松本市鎌田2-1-4,0263-26-0330,,横山　匡彦
184,181,2013,森永乳業株式会社　松本工場,3900837,長野県松本市鎌田2-1-4,0263-26-0330,,横山　匡彦
184,181,2014,森永乳業株式会社　松本工場,3900837,長野県松本市鎌田2-1-4,0263-26-0330,,横山　匡彦
185,182,2010,有限会社上條紙工,3901242,長野県松本市大字和田3967-30,0263-47-7006,0263-47-5535,上條　浩
185,182,2011,有限会社上條紙工,3901242,長野県松本市大字和田3967-30,0263-47-7006,0263-47-5535,上條　浩
185,182,2012,有限会社上條紙工,3901242,長野県松本市大字和田3967-30,0263-47-7006,0263-47-5535,上條　浩
185,182,2013,有限会社上條紙工,3901242,長野県松本市大字和田3967-30,0263-47-7006,0263-47-5535,上條　浩
185,182,2014,有限会社上條紙工,3901242,長野県松本市大字和田3967-30,0263-47-7006,0263-47-5535,上條　浩
186,611,2010,北大妻集落センター,3901701,長野県松本市梓川倭２３１－２,0263-78-6682,,中澤　高俊
186,611,2011,北大妻集落センター,3901701,長野県松本市梓川倭２３１－２,0263-78-6682,,中澤　高俊
186,611,2012,北大妻集落センター,3901701,長野県松本市梓川倭２３１－２,0263-78-6682,,中澤　高俊
186,611,2013,北大妻集落センター,3901701,長野県松本市梓川倭２３１－２,0263-78-6682,,中澤　高俊
186,611,2014,北大妻集落センター,3901701,長野県松本市梓川倭２３１－２,0263-78-6682,,中澤　高俊
188,343,2010,志賀高原ロッジ,3810401,下高井郡山ノ内町平穏7148,0269-34-2618,,
188,343,2011,志賀高原ロッジ,3810401,下高井郡山ノ内町平穏7148,0269-34-2618,,
188,343,2012,志賀高原ロッジ,3810401,下高井郡山ノ内町平穏7148,0269-34-2618,,
188,343,2013,志賀高原ロッジ,3810401,下高井郡山ノ内町平穏7148,0269-34-2618,,
188,343,2014,志賀高原ロッジ,3810401,下高井郡山ノ内町平穏7148,0269-34-2618,,
190,235,2010,ニチエイ　ファイヤー　東通り店,3800906,長野県長野市鶴賀七瀬272-1,026-264-5510,,
190,235,2011,ニチエイ　ファイヤー　東通り店,3800906,長野県長野市鶴賀七瀬272-1,026-264-5510,,
190,235,2012,ニチエイ　ファイヤー　東通り店,3800906,長野県長野市鶴賀七瀬272-1,026-264-5510,,
190,235,2013,ニチエイ　ファイヤー　東通り店,3800906,長野県長野市鶴賀七瀬272-1,026-264-5510,,
190,235,2014,ニチエイ　ファイヤー　東通り店,3800906,長野県長野市鶴賀七瀬272-1,026-264-5510,,
192,189,2010,おもしろスクエアＪＩＮＯＳ深志店,3900828,長野県松本市庄内１－３－１２,0263-33-7755,0263-34-2077,
192,189,2011,おもしろスクエアＪＩＮＯＳ深志店,3900828,長野県松本市庄内１－３－１２,0263-33-7755,0263-34-2077,
192,189,2012,おもしろスクエアＪＩＮＯＳ深志店,3900828,長野県松本市庄内１－３－１２,0263-33-7755,0263-34-2077,
192,189,2013,おもしろスクエアＪＩＮＯＳ深志店,3900828,長野県松本市庄内１－３－１２,0263-33-7755,0263-34-2077,
192,189,2014,おもしろスクエアＪＩＮＯＳ深志店,3900828,長野県松本市庄内１－３－１２,0263-33-7755,0263-34-2077,
193,189,2010,おもしろ広場１００万㌦　おおまち店,3980004,長野県大町市常盤字上橋６９０６－１４３,0261-23-4601,0261-23-4602,
193,189,2011,おもしろ広場１００万㌦　おおまち店,3980004,長野県大町市常盤字上橋６９０６－１４３,0261-23-4601,0261-23-4602,
193,189,2012,おもしろ広場１００万㌦　おおまち店,3980004,長野県大町市常盤字上橋６９０６－１４３,0261-23-4601,0261-23-4602,
193,189,2013,おもしろ広場１００万㌦　おおまち店,3980004,長野県大町市常盤字上橋６９０６－１４３,0261-23-4601,0261-23-4602,
193,189,2014,おもしろ広場１００万㌦　おおまち店,3980004,長野県大町市常盤字上橋６９０６－１４３,0261-23-4601,0261-23-4602,
194,189,2010,おもしろスクエアＪＩＮＯＳ豊科店,3998204,長野県安曇野市豊科高家３７７３－４,0263-72-3971,0263-72-8446,横山　隆行
194,189,2011,おもしろスクエアＪＩＮＯＳ豊科店,3998204,長野県安曇野市豊科高家３７７３－４,0263-72-3971,0263-72-8446,横山　隆行
194,189,2012,おもしろスクエアＪＩＮＯＳ豊科店,3998204,長野県安曇野市豊科高家３７７３－４,0263-72-3971,0263-72-8446,横山　隆行
194,189,2013,おもしろスクエアＪＩＮＯＳ豊科店,3998204,長野県安曇野市豊科高家３７７３－４,0263-72-3971,0263-72-8446,横山　隆行
194,189,2014,おもしろスクエアＪＩＮＯＳ豊科店,3998204,長野県安曇野市豊科高家３７７３－４,0263-72-3971,0263-72-8446,横山　隆行
196,621,2010,株式会社セコニック　安曇野事業所,3998601,長野県北安曇郡池田町大字池田2714番地,0261-62-9600,,北條　義明
196,621,2011,株式会社セコニック　安曇野事業所,3998601,長野県北安曇郡池田町大字池田2714番地,0261-62-9600,,北條　義明
196,621,2012,株式会社セコニック　安曇野事業所,3998601,長野県北安曇郡池田町大字池田2714番地,0261-62-9600,,北條　義明
196,621,2013,株式会社セコニック　安曇野事業所,3998601,長野県北安曇郡池田町大字池田2714番地,0261-62-9600,,北條　義明
196,621,2014,株式会社セコニック　安曇野事業所,3998601,長野県北安曇郡池田町大字池田2714番地,0261-62-9600,,北條　義明
197,621,2010,株式会社セコニック　安曇野事業所　多目的製品棟,3998601,長野県北安曇郡池田町大字池田2713-61,0261-62-9600,,北條　義明
197,621,2011,株式会社セコニック　安曇野事業所　多目的製品棟,3998601,長野県北安曇郡池田町大字池田2713-61,0261-62-9600,,北條　義明
197,621,2012,株式会社セコニック　安曇野事業所　多目的製品棟,3998601,長野県北安曇郡池田町大字池田2713-61,0261-62-9600,,北條　義明
197,621,2013,株式会社セコニック　安曇野事業所　多目的製品棟,3998601,長野県北安曇郡池田町大字池田2713-61,0261-62-9600,,北條　義明
197,621,2014,株式会社セコニック　安曇野事業所　多目的製品棟,3998601,長野県北安曇郡池田町大字池田2713-61,0261-62-9600,,北條　義明
198,621,2010,株式会社セコニック　安曇野寮,3998601,長野県北安曇郡池田町大字池田2714番地,0261-62-9600,,北條　義明
198,621,2011,株式会社セコニック　安曇野寮,3998601,長野県北安曇郡池田町大字池田2714番地,0261-62-9600,,北條　義明
198,621,2012,株式会社セコニック　安曇野寮,3998601,長野県北安曇郡池田町大字池田2714番地,0261-62-9600,,北條　義明
198,621,2013,株式会社セコニック　安曇野寮,3998601,長野県北安曇郡池田町大字池田2714番地,0261-62-9600,,北條　義明
198,621,2014,株式会社セコニック　安曇野寮,3998601,長野県北安曇郡池田町大字池田2714番地,0261-62-9600,,北條　義明
200,621,2010,株式会社セコニック　穂高保養所楽之荘,3998301,長野県安曇野市穂高有明877-126,,,高原　章善
200,621,2011,株式会社セコニック　穂高保養所楽之荘,3998301,長野県安曇野市穂高有明877-126,,,高原　章善
200,621,2012,株式会社セコニック　穂高保養所楽之荘,3998301,長野県安曇野市穂高有明877-126,,,高原　章善
200,621,2013,株式会社セコニック　穂高保養所楽之荘,3998301,長野県安曇野市穂高有明877-126,,,高原　章善
200,621,2014,株式会社セコニック　穂高保養所楽之荘,3998301,長野県安曇野市穂高有明877-126,,,高原　章善
201,198,2010,松本市立　中山保育園,3900823,長野県松本市中山4978,0263-58-4825,,渡辺園長
201,198,2011,松本市立　中山保育園,3900823,長野県松本市中山4978,0263-58-4825,,渡辺園長
201,198,2012,松本市立　中山保育園,3900823,長野県松本市中山4978,0263-58-4825,,渡辺園長
201,198,2013,松本市立　中山保育園,3900823,長野県松本市中山4978,0263-58-4825,,渡辺園長
201,198,2014,松本市立　中山保育園,3900823,長野県松本市中山4978,0263-58-4825,,渡辺園長
202,198,2010,松本市立　並柳保育園,3900825,長野県松本市並柳4-5-2,0263-25-5210,,丸山園長
202,198,2011,松本市立　並柳保育園,3900825,長野県松本市並柳4-5-2,0263-25-5210,,丸山園長
202,198,2012,松本市立　並柳保育園,3900825,長野県松本市並柳4-5-2,0263-25-5210,,丸山園長
202,198,2013,松本市立　並柳保育園,3900825,長野県松本市並柳4-5-2,0263-25-5210,,丸山園長
202,198,2014,松本市立　並柳保育園,3900825,長野県松本市並柳4-5-2,0263-25-5210,,丸山園長
203,198,2010,松本市立　さくら保育園,3900827,長野県松本市出川1-5-10,0263-26-1201,0263-26-1228,青木園長
203,198,2011,松本市立　さくら保育園,3900827,長野県松本市出川1-5-10,0263-26-1201,0263-26-1228,青木園長
203,198,2012,松本市立　さくら保育園,3900827,長野県松本市出川1-5-10,0263-26-1201,0263-26-1228,青木園長
203,198,2013,松本市立　さくら保育園,3900827,長野県松本市出川1-5-10,0263-26-1201,0263-26-1228,青木園長
203,198,2014,松本市立　さくら保育園,3900827,長野県松本市出川1-5-10,0263-26-1201,0263-26-1228,青木園長
204,198,2010,松本市立　宮田保育園,3990001,長野県松本市宮田17-18,0263-25-5888,,伊藤園長
204,198,2011,松本市立　宮田保育園,3990001,長野県松本市宮田17-18,0263-25-5888,,伊藤園長
204,198,2012,松本市立　宮田保育園,3990001,長野県松本市宮田17-18,0263-25-5888,,伊藤園長
204,198,2013,松本市立　宮田保育園,3990001,長野県松本市宮田17-18,0263-25-5888,,伊藤園長
204,198,2014,松本市立　宮田保育園,3990001,長野県松本市宮田17-18,0263-25-5888,,伊藤園長
205,198,2010,松本市立　新村保育園,3901241,長野県松本市新村2263-7,0263-47-2177,,召田園長
205,198,2011,松本市立　新村保育園,3901241,長野県松本市新村2263-7,0263-47-2177,,召田園長
205,198,2012,松本市立　新村保育園,3901241,長野県松本市新村2263-7,0263-47-2177,,召田園長
205,198,2013,松本市立　新村保育園,3901241,長野県松本市新村2263-7,0263-47-2177,,召田園長
205,198,2014,松本市立　新村保育園,3901241,長野県松本市新村2263-7,0263-47-2177,,召田園長
206,198,2010,松本市立　南郷保育園,3900804,長野県松本市横田3-23-1,0263-32-5456,,田村園長
206,198,2011,松本市立　南郷保育園,3900804,長野県松本市横田3-23-1,0263-32-5456,,田村園長
206,198,2012,松本市立　南郷保育園,3900804,長野県松本市横田3-23-1,0263-32-5456,,田村園長
206,198,2013,松本市立　南郷保育園,3900804,長野県松本市横田3-23-1,0263-32-5456,,田村園長
206,198,2014,松本市立　南郷保育園,3900804,長野県松本市横田3-23-1,0263-32-5456,,田村園長
207,198,2010,松本市立　中条保育園,3900816,長野県松本市中条4-8,0263-32-7044,,桐原園長
207,198,2011,松本市立　中条保育園,3900816,長野県松本市中条4-8,0263-32-7044,,桐原園長
207,198,2012,松本市立　中条保育園,3900816,長野県松本市中条4-8,0263-32-7044,,桐原園長
207,198,2013,松本市立　中条保育園,3900816,長野県松本市中条4-8,0263-32-7044,,桐原園長
207,198,2014,松本市立　中条保育園,3900816,長野県松本市中条4-8,0263-32-7044,,桐原園長
208,198,2010,松本市立　中山小学校,3900823,長野県松本市中山3517,0263-58-5823,,
208,198,2011,松本市立　中山小学校,3900823,長野県松本市中山3517,0263-58-5823,,
208,198,2012,松本市立　中山小学校,3900823,長野県松本市中山3517,0263-58-5823,,
208,198,2013,松本市立　中山小学校,3900823,長野県松本市中山3517,0263-58-5823,,
208,198,2014,松本市立　中山小学校,3900823,長野県松本市中山3517,0263-58-5823,,
209,198,2010,松本市立　芳川小学校,3990032,長野県松本市大字芳川村井町366,0263-58-2030,,木下教頭
209,198,2011,松本市立　芳川小学校,3990032,長野県松本市大字芳川村井町366,0263-58-2030,,木下教頭
209,198,2012,松本市立　芳川小学校,3990032,長野県松本市大字芳川村井町366,0263-58-2030,,木下教頭
209,198,2013,松本市立　芳川小学校,3990032,長野県松本市大字芳川村井町366,0263-58-2030,,木下教頭
209,198,2014,松本市立　芳川小学校,3990032,長野県松本市大字芳川村井町366,0263-58-2030,,木下教頭
210,198,2010,松本市立　並柳小学校,3900825,長野県松本市並柳4丁目9番1号,0263-26-6713,,
210,198,2011,松本市立　並柳小学校,3900825,長野県松本市並柳4丁目9番1号,0263-26-6713,,
210,198,2012,松本市立　並柳小学校,3900825,長野県松本市並柳4丁目9番1号,0263-26-6713,,
210,198,2013,松本市立　並柳小学校,3900825,長野県松本市並柳4丁目9番1号,0263-26-6713,,
210,198,2014,松本市立　並柳小学校,3900825,長野県松本市並柳4丁目9番1号,0263-26-6713,,
211,198,2010,松本市立　明善小学校,3990021,長野県松本市寿豊丘813-7,0263-58-3244,,
211,198,2011,松本市立　明善小学校,3990021,長野県松本市寿豊丘813-7,0263-58-3244,,
211,198,2012,松本市立　明善小学校,3990021,長野県松本市寿豊丘813-7,0263-58-3244,,
211,198,2013,松本市立　明善小学校,3990021,長野県松本市寿豊丘813-7,0263-58-3244,,
211,198,2014,松本市立　明善小学校,3990021,長野県松本市寿豊丘813-7,0263-58-3244,,
212,198,2010,松本市立　清水小学校,3900805,長野県松本市清水2丁目8番18号,0263-32-1210,,
212,198,2011,松本市立　清水小学校,3900805,長野県松本市清水2丁目8番18号,0263-32-1210,,
212,198,2012,松本市立　清水小学校,3900805,長野県松本市清水2丁目8番18号,0263-32-1210,,
212,198,2013,松本市立　清水小学校,3900805,長野県松本市清水2丁目8番18号,0263-32-1210,,
212,198,2014,松本市立　清水小学校,3900805,長野県松本市清水2丁目8番18号,0263-32-1210,,
213,198,2010,松本市立　明善中学校,3990021,長野県松本市寿豊丘812-1,0263-86-0044,,
213,198,2011,松本市立　明善中学校,3990021,長野県松本市寿豊丘812-1,0263-86-0044,,
213,198,2012,松本市立　明善中学校,3990021,長野県松本市寿豊丘812-1,0263-86-0044,,
213,198,2013,松本市立　明善中学校,3990021,長野県松本市寿豊丘812-1,0263-86-0044,,
213,198,2014,松本市立　明善中学校,3990021,長野県松本市寿豊丘812-1,0263-86-0044,,
214,198,2010,松本市立　信明中学校,3990007,長野県松本市石芝3-3-20,0263-25-3848,,
214,198,2011,松本市立　信明中学校,3990007,長野県松本市石芝3-3-20,0263-25-3848,,
214,198,2012,松本市立　信明中学校,3990007,長野県松本市石芝3-3-20,0263-25-3848,,
214,198,2013,松本市立　信明中学校,3990007,長野県松本市石芝3-3-20,0263-25-3848,,
214,198,2014,松本市立　信明中学校,3990007,長野県松本市石芝3-3-20,0263-25-3848,,
217,214,2010,伊藤内科医院,3900871,松本市桐2丁目2番39号,0263-33-7411,,伊藤哲朗
217,214,2011,伊藤内科医院,3900871,松本市桐2丁目2番39号,0263-33-7411,,伊藤哲朗
217,214,2012,伊藤内科医院,3900871,松本市桐2丁目2番39号,0263-33-7411,,伊藤哲朗
217,214,2013,伊藤内科医院,3900871,松本市桐2丁目2番39号,0263-33-7411,,伊藤哲朗
217,214,2014,伊藤内科医院,3900871,松本市桐2丁目2番39号,0263-33-7411,,伊藤哲朗
218,215,2010,内田繊維株式会社,3900813,松本市埋橋1丁目2番5号,0263-32-4404,,内田　正文
218,215,2011,内田繊維株式会社,3900813,松本市埋橋1丁目2番5号,0263-32-4404,,内田　正文
218,215,2012,内田繊維株式会社,3900813,松本市埋橋1丁目2番5号,0263-32-4404,,内田　正文
218,215,2013,内田繊維株式会社,3900813,松本市埋橋1丁目2番5号,0263-32-4404,,内田　正文
218,215,2014,内田繊維株式会社,3900813,松本市埋橋1丁目2番5号,0263-32-4404,,内田　正文
219,216,2010,魚長鮮魚株式会社,3900874,松本市大手5丁目4番4号,0263-35-4373,,
219,216,2011,魚長鮮魚株式会社,3900874,松本市大手5丁目4番4号,0263-35-4373,,
219,216,2012,魚長鮮魚株式会社,3900874,松本市大手5丁目4番4号,0263-35-4373,,
219,216,2013,魚長鮮魚株式会社,3900874,松本市大手5丁目4番4号,0263-35-4373,,
219,216,2014,魚長鮮魚株式会社,3900874,松本市大手5丁目4番4号,0263-35-4373,,
220,217,2010,株式会社遠條商店,3990033,松本市笹賀7600-12,0263-58-0556,,猿田　敏行
220,217,2011,株式会社遠條商店,3990033,松本市笹賀7600-12,0263-58-0556,,猿田　敏行
220,217,2012,株式会社遠條商店,3990033,松本市笹賀7600-12,0263-58-0556,,猿田　敏行
220,217,2013,株式会社遠條商店,3990033,松本市笹賀7600-12,0263-58-0556,,猿田　敏行
220,217,2014,株式会社遠條商店,3990033,松本市笹賀7600-12,0263-58-0556,,猿田　敏行
221,218,2010,株式会社メディックス昭和　大町工場,3980002,大町市大町6864-2,0261-23-4800,,
221,218,2011,株式会社メディックス昭和　大町工場,3980002,大町市大町6864-2,0261-23-4800,,
221,218,2012,株式会社メディックス昭和　大町工場,3980002,大町市大町6864-2,0261-23-4800,,
221,218,2013,株式会社メディックス昭和　大町工場,3980002,大町市大町6864-2,0261-23-4800,,
221,218,2014,株式会社メディックス昭和　大町工場,3980002,大町市大町6864-2,0261-23-4800,,
222,219,2010,特別養護老人ホーム　桔梗荘,3990704,塩尻市大字広丘郷原1683-1番地,0263-52-2376,,山田　透
222,219,2011,特別養護老人ホーム　桔梗荘,3990704,塩尻市大字広丘郷原1683-1番地,0263-52-2376,,山田　透
222,219,2012,特別養護老人ホーム　桔梗荘,3990704,塩尻市大字広丘郷原1683-1番地,0263-52-2376,,山田　透
222,219,2013,特別養護老人ホーム　桔梗荘,3990704,塩尻市大字広丘郷原1683-1番地,0263-52-2376,,山田　透
222,219,2014,特別養護老人ホーム　桔梗荘,3990704,塩尻市大字広丘郷原1683-1番地,0263-52-2376,,山田　透
223,219,2010,特別養護老人ホーム　サニーヒルきそ,3996201,木曽郡木祖村大字薮原842-2,0264-36-3820,,米山　徳彦
223,219,2011,特別養護老人ホーム　サニーヒルきそ,3996201,木曽郡木祖村大字薮原842-2,0264-36-3820,,米山　徳彦
223,219,2012,特別養護老人ホーム　サニーヒルきそ,3996201,木曽郡木祖村大字薮原842-2,0264-36-3820,,米山　徳彦
223,219,2013,特別養護老人ホーム　サニーヒルきそ,3996201,木曽郡木祖村大字薮原842-2,0264-36-3820,,米山　徳彦
223,219,2014,特別養護老人ホーム　サニーヒルきそ,3996201,木曽郡木祖村大字薮原842-2,0264-36-3820,,米山　徳彦
227,224,2010,株式会社デイリーはやしや　第一工場,3901242,長野県松本市大字和田南西原４０１０番地２８,0263-48-1616,,川手　重蔵
227,224,2011,株式会社デイリーはやしや　第一工場,3901242,長野県松本市大字和田南西原４０１０番地２８,0263-48-1616,,川手　重蔵
227,224,2012,株式会社デイリーはやしや　第一工場,3901242,長野県松本市大字和田南西原４０１０番地２８,0263-48-1616,,川手　重蔵
227,224,2013,株式会社デイリーはやしや　第一工場,3901242,長野県松本市大字和田南西原４０１０番地２８,0263-48-1616,,川手　重蔵
227,224,2014,株式会社デイリーはやしや　第一工場,3901242,長野県松本市大字和田南西原４０１０番地２８,0263-48-1616,,川手　重蔵
228,224,2010,株式会社デイリーはやしや　第二工場,3901242,長野県松本市大字和田南西原５５１１番地１５,0263-48-1600,,有賀　崇
228,224,2011,株式会社デイリーはやしや　第二工場,3901242,長野県松本市大字和田南西原５５１１番地１５,0263-48-1600,,有賀　崇
228,224,2012,株式会社デイリーはやしや　第二工場,3901242,長野県松本市大字和田南西原５５１１番地１５,0263-48-1600,,有賀　崇
228,224,2013,株式会社デイリーはやしや　第二工場,3901242,長野県松本市大字和田南西原５５１１番地１５,0263-48-1600,,有賀　崇
228,224,2014,株式会社デイリーはやしや　第二工場,3901242,長野県松本市大字和田南西原５５１１番地１５,0263-48-1600,,有賀　崇
229,224,2010,株式会社デイリーはやしや　本社,3901242,長野県松本市大字和田南西原４０１０番地２８,0263-48-1611,,下里　幸司
229,224,2011,株式会社デイリーはやしや　本社,3901242,長野県松本市大字和田南西原４０１０番地２８,0263-48-1611,,下里　幸司
229,224,2012,株式会社デイリーはやしや　本社,3901242,長野県松本市大字和田南西原４０１０番地２８,0263-48-1611,,下里　幸司
229,224,2013,株式会社デイリーはやしや　本社,3901242,長野県松本市大字和田南西原４０１０番地２８,0263-48-1611,,下里　幸司
229,224,2014,株式会社デイリーはやしや　本社,3901242,長野県松本市大字和田南西原４０１０番地２８,0263-48-1611,,下里　幸司
230,224,2010,株式会社デイリーはやしや　配送センター,3901242,長野県松本市大字和田南西原４０１０番地２８,0263-48-1611,,野嶋　豊
230,224,2011,株式会社デイリーはやしや　配送センター,3901242,長野県松本市大字和田南西原４０１０番地２８,0263-48-1611,,野嶋　豊
230,224,2012,株式会社デイリーはやしや　配送センター,3901242,長野県松本市大字和田南西原４０１０番地２８,0263-48-1611,,野嶋　豊
230,224,2013,株式会社デイリーはやしや　配送センター,3901242,長野県松本市大字和田南西原４０１０番地２８,0263-48-1611,,野嶋　豊
230,224,2014,株式会社デイリーはやしや　配送センター,3901242,長野県松本市大字和田南西原４０１０番地２８,0263-48-1611,,野嶋　豊
231,228,2010,有限会社塩尻造花,3990714,塩尻市大字堀ノ内1番地14,0263-52-0710,0263-54-2851,西村　郁雄
231,228,2011,有限会社塩尻造花,3990714,塩尻市大字堀ノ内1番地14,0263-52-0710,0263-54-2851,西村　郁雄
231,228,2012,有限会社塩尻造花,3990714,塩尻市大字堀ノ内1番地14,0263-52-0710,0263-54-2851,西村　郁雄
231,228,2013,有限会社塩尻造花,3990714,塩尻市大字堀ノ内1番地14,0263-52-0710,0263-54-2851,西村　郁雄
231,228,2014,有限会社塩尻造花,3990714,塩尻市大字堀ノ内1番地14,0263-52-0710,0263-54-2851,西村　郁雄
232,229,2010,農事組合法人中信えのき培養センター,3998101,安曇野市三郷明盛4581-1,0263-76-4155,,中村　義明
232,229,2011,農事組合法人中信えのき培養センター,3998101,安曇野市三郷明盛4581-1,0263-76-4155,,中村　義明
232,229,2012,農事組合法人中信えのき培養センター,3998101,安曇野市三郷明盛4581-1,0263-76-4155,,中村　義明
232,229,2013,農事組合法人中信えのき培養センター,3998101,安曇野市三郷明盛4581-1,0263-76-4155,,中村　義明
232,229,2014,農事組合法人中信えのき培養センター,3998101,安曇野市三郷明盛4581-1,0263-76-4155,,中村　義明
233,230,2010,長野県信用組合　松本職員南松本寮,3990002,松本市芳野町13-27,,,山崎　武
233,230,2011,長野県信用組合　松本職員南松本寮,3990002,松本市芳野町13-27,,,山崎　武
233,230,2012,長野県信用組合　松本職員南松本寮,3990002,松本市芳野町13-27,,,山崎　武
233,230,2013,長野県信用組合　松本職員南松本寮,3990002,松本市芳野町13-27,,,山崎　武
233,230,2014,長野県信用組合　松本職員南松本寮,3990002,松本市芳野町13-27,,,山崎　武
236,233,2010,西穂山荘,5061421,高山市奥飛騨温泉郷（新穂高）715,0263-952506,,村上　文俊
236,233,2011,西穂山荘,5061421,高山市奥飛騨温泉郷（新穂高）715,0263-952506,,村上　文俊
236,233,2012,西穂山荘,5061421,高山市奥飛騨温泉郷（新穂高）715,0263-952506,,村上　文俊
236,233,2013,西穂山荘,5061421,高山市奥飛騨温泉郷（新穂高）715,0263-952506,,村上　文俊
236,233,2014,西穂山荘,5061421,高山市奥飛騨温泉郷（新穂高）715,0263-952506,,村上　文俊
238,235,2010,Ｈａｐｐｙ　松川店,3998501,長野県北安曇郡松川村字赤芝7066-14,0261-62-6631,,小林　淳
238,235,2011,Ｈａｐｐｙ　松川店,3998501,長野県北安曇郡松川村字赤芝7066-14,0261-62-6631,,小林　淳
238,235,2012,Ｈａｐｐｙ　松川店,3998501,長野県北安曇郡松川村字赤芝7066-14,0261-62-6631,,小林　淳
238,235,2013,Ｈａｐｐｙ　松川店,3998501,長野県北安曇郡松川村字赤芝7066-14,0261-62-6631,,小林　淳
238,235,2014,Ｈａｐｐｙ　松川店,3998501,長野県北安曇郡松川村字赤芝7066-14,0261-62-6631,,小林　淳
240,237,2010,Ｈａｐｐｙ　豊科店,3998205,長野県安曇野市豊科5224-9,0263-73-6222,,金本　武雄
240,237,2011,Ｈａｐｐｙ　豊科店,3998205,長野県安曇野市豊科5224-9,0263-73-6222,,金本　武雄
240,237,2012,Ｈａｐｐｙ　豊科店,3998205,長野県安曇野市豊科5224-9,0263-73-6222,,金本　武雄
240,237,2013,Ｈａｐｐｙ　豊科店,3998205,長野県安曇野市豊科5224-9,0263-73-6222,,金本　武雄
240,237,2014,Ｈａｐｐｙ　豊科店,3998205,長野県安曇野市豊科5224-9,0263-73-6222,,金本　武雄
243,240,2010,ＨＯＴＥＬ　ホルンあずみ野,3998102,長野県安曇野市三郷温６５５８－１,0263-77-3719,0263-77-6628,鈴木社長
243,240,2011,ＨＯＴＥＬ　ホルンあずみ野,3998102,長野県安曇野市三郷温６５５８－１,0263-77-3719,0263-77-6628,鈴木社長
243,240,2012,ＨＯＴＥＬ　ホルンあずみ野,3998102,長野県安曇野市三郷温６５５８－１,0263-77-3719,0263-77-6628,鈴木社長
243,240,2013,ＨＯＴＥＬ　ホルンあずみ野,3998102,長野県安曇野市三郷温６５５８－１,0263-77-3719,0263-77-6628,鈴木社長
243,240,2014,ＨＯＴＥＬ　ホルンあずみ野,3998102,長野県安曇野市三郷温６５５８－１,0263-77-3719,0263-77-6628,鈴木社長
244,241,2010,松本流通センター協同組合,3990033,松本市笹賀7600番地20,0263-58-5301,,小林　利行
244,241,2011,松本流通センター協同組合,3990033,松本市笹賀7600番地20,0263-58-5301,,小林　利行
244,241,2012,松本流通センター協同組合,3990033,松本市笹賀7600番地20,0263-58-5301,,小林　利行
244,241,2013,松本流通センター協同組合,3990033,松本市笹賀7600番地20,0263-58-5301,,小林　利行
244,241,2014,松本流通センター協同組合,3990033,松本市笹賀7600番地20,0263-58-5301,,小林　利行
246,243,2010,株式会社前田製作所　松本営業所,3990005,松本市野溝木工1丁目3番10号,,,北澤　忠幸
246,243,2011,株式会社前田製作所　松本営業所,3990005,松本市野溝木工1丁目3番10号,,,北澤　忠幸
246,243,2012,株式会社前田製作所　松本営業所,3990005,松本市野溝木工1丁目3番10号,,,北澤　忠幸
246,243,2013,株式会社前田製作所　松本営業所,3990005,松本市野溝木工1丁目3番10号,,,北澤　忠幸
246,243,2014,株式会社前田製作所　松本営業所,3990005,松本市野溝木工1丁目3番10号,,,北澤　忠幸
249,245,2010,松本市城山介護老人保健施設,3900861,長野県松本市蟻ヶ崎2132,0263-37-5611,0263-37-5630,奥原
249,245,2011,松本市城山介護老人保健施設,3900861,長野県松本市蟻ヶ崎2132,0263-37-5611,0263-37-5630,奥原
249,245,2012,松本市城山介護老人保健施設,3900861,長野県松本市蟻ヶ崎2132,0263-37-5611,0263-37-5630,奥原
249,245,2013,松本市城山介護老人保健施設,3900861,長野県松本市蟻ヶ崎2132,0263-37-5611,0263-37-5630,奥原
249,245,2014,松本市城山介護老人保健施設,3900861,長野県松本市蟻ヶ崎2132,0263-37-5611,0263-37-5630,奥原
250,247,2010,株式会社ユタカ　松本工場,3901242,松本市和田南西原4010番12,0263-48-1001,,斉藤　雅彦
250,247,2011,株式会社ユタカ　松本工場,3901242,松本市和田南西原4010番12,0263-48-1001,,斉藤　雅彦
250,247,2012,株式会社ユタカ　松本工場,3901242,松本市和田南西原4010番12,0263-48-1001,,斉藤　雅彦
250,247,2013,株式会社ユタカ　松本工場,3901242,松本市和田南西原4010番12,0263-48-1001,,斉藤　雅彦
250,247,2014,株式会社ユタカ　松本工場,3901242,松本市和田南西原4010番12,0263-48-1001,,斉藤　雅彦
252,249,2010,筑北村立　坂北小学校,3997601,東筑摩郡筑北村坂北2267番地,0263-66-2001,,高橋先生
252,249,2011,筑北村立　坂北小学校,3997601,東筑摩郡筑北村坂北2267番地,0263-66-2001,,高橋先生
252,249,2012,筑北村立　坂北小学校,3997601,東筑摩郡筑北村坂北2267番地,0263-66-2001,,高橋先生
252,249,2013,筑北村立　坂北小学校,3997601,東筑摩郡筑北村坂北2267番地,0263-66-2001,,高橋先生
252,249,2014,筑北村立　坂北小学校,3997601,東筑摩郡筑北村坂北2267番地,0263-66-2001,,高橋先生
254,251,2010,大治ビル,3900811,松本市中央1丁目10番20号,0263-32-8682,,寺村　隆典
254,251,2011,大治ビル,3900811,松本市中央1丁目10番20号,0263-32-8682,,寺村　隆典
254,251,2012,大治ビル,3900811,松本市中央1丁目10番20号,0263-32-8682,,寺村　隆典
254,251,2013,大治ビル,3900811,松本市中央1丁目10番20号,0263-32-8682,,寺村　隆典
254,251,2014,大治ビル,3900811,松本市中央1丁目10番20号,0263-32-8682,,寺村　隆典
257,253,2010,株式会社べネフレックス　中南信支社　伊那出張所,3990428,上伊那郡辰野町大字伊那富字青木8211-1,0266-44-1088,0266-44-1158,平林　治
257,253,2011,株式会社べネフレックス　中南信支社　伊那出張所,3990428,上伊那郡辰野町大字伊那富字青木8211-1,0266-44-1088,0266-44-1158,平林　治
257,253,2012,株式会社べネフレックス　中南信支社　伊那出張所,3990428,上伊那郡辰野町大字伊那富字青木8211-1,0266-44-1088,0266-44-1158,平林　治
257,253,2013,株式会社べネフレックス　中南信支社　伊那出張所,3990428,上伊那郡辰野町大字伊那富字青木8211-1,0266-44-1088,0266-44-1158,平林　治
257,253,2014,株式会社べネフレックス　中南信支社　伊那出張所,3990428,上伊那郡辰野町大字伊那富字青木8211-1,0266-44-1088,0266-44-1158,平林　治
261,256,2010,株式会社アイネット,3900842,松本市征矢野1丁目5番46号,0263-28-4000,,赤津　誠内
261,256,2011,株式会社アイネット,3900842,松本市征矢野1丁目5番46号,0263-28-4000,,赤津　誠内
261,256,2012,株式会社アイネット,3900842,松本市征矢野1丁目5番46号,0263-28-4000,,赤津　誠内
261,256,2013,株式会社アイネット,3900842,松本市征矢野1丁目5番46号,0263-28-4000,,赤津　誠内
261,256,2014,株式会社アイネット,3900842,松本市征矢野1丁目5番46号,0263-28-4000,,赤津　誠内
262,257,2010,ガーデンホテル松本,3990032,長野県松本市芳川村井町６９６－２,0263-58-8800,0263-58-8899,北原社長
262,257,2011,ガーデンホテル松本,3990032,長野県松本市芳川村井町６９６－２,0263-58-8800,0263-58-8899,北原社長
262,257,2012,ガーデンホテル松本,3990032,長野県松本市芳川村井町６９６－２,0263-58-8800,0263-58-8899,北原社長
262,257,2013,ガーデンホテル松本,3990032,長野県松本市芳川村井町６９６－２,0263-58-8800,0263-58-8899,北原社長
262,257,2014,ガーデンホテル松本,3990032,長野県松本市芳川村井町６９６－２,0263-58-8800,0263-58-8899,北原社長
263,258,2010,株式会社ナチュラルファーム,3998101,安曇野市三郷明盛4582,0263-77-7229,,中村　竹治
263,258,2011,株式会社ナチュラルファーム,3998101,安曇野市三郷明盛4582,0263-77-7229,,中村　竹治
263,258,2012,株式会社ナチュラルファーム,3998101,安曇野市三郷明盛4582,0263-77-7229,,中村　竹治
263,258,2013,株式会社ナチュラルファーム,3998101,安曇野市三郷明盛4582,0263-77-7229,,中村　竹治
263,258,2014,株式会社ナチュラルファーム,3998101,安曇野市三郷明盛4582,0263-77-7229,,中村　竹治
267,262,2010,有限会社大黒青果,3900804,松本市横田4丁目10番3号,0263-33-3224,,伊藤　友一
267,262,2011,有限会社大黒青果,3900804,松本市横田4丁目10番3号,0263-33-3224,,伊藤　友一
267,262,2012,有限会社大黒青果,3900804,松本市横田4丁目10番3号,0263-33-3224,,伊藤　友一
267,262,2013,有限会社大黒青果,3900804,松本市横田4丁目10番3号,0263-33-3224,,伊藤　友一
267,262,2014,有限会社大黒青果,3900804,松本市横田4丁目10番3号,0263-33-3224,,伊藤　友一
268,263,2010,サンリン株式会社　穂高支店,3998305,安曇野市穂高牧176番地,0263-83-3409,,山本　洋久
268,263,2011,サンリン株式会社　穂高支店,3998305,安曇野市穂高牧176番地,0263-83-3409,,山本　洋久
268,263,2012,サンリン株式会社　穂高支店,3998305,安曇野市穂高牧176番地,0263-83-3409,,山本　洋久
268,263,2013,サンリン株式会社　穂高支店,3998305,安曇野市穂高牧176番地,0263-83-3409,,山本　洋久
268,263,2014,サンリン株式会社　穂高支店,3998305,安曇野市穂高牧176番地,0263-83-3409,,山本　洋久
269,264,2010,秋吉　塩尻広丘店,3990702,塩尻市広丘野村1645-9,0263-52-6666,,安原　大東
269,264,2011,秋吉　塩尻広丘店,3990702,塩尻市広丘野村1645-9,0263-52-6666,,安原　大東
269,264,2012,秋吉　塩尻広丘店,3990702,塩尻市広丘野村1645-9,0263-52-6666,,安原　大東
269,264,2013,秋吉　塩尻広丘店,3990702,塩尻市広丘野村1645-9,0263-52-6666,,安原　大東
269,264,2014,秋吉　塩尻広丘店,3990702,塩尻市広丘野村1645-9,0263-52-6666,,安原　大東
271,266,2010,穂高温泉供給株式会社,3998301,安曇野市穂高有明3621番地2,0263-83-2912,,小林　正徳
271,266,2011,穂高温泉供給株式会社,3998301,安曇野市穂高有明3621番地2,0263-83-2912,,小林　正徳
271,266,2012,穂高温泉供給株式会社,3998301,安曇野市穂高有明3621番地2,0263-83-2912,,小林　正徳
271,266,2013,穂高温泉供給株式会社,3998301,安曇野市穂高有明3621番地2,0263-83-2912,,小林　正徳
271,266,2014,穂高温泉供給株式会社,3998301,安曇野市穂高有明3621番地2,0263-83-2912,,小林　正徳
273,268,2010,ホテル健康パーク,3998301,長野県南安曇郡穂高町有明7261-3,0263-84-5350,,三澤理事長
273,268,2011,ホテル健康パーク,3998301,長野県南安曇郡穂高町有明7261-3,0263-84-5350,,三澤理事長
273,268,2012,ホテル健康パーク,3998301,長野県南安曇郡穂高町有明7261-3,0263-84-5350,,三澤理事長
273,268,2013,ホテル健康パーク,3998301,長野県南安曇郡穂高町有明7261-3,0263-84-5350,,三澤理事長
273,268,2014,ホテル健康パーク,3998301,長野県南安曇郡穂高町有明7261-3,0263-84-5350,,三澤理事長
274,268,2010,老人保健施設有明苑,3998301,長野県安曇野市穂高有明7261-3,0263-83-7735,,三澤理事長
274,268,2011,老人保健施設有明苑,3998301,長野県安曇野市穂高有明7261-3,0263-83-7735,,三澤理事長
274,268,2012,老人保健施設有明苑,3998301,長野県安曇野市穂高有明7261-3,0263-83-7735,,三澤理事長
274,268,2013,老人保健施設有明苑,3998301,長野県安曇野市穂高有明7261-3,0263-83-7735,,三澤理事長
274,268,2014,老人保健施設有明苑,3998301,長野県安曇野市穂高有明7261-3,0263-83-7735,,三澤理事長
276,270,2010,株式会社田内屋,3990033,松本市笹賀7155-1,0263-57-5000,,井上　雄太
276,270,2011,株式会社田内屋,3990033,松本市笹賀7155-1,0263-57-5000,,井上　雄太
276,270,2012,株式会社田内屋,3990033,松本市笹賀7155-1,0263-57-5000,,井上　雄太
276,270,2013,株式会社田内屋,3990033,松本市笹賀7155-1,0263-57-5000,,井上　雄太
276,270,2014,株式会社田内屋,3990033,松本市笹賀7155-1,0263-57-5000,,井上　雄太
277,271,2010,ホテルモルシャン,3900811,松本市中央1丁目2番5号,0263-32-0031,,斉藤　信人
277,271,2011,ホテルモルシャン,3900811,松本市中央1丁目2番5号,0263-32-0031,,斉藤　信人
277,271,2012,ホテルモルシャン,3900811,松本市中央1丁目2番5号,0263-32-0031,,斉藤　信人
277,271,2013,ホテルモルシャン,3900811,松本市中央1丁目2番5号,0263-32-0031,,斉藤　信人
277,271,2014,ホテルモルシャン,3900811,松本市中央1丁目2番5号,0263-32-0031,,斉藤　信人
280,274,2010,松本第一高等学校,3900303,松本市浅間温泉1丁目4番17号,0263-46-0555,,平川　豊志
280,274,2011,松本第一高等学校,3900303,松本市浅間温泉1丁目4番17号,0263-46-0555,,平川　豊志
280,274,2012,松本第一高等学校,3900303,松本市浅間温泉1丁目4番17号,0263-46-0555,,平川　豊志
280,274,2013,松本第一高等学校,3900303,松本市浅間温泉1丁目4番17号,0263-46-0555,,平川　豊志
280,274,2014,松本第一高等学校,3900303,松本市浅間温泉1丁目4番17号,0263-46-0555,,平川　豊志
281,681,2010,松本市西部学校給食センター,3990003,松本市芳川野溝1959番地,0263-86-1130,,鳥羽　洋一
281,681,2011,松本市西部学校給食センター,3990003,松本市芳川野溝1959番地,0263-86-1130,,鳥羽　洋一
281,681,2012,松本市西部学校給食センター,3990003,松本市芳川野溝1959番地,0263-86-1130,,鳥羽　洋一
281,681,2013,松本市西部学校給食センター,3990003,松本市芳川野溝1959番地,0263-86-1130,,鳥羽　洋一
281,681,2014,松本市西部学校給食センター,3990003,松本市芳川野溝1959番地,0263-86-1130,,鳥羽　洋一
283,219,2010,特別養護老人ホームサンライフおみ,3997701,東筑摩郡麻績村麻2117-1,0263-67-4555,,本木　一夫
283,219,2011,特別養護老人ホームサンライフおみ,3997701,東筑摩郡麻績村麻2117-1,0263-67-4555,,本木　一夫
283,219,2012,特別養護老人ホームサンライフおみ,3997701,東筑摩郡麻績村麻2117-1,0263-67-4555,,本木　一夫
283,219,2013,特別養護老人ホームサンライフおみ,3997701,東筑摩郡麻績村麻2117-1,0263-67-4555,,本木　一夫
283,219,2014,特別養護老人ホームサンライフおみ,3997701,東筑摩郡麻績村麻2117-1,0263-67-4555,,本木　一夫
285,279,2010,あい歯科医院,3900846,松本市南原2丁目1-18,0263-26-3818,,田澤　寛康
285,279,2011,あい歯科医院,3900846,松本市南原2丁目1-18,0263-26-3818,,田澤　寛康
285,279,2012,あい歯科医院,3900846,松本市南原2丁目1-18,0263-26-3818,,田澤　寛康
285,279,2013,あい歯科医院,3900846,松本市南原2丁目1-18,0263-26-3818,,田澤　寛康
285,279,2014,あい歯科医院,3900846,松本市南原2丁目1-18,0263-26-3818,,田澤　寛康
287,281,2010,株式会社カモシカスポーツ　山の家・松本店,3901242,長野県松本市和田1478-1,0263-48-2424,0263-48-2420,吉田　健一
287,281,2011,株式会社カモシカスポーツ　山の家・松本店,3901242,長野県松本市和田1478-1,0263-48-2424,0263-48-2420,吉田　健一
287,281,2012,株式会社カモシカスポーツ　山の家・松本店,3901242,長野県松本市和田1478-1,0263-48-2424,0263-48-2420,吉田　健一
287,281,2013,株式会社カモシカスポーツ　山の家・松本店,3901242,長野県松本市和田1478-1,0263-48-2424,0263-48-2420,吉田　健一
287,281,2014,株式会社カモシカスポーツ　山の家・松本店,3901242,長野県松本市和田1478-1,0263-48-2424,0263-48-2420,吉田　健一
288,282,2010,ケアハウス　メディタウン,3900832,松本市南松本2丁目13番12号,0263-24-0573,,杉本　一芳
288,282,2011,ケアハウス　メディタウン,3900832,松本市南松本2丁目13番12号,0263-24-0573,,杉本　一芳
288,282,2012,ケアハウス　メディタウン,3900832,松本市南松本2丁目13番12号,0263-24-0573,,杉本　一芳
288,282,2013,ケアハウス　メディタウン,3900832,松本市南松本2丁目13番12号,0263-24-0573,,杉本　一芳
288,282,2014,ケアハウス　メディタウン,3900832,松本市南松本2丁目13番12号,0263-24-0573,,杉本　一芳
294,235,2010,ニチエイ　塩尻店,3996461,長野県塩尻市宗賀5278,0263-54-8877,,岡本　昌吉
294,235,2011,ニチエイ　塩尻店,3996461,長野県塩尻市宗賀5278,0263-54-8877,,岡本　昌吉
294,235,2012,ニチエイ　塩尻店,3996461,長野県塩尻市宗賀5278,0263-54-8877,,岡本　昌吉
294,235,2013,ニチエイ　塩尻店,3996461,長野県塩尻市宗賀5278,0263-54-8877,,岡本　昌吉
294,235,2014,ニチエイ　塩尻店,3996461,長野県塩尻市宗賀5278,0263-54-8877,,岡本　昌吉
295,289,2010,デイサービスセンターみづき,3997701,東筑摩郡麻績村麻2787,0263-67-3023,,宮下　勝利
295,289,2011,デイサービスセンターみづき,3997701,東筑摩郡麻績村麻2787,0263-67-3023,,宮下　勝利
295,289,2012,デイサービスセンターみづき,3997701,東筑摩郡麻績村麻2787,0263-67-3023,,宮下　勝利
295,289,2013,デイサービスセンターみづき,3997701,東筑摩郡麻績村麻2787,0263-67-3023,,宮下　勝利
295,289,2014,デイサービスセンターみづき,3997701,東筑摩郡麻績村麻2787,0263-67-3023,,宮下　勝利
296,256,2010,ＪＲ木曽福島駅,3970001,木曽郡木曽町福島2032,0264-22-2465,,
296,256,2011,ＪＲ木曽福島駅,3970001,木曽郡木曽町福島2032,0264-22-2465,,
296,256,2012,ＪＲ木曽福島駅,3970001,木曽郡木曽町福島2032,0264-22-2465,,
296,256,2013,ＪＲ木曽福島駅,3970001,木曽郡木曽町福島2032,0264-22-2465,,
296,256,2014,ＪＲ木曽福島駅,3970001,木曽郡木曽町福島2032,0264-22-2465,,
297,256,2010,ＪＲ木曽福島総合庁舎,3970001,木曽郡木曽町福島小丸山,0264-22-2231,,
297,256,2011,ＪＲ木曽福島総合庁舎,3970001,木曽郡木曽町福島小丸山,0264-22-2231,,
297,256,2012,ＪＲ木曽福島総合庁舎,3970001,木曽郡木曽町福島小丸山,0264-22-2231,,
297,256,2013,ＪＲ木曽福島総合庁舎,3970001,木曽郡木曽町福島小丸山,0264-22-2231,,
297,256,2014,ＪＲ木曽福島総合庁舎,3970001,木曽郡木曽町福島小丸山,0264-22-2231,,
299,293,2010,林檎の湯屋　おぶ～,3990007,松本市石芝3丁目9番44号,0263-24-2602,,
299,293,2011,林檎の湯屋　おぶ～,3990007,松本市石芝3丁目9番44号,0263-24-2602,,
299,293,2012,林檎の湯屋　おぶ～,3990007,松本市石芝3丁目9番44号,0263-24-2602,,
299,293,2013,林檎の湯屋　おぶ～,3990007,松本市石芝3丁目9番44号,0263-24-2602,,
299,293,2014,林檎の湯屋　おぶ～,3990007,松本市石芝3丁目9番44号,0263-24-2602,,
300,294,2010,ＣＥＮＴＵＲＹ　ＭＡＸＩＭビル,3900815,松本市深志1丁目2番5号,,,蟻川　長廣
300,294,2011,ＣＥＮＴＵＲＹ　ＭＡＸＩＭビル,3900815,松本市深志1丁目2番5号,,,蟻川　長廣
300,294,2012,ＣＥＮＴＵＲＹ　ＭＡＸＩＭビル,3900815,松本市深志1丁目2番5号,,,蟻川　長廣
300,294,2013,ＣＥＮＴＵＲＹ　ＭＡＸＩＭビル,3900815,松本市深志1丁目2番5号,,,蟻川　長廣
300,294,2014,ＣＥＮＴＵＲＹ　ＭＡＸＩＭビル,3900815,松本市深志1丁目2番5号,,,蟻川　長廣
301,295,2010,リッツガーデン,3900305,松本市惣社1-522-1,,,勝野　真治
301,295,2011,リッツガーデン,3900305,松本市惣社1-522-1,,,勝野　真治
301,295,2012,リッツガーデン,3900305,松本市惣社1-522-1,,,勝野　真治
301,295,2013,リッツガーデン,3900305,松本市惣社1-522-1,,,勝野　真治
301,295,2014,リッツガーデン,3900305,松本市惣社1-522-1,,,勝野　真治
306,300,2010,パナソニック株式会社エコソリューションズ社　松本電材営業所,3990004,松本市市場3-10,0263-27-4501,,沖　洋明
306,300,2011,パナソニック株式会社エコソリューションズ社　松本電材営業所,3990004,松本市市場3-10,0263-27-4501,,沖　洋明
306,300,2012,パナソニック株式会社エコソリューションズ社　松本電材営業所,3990004,松本市市場3-10,0263-27-4501,,沖　洋明
306,300,2013,パナソニック株式会社エコソリューションズ社　松本電材営業所,3990004,松本市市場3-10,0263-27-4501,,沖　洋明
306,300,2014,パナソニック株式会社エコソリューションズ社　松本電材営業所,3990004,松本市市場3-10,0263-27-4501,,沖　洋明
307,301,2010,村井バッティングセンター,3990000,長野県松本市芳川村井９５３－１７,0263-57-7714,,百瀬　隆夫
307,301,2011,村井バッティングセンター,3990000,長野県松本市芳川村井９５３－１７,0263-57-7714,,百瀬　隆夫
307,301,2012,村井バッティングセンター,3990000,長野県松本市芳川村井９５３－１７,0263-57-7714,,百瀬　隆夫
307,301,2013,村井バッティングセンター,3990000,長野県松本市芳川村井９５３－１７,0263-57-7714,,百瀬　隆夫
307,301,2014,村井バッティングセンター,3990000,長野県松本市芳川村井９５３－１７,0263-57-7714,,百瀬　隆夫
311,305,2010,原こどもクリニック,3900821,松本市筑摩3-7-3,0263-29-1780,,原　洋治
311,305,2011,原こどもクリニック,3900821,松本市筑摩3-7-3,0263-29-1780,,原　洋治
311,305,2012,原こどもクリニック,3900821,松本市筑摩3-7-3,0263-29-1780,,原　洋治
311,305,2013,原こどもクリニック,3900821,松本市筑摩3-7-3,0263-29-1780,,原　洋治
311,305,2014,原こどもクリニック,3900821,松本市筑摩3-7-3,0263-29-1780,,原　洋治
312,631,2010,ホテルＫリゾート,3990032,長野県松本市芳川村井町新林２２０－８,0263-86-8831,,高見　比呂志
315,309,2010,あずさ電子工業株式会社　梓川工場,3901702,安曇野市梓川梓4759番地,0263-78-7201,,
315,309,2011,あずさ電子工業株式会社　梓川工場,3901702,安曇野市梓川梓4759番地,0263-78-7201,,
315,309,2012,あずさ電子工業株式会社　梓川工場,3901702,安曇野市梓川梓4759番地,0263-78-7201,,
315,309,2013,あずさ電子工業株式会社　梓川工場,3901702,安曇野市梓川梓4759番地,0263-78-7201,,
315,309,2014,あずさ電子工業株式会社　梓川工場,3901702,安曇野市梓川梓4759番地,0263-78-7201,,
317,311,2010,松商学園高等学校,3900812,松本市県3丁目6番1号,0263-33-1210,,片岡　勉
317,311,2011,松商学園高等学校,3900812,松本市県3丁目6番1号,0263-33-1210,,片岡　勉
317,311,2012,松商学園高等学校,3900812,松本市県3丁目6番1号,0263-33-1210,,片岡　勉
317,311,2013,松商学園高等学校,3900812,松本市県3丁目6番1号,0263-33-1210,,片岡　勉
317,311,2014,松商学園高等学校,3900812,松本市県3丁目6番1号,0263-33-1210,,片岡　勉
319,313,2010,やまだ小児科クリニック,3901241,松本市大字新村542番1,0263-40-0678,,山田　節
319,313,2011,やまだ小児科クリニック,3901241,松本市大字新村542番1,0263-40-0678,,山田　節
319,313,2012,やまだ小児科クリニック,3901241,松本市大字新村542番1,0263-40-0678,,山田　節
319,313,2013,やまだ小児科クリニック,3901241,松本市大字新村542番1,0263-40-0678,,山田　節
319,313,2014,やまだ小児科クリニック,3901241,松本市大字新村542番1,0263-40-0678,,山田　節
321,315,2010,株式会社いとう　松本支店,3990005,松本市野溝木工1-5-1,0263-26-5900,,松村　和美
321,315,2011,株式会社いとう　松本支店,3990005,松本市野溝木工1-5-1,0263-26-5900,,松村　和美
321,315,2012,株式会社いとう　松本支店,3990005,松本市野溝木工1-5-1,0263-26-5900,,松村　和美
321,315,2013,株式会社いとう　松本支店,3990005,松本市野溝木工1-5-1,0263-26-5900,,松村　和美
321,315,2014,株式会社いとう　松本支店,3990005,松本市野溝木工1-5-1,0263-26-5900,,松村　和美
322,316,2010,しいな医院,3990745,塩尻市大門桔梗町14-16,0263-51-2933,,椎名　麻美
322,316,2011,しいな医院,3990745,塩尻市大門桔梗町14-16,0263-51-2933,,椎名　麻美
322,316,2012,しいな医院,3990745,塩尻市大門桔梗町14-16,0263-51-2933,,椎名　麻美
322,316,2013,しいな医院,3990745,塩尻市大門桔梗町14-16,0263-51-2933,,椎名　麻美
322,316,2014,しいな医院,3990745,塩尻市大門桔梗町14-16,0263-51-2933,,椎名　麻美
336,317,2010,赤津整形外科クリニック,3998101,安曇野市三郷明盛4697-1,0263-76-3133,,赤津　昇
336,317,2011,赤津整形外科クリニック,3998101,安曇野市三郷明盛4697-1,0263-76-3133,,赤津　昇
336,317,2012,赤津整形外科クリニック,3998101,安曇野市三郷明盛4697-1,0263-76-3133,,赤津　昇
336,317,2013,赤津整形外科クリニック,3998101,安曇野市三郷明盛4697-1,0263-76-3133,,赤津　昇
336,317,2014,赤津整形外科クリニック,3998101,安曇野市三郷明盛4697-1,0263-76-3133,,赤津　昇
337,332,2010,郵ハイツ平田,3990014,長野県松本市平田東３－５－２１,0263-58-2450,,上條　裕夫
337,332,2011,郵ハイツ平田,3990014,長野県松本市平田東３－５－２１,0263-58-2450,,上條　裕夫
337,332,2012,郵ハイツ平田,3990014,長野県松本市平田東３－５－２１,0263-58-2450,,上條　裕夫
337,332,2013,郵ハイツ平田,3990014,長野県松本市平田東３－５－２１,0263-58-2450,,上條　裕夫
337,332,2014,郵ハイツ平田,3990014,長野県松本市平田東３－５－２１,0263-58-2450,,上條　裕夫
338,333,2010,株式会社エイアンドエフ　長野配送センター,3990703,長野県塩尻市広丘高出１６８０,0263-51-6330,0263-51-6323,草間課長
338,333,2011,株式会社エイアンドエフ　長野配送センター,3990703,長野県塩尻市広丘高出１６８０,0263-51-6330,0263-51-6323,草間課長
338,333,2012,株式会社エイアンドエフ　長野配送センター,3990703,長野県塩尻市広丘高出１６８０,0263-51-6330,0263-51-6323,草間課長
338,333,2013,株式会社エイアンドエフ　長野配送センター,3990703,長野県塩尻市広丘高出１６８０,0263-51-6330,0263-51-6323,草間課長
338,333,2014,株式会社エイアンドエフ　長野配送センター,3990703,長野県塩尻市広丘高出１６８０,0263-51-6330,0263-51-6323,草間課長
340,335,2010,株式会社マツライ,3990001,松本市宮田4番3号,0263-25-1331,,内川　悦子
340,335,2011,株式会社マツライ,3990001,松本市宮田4番3号,0263-25-1331,,内川　悦子
340,335,2012,株式会社マツライ,3990001,松本市宮田4番3号,0263-25-1331,,内川　悦子
340,335,2013,株式会社マツライ,3990001,松本市宮田4番3号,0263-25-1331,,内川　悦子
340,335,2014,株式会社マツライ,3990001,松本市宮田4番3号,0263-25-1331,,内川　悦子
341,336,2010,有限会社信公自動車工業（グリーンオート安曇野）,3998303,安曇野市穂高8415-1,0263-82-2180,,竹内　次男
341,336,2011,有限会社信公自動車工業（グリーンオート安曇野）,3998303,安曇野市穂高8415-1,0263-82-2180,,竹内　次男
341,336,2012,有限会社信公自動車工業（グリーンオート安曇野）,3998303,安曇野市穂高8415-1,0263-82-2180,,竹内　次男
341,336,2013,有限会社信公自動車工業（グリーンオート安曇野）,3998303,安曇野市穂高8415-1,0263-82-2180,,竹内　次男
341,336,2014,有限会社信公自動車工業（グリーンオート安曇野）,3998303,安曇野市穂高8415-1,0263-82-2180,,竹内　次男
343,338,2010,伊夜比古神社,3998301,長野県安曇野市穂高有明４３７５－１,0263-83-3246,,萩原　哲郎
343,338,2011,伊夜比古神社,3998301,長野県安曇野市穂高有明４３７５－１,0263-83-3246,,萩原　哲郎
343,338,2012,伊夜比古神社,3998301,長野県安曇野市穂高有明４３７５－１,0263-83-3246,,萩原　哲郎
343,338,2013,伊夜比古神社,3998301,長野県安曇野市穂高有明４３７５－１,0263-83-3246,,萩原　哲郎
343,338,2014,伊夜比古神社,3998301,長野県安曇野市穂高有明４３７５－１,0263-83-3246,,萩原　哲郎
345,614,2010,株式会社開運堂　あづみの菓遊庭,3998102,長野県安曇野市三郷温６９５６,0263-76-5070,,三枝工場長
345,614,2011,株式会社開運堂　あづみの菓遊庭,3998102,長野県安曇野市三郷温６９５６,0263-76-5070,,三枝工場長
345,614,2012,株式会社開運堂　あづみの菓遊庭,3998102,長野県安曇野市三郷温６９５６,0263-76-5070,,三枝工場長
345,614,2013,株式会社開運堂　あづみの菓遊庭,3998102,長野県安曇野市三郷温６９５６,0263-76-5070,,三枝工場長
345,614,2014,株式会社開運堂　あづみの菓遊庭,3998102,長野県安曇野市三郷温６９５６,0263-76-5070,,三枝工場長
350,612,2010,株式会社セリア　穂高店,3998303,長野県南安曇郡穂高町穂高５９６４－３,0263-82-9887,,
350,612,2011,株式会社セリア　穂高店,3998303,長野県南安曇郡穂高町穂高５９６４－３,0263-82-9887,,
350,612,2012,株式会社セリア　穂高店,3998303,長野県南安曇郡穂高町穂高５９６４－３,0263-82-9887,,
350,612,2013,株式会社セリア　穂高店,3998303,長野県南安曇郡穂高町穂高５９６４－３,0263-82-9887,,
350,612,2014,株式会社セリア　穂高店,3998303,長野県南安曇郡穂高町穂高５９６４－３,0263-82-9887,,
351,189,2010,おもしろ広場１００万㌦　しおじり店,3990703,長野県塩尻市大字広丘高出字西村１８３２－８,0263-52-8900,0263-53-3511,河村　康憲
351,189,2011,おもしろ広場１００万㌦　しおじり店,3990703,長野県塩尻市大字広丘高出字西村１８３２－８,0263-52-8900,0263-53-3511,河村　康憲
351,189,2012,おもしろ広場１００万㌦　しおじり店,3990703,長野県塩尻市大字広丘高出字西村１８３２－８,0263-52-8900,0263-53-3511,河村　康憲
351,189,2013,おもしろ広場１００万㌦　しおじり店,3990703,長野県塩尻市大字広丘高出字西村１８３２－８,0263-52-8900,0263-53-3511,河村　康憲
351,189,2014,おもしろ広場１００万㌦　しおじり店,3990703,長野県塩尻市大字広丘高出字西村１８３２－８,0263-52-8900,0263-53-3511,河村　康憲
352,189,2010,ＶＥＧＡ×ＶＥＧＡ,3900841,長野県松本市渚２－１－３２,0263-29-0410,0263-29-0413,山崎　英樹
352,189,2011,ＶＥＧＡ×ＶＥＧＡ,3900841,長野県松本市渚２－１－３２,0263-29-0410,0263-29-0413,山崎　英樹
352,189,2012,ＶＥＧＡ×ＶＥＧＡ,3900841,長野県松本市渚２－１－３２,0263-29-0410,0263-29-0413,山崎　英樹
352,189,2013,ＶＥＧＡ×ＶＥＧＡ,3900841,長野県松本市渚２－１－３２,0263-29-0410,0263-29-0413,山崎　英樹
352,189,2014,ＶＥＧＡ×ＶＥＧＡ,3900841,長野県松本市渚２－１－３２,0263-29-0410,0263-29-0413,山崎　英樹
353,189,2010,ＳＵＰＥＲ　ＳＬＯＴ　ＣＡＭＥＬＯＴ,3998205,長野県安曇野市豊科６４０番地２,0263-73-9201,0263-73-9202,降旗　康智
353,189,2011,ＳＵＰＥＲ　ＳＬＯＴ　ＣＡＭＥＬＯＴ,3998205,長野県安曇野市豊科６４０番地２,0263-73-9201,0263-73-9202,降旗　康智
353,189,2012,ＳＵＰＥＲ　ＳＬＯＴ　ＣＡＭＥＬＯＴ,3998205,長野県安曇野市豊科６４０番地２,0263-73-9201,0263-73-9202,降旗　康智
353,189,2013,ＳＵＰＥＲ　ＳＬＯＴ　ＣＡＭＥＬＯＴ,3998205,長野県安曇野市豊科６４０番地２,0263-73-9201,0263-73-9202,降旗　康智
353,189,2014,ＳＵＰＥＲ　ＳＬＯＴ　ＣＡＭＥＬＯＴ,3998205,長野県安曇野市豊科６４０番地２,0263-73-9201,0263-73-9202,降旗　康智
354,295,2010,アクロポリスビル,3900811,松本市中央1-14-3,,,勝野　真治
354,295,2011,アクロポリスビル,3900811,松本市中央1-14-3,,,勝野　真治
354,295,2012,アクロポリスビル,3900811,松本市中央1-14-3,,,勝野　真治
354,295,2013,アクロポリスビル,3900811,松本市中央1-14-3,,,勝野　真治
354,295,2014,アクロポリスビル,3900811,松本市中央1-14-3,,,勝野　真治
355,352,2010,メゾン・ドュ・ロテュス（小谷ビル）,3900874,松本市大手2丁目3番20号,0263-39-1122,,小谷　俊郎
355,352,2011,メゾン・ドュ・ロテュス（小谷ビル）,3900874,松本市大手2丁目3番20号,0263-39-1122,,小谷　俊郎
355,352,2012,メゾン・ドュ・ロテュス（小谷ビル）,3900874,松本市大手2丁目3番20号,0263-39-1122,,小谷　俊郎
355,352,2013,メゾン・ドュ・ロテュス（小谷ビル）,3900874,松本市大手2丁目3番20号,0263-39-1122,,小谷　俊郎
355,352,2014,メゾン・ドュ・ロテュス（小谷ビル）,3900874,松本市大手2丁目3番20号,0263-39-1122,,小谷　俊郎
356,354,2010,山形村　ミラ・フード館,3901301,長野県東筑摩郡山形村2061-1,0263-98-3033,,村松　京子
356,354,2011,山形村　ミラ・フード館,3901301,長野県東筑摩郡山形村2061-1,0263-98-3033,,村松　京子
356,354,2012,山形村　ミラ・フード館,3901301,長野県東筑摩郡山形村2061-1,0263-98-3033,,村松　京子
356,354,2013,山形村　ミラ・フード館,3901301,長野県東筑摩郡山形村2061-1,0263-98-3033,,村松　京子
356,354,2014,山形村　ミラ・フード館,3901301,長野県東筑摩郡山形村2061-1,0263-98-3033,,村松　京子
357,355,2010,松本城大手門駐車場　南棟,3900874,松本市大手2丁目3番10号,,,
357,355,2011,松本城大手門駐車場　南棟,3900874,松本市大手2丁目3番10号,,,
357,355,2012,松本城大手門駐車場　南棟,3900874,松本市大手2丁目3番10号,,,
357,355,2013,松本城大手門駐車場　南棟,3900874,松本市大手2丁目3番10号,,,
357,355,2014,松本城大手門駐車場　南棟,3900874,松本市大手2丁目3番10号,,,
358,355,2010,松本城大手門駐車場　北棟,3900874,松本市大手3丁目2番27号,,,
358,355,2011,松本城大手門駐車場　北棟,3900874,松本市大手3丁目2番27号,,,
358,355,2012,松本城大手門駐車場　北棟,3900874,松本市大手3丁目2番27号,,,
358,355,2013,松本城大手門駐車場　北棟,3900874,松本市大手3丁目2番27号,,,
358,355,2014,松本城大手門駐車場　北棟,3900874,松本市大手3丁目2番27号,,,
359,219,2010,特別養護老人ホームなんてんの里,3970101,木曽町三岳10039番地,0264-46-3335,,湯川　昭紀
359,219,2011,特別養護老人ホームなんてんの里,3970101,木曽町三岳10039番地,0264-46-3335,,湯川　昭紀
359,219,2012,特別養護老人ホームなんてんの里,3970101,木曽町三岳10039番地,0264-46-3335,,湯川　昭紀
359,219,2013,特別養護老人ホームなんてんの里,3970101,木曽町三岳10039番地,0264-46-3335,,湯川　昭紀
359,219,2014,特別養護老人ホームなんてんの里,3970101,木曽町三岳10039番地,0264-46-3335,,湯川　昭紀
362,360,2010,塩尻市精神障害者授産施設　そよ風の家,3990702,塩尻市大字広丘野村１７８８番地４３３,0263-54-9510,,川瀬　浄子
362,360,2011,塩尻市精神障害者授産施設　そよ風の家,3990702,塩尻市大字広丘野村１７８８番地４３３,0263-54-9510,,川瀬　浄子
362,360,2012,塩尻市精神障害者授産施設　そよ風の家,3990702,塩尻市大字広丘野村１７８８番地４３３,0263-54-9510,,川瀬　浄子
362,360,2013,塩尻市精神障害者授産施設　そよ風の家,3990702,塩尻市大字広丘野村１７８８番地４３３,0263-54-9510,,川瀬　浄子
362,360,2014,塩尻市精神障害者授産施設　そよ風の家,3990702,塩尻市大字広丘野村１７８８番地４３３,0263-54-9510,,川瀬　浄子
363,360,2010,障害者福祉センター　すみれの丘,3990702,塩尻市大字広丘野村1788-86,0263-54-3114,,小松　道代
363,360,2011,障害者福祉センター　すみれの丘,3990702,塩尻市大字広丘野村1788-86,0263-54-3114,,小松　道代
363,360,2012,障害者福祉センター　すみれの丘,3990702,塩尻市大字広丘野村1788-86,0263-54-3114,,小松　道代
363,360,2013,障害者福祉センター　すみれの丘,3990702,塩尻市大字広丘野村1788-86,0263-54-3114,,小松　道代
363,360,2014,障害者福祉センター　すみれの丘,3990702,塩尻市大字広丘野村1788-86,0263-54-3114,,小松　道代
364,360,2010,老人福祉センターのむら,3990702,塩尻市広丘野村１７８８－３６４,0263-54-2947,,芦沢
364,360,2011,老人福祉センターのむら,3990702,塩尻市広丘野村１７８８－３６４,0263-54-2947,,芦沢
364,360,2012,老人福祉センターのむら,3990702,塩尻市広丘野村１７８８－３６４,0263-54-2947,,芦沢
364,360,2013,老人福祉センターのむら,3990702,塩尻市広丘野村１７８８－３６４,0263-54-2947,,芦沢
364,360,2014,老人福祉センターのむら,3990702,塩尻市広丘野村１７８８－３６４,0263-54-2947,,芦沢
365,360,2010,ふれあいセンター田川の郷,3990701,塩尻市大字広丘吉田2219-1,0263-85-5300,,丸山　くに子
365,360,2011,ふれあいセンター田川の郷,3990701,塩尻市大字広丘吉田2219-1,0263-85-5300,,丸山　くに子
365,360,2012,ふれあいセンター田川の郷,3990701,塩尻市大字広丘吉田2219-1,0263-85-5300,,丸山　くに子
365,360,2013,ふれあいセンター田川の郷,3990701,塩尻市大字広丘吉田2219-1,0263-85-5300,,丸山　くに子
365,360,2014,ふれあいセンター田川の郷,3990701,塩尻市大字広丘吉田2219-1,0263-85-5300,,丸山　くに子
366,364,2010,株式会社小池電機,3901242,松本市大字和田字南西原3967番地19,0263-48-0011,,小池　包子
366,364,2011,株式会社小池電機,3901242,松本市大字和田字南西原3967番地19,0263-48-0011,,小池　包子
366,364,2012,株式会社小池電機,3901242,松本市大字和田字南西原3967番地19,0263-48-0011,,小池　包子
366,364,2013,株式会社小池電機,3901242,松本市大字和田字南西原3967番地19,0263-48-0011,,小池　包子
366,364,2014,株式会社小池電機,3901242,松本市大字和田字南西原3967番地19,0263-48-0011,,小池　包子
372,370,2010,長野県安曇養護学校,3998602,北安曇郡池田町会染6113-2,0261-62-4920,,
372,370,2011,長野県安曇養護学校,3998602,北安曇郡池田町会染6113-2,0261-62-4920,,
372,370,2012,長野県安曇養護学校,3998602,北安曇郡池田町会染6113-2,0261-62-4920,,
372,370,2013,長野県安曇養護学校,3998602,北安曇郡池田町会染6113-2,0261-62-4920,,
372,370,2014,長野県安曇養護学校,3998602,北安曇郡池田町会染6113-2,0261-62-4920,,
374,373,2010,長野銀行研修センター,3900842,松本市征矢野1丁目8番6号,,,伊藤　末男（陽光ﾋﾞﾙ）
374,373,2011,長野銀行研修センター,3900842,松本市征矢野1丁目8番6号,,,伊藤　末男（陽光ﾋﾞﾙ）
374,373,2012,長野銀行研修センター,3900842,松本市征矢野1丁目8番6号,,,伊藤　末男（陽光ﾋﾞﾙ）
374,373,2013,長野銀行研修センター,3900842,松本市征矢野1丁目8番6号,,,伊藤　末男（陽光ﾋﾞﾙ）
374,373,2014,長野銀行研修センター,3900842,松本市征矢野1丁目8番6号,,,伊藤　末男（陽光ﾋﾞﾙ）
375,373,2010,ながぎん松本センタービル,3900874,松本市大手2丁目2番16号,,,伊藤　末男（陽光ﾋﾞﾙ）
375,373,2011,ながぎん松本センタービル,3900874,松本市大手2丁目2番16号,,,伊藤　末男（陽光ﾋﾞﾙ）
375,373,2012,ながぎん松本センタービル,3900874,松本市大手2丁目2番16号,,,伊藤　末男（陽光ﾋﾞﾙ）
375,373,2013,ながぎん松本センタービル,3900874,松本市大手2丁目2番16号,,,伊藤　末男（陽光ﾋﾞﾙ）
375,373,2014,ながぎん松本センタービル,3900874,松本市大手2丁目2番16号,,,伊藤　末男（陽光ﾋﾞﾙ）
379,378,2010,深志パークビル,3900815,長野県松本市深志3-7-17,0263-34-5280,0263-34-5274,金澤　由昇
379,378,2011,深志パークビル,3900815,長野県松本市深志3-7-17,0263-34-5280,0263-34-5274,金澤　由昇
379,378,2012,深志パークビル,3900815,長野県松本市深志3-7-17,0263-34-5280,0263-34-5274,金澤　由昇
379,378,2013,深志パークビル,3900815,長野県松本市深志3-7-17,0263-34-5280,0263-34-5274,金澤　由昇
379,378,2014,深志パークビル,3900815,長野県松本市深志3-7-17,0263-34-5280,0263-34-5274,金澤　由昇
381,380,2010,百仙風・百仙雅,3901701,長野県松本市梓川倭１９６０,0263-76-1102,0263-78-3011,中村　與志人
381,380,2011,百仙風・百仙雅,3901701,長野県松本市梓川倭１９６０,0263-76-1102,0263-78-3011,中村　與志人
381,380,2012,百仙風・百仙雅,3901701,長野県松本市梓川倭１９６０,0263-76-1102,0263-78-3011,中村　與志人
381,380,2013,百仙風・百仙雅,3901701,長野県松本市梓川倭１９６０,0263-76-1102,0263-78-3011,中村　與志人
381,380,2014,百仙風・百仙雅,3901701,長野県松本市梓川倭１９６０,0263-76-1102,0263-78-3011,中村　與志人
382,381,2010,株式会社マルイチ産商　梓川共配センター,3998204,長野県安曇野市豊科町高家2287-10,0263-72-4101,0263-71-4606,宮川　昭夫
382,381,2011,株式会社マルイチ産商　梓川共配センター,3998204,長野県安曇野市豊科町高家2287-10,0263-72-4101,0263-71-4606,宮川　昭夫
382,381,2012,株式会社マルイチ産商　梓川共配センター,3998204,長野県安曇野市豊科町高家2287-10,0263-72-4101,0263-71-4606,宮川　昭夫
382,381,2013,株式会社マルイチ産商　梓川共配センター,3998204,長野県安曇野市豊科町高家2287-10,0263-72-4101,0263-71-4606,宮川　昭夫
382,381,2014,株式会社マルイチ産商　梓川共配センター,3998204,長野県安曇野市豊科町高家2287-10,0263-72-4101,0263-71-4606,宮川　昭夫
383,382,2010,長野県警察本部航空隊,3901132,松本市空港東8901番地,0263-58-2053,,山崎　豊
383,382,2011,長野県警察本部航空隊,3901132,松本市空港東8901番地,0263-58-2053,,山崎　豊
383,382,2012,長野県警察本部航空隊,3901132,松本市空港東8901番地,0263-58-2053,,山崎　豊
383,382,2013,長野県警察本部航空隊,3901132,松本市空港東8901番地,0263-58-2053,,山崎　豊
383,382,2014,長野県警察本部航空隊,3901132,松本市空港東8901番地,0263-58-2053,,山崎　豊
384,383,2010,株式会社テレビ松本ケーブルビジョン,3900221,松本市里山辺3044-1,0263-35-1008,0263-36-4001,白鳥副部長
384,383,2011,株式会社テレビ松本ケーブルビジョン,3900221,松本市里山辺3044-1,0263-35-1008,0263-36-4001,白鳥副部長
384,383,2012,株式会社テレビ松本ケーブルビジョン,3900221,松本市里山辺3044-1,0263-35-1008,0263-36-4001,白鳥副部長
384,383,2013,株式会社テレビ松本ケーブルビジョン,3900221,松本市里山辺3044-1,0263-35-1008,0263-36-4001,白鳥副部長
384,383,2014,株式会社テレビ松本ケーブルビジョン,3900221,松本市里山辺3044-1,0263-35-1008,0263-36-4001,白鳥副部長
385,681,2010,松本市立考古博物館,3900823,松本市大字中山3738-1,0263-86-4710,,
385,681,2011,松本市立考古博物館,3900823,松本市大字中山3738-1,0263-86-4710,,
385,681,2012,松本市立考古博物館,3900823,松本市大字中山3738-1,0263-86-4710,,
385,681,2013,松本市立考古博物館,3900823,松本市大字中山3738-1,0263-86-4710,,
385,681,2014,松本市立考古博物館,3900823,松本市大字中山3738-1,0263-86-4710,,
388,681,2010,松本市　芳川公民館,3990003,松本市芳川野溝945-1,0263-58-2034,,
388,681,2011,松本市　芳川公民館,3990003,松本市芳川野溝945-1,0263-58-2034,,
388,681,2012,松本市　芳川公民館,3990003,松本市芳川野溝945-1,0263-58-2034,,
388,681,2013,松本市　芳川公民館,3990003,松本市芳川野溝945-1,0263-58-2034,,
388,681,2014,松本市　芳川公民館,3990003,松本市芳川野溝945-1,0263-58-2034,,
389,681,2010,松本市　和田公民館,3901242,松本市和田2240-31,0263-48-5445,,
389,681,2011,松本市　和田公民館,3901242,松本市和田2240-31,0263-48-5445,,
389,681,2012,松本市　和田公民館,3901242,松本市和田2240-31,0263-48-5445,,
389,681,2013,松本市　和田公民館,3901242,松本市和田2240-31,0263-48-5445,,
389,681,2014,松本市　和田公民館,3901242,松本市和田2240-31,0263-48-5445,,
391,681,2010,松本市　寿台公民館,3990021,松本市寿豊丘649-1,0263-58-6561,,
391,681,2011,松本市　寿台公民館,3990021,松本市寿豊丘649-1,0263-58-6561,,
391,681,2012,松本市　寿台公民館,3990021,松本市寿豊丘649-1,0263-58-6561,,
391,681,2013,松本市　寿台公民館,3990021,松本市寿豊丘649-1,0263-58-6561,,
391,681,2014,松本市　寿台公民館,3990021,松本市寿豊丘649-1,0263-58-6561,,
392,681,2010,松本市　岡田公民館・福祉ひろば,3900315,松本市大字岡田町517-1,,,
392,681,2011,松本市　岡田公民館・福祉ひろば,3900315,松本市大字岡田町517-1,,,
392,681,2012,松本市　岡田公民館・福祉ひろば,3900315,松本市大字岡田町517-1,,,
392,681,2013,松本市　岡田公民館・福祉ひろば,3900315,松本市大字岡田町517-1,,,
392,681,2014,松本市　岡田公民館・福祉ひろば,3900315,松本市大字岡田町517-1,,,
397,396,2010,財団法人　松本ソフト開発センター,3901242,松本市大字和田字南西原4010-27,0263-40-1000,0263-40-1001,中條　高志
397,396,2011,財団法人　松本ソフト開発センター,3901242,松本市大字和田字南西原4010-27,0263-40-1000,0263-40-1001,中條　高志
397,396,2012,財団法人　松本ソフト開発センター,3901242,松本市大字和田字南西原4010-27,0263-40-1000,0263-40-1001,中條　高志
397,396,2013,財団法人　松本ソフト開発センター,3901242,松本市大字和田字南西原4010-27,0263-40-1000,0263-40-1001,中條　高志
397,396,2014,財団法人　松本ソフト開発センター,3901242,松本市大字和田字南西原4010-27,0263-40-1000,0263-40-1001,中條　高志
399,55,2010,梓川デイサービスセンターなごみ荘,3901703,松本市梓川上野379-1,0263-78-5511,,川村　豊
399,55,2011,梓川デイサービスセンターなごみ荘,3901703,松本市梓川上野379-1,0263-78-5511,,川村　豊
399,55,2012,梓川デイサービスセンターなごみ荘,3901703,松本市梓川上野379-1,0263-78-5511,,川村　豊
399,55,2013,梓川デイサービスセンターなごみ荘,3901703,松本市梓川上野379-1,0263-78-5511,,川村　豊
399,55,2014,梓川デイサービスセンターなごみ荘,3901703,松本市梓川上野379-1,0263-78-5511,,川村　豊
405,404,2010,フジゲン株式会社　広丘工場,3990702,塩尻市大字広丘野村1854-1,0263-53-6810,,横内　文明
405,404,2011,フジゲン株式会社　広丘工場,3990702,塩尻市大字広丘野村1854-1,0263-53-6810,,横内　文明
405,404,2012,フジゲン株式会社　広丘工場,3990702,塩尻市大字広丘野村1854-1,0263-53-6810,,横内　文明
405,404,2013,フジゲン株式会社　広丘工場,3990702,塩尻市大字広丘野村1854-1,0263-53-6810,,横内　文明
405,404,2014,フジゲン株式会社　広丘工場,3990702,塩尻市大字広丘野村1854-1,0263-53-6810,,横内　文明
408,89,2010,安曇野市　穂高会館,3998303,安曇野市穂高5047,0263-62-3001,,那須（ｻｽﾅｶ通信）
408,89,2011,安曇野市　穂高会館,3998303,安曇野市穂高5047,0263-62-3001,,那須（ｻｽﾅｶ通信）
408,89,2012,安曇野市　穂高会館,3998303,安曇野市穂高5047,0263-62-3001,,那須（ｻｽﾅｶ通信）
408,89,2013,安曇野市　穂高会館,3998303,安曇野市穂高5047,0263-62-3001,,那須（ｻｽﾅｶ通信）
408,89,2014,安曇野市　穂高会館,3998303,安曇野市穂高5047,0263-62-3001,,那須（ｻｽﾅｶ通信）
410,89,2010,旧制高等学校記念館,3900812,松本市県3丁目1番1号,0263-35-6226,,那須（ｻｽﾅｶ通信）
410,89,2011,旧制高等学校記念館,3900812,松本市県3丁目1番1号,0263-35-6226,,那須（ｻｽﾅｶ通信）
410,89,2012,旧制高等学校記念館,3900812,松本市県3丁目1番1号,0263-35-6226,,那須（ｻｽﾅｶ通信）
410,89,2013,旧制高等学校記念館,3900812,松本市県3丁目1番1号,0263-35-6226,,那須（ｻｽﾅｶ通信）
410,89,2014,旧制高等学校記念館,3900812,松本市県3丁目1番1号,0263-35-6226,,那須（ｻｽﾅｶ通信）
411,89,2010,松本市総合体育館,3900801,松本市美須々5番1号,0263-34-3000,,那須（ｻｽﾅｶ通信）
411,89,2011,松本市総合体育館,3900801,松本市美須々5番1号,0263-34-3000,,那須（ｻｽﾅｶ通信）
411,89,2012,松本市総合体育館,3900801,松本市美須々5番1号,0263-34-3000,,那須（ｻｽﾅｶ通信）
411,89,2013,松本市総合体育館,3900801,松本市美須々5番1号,0263-34-3000,,那須（ｻｽﾅｶ通信）
411,89,2014,松本市総合体育館,3900801,松本市美須々5番1号,0263-34-3000,,那須（ｻｽﾅｶ通信）
412,89,2010,松本空港庁舎,3901132,松本市大字空港東8928,0263-50-3111,,上條常務（ｻｽﾅｶ通信）
412,89,2011,松本空港庁舎,3901132,松本市大字空港東8928,0263-50-3111,,上條常務（ｻｽﾅｶ通信）
412,89,2012,松本空港庁舎,3901132,松本市大字空港東8928,0263-50-3111,,上條常務（ｻｽﾅｶ通信）
412,89,2013,松本空港庁舎,3901132,松本市大字空港東8928,0263-50-3111,,上條常務（ｻｽﾅｶ通信）
412,89,2014,松本空港庁舎,3901132,松本市大字空港東8928,0263-50-3111,,上條常務（ｻｽﾅｶ通信）
416,611,2010,カクイチ　松本営業所,3901131,長野県松本市今井７０２０,0263-86-1061,0263-86-1064,中島　亨
416,611,2011,カクイチ　松本営業所,3901131,長野県松本市今井７０２０,0263-86-1061,0263-86-1064,中島　亨
416,611,2012,カクイチ　松本営業所,3901131,長野県松本市今井７０２０,0263-86-1061,0263-86-1064,中島　亨
416,611,2013,カクイチ　松本営業所,3901131,長野県松本市今井７０２０,0263-86-1061,0263-86-1064,中島　亨
416,611,2014,カクイチ　松本営業所,3901131,長野県松本市今井７０２０,0263-86-1061,0263-86-1064,中島　亨
418,272,2010,長野県阿南警察署,3991801,下伊那郡泰阜村8447-3,0260-25-0110,,
418,272,2011,長野県阿南警察署,3991801,下伊那郡泰阜村8447-3,0260-25-0110,,
418,272,2012,長野県阿南警察署,3991801,下伊那郡泰阜村8447-3,0260-25-0110,,
418,272,2013,長野県阿南警察署,3991801,下伊那郡泰阜村8447-3,0260-25-0110,,
418,272,2014,長野県阿南警察署,3991801,下伊那郡泰阜村8447-3,0260-25-0110,,
419,418,2010,奈良井ダム管理事務所他３,3996303,塩尻市奈良井2741-ﾑ　ほか,,,田島さん
419,418,2011,奈良井ダム管理事務所他３,3996303,塩尻市奈良井2741-ﾑ　ほか,,,田島さん
419,418,2012,奈良井ダム管理事務所他３,3996303,塩尻市奈良井2741-ﾑ　ほか,,,田島さん
419,418,2013,奈良井ダム管理事務所他３,3996303,塩尻市奈良井2741-ﾑ　ほか,,,田島さん
419,418,2014,奈良井ダム管理事務所他３,3996303,塩尻市奈良井2741-ﾑ　ほか,,,田島さん
420,419,2010,株式会社川上屋本店,3900815,松本市深志2丁目4番27号,0263-32-7003,,川上　修介
420,419,2011,株式会社川上屋本店,3900815,松本市深志2丁目4番27号,0263-32-7003,,川上　修介
420,419,2012,株式会社川上屋本店,3900815,松本市深志2丁目4番27号,0263-32-7003,,川上　修介
420,419,2013,株式会社川上屋本店,3900815,松本市深志2丁目4番27号,0263-32-7003,,川上　修介
420,419,2014,株式会社川上屋本店,3900815,松本市深志2丁目4番27号,0263-32-7003,,川上　修介
424,423,2010,株式会社ＳＹＮＡＸ,3901242,松本市和田南西原3967-29,0263-40-1114,,高橋　満次
424,423,2011,株式会社ＳＹＮＡＸ,3901242,松本市和田南西原3967-29,0263-40-1114,,高橋　満次
424,423,2012,株式会社ＳＹＮＡＸ,3901242,松本市和田南西原3967-29,0263-40-1114,,高橋　満次
424,423,2013,株式会社ＳＹＮＡＸ,3901242,松本市和田南西原3967-29,0263-40-1114,,高橋　満次
424,423,2014,株式会社ＳＹＮＡＸ,3901242,松本市和田南西原3967-29,0263-40-1114,,高橋　満次
425,423,2010,株式会社ＳＹＮＡＸ　駐車場,3901242,松本市和田南西原3967-29,0263-40-1114,,高橋　満次
425,423,2011,株式会社ＳＹＮＡＸ　駐車場,3901242,松本市和田南西原3967-29,0263-40-1114,,高橋　満次
425,423,2012,株式会社ＳＹＮＡＸ　駐車場,3901242,松本市和田南西原3967-29,0263-40-1114,,高橋　満次
425,423,2013,株式会社ＳＹＮＡＸ　駐車場,3901242,松本市和田南西原3967-29,0263-40-1114,,高橋　満次
425,423,2014,株式会社ＳＹＮＡＸ　駐車場,3901242,松本市和田南西原3967-29,0263-40-1114,,高橋　満次
427,426,2010,オタリ株式会社　松本工場,3998203,安曇野市豊科田沢7039-19,0263-72-3883,,有賀　明彦
427,426,2011,オタリ株式会社　松本工場,3998203,安曇野市豊科田沢7039-19,0263-72-3883,,有賀　明彦
427,426,2012,オタリ株式会社　松本工場,3998203,安曇野市豊科田沢7039-19,0263-72-3883,,有賀　明彦
427,426,2013,オタリ株式会社　松本工場,3998203,安曇野市豊科田沢7039-19,0263-72-3883,,有賀　明彦
427,426,2014,オタリ株式会社　松本工場,3998203,安曇野市豊科田沢7039-19,0263-72-3883,,有賀　明彦
430,612,2010,株式会社ヤナセ　松本支店,3990002,長野県松本市芳野１７番地２０号,0263-24-3611,,
430,612,2011,株式会社ヤナセ　松本支店,3990002,長野県松本市芳野１７番地２０号,0263-24-3611,,
430,612,2012,株式会社ヤナセ　松本支店,3990002,長野県松本市芳野１７番地２０号,0263-24-3611,,
430,612,2013,株式会社ヤナセ　松本支店,3990002,長野県松本市芳野１７番地２０号,0263-24-3611,,
430,612,2014,株式会社ヤナセ　松本支店,3990002,長野県松本市芳野１７番地２０号,0263-24-3611,,
431,431,2010,有限会社大下製作所,3990711,塩尻市大字片丘字今泉9828-24,0263-52-4580,,大下　修一
431,431,2011,有限会社大下製作所,3990711,塩尻市大字片丘字今泉9828-24,0263-52-4580,,大下　修一
431,431,2012,有限会社大下製作所,3990711,塩尻市大字片丘字今泉9828-24,0263-52-4580,,大下　修一
431,431,2013,有限会社大下製作所,3990711,塩尻市大字片丘字今泉9828-24,0263-52-4580,,大下　修一
431,431,2014,有限会社大下製作所,3990711,塩尻市大字片丘字今泉9828-24,0263-52-4580,,大下　修一
433,433,2010,ＥＸ,3901241,松本市新村2910番地,0263-47-1865,,野口　勇
433,433,2011,ＥＸ,3901241,松本市新村2910番地,0263-47-1865,,野口　勇
433,433,2012,ＥＸ,3901241,松本市新村2910番地,0263-47-1865,,野口　勇
433,433,2013,ＥＸ,3901241,松本市新村2910番地,0263-47-1865,,野口　勇
433,433,2014,ＥＸ,3901241,松本市新村2910番地,0263-47-1865,,野口　勇
435,99,2010,情報工科専門学校,3900875,松本市城西1丁目7番1号,0263-33-8800,,大谷　今朝人
435,99,2011,情報工科専門学校,3900875,松本市城西1丁目7番1号,0263-33-8800,,大谷　今朝人
435,99,2012,情報工科専門学校,3900875,松本市城西1丁目7番1号,0263-33-8800,,大谷　今朝人
435,99,2013,情報工科専門学校,3900875,松本市城西1丁目7番1号,0263-33-8800,,大谷　今朝人
435,99,2014,情報工科専門学校,3900875,松本市城西1丁目7番1号,0263-33-8800,,大谷　今朝人
436,436,2010,塩澤産婦人科医院,3900875,松本市城西2丁目1番15号,0263-33-4126,,
436,436,2011,塩澤産婦人科医院,3900875,松本市城西2丁目1番15号,0263-33-4126,,
436,436,2012,塩澤産婦人科医院,3900875,松本市城西2丁目1番15号,0263-33-4126,,
436,436,2013,塩澤産婦人科医院,3900875,松本市城西2丁目1番15号,0263-33-4126,,
436,436,2014,塩澤産婦人科医院,3900875,松本市城西2丁目1番15号,0263-33-4126,,
437,437,2010,セントラルパック株式会社,3990033,長野県松本市笹賀5652-52,0263-25-9303,,米山
437,437,2011,セントラルパック株式会社,3990033,長野県松本市笹賀5652-52,0263-25-9303,,米山
437,437,2012,セントラルパック株式会社,3990033,長野県松本市笹賀5652-52,0263-25-9303,,米山
437,437,2013,セントラルパック株式会社,3990033,長野県松本市笹賀5652-52,0263-25-9303,,米山
437,437,2014,セントラルパック株式会社,3990033,長野県松本市笹賀5652-52,0263-25-9303,,米山
438,438,2010,カワイ精密金属株式会社松本工場,3990033,長野県松本市笹賀５６５２番地１１１,0263-27-2277,0263-27-3796,忠地課長
438,438,2011,カワイ精密金属株式会社松本工場,3990033,長野県松本市笹賀５６５２番地１１１,0263-27-2277,0263-27-3796,忠地課長
438,438,2012,カワイ精密金属株式会社松本工場,3990033,長野県松本市笹賀５６５２番地１１１,0263-27-2277,0263-27-3796,忠地課長
438,438,2013,カワイ精密金属株式会社松本工場,3990033,長野県松本市笹賀５６５２番地１１１,0263-27-2277,0263-27-3796,忠地課長
438,438,2014,カワイ精密金属株式会社松本工場,3990033,長野県松本市笹賀５６５２番地１１１,0263-27-2277,0263-27-3796,忠地課長
446,189,2010,おもしろスクエアＪＩＮＯＳ　松川店,3998501,長野県北安曇郡松川村字東川原５７２３番２２,0261-61-1410,0261-61-1412,平田　明彦
446,189,2011,おもしろスクエアＪＩＮＯＳ　松川店,3998501,長野県北安曇郡松川村字東川原５７２３番２２,0261-61-1410,0261-61-1412,平田　明彦
446,189,2012,おもしろスクエアＪＩＮＯＳ　松川店,3998501,長野県北安曇郡松川村字東川原５７２３番２２,0261-61-1410,0261-61-1412,平田　明彦
446,189,2013,おもしろスクエアＪＩＮＯＳ　松川店,3998501,長野県北安曇郡松川村字東川原５７２３番２２,0261-61-1410,0261-61-1412,平田　明彦
446,189,2014,おもしろスクエアＪＩＮＯＳ　松川店,3998501,長野県北安曇郡松川村字東川原５７２３番２２,0261-61-1410,0261-61-1412,平田　明彦
447,189,2010,おもしろ広場１００万㌦　千曲店,3870023,長野県千曲市大字八幡字中島５８７６－４,026-261-3323,026-261-3326,月坂　浄
447,189,2011,おもしろ広場１００万㌦　千曲店,3870023,長野県千曲市大字八幡字中島５８７６－４,026-261-3323,026-261-3326,月坂　浄
447,189,2012,おもしろ広場１００万㌦　千曲店,3870023,長野県千曲市大字八幡字中島５８７６－４,026-261-3323,026-261-3326,月坂　浄
447,189,2013,おもしろ広場１００万㌦　千曲店,3870023,長野県千曲市大字八幡字中島５８７６－４,026-261-3323,026-261-3326,月坂　浄
447,189,2014,おもしろ広場１００万㌦　千曲店,3870023,長野県千曲市大字八幡字中島５８７６－４,026-261-3323,026-261-3326,月坂　浄
448,749,2010,村井駅自転車駐車場,3990032,長野県松本市芳川村井町230-6,,,
448,749,2011,村井駅自転車駐車場,3990032,長野県松本市芳川村井町230-6,,,
448,749,2012,村井駅自転車駐車場,3990032,長野県松本市芳川村井町230-6,,,
448,749,2013,村井駅自転車駐車場,3990032,長野県松本市芳川村井町230-6,,,
448,749,2014,村井駅自転車駐車場,3990032,長野県松本市芳川村井町230-6,,,
449,749,2010,松本駅北自転車駐車場　（ＩＴＶ点検含）,3900815,長野県松本市深志1-1-1,,,
449,749,2011,松本駅北自転車駐車場　（ＩＴＶ点検含）,3900815,長野県松本市深志1-1-1,,,
449,749,2012,松本駅北自転車駐車場　（ＩＴＶ点検含）,3900815,長野県松本市深志1-1-1,,,
449,749,2013,松本駅北自転車駐車場　（ＩＴＶ点検含）,3900815,長野県松本市深志1-1-1,,,
449,749,2014,松本駅北自転車駐車場　（ＩＴＶ点検含）,3900815,長野県松本市深志1-1-1,,,
450,450,2010,味噌川ダム管理所,3996203,木曽郡木祖村大字小木曽2058-22,0264-36-3111,0264-36-3485,岡田　良典
450,450,2011,味噌川ダム管理所,3996203,木曽郡木祖村大字小木曽2058-22,0264-36-3111,0264-36-3485,岡田　良典
450,450,2012,味噌川ダム管理所,3996203,木曽郡木祖村大字小木曽2058-22,0264-36-3111,0264-36-3485,岡田　良典
450,450,2013,味噌川ダム管理所,3996203,木曽郡木祖村大字小木曽2058-22,0264-36-3111,0264-36-3485,岡田　良典
450,450,2014,味噌川ダム管理所,3996203,木曽郡木祖村大字小木曽2058-22,0264-36-3111,0264-36-3485,岡田　良典
451,450,2010,木曽川源流ふれあい館,3996203,長野県木曽郡木祖村小木曽,0264-36-2607,,岡田　良典
451,450,2011,木曽川源流ふれあい館,3996203,長野県木曽郡木祖村小木曽,0264-36-2607,,岡田　良典
451,450,2012,木曽川源流ふれあい館,3996203,長野県木曽郡木祖村小木曽,0264-36-2607,,岡田　良典
451,450,2013,木曽川源流ふれあい館,3996203,長野県木曽郡木祖村小木曽,0264-36-2607,,岡田　良典
451,450,2014,木曽川源流ふれあい館,3996203,長野県木曽郡木祖村小木曽,0264-36-2607,,岡田　良典
452,450,2010,水嶺寮　木曽福島分室,3970001,木曽郡木曽町福島2010-13,0264-24-3360,,岡田　良典
452,450,2011,水嶺寮　木曽福島分室,3970001,木曽郡木曽町福島2010-13,0264-24-3360,,岡田　良典
452,450,2012,水嶺寮　木曽福島分室,3970001,木曽郡木曽町福島2010-13,0264-24-3360,,岡田　良典
452,450,2013,水嶺寮　木曽福島分室,3970001,木曽郡木曽町福島2010-13,0264-24-3360,,岡田　良典
452,450,2014,水嶺寮　木曽福島分室,3970001,木曽郡木曽町福島2010-13,0264-24-3360,,岡田　良典
461,453,2010,有明高原寮,3998301,安曇野市穂高有明7299,0263-83-2204,,
461,453,2011,有明高原寮,3998301,安曇野市穂高有明7299,0263-83-2204,,
461,453,2012,有明高原寮,3998301,安曇野市穂高有明7299,0263-83-2204,,
461,453,2013,有明高原寮,3998301,安曇野市穂高有明7299,0263-83-2204,,
461,453,2014,有明高原寮,3998301,安曇野市穂高有明7299,0263-83-2204,,
474,458,2010,長野県松本家畜保健衛生所,3900851,松本市島内西川原6931,0263-47-3223,,羽生　宜弘
474,458,2011,長野県松本家畜保健衛生所,3900851,松本市島内西川原6931,0263-47-3223,,羽生　宜弘
474,458,2012,長野県松本家畜保健衛生所,3900851,松本市島内西川原6931,0263-47-3223,,羽生　宜弘
474,458,2013,長野県松本家畜保健衛生所,3900851,松本市島内西川原6931,0263-47-3223,,羽生　宜弘
474,458,2014,長野県松本家畜保健衛生所,3900851,松本市島内西川原6931,0263-47-3223,,羽生　宜弘
476,460,2010,長野県畜産試験場,3990711,塩尻市片丘10931-1,0263-52-1188,,赤羽　紳一
476,460,2011,長野県畜産試験場,3990711,塩尻市片丘10931-1,0263-52-1188,,赤羽　紳一
476,460,2012,長野県畜産試験場,3990711,塩尻市片丘10931-1,0263-52-1188,,赤羽　紳一
476,460,2013,長野県畜産試験場,3990711,塩尻市片丘10931-1,0263-52-1188,,赤羽　紳一
476,460,2014,長野県畜産試験場,3990711,塩尻市片丘10931-1,0263-52-1188,,赤羽　紳一
477,461,2010,長野県林業大学校,3970002,木曽郡木曽町新開4385-1,0264-23-2321,0264-21-1058,桶野　智司
477,461,2011,長野県林業大学校,3970002,木曽郡木曽町新開4385-1,0264-23-2321,0264-21-1058,桶野　智司
477,461,2012,長野県林業大学校,3970002,木曽郡木曽町新開4385-1,0264-23-2321,0264-21-1058,桶野　智司
477,461,2013,長野県林業大学校,3970002,木曽郡木曽町新開4385-1,0264-23-2321,0264-21-1058,桶野　智司
477,461,2014,長野県林業大学校,3970002,木曽郡木曽町新開4385-1,0264-23-2321,0264-21-1058,桶野　智司
478,274,2010,美ヶ原温泉センターウエルネスうつくし,3900221,松本市大字里山辺84番3,0263-34-2212,,西村常務
478,274,2011,美ヶ原温泉センターウエルネスうつくし,3900221,松本市大字里山辺84番3,0263-34-2212,,西村常務
478,274,2012,美ヶ原温泉センターウエルネスうつくし,3900221,松本市大字里山辺84番3,0263-34-2212,,西村常務
478,274,2013,美ヶ原温泉センターウエルネスうつくし,3900221,松本市大字里山辺84番3,0263-34-2212,,西村常務
478,274,2014,美ヶ原温泉センターウエルネスうつくし,3900221,松本市大字里山辺84番3,0263-34-2212,,西村常務
479,463,2010,松本市葬祭センター,3900861,長野県松本市蟻ケ崎4丁目10-1,0263-32-1356,,小松　武夫
479,463,2011,松本市葬祭センター,3900861,長野県松本市蟻ケ崎4丁目10-1,0263-32-1356,,小松　武夫
479,463,2012,松本市葬祭センター,3900861,長野県松本市蟻ケ崎4丁目10-1,0263-32-1356,,小松　武夫
479,463,2013,松本市葬祭センター,3900861,長野県松本市蟻ケ崎4丁目10-1,0263-32-1356,,小松　武夫
479,463,2014,松本市葬祭センター,3900861,長野県松本市蟻ケ崎4丁目10-1,0263-32-1356,,小松　武夫
481,465,2010,長野県松本児童相談所,3901401,松本市波田9986,0263-91-3370,,田中さん
481,465,2011,長野県松本児童相談所,3901401,松本市波田9986,0263-91-3370,,田中さん
481,465,2012,長野県松本児童相談所,3901401,松本市波田9986,0263-91-3370,,田中さん
481,465,2013,長野県松本児童相談所,3901401,松本市波田9986,0263-91-3370,,田中さん
481,465,2014,長野県松本児童相談所,3901401,松本市波田9986,0263-91-3370,,田中さん
485,373,2010,株式会社長野銀行　本店,3900841,松本市渚2-9-38,,,伊藤　末男（陽光ﾋﾞﾙ）
485,373,2011,株式会社長野銀行　本店,3900841,松本市渚2-9-38,,,伊藤　末男（陽光ﾋﾞﾙ）
485,373,2012,株式会社長野銀行　本店,3900841,松本市渚2-9-38,,,伊藤　末男（陽光ﾋﾞﾙ）
485,373,2013,株式会社長野銀行　本店,3900841,松本市渚2-9-38,,,伊藤　末男（陽光ﾋﾞﾙ）
485,373,2014,株式会社長野銀行　本店,3900841,松本市渚2-9-38,,,伊藤　末男（陽光ﾋﾞﾙ）
486,468,2010,池田町創造館,3998602,長野県北安曇郡池田町大字会染７７７０,0261-62-6065,,田中　春輝
486,468,2011,池田町創造館,3998602,長野県北安曇郡池田町大字会染７７７０,0261-62-6065,,田中　春輝
486,468,2012,池田町創造館,3998602,長野県北安曇郡池田町大字会染７７７０,0261-62-6065,,田中　春輝
486,468,2013,池田町創造館,3998602,長野県北安曇郡池田町大字会染７７７０,0261-62-6065,,田中　春輝
486,468,2014,池田町創造館,3998602,長野県北安曇郡池田町大字会染７７７０,0261-62-6065,,田中　春輝
487,468,2010,池田町立美術館,3998602,長野県北安曇郡池田町大字会染７７８２,0261-62-6600,,田中　春輝
487,468,2011,池田町立美術館,3998602,長野県北安曇郡池田町大字会染７７８２,0261-62-6600,,田中　春輝
487,468,2012,池田町立美術館,3998602,長野県北安曇郡池田町大字会染７７８２,0261-62-6600,,田中　春輝
487,468,2013,池田町立美術館,3998602,長野県北安曇郡池田町大字会染７７８２,0261-62-6600,,田中　春輝
487,468,2014,池田町立美術館,3998602,長野県北安曇郡池田町大字会染７７８２,0261-62-6600,,田中　春輝
488,1162,2010,すずむし荘,3998501,北安曇郡松川村3363-1082,,,
488,1162,2011,すずむし荘,3998501,北安曇郡松川村3363-1082,,,
488,1162,2012,すずむし荘,3998501,北安曇郡松川村3363-1082,,,
488,1162,2013,すずむし荘,3998501,北安曇郡松川村3363-1082,,,
488,1162,2014,すずむし荘,3998501,北安曇郡松川村3363-1082,,,
492,464,2010,四賀デイサービスセンター　ぷくぷくの郷,3997402,松本市会田1535-1,0263-64-3302,,山岸　勝子
492,464,2011,四賀デイサービスセンター　ぷくぷくの郷,3997402,松本市会田1535-1,0263-64-3302,,山岸　勝子
492,464,2012,四賀デイサービスセンター　ぷくぷくの郷,3997402,松本市会田1535-1,0263-64-3302,,山岸　勝子
492,464,2013,四賀デイサービスセンター　ぷくぷくの郷,3997402,松本市会田1535-1,0263-64-3302,,山岸　勝子
492,464,2014,四賀デイサービスセンター　ぷくぷくの郷,3997402,松本市会田1535-1,0263-64-3302,,山岸　勝子
493,471,2010,中島職員宿舎,3978550,木曽郡木曽町福島6229-3,0264-25-2211,0264-23-2583,地域政策課　松沢さん
493,471,2011,中島職員宿舎,3978550,木曽郡木曽町福島6229-3,0264-25-2211,0264-23-2583,地域政策課　松沢さん
493,471,2012,中島職員宿舎,3978550,木曽郡木曽町福島6229-3,0264-25-2211,0264-23-2583,地域政策課　松沢さん
493,471,2013,中島職員宿舎,3978550,木曽郡木曽町福島6229-3,0264-25-2211,0264-23-2583,地域政策課　松沢さん
493,471,2014,中島職員宿舎,3978550,木曽郡木曽町福島6229-3,0264-25-2211,0264-23-2583,地域政策課　松沢さん
495,471,2010,万郡職員宿舎（第一、第二）,3978550,木曽郡木曽町福島2313-3,0264-25-2211,0264-23-2583,地域政策課　松沢さん
495,471,2011,万郡職員宿舎（第一、第二）,3978550,木曽郡木曽町福島2313-3,0264-25-2211,0264-23-2583,地域政策課　松沢さん
495,471,2012,万郡職員宿舎（第一、第二）,3978550,木曽郡木曽町福島2313-3,0264-25-2211,0264-23-2583,地域政策課　松沢さん
495,471,2013,万郡職員宿舎（第一、第二）,3978550,木曽郡木曽町福島2313-3,0264-25-2211,0264-23-2583,地域政策課　松沢さん
495,471,2014,万郡職員宿舎（第一、第二）,3978550,木曽郡木曽町福島2313-3,0264-25-2211,0264-23-2583,地域政策課　松沢さん
497,471,2010,県職員寮　ちごの荘,3978550,木曽郡木曽町福島6464-5,0264-25-2211,,地域政策課　松沢さん
497,471,2011,県職員寮　ちごの荘,3978550,木曽郡木曽町福島6464-5,0264-25-2211,,地域政策課　松沢さん
497,471,2012,県職員寮　ちごの荘,3978550,木曽郡木曽町福島6464-5,0264-25-2211,,地域政策課　松沢さん
497,471,2013,県職員寮　ちごの荘,3978550,木曽郡木曽町福島6464-5,0264-25-2211,,地域政策課　松沢さん
497,471,2014,県職員寮　ちごの荘,3978550,木曽郡木曽町福島6464-5,0264-25-2211,,地域政策課　松沢さん
498,472,2010,有限会社伊勢屋商店,3900811,長野県松本市中央１－２－２３,0263-32-1181,,倉又　裕
498,472,2011,有限会社伊勢屋商店,3900811,長野県松本市中央１－２－２３,0263-32-1181,,倉又　裕
498,472,2012,有限会社伊勢屋商店,3900811,長野県松本市中央１－２－２３,0263-32-1181,,倉又　裕
498,472,2013,有限会社伊勢屋商店,3900811,長野県松本市中央１－２－２３,0263-32-1181,,倉又　裕
498,472,2014,有限会社伊勢屋商店,3900811,長野県松本市中央１－２－２３,0263-32-1181,,倉又　裕
501,475,2010,雨宝山常光寺,3990711,長野県塩尻市片丘北熊井９０４２,0263-53-3108,,中島　宥性
501,475,2011,雨宝山常光寺,3990711,長野県塩尻市片丘北熊井９０４２,0263-53-3108,,中島　宥性
501,475,2012,雨宝山常光寺,3990711,長野県塩尻市片丘北熊井９０４２,0263-53-3108,,中島　宥性
501,475,2013,雨宝山常光寺,3990711,長野県塩尻市片丘北熊井９０４２,0263-53-3108,,中島　宥性
501,475,2014,雨宝山常光寺,3990711,長野県塩尻市片丘北熊井９０４２,0263-53-3108,,中島　宥性
505,256,2010,中日本電設コンサルタント株式会社　木曽駒山荘,3996101,長野県木曽町日義正沢原Ｃ２８２,0264-23-8634,,渡沢　護
505,256,2011,中日本電設コンサルタント株式会社　木曽駒山荘,3996101,長野県木曽町日義正沢原Ｃ２８２,0264-23-8634,,渡沢　護
505,256,2012,中日本電設コンサルタント株式会社　木曽駒山荘,3996101,長野県木曽町日義正沢原Ｃ２８２,0264-23-8634,,渡沢　護
505,256,2013,中日本電設コンサルタント株式会社　木曽駒山荘,3996101,長野県木曽町日義正沢原Ｃ２８２,0264-23-8634,,渡沢　護
505,256,2014,中日本電設コンサルタント株式会社　木曽駒山荘,3996101,長野県木曽町日義正沢原Ｃ２８２,0264-23-8634,,渡沢　護
512,485,2010,池田屋製菓,3990033,松本市大字笹賀5441,0263-26-2380,,池田　金光
512,485,2011,池田屋製菓,3990033,松本市大字笹賀5441,0263-26-2380,,池田　金光
512,485,2012,池田屋製菓,3990033,松本市大字笹賀5441,0263-26-2380,,池田　金光
512,485,2013,池田屋製菓,3990033,松本市大字笹賀5441,0263-26-2380,,池田　金光
512,485,2014,池田屋製菓,3990033,松本市大字笹賀5441,0263-26-2380,,池田　金光
515,488,2010,丸山菓子舗　氷室店,3901701,長野県松本市梓川倭２６５６－１,0263-78-0211,,丸山　雅亮
515,488,2011,丸山菓子舗　氷室店,3901701,長野県松本市梓川倭２６５６－１,0263-78-0211,,丸山　雅亮
515,488,2012,丸山菓子舗　氷室店,3901701,長野県松本市梓川倭２６５６－１,0263-78-0211,,丸山　雅亮
515,488,2013,丸山菓子舗　氷室店,3901701,長野県松本市梓川倭２６５６－１,0263-78-0211,,丸山　雅亮
515,488,2014,丸山菓子舗　氷室店,3901701,長野県松本市梓川倭２６５６－１,0263-78-0211,,丸山　雅亮
517,489,2010,南信ミートパックセンター,3994511,上伊那郡南箕輪村字沖河原6160-5,0265-74-7100,,山宮調査役
517,489,2011,南信ミートパックセンター,3994511,上伊那郡南箕輪村字沖河原6160-5,0265-74-7100,,山宮調査役
517,489,2012,南信ミートパックセンター,3994511,上伊那郡南箕輪村字沖河原6160-5,0265-74-7100,,山宮調査役
517,489,2013,南信ミートパックセンター,3994511,上伊那郡南箕輪村字沖河原6160-5,0265-74-7100,,山宮調査役
517,489,2014,南信ミートパックセンター,3994511,上伊那郡南箕輪村字沖河原6160-5,0265-74-7100,,山宮調査役
520,492,2010,株式会社松田商会,3990033,松本市大字笹賀3044,0263-58-0565,,松田　靖成
520,492,2011,株式会社松田商会,3990033,松本市大字笹賀3044,0263-58-0565,,松田　靖成
520,492,2012,株式会社松田商会,3990033,松本市大字笹賀3044,0263-58-0565,,松田　靖成
520,492,2013,株式会社松田商会,3990033,松本市大字笹賀3044,0263-58-0565,,松田　靖成
520,492,2014,株式会社松田商会,3990033,松本市大字笹賀3044,0263-58-0565,,松田　靖成
526,612,2010,トヨタカローラ南信　木曽営業所,3970000,長野県木曽郡木曽福島町字塩渕２８７３,0264-23-2255,,
526,612,2011,トヨタカローラ南信　木曽営業所,3970000,長野県木曽郡木曽福島町字塩渕２８７３,0264-23-2255,,
526,612,2012,トヨタカローラ南信　木曽営業所,3970000,長野県木曽郡木曽福島町字塩渕２８７３,0264-23-2255,,
526,612,2013,トヨタカローラ南信　木曽営業所,3970000,長野県木曽郡木曽福島町字塩渕２８７３,0264-23-2255,,
526,612,2014,トヨタカローラ南信　木曽営業所,3970000,長野県木曽郡木曽福島町字塩渕２８７３,0264-23-2255,,
527,612,2010,マサムラ　本社ビル,,,,,
527,612,2011,マサムラ　本社ビル,,,,,
527,612,2012,マサムラ　本社ビル,,,,,
527,612,2013,マサムラ　本社ビル,,,,,
527,612,2014,マサムラ　本社ビル,,,,,
529,496,2010,グランディール中村　Ａ・Ｂ棟,3990032,長野県松本市芳川村井町２５７－６,0263-58-2483,,中村　栄子
529,496,2011,グランディール中村　Ａ・Ｂ棟,3990032,長野県松本市芳川村井町２５７－６,0263-58-2483,,中村　栄子
529,496,2012,グランディール中村　Ａ・Ｂ棟,3990032,長野県松本市芳川村井町２５７－６,0263-58-2483,,中村　栄子
529,496,2013,グランディール中村　Ａ・Ｂ棟,3990032,長野県松本市芳川村井町２５７－６,0263-58-2483,,中村　栄子
529,496,2014,グランディール中村　Ａ・Ｂ棟,3990032,長野県松本市芳川村井町２５７－６,0263-58-2483,,中村　栄子
532,274,2010,信濃むつみ高等学校,3900832,長野県松本市南松本１－１３－２６,0263-27-3700,,関森　史子
532,274,2011,信濃むつみ高等学校,3900832,長野県松本市南松本１－１３－２６,0263-27-3700,,関森　史子
532,274,2012,信濃むつみ高等学校,3900832,長野県松本市南松本１－１３－２６,0263-27-3700,,関森　史子
532,274,2013,信濃むつみ高等学校,3900832,長野県松本市南松本１－１３－２６,0263-27-3700,,関森　史子
532,274,2014,信濃むつみ高等学校,3900832,長野県松本市南松本１－１３－２６,0263-27-3700,,関森　史子
539,503,2011,桐山えのき茸栽培施設,3997701,東筑摩郡麻績村麻３９５,0263-67-3106,,桐山佳邦
539,503,2012,桐山えのき茸栽培施設,3997701,東筑摩郡麻績村麻３９５,0263-67-3106,,桐山佳邦
539,503,2013,桐山えのき茸栽培施設,3997701,東筑摩郡麻績村麻３９５,0263-67-3106,,桐山佳邦
539,503,2014,桐山えのき茸栽培施設,3997701,東筑摩郡麻績村麻３９５,0263-67-3106,,桐山佳邦
542,612,2010,株式会社シンケン　南信営業所,3920013,長野県諏訪市沖田町２－１０５－２,0266-58-8115,,
542,612,2011,株式会社シンケン　南信営業所,3920013,長野県諏訪市沖田町２－１０５－２,0266-58-8115,,
542,612,2012,株式会社シンケン　南信営業所,3920013,長野県諏訪市沖田町２－１０５－２,0266-58-8115,,
542,612,2013,株式会社シンケン　南信営業所,3920013,長野県諏訪市沖田町２－１０５－２,0266-58-8115,,
542,612,2014,株式会社シンケン　南信営業所,3920013,長野県諏訪市沖田町２－１０５－２,0266-58-8115,,
546,508,2010,シャルム由比ヶ浜　Ａ・Ｂ・Ｃ・Ｄ棟,3900312,松本市岡田松岡116-1,0263-46-2219,,由比ヶ浜　義人
546,508,2011,シャルム由比ヶ浜　Ａ・Ｂ・Ｃ・Ｄ棟,3900312,松本市岡田松岡116-1,0263-46-2219,,由比ヶ浜　義人
546,508,2012,シャルム由比ヶ浜　Ａ・Ｂ・Ｃ・Ｄ棟,3900312,松本市岡田松岡116-1,0263-46-2219,,由比ヶ浜　義人
546,508,2013,シャルム由比ヶ浜　Ａ・Ｂ・Ｃ・Ｄ棟,3900312,松本市岡田松岡116-1,0263-46-2219,,由比ヶ浜　義人
546,508,2014,シャルム由比ヶ浜　Ａ・Ｂ・Ｃ・Ｄ棟,3900312,松本市岡田松岡116-1,0263-46-2219,,由比ヶ浜　義人
549,510,2010,ワールドセントラルビル,3900811,長野県松本市中央２丁目４番１３号,0263-33-8845,,北野　功
549,510,2011,ワールドセントラルビル,3900811,長野県松本市中央２丁目４番１３号,0263-33-8845,,北野　功
549,510,2012,ワールドセントラルビル,3900811,長野県松本市中央２丁目４番１３号,0263-33-8845,,北野　功
549,510,2013,ワールドセントラルビル,3900811,長野県松本市中央２丁目４番１３号,0263-33-8845,,北野　功
549,510,2014,ワールドセントラルビル,3900811,長野県松本市中央２丁目４番１３号,0263-33-8845,,北野　功
551,511,2010,長野県立木曽病院,3970001,長野県木曽郡木曽町福島6613-4,0264-22-2703,,事務局総務係　小口さん
551,511,2011,長野県立木曽病院,3970001,長野県木曽郡木曽町福島6613-4,0264-22-2703,,事務局総務係　小口さん
551,511,2012,長野県立木曽病院,3970001,長野県木曽郡木曽町福島6613-4,0264-22-2703,,事務局総務係　小口さん
551,511,2013,長野県立木曽病院,3970001,長野県木曽郡木曽町福島6613-4,0264-22-2703,,事務局総務係　小口さん
551,511,2014,長野県立木曽病院,3970001,長野県木曽郡木曽町福島6613-4,0264-22-2703,,事務局総務係　小口さん
555,89,2010,松本市　あがたの森文化会館,3900812,松本市県3丁目1番1号,0263-32-1812,,那須（ｻｽﾅｶ通信）
555,89,2011,松本市　あがたの森文化会館,3900812,松本市県3丁目1番1号,0263-32-1812,,那須（ｻｽﾅｶ通信）
555,89,2012,松本市　あがたの森文化会館,3900812,松本市県3丁目1番1号,0263-32-1812,,那須（ｻｽﾅｶ通信）
555,89,2013,松本市　あがたの森文化会館,3900812,松本市県3丁目1番1号,0263-32-1812,,那須（ｻｽﾅｶ通信）
555,89,2014,松本市　あがたの森文化会館,3900812,松本市県3丁目1番1号,0263-32-1812,,那須（ｻｽﾅｶ通信）
557,512,2010,株式会社ミツルヤ家具センター,3990005,松本市野溝木工1-7-14,0263-27-5111,,上條　幸一
557,512,2011,株式会社ミツルヤ家具センター,3990005,松本市野溝木工1-7-14,0263-27-5111,,上條　幸一
557,512,2012,株式会社ミツルヤ家具センター,3990005,松本市野溝木工1-7-14,0263-27-5111,,上條　幸一
557,512,2013,株式会社ミツルヤ家具センター,3990005,松本市野溝木工1-7-14,0263-27-5111,,上條　幸一
557,512,2014,株式会社ミツルヤ家具センター,3990005,松本市野溝木工1-7-14,0263-27-5111,,上條　幸一
561,10,2010,豊田市民山の家　リゾート安曇野,3998301,長野県安曇野市穂高有明７６８２－４,,,加藤　俊彦
561,10,2011,豊田市民山の家　リゾート安曇野,3998301,長野県安曇野市穂高有明７６８２－４,,,加藤　俊彦
561,10,2012,豊田市民山の家　リゾート安曇野,3998301,長野県安曇野市穂高有明７６８２－４,,,加藤　俊彦
561,10,2013,豊田市民山の家　リゾート安曇野,3998301,長野県安曇野市穂高有明７６８２－４,,,加藤　俊彦
561,10,2014,豊田市民山の家　リゾート安曇野,3998301,長野県安曇野市穂高有明７６８２－４,,,加藤　俊彦
563,515,2010,医療法人中島医院,3990032,松本市芳川村井町770-1,0263-57-3762,,中島　純一
563,515,2011,医療法人中島医院,3990032,松本市芳川村井町770-1,0263-57-3762,,中島　純一
563,515,2012,医療法人中島医院,3990032,松本市芳川村井町770-1,0263-57-3762,,中島　純一
563,515,2013,医療法人中島医院,3990032,松本市芳川村井町770-1,0263-57-3762,,中島　純一
563,515,2014,医療法人中島医院,3990032,松本市芳川村井町770-1,0263-57-3762,,中島　純一
564,516,2010,ボルボ・カーズ松本,3990701,塩尻市大字広丘吉田道西700-8,0263-58-1161,,篠田　薫
564,516,2011,ボルボ・カーズ松本,3990701,塩尻市大字広丘吉田道西700-8,0263-58-1161,,篠田　薫
564,516,2012,ボルボ・カーズ松本,3990701,塩尻市大字広丘吉田道西700-8,0263-58-1161,,篠田　薫
564,516,2013,ボルボ・カーズ松本,3990701,塩尻市大字広丘吉田道西700-8,0263-58-1161,,篠田　薫
564,516,2014,ボルボ・カーズ松本,3990701,塩尻市大字広丘吉田道西700-8,0263-58-1161,,篠田　薫
565,517,2010,小梨の湯　笹屋,3901515,松本市安曇白骨4182-1,0263-93-2132,,加藤　光昭
565,517,2011,小梨の湯　笹屋,3901515,松本市安曇白骨4182-1,0263-93-2132,,加藤　光昭
565,517,2012,小梨の湯　笹屋,3901515,松本市安曇白骨4182-1,0263-93-2132,,加藤　光昭
565,517,2013,小梨の湯　笹屋,3901515,松本市安曇白骨4182-1,0263-93-2132,,加藤　光昭
565,517,2014,小梨の湯　笹屋,3901515,松本市安曇白骨4182-1,0263-93-2132,,加藤　光昭
566,518,2010,株式会社角藤　中南信支店,,松本市野溝木工1-1-1,0263-25-5520,,小林　和人
566,518,2011,株式会社角藤　中南信支店,,松本市野溝木工1-1-1,0263-25-5520,,小林　和人
566,518,2012,株式会社角藤　中南信支店,,松本市野溝木工1-1-1,0263-25-5520,,小林　和人
566,518,2013,株式会社角藤　中南信支店,,松本市野溝木工1-1-1,0263-25-5520,,小林　和人
566,518,2014,株式会社角藤　中南信支店,,松本市野溝木工1-1-1,0263-25-5520,,小林　和人
567,518,2010,株式会社角藤　笹賀寮,,松本市大字笹賀7429,,,小林　和人
567,518,2011,株式会社角藤　笹賀寮,,松本市大字笹賀7429,,,小林　和人
567,518,2012,株式会社角藤　笹賀寮,,松本市大字笹賀7429,,,小林　和人
567,518,2013,株式会社角藤　笹賀寮,,松本市大字笹賀7429,,,小林　和人
567,518,2014,株式会社角藤　笹賀寮,,松本市大字笹賀7429,,,小林　和人
568,518,2010,株式会社角藤　倉庫,,松本市野溝木工1-2-17,,,小林　和人
568,518,2011,株式会社角藤　倉庫,,松本市野溝木工1-2-17,,,小林　和人
568,518,2012,株式会社角藤　倉庫,,松本市野溝木工1-2-17,,,小林　和人
568,518,2013,株式会社角藤　倉庫,,松本市野溝木工1-2-17,,,小林　和人
568,518,2014,株式会社角藤　倉庫,,松本市野溝木工1-2-17,,,小林　和人
570,519,2010,金塚ビル,3900811,松本市中央1-5-5,,,藤森　久雄
570,519,2011,金塚ビル,3900811,松本市中央1-5-5,,,藤森　久雄
570,519,2012,金塚ビル,3900811,松本市中央1-5-5,,,藤森　久雄
570,519,2013,金塚ビル,3900811,松本市中央1-5-5,,,藤森　久雄
570,519,2014,金塚ビル,3900811,松本市中央1-5-5,,,藤森　久雄
571,520,2010,安曇野本多通信工業株式会社　穂高工場,3998301,安曇野市穂高有明1059番地1,0263-83-4776,,柴野　智至
571,520,2011,安曇野本多通信工業株式会社　穂高工場,3998301,安曇野市穂高有明1059番地1,0263-83-4776,,柴野　智至
571,520,2012,安曇野本多通信工業株式会社　穂高工場,3998301,安曇野市穂高有明1059番地1,0263-83-4776,,柴野　智至
571,520,2013,安曇野本多通信工業株式会社　穂高工場,3998301,安曇野市穂高有明1059番地1,0263-83-4776,,柴野　智至
571,520,2014,安曇野本多通信工業株式会社　穂高工場,3998301,安曇野市穂高有明1059番地1,0263-83-4776,,柴野　智至
573,10,2010,株式会社式典サービス　えにしホール,3900874,長野県松本市大手１-８-１８,,,
573,10,2011,株式会社式典サービス　えにしホール,3900874,長野県松本市大手１-８-１８,,,
573,10,2012,株式会社式典サービス　えにしホール,3900874,長野県松本市大手１-８-１８,,,
573,10,2013,株式会社式典サービス　えにしホール,3900874,長野県松本市大手１-８-１８,,,
573,10,2014,株式会社式典サービス　えにしホール,3900874,長野県松本市大手１-８-１８,,,
574,521,2010,サンリン株式会社　本社,3901301,東筑摩郡山形村字下本郷4082-3,0263-97-3030,,中村　章
574,521,2011,サンリン株式会社　本社,3901301,東筑摩郡山形村字下本郷4082-3,0263-97-3030,,中村　章
574,521,2012,サンリン株式会社　本社,3901301,東筑摩郡山形村字下本郷4082-3,0263-97-3030,,中村　章
574,521,2013,サンリン株式会社　本社,3901301,東筑摩郡山形村字下本郷4082-3,0263-97-3030,,中村　章
574,521,2014,サンリン株式会社　本社,3901301,東筑摩郡山形村字下本郷4082-3,0263-97-3030,,中村　章
575,522,2010,株式会社マルイチ産商　松本低温流通加工センター,3990032,長野県松本市芳川村井町948番地1,0263-57-6800,,玉井　輝夫
575,522,2011,株式会社マルイチ産商　松本低温流通加工センター,3990032,長野県松本市芳川村井町948番地1,0263-57-6800,,玉井　輝夫
575,522,2012,株式会社マルイチ産商　松本低温流通加工センター,3990032,長野県松本市芳川村井町948番地1,0263-57-6800,,玉井　輝夫
575,522,2013,株式会社マルイチ産商　松本低温流通加工センター,3990032,長野県松本市芳川村井町948番地1,0263-57-6800,,玉井　輝夫
575,522,2014,株式会社マルイチ産商　松本低温流通加工センター,3990032,長野県松本市芳川村井町948番地1,0263-57-6800,,玉井　輝夫
576,523,2010,エア・ウォーター・マッハ株式会社本社第１工場,3901701,松本市梓川倭4009-1,0263-78-5556,,小松　浩一
576,523,2011,エア・ウォーター・マッハ株式会社本社第１工場,3901701,松本市梓川倭4009-1,0263-78-5556,,小松　浩一
576,523,2012,エア・ウォーター・マッハ株式会社本社第１工場,3901701,松本市梓川倭4009-1,0263-78-5556,,小松　浩一
576,523,2013,エア・ウォーター・マッハ株式会社本社第１工場,3901701,松本市梓川倭4009-1,0263-78-5556,,小松　浩一
576,523,2014,エア・ウォーター・マッハ株式会社本社第１工場,3901701,松本市梓川倭4009-1,0263-78-5556,,小松　浩一
577,523,2010,エア・ウォーター・マッハ株式会社　金型工場,3901701,松本市梓川倭4009-1,0263-78-5556,,小松　浩一
577,523,2011,エア・ウォーター・マッハ株式会社　金型工場,3901701,松本市梓川倭4009-1,0263-78-5556,,小松　浩一
577,523,2012,エア・ウォーター・マッハ株式会社　金型工場,3901701,松本市梓川倭4009-1,0263-78-5556,,小松　浩一
577,523,2013,エア・ウォーター・マッハ株式会社　金型工場,3901701,松本市梓川倭4009-1,0263-78-5556,,小松　浩一
577,523,2014,エア・ウォーター・マッハ株式会社　金型工場,3901701,松本市梓川倭4009-1,0263-78-5556,,小松　浩一
581,189,2010,おもしろスクエアＪＩＮＯＳ　梓店,3900851,松本市大字島内１６６６－１２１９,0263-47-1597,0263-47-6230,尾日向　和孝
581,189,2011,おもしろスクエアＪＩＮＯＳ　梓店,3900851,松本市大字島内１６６６－１２１９,0263-47-1597,0263-47-6230,尾日向　和孝
581,189,2012,おもしろスクエアＪＩＮＯＳ　梓店,3900851,松本市大字島内１６６６－１２１９,0263-47-1597,0263-47-6230,尾日向　和孝
581,189,2013,おもしろスクエアＪＩＮＯＳ　梓店,3900851,松本市大字島内１６６６－１２１９,0263-47-1597,0263-47-6230,尾日向　和孝
581,189,2014,おもしろスクエアＪＩＮＯＳ　梓店,3900851,松本市大字島内１６６６－１２１９,0263-47-1597,0263-47-6230,尾日向　和孝
582,189,2010,株式会社ジン・コーポレーション　豊科出張所,3998204,長野県安曇野市豊科高家３６３８－２,0263-72-6151,,池田　渉
582,189,2011,株式会社ジン・コーポレーション　豊科出張所,3998204,長野県安曇野市豊科高家３６３８－２,0263-72-6151,,池田　渉
582,189,2012,株式会社ジン・コーポレーション　豊科出張所,3998204,長野県安曇野市豊科高家３６３８－２,0263-72-6151,,池田　渉
582,189,2013,株式会社ジン・コーポレーション　豊科出張所,3998204,長野県安曇野市豊科高家３６３８－２,0263-72-6151,,池田　渉
582,189,2014,株式会社ジン・コーポレーション　豊科出張所,3998204,長野県安曇野市豊科高家３６３８－２,0263-72-6151,,池田　渉
584,526,2010,松本理容美容専門学校　寮,3990005,長野県松本市野溝木工１丁目４番８号,0263-26-2195,,松井　清典
584,526,2011,松本理容美容専門学校　寮,3990005,長野県松本市野溝木工１丁目４番８号,0263-26-2195,,松井　清典
584,526,2012,松本理容美容専門学校　寮,3990005,長野県松本市野溝木工１丁目４番８号,0263-26-2195,,松井　清典
584,526,2013,松本理容美容専門学校　寮,3990005,長野県松本市野溝木工１丁目４番８号,0263-26-2195,,松井　清典
584,526,2014,松本理容美容専門学校　寮,3990005,長野県松本市野溝木工１丁目４番８号,0263-26-2195,,松井　清典
585,528,2010,松本ウエルトンホテル,3900841,松本市渚,0263-27-3000,,西場　秀和
585,528,2011,松本ウエルトンホテル,3900841,松本市渚,0263-27-3000,,西場　秀和
585,528,2012,松本ウエルトンホテル,3900841,松本市渚,0263-27-3000,,西場　秀和
585,528,2013,松本ウエルトンホテル,3900841,松本市渚,0263-27-3000,,西場　秀和
585,528,2014,松本ウエルトンホテル,3900841,松本市渚,0263-27-3000,,西場　秀和
593,532,2010,株式会社宮本工業所,3900821,松本市筑摩1-1-5,0263-25-0340,,宮本　寛次
593,532,2011,株式会社宮本工業所,3900821,松本市筑摩1-1-5,0263-25-0340,,宮本　寛次
593,532,2012,株式会社宮本工業所,3900821,松本市筑摩1-1-5,0263-25-0340,,宮本　寛次
593,532,2013,株式会社宮本工業所,3900821,松本市筑摩1-1-5,0263-25-0340,,宮本　寛次
593,532,2014,株式会社宮本工業所,3900821,松本市筑摩1-1-5,0263-25-0340,,宮本　寛次
596,535,2010,やよい保育園,3900846,松本市南原2-11-5,0263-27-3377,,小口　薫
596,535,2011,やよい保育園,3900846,松本市南原2-11-5,0263-27-3377,,小口　薫
596,535,2012,やよい保育園,3900846,松本市南原2-11-5,0263-27-3377,,小口　薫
596,535,2013,やよい保育園,3900846,松本市南原2-11-5,0263-27-3377,,小口　薫
596,535,2014,やよい保育園,3900846,松本市南原2-11-5,0263-27-3377,,小口　薫
598,537,2010,グランビュー東和・安曇野,,長野県安曇野市豊科高家３８１５－５,0261-22-2199,,河内社長
598,537,2011,グランビュー東和・安曇野,,長野県安曇野市豊科高家３８１５－５,0261-22-2199,,河内社長
598,537,2012,グランビュー東和・安曇野,,長野県安曇野市豊科高家３８１５－５,0261-22-2199,,河内社長
598,537,2013,グランビュー東和・安曇野,,長野県安曇野市豊科高家３８１５－５,0261-22-2199,,河内社長
598,537,2014,グランビュー東和・安曇野,,長野県安曇野市豊科高家３８１５－５,0261-22-2199,,河内社長
599,538,2010,四柱神社,3900874,松本市大手3-3-20,0263-32-1936,,北沢　道夫
599,538,2011,四柱神社,3900874,松本市大手3-3-20,0263-32-1936,,北沢　道夫
599,538,2012,四柱神社,3900874,松本市大手3-3-20,0263-32-1936,,北沢　道夫
599,538,2013,四柱神社,3900874,松本市大手3-3-20,0263-32-1936,,北沢　道夫
599,538,2014,四柱神社,3900874,松本市大手3-3-20,0263-32-1936,,北沢　道夫
600,539,2010,株式会社サイベックコーポレーション本社工場,3990704,塩尻市大字広丘郷原字南原1000-15,0263-53-5500,,白井　靖信
600,539,2011,株式会社サイベックコーポレーション本社工場,3990704,塩尻市大字広丘郷原字南原1000-15,0263-53-5500,,白井　靖信
600,539,2012,株式会社サイベックコーポレーション本社工場,3990704,塩尻市大字広丘郷原字南原1000-15,0263-53-5500,,白井　靖信
600,539,2013,株式会社サイベックコーポレーション本社工場,3990704,塩尻市大字広丘郷原字南原1000-15,0263-53-5500,,白井　靖信
600,539,2014,株式会社サイベックコーポレーション本社工場,3990704,塩尻市大字広丘郷原字南原1000-15,0263-53-5500,,白井　靖信
601,540,2010,富士電機㈱筑波工場松本テクニカルセンター,3901242,松本市大字和田字南西原4010-31,0263-48-1911,,総務部　小林邦子
601,540,2011,富士電機㈱筑波工場松本テクニカルセンター,3901242,松本市大字和田字南西原4010-31,0263-48-1911,,総務部　小林邦子
601,540,2012,富士電機㈱筑波工場松本テクニカルセンター,3901242,松本市大字和田字南西原4010-31,0263-48-1911,,総務部　小林邦子
601,540,2013,富士電機㈱筑波工場松本テクニカルセンター,3901242,松本市大字和田字南西原4010-31,0263-48-1911,,総務部　小林邦子
601,540,2014,富士電機㈱筑波工場松本テクニカルセンター,3901242,松本市大字和田字南西原4010-31,0263-48-1911,,総務部　小林邦子
602,541,2010,アート梱包運輸株式会社　松本営業所,3998204,安曇野市豊科高家138-4,0263-72-8488,,五十嵐　清志
602,541,2011,アート梱包運輸株式会社　松本営業所,3998204,安曇野市豊科高家138-4,0263-72-8488,,五十嵐　清志
602,541,2012,アート梱包運輸株式会社　松本営業所,3998204,安曇野市豊科高家138-4,0263-72-8488,,五十嵐　清志
602,541,2013,アート梱包運輸株式会社　松本営業所,3998204,安曇野市豊科高家138-4,0263-72-8488,,五十嵐　清志
602,541,2014,アート梱包運輸株式会社　松本営業所,3998204,安曇野市豊科高家138-4,0263-72-8488,,五十嵐　清志
603,541,2010,アート運輸株式会社タンクローリー,3998204,安曇野市豊科高家138-4,0263-72-8488,,五十嵐　清志
603,541,2011,アート運輸株式会社タンクローリー,3998204,安曇野市豊科高家138-4,0263-72-8488,,五十嵐　清志
603,541,2012,アート運輸株式会社タンクローリー,3998204,安曇野市豊科高家138-4,0263-72-8488,,五十嵐　清志
603,541,2013,アート運輸株式会社タンクローリー,3998204,安曇野市豊科高家138-4,0263-72-8488,,五十嵐　清志
603,541,2014,アート運輸株式会社タンクローリー,3998204,安曇野市豊科高家138-4,0263-72-8488,,五十嵐　清志
604,542,2010,松本中央幼稚園,3900861,松本市蟻ケ崎4-4-10,0263-36-0737,,吉田　龍子
604,542,2011,松本中央幼稚園,3900861,松本市蟻ケ崎4-4-10,0263-36-0737,,吉田　龍子
604,542,2012,松本中央幼稚園,3900861,松本市蟻ケ崎4-4-10,0263-36-0737,,吉田　龍子
604,542,2013,松本中央幼稚園,3900861,松本市蟻ケ崎4-4-10,0263-36-0737,,吉田　龍子
604,542,2014,松本中央幼稚園,3900861,松本市蟻ケ崎4-4-10,0263-36-0737,,吉田　龍子
606,544,2010,ハイツ丸山,3900806,松本市女鳥羽3-6-10,0263-33-4733,,志村　義矩
606,544,2011,ハイツ丸山,3900806,松本市女鳥羽3-6-10,0263-33-4733,,志村　義矩
606,544,2012,ハイツ丸山,3900806,松本市女鳥羽3-6-10,0263-33-4733,,志村　義矩
606,544,2013,ハイツ丸山,3900806,松本市女鳥羽3-6-10,0263-33-4733,,志村　義矩
606,544,2014,ハイツ丸山,3900806,松本市女鳥羽3-6-10,0263-33-4733,,志村　義矩
607,545,2010,朝日食品工業株式会社　アルプス大町工場,3980004,長野県大町市常盤字沓掛9726-2,0261-21-1355,,内藤　欣典
607,545,2011,朝日食品工業株式会社　アルプス大町工場,3980004,長野県大町市常盤字沓掛9726-2,0261-21-1355,,内藤　欣典
607,545,2012,朝日食品工業株式会社　アルプス大町工場,3980004,長野県大町市常盤字沓掛9726-2,0261-21-1355,,内藤　欣典
607,545,2013,朝日食品工業株式会社　アルプス大町工場,3980004,長野県大町市常盤字沓掛9726-2,0261-21-1355,,内藤　欣典
607,545,2014,朝日食品工業株式会社　アルプス大町工場,3980004,長野県大町市常盤字沓掛9726-2,0261-21-1355,,内藤　欣典
608,546,2010,有限会社マルダイ電子工業,3990706,塩尻市大字郷原字道東１０１０-７,0263-54-4535,,大槻　和人
608,546,2011,有限会社マルダイ電子工業,3990706,塩尻市大字郷原字道東１０１０-７,0263-54-4535,,大槻　和人
608,546,2012,有限会社マルダイ電子工業,3990706,塩尻市大字郷原字道東１０１０-７,0263-54-4535,,大槻　和人
608,546,2013,有限会社マルダイ電子工業,3990706,塩尻市大字郷原字道東１０１０-７,0263-54-4535,,大槻　和人
608,546,2014,有限会社マルダイ電子工業,3990706,塩尻市大字郷原字道東１０１０-７,0263-54-4535,,大槻　和人
612,549,2010,医療法人小林医院,3998205,安曇野市豊科4275-7,0263-72-2717,,小林　寛久
612,549,2011,医療法人小林医院,3998205,安曇野市豊科4275-7,0263-72-2717,,小林　寛久
612,549,2012,医療法人小林医院,3998205,安曇野市豊科4275-7,0263-72-2717,,小林　寛久
612,549,2013,医療法人小林医院,3998205,安曇野市豊科4275-7,0263-72-2717,,小林　寛久
612,549,2014,医療法人小林医院,3998205,安曇野市豊科4275-7,0263-72-2717,,小林　寛久
614,551,2010,株式会社長野銀行　高宮支店,3900835,松本市高宮東5-19,0263-26-0680,,中山　勇司
614,551,2011,株式会社長野銀行　高宮支店,3900835,松本市高宮東5-19,0263-26-0680,,中山　勇司
614,551,2012,株式会社長野銀行　高宮支店,3900835,松本市高宮東5-19,0263-26-0680,,中山　勇司
614,551,2013,株式会社長野銀行　高宮支店,3900835,松本市高宮東5-19,0263-26-0680,,中山　勇司
614,551,2014,株式会社長野銀行　高宮支店,3900835,松本市高宮東5-19,0263-26-0680,,中山　勇司
616,553,2010,株式会社前田製作所　諏訪営業所,3920012,諏訪市四賀字長池通2979-1,0266-53-2810,,宮坂　弘文
616,553,2011,株式会社前田製作所　諏訪営業所,3920012,諏訪市四賀字長池通2979-1,0266-53-2810,,宮坂　弘文
616,553,2012,株式会社前田製作所　諏訪営業所,3920012,諏訪市四賀字長池通2979-1,0266-53-2810,,宮坂　弘文
616,553,2013,株式会社前田製作所　諏訪営業所,3920012,諏訪市四賀字長池通2979-1,0266-53-2810,,宮坂　弘文
616,553,2014,株式会社前田製作所　諏訪営業所,3920012,諏訪市四賀字長池通2979-1,0266-53-2810,,宮坂　弘文
617,554,2010,ノセ眼鏡店　松本駅前店,3900811,松本市中央1-3-16,0263-32-9124,,永井　信
617,554,2011,ノセ眼鏡店　松本駅前店,3900811,松本市中央1-3-16,0263-32-9124,,永井　信
617,554,2012,ノセ眼鏡店　松本駅前店,3900811,松本市中央1-3-16,0263-32-9124,,永井　信
617,554,2013,ノセ眼鏡店　松本駅前店,3900811,松本市中央1-3-16,0263-32-9124,,永井　信
617,554,2014,ノセ眼鏡店　松本駅前店,3900811,松本市中央1-3-16,0263-32-9124,,永井　信
618,555,2010,ヤヨイ会館,3900815,長野県松本市深志,,,山本　典正
618,555,2011,ヤヨイ会館,3900815,長野県松本市深志,,,山本　典正
618,555,2012,ヤヨイ会館,3900815,長野県松本市深志,,,山本　典正
618,555,2013,ヤヨイ会館,3900815,長野県松本市深志,,,山本　典正
618,555,2014,ヤヨイ会館,3900815,長野県松本市深志,,,山本　典正
621,557,2010,松本保護会　更正保護施設　みすず寮,3900801,松本市美須々7-8,0263-32-2230,,山﨑　潤
621,557,2011,松本保護会　更正保護施設　みすず寮,3900801,松本市美須々7-8,0263-32-2230,,山﨑　潤
621,557,2012,松本保護会　更正保護施設　みすず寮,3900801,松本市美須々7-8,0263-32-2230,,山﨑　潤
621,557,2013,松本保護会　更正保護施設　みすず寮,3900801,松本市美須々7-8,0263-32-2230,,山﨑　潤
621,557,2014,松本保護会　更正保護施設　みすず寮,3900801,松本市美須々7-8,0263-32-2230,,山﨑　潤
623,559,2010,ホテル　アルファ,3996461,塩尻市宗賀5956-1,0263-54-2400,,宮川　洋寿
623,559,2011,ホテル　アルファ,3996461,塩尻市宗賀5956-1,0263-54-2400,,宮川　洋寿
623,559,2012,ホテル　アルファ,3996461,塩尻市宗賀5956-1,0263-54-2400,,宮川　洋寿
623,559,2013,ホテル　アルファ,3996461,塩尻市宗賀5956-1,0263-54-2400,,宮川　洋寿
623,559,2014,ホテル　アルファ,3996461,塩尻市宗賀5956-1,0263-54-2400,,宮川　洋寿
624,560,2010,楽園ホテル,3990723,塩尻市大字旧塩尻1057番地,0263-56-2001,,高間　強
624,560,2011,楽園ホテル,3990723,塩尻市大字旧塩尻1057番地,0263-56-2001,,高間　強
624,560,2012,楽園ホテル,3990723,塩尻市大字旧塩尻1057番地,0263-56-2001,,高間　強
624,560,2013,楽園ホテル,3990723,塩尻市大字旧塩尻1057番地,0263-56-2001,,高間　強
624,560,2014,楽園ホテル,3990723,塩尻市大字旧塩尻1057番地,0263-56-2001,,高間　強
626,562,2010,株式会社ぶどうの郷山辺,3900222,松本市大字入山辺1315-2,0263-32-3644,,丸山　典夫
626,562,2011,株式会社ぶどうの郷山辺,3900222,松本市大字入山辺1315-2,0263-32-3644,,丸山　典夫
626,562,2012,株式会社ぶどうの郷山辺,3900222,松本市大字入山辺1315-2,0263-32-3644,,丸山　典夫
626,562,2013,株式会社ぶどうの郷山辺,3900222,松本市大字入山辺1315-2,0263-32-3644,,丸山　典夫
626,562,2014,株式会社ぶどうの郷山辺,3900222,松本市大字入山辺1315-2,0263-32-3644,,丸山　典夫
627,563,2010,ＴＳＵＴＡＹＡ北松本店,3900841,松本市渚1-7-1,0263-24-1258,,尾花　勇生
627,563,2011,ＴＳＵＴＡＹＡ北松本店,3900841,松本市渚1-7-1,0263-24-1258,,尾花　勇生
627,563,2012,ＴＳＵＴＡＹＡ北松本店,3900841,松本市渚1-7-1,0263-24-1258,,尾花　勇生
627,563,2013,ＴＳＵＴＡＹＡ北松本店,3900841,松本市渚1-7-1,0263-24-1258,,尾花　勇生
627,563,2014,ＴＳＵＴＡＹＡ北松本店,3900841,松本市渚1-7-1,0263-24-1258,,尾花　勇生
628,564,2010,白樺の家・地域交流ホーム,3998603,北安曇郡池田町大字中鵜3080,0261-62-6741,,渡辺　昭一
628,564,2011,白樺の家・地域交流ホーム,3998603,北安曇郡池田町大字中鵜3080,0261-62-6741,,渡辺　昭一
628,564,2012,白樺の家・地域交流ホーム,3998603,北安曇郡池田町大字中鵜3080,0261-62-6741,,渡辺　昭一
628,564,2013,白樺の家・地域交流ホーム,3998603,北安曇郡池田町大字中鵜3080,0261-62-6741,,渡辺　昭一
628,564,2014,白樺の家・地域交流ホーム,3998603,北安曇郡池田町大字中鵜3080,0261-62-6741,,渡辺　昭一
629,565,2010,株式会社エス・ティ・ヒッツ,3900837,長野県松本市鎌田２丁目８番１２号,0263-27-3173,,篠田　徹
629,565,2011,株式会社エス・ティ・ヒッツ,3900837,長野県松本市鎌田２丁目８番１２号,0263-27-3173,,篠田　徹
629,565,2012,株式会社エス・ティ・ヒッツ,3900837,長野県松本市鎌田２丁目８番１２号,0263-27-3173,,篠田　徹
629,565,2013,株式会社エス・ティ・ヒッツ,3900837,長野県松本市鎌田２丁目８番１２号,0263-27-3173,,篠田　徹
629,565,2014,株式会社エス・ティ・ヒッツ,3900837,長野県松本市鎌田２丁目８番１２号,0263-27-3173,,篠田　徹
630,566,2010,株式会社ヘリテイジ,3998302,安曇野市穂高北穂高2827-18,0263-82-0141,,佐々木　博
630,566,2011,株式会社ヘリテイジ,3998302,安曇野市穂高北穂高2827-18,0263-82-0141,,佐々木　博
630,566,2012,株式会社ヘリテイジ,3998302,安曇野市穂高北穂高2827-18,0263-82-0141,,佐々木　博
630,566,2013,株式会社ヘリテイジ,3998302,安曇野市穂高北穂高2827-18,0263-82-0141,,佐々木　博
630,566,2014,株式会社ヘリテイジ,3998302,安曇野市穂高北穂高2827-18,0263-82-0141,,佐々木　博
631,526,2010,松本理容美容専門学校（新校舎）,3990001,長野県松本市宮田１１番７号,0263-26-2195,,松井　清典
631,526,2011,松本理容美容専門学校（新校舎）,3990001,長野県松本市宮田１１番７号,0263-26-2195,,松井　清典
631,526,2012,松本理容美容専門学校（新校舎）,3990001,長野県松本市宮田１１番７号,0263-26-2195,,松井　清典
631,526,2013,松本理容美容専門学校（新校舎）,3990001,長野県松本市宮田１１番７号,0263-26-2195,,松井　清典
631,526,2014,松本理容美容専門学校（新校舎）,3990001,長野県松本市宮田１１番７号,0263-26-2195,,松井　清典
632,470,2010,木曽広域連合　木曽クリーンセンター,3970001,木曽郡木曽町福島7720,0264-24-3131,0264-24-3132,楯　憲吾
632,470,2011,木曽広域連合　木曽クリーンセンター,3970001,木曽郡木曽町福島7720,0264-24-3131,0264-24-3132,楯　憲吾
632,470,2012,木曽広域連合　木曽クリーンセンター,3970001,木曽郡木曽町福島7720,0264-24-3131,0264-24-3132,楯　憲吾
632,470,2013,木曽広域連合　木曽クリーンセンター,3970001,木曽郡木曽町福島7720,0264-24-3131,0264-24-3132,楯　憲吾
632,470,2014,木曽広域連合　木曽クリーンセンター,3970001,木曽郡木曽町福島7720,0264-24-3131,0264-24-3132,楯　憲吾
633,470,2010,木曽広域連合　粗大ゴミ処理施設,3970001,木曽郡木曽町福島7730-1,0264-24-3131,0264-24-3132,森下　厚義
633,470,2011,木曽広域連合　粗大ゴミ処理施設,3970001,木曽郡木曽町福島7730-1,0264-24-3131,0264-24-3132,森下　厚義
633,470,2012,木曽広域連合　粗大ゴミ処理施設,3970001,木曽郡木曽町福島7730-1,0264-24-3131,0264-24-3132,森下　厚義
633,470,2013,木曽広域連合　粗大ゴミ処理施設,3970001,木曽郡木曽町福島7730-1,0264-24-3131,0264-24-3132,森下　厚義
633,470,2014,木曽広域連合　粗大ゴミ処理施設,3970001,木曽郡木曽町福島7730-1,0264-24-3131,0264-24-3132,森下　厚義
634,568,2010,有限会社三河屋,3900811,松本市中央3-8-14,0263-32-0339,,塚田　章夫
634,568,2011,有限会社三河屋,3900811,松本市中央3-8-14,0263-32-0339,,塚田　章夫
634,568,2012,有限会社三河屋,3900811,松本市中央3-8-14,0263-32-0339,,塚田　章夫
634,568,2013,有限会社三河屋,3900811,松本市中央3-8-14,0263-32-0339,,塚田　章夫
634,568,2014,有限会社三河屋,3900811,松本市中央3-8-14,0263-32-0339,,塚田　章夫
637,64,2010,ビッグエコー松本駅前公園通り店,3900811,長野県松本市中央１－３－６,0263-36-9797,,三沢　伸一郎
637,64,2011,ビッグエコー松本駅前公園通り店,3900811,長野県松本市中央１－３－６,0263-36-9797,,三沢　伸一郎
637,64,2012,ビッグエコー松本駅前公園通り店,3900811,長野県松本市中央１－３－６,0263-36-9797,,三沢　伸一郎
637,64,2013,ビッグエコー松本駅前公園通り店,3900811,長野県松本市中央１－３－６,0263-36-9797,,三沢　伸一郎
637,64,2014,ビッグエコー松本駅前公園通り店,3900811,長野県松本市中央１－３－６,0263-36-9797,,三沢　伸一郎
640,89,2010,ジュネス松本,3990002,松本市芳野13-15,,,梅田課長（ｻｽﾅｶ通信）
640,89,2011,ジュネス松本,3990002,松本市芳野13-15,,,梅田課長（ｻｽﾅｶ通信）
640,89,2012,ジュネス松本,3990002,松本市芳野13-15,,,梅田課長（ｻｽﾅｶ通信）
640,89,2013,ジュネス松本,3990002,松本市芳野13-15,,,梅田課長（ｻｽﾅｶ通信）
640,89,2014,ジュネス松本,3990002,松本市芳野13-15,,,梅田課長（ｻｽﾅｶ通信）
641,573,2010,ちえの和,3998205,安曇野市豊科5179-1,0263-71-6844,,太田　秀美
641,573,2011,ちえの和,3998205,安曇野市豊科5179-1,0263-71-6844,,太田　秀美
641,573,2012,ちえの和,3998205,安曇野市豊科5179-1,0263-71-6844,,太田　秀美
641,573,2013,ちえの和,3998205,安曇野市豊科5179-1,0263-71-6844,,太田　秀美
641,573,2014,ちえの和,3998205,安曇野市豊科5179-1,0263-71-6844,,太田　秀美
642,574,2010,株式会社エーワンオートイワセ　松本営業所,3990032,松本市芳川村井町南１－２１－１９,0263-85-3636,,岩瀬社長
642,574,2011,株式会社エーワンオートイワセ　松本営業所,3990032,松本市芳川村井町南１－２１－１９,0263-85-3636,,岩瀬社長
642,574,2012,株式会社エーワンオートイワセ　松本営業所,3990032,松本市芳川村井町南１－２１－１９,0263-85-3636,,岩瀬社長
642,574,2013,株式会社エーワンオートイワセ　松本営業所,3990032,松本市芳川村井町南１－２１－１９,0263-85-3636,,岩瀬社長
642,574,2014,株式会社エーワンオートイワセ　松本営業所,3990032,松本市芳川村井町南１－２１－１９,0263-85-3636,,岩瀬社長
644,198,2010,豊丘団地　Ａ・Ｂ・Ｃ・Ｄ棟,,,,,
644,198,2011,豊丘団地　Ａ・Ｂ・Ｃ・Ｄ棟,,,,,
644,198,2012,豊丘団地　Ａ・Ｂ・Ｃ・Ｄ棟,,,,,
644,198,2013,豊丘団地　Ａ・Ｂ・Ｃ・Ｄ棟,,,,,
644,198,2014,豊丘団地　Ａ・Ｂ・Ｃ・Ｄ棟,,,,,
645,576,2010,マンションＥＬ・ドラード,3900841,松本市渚１丁目７番３６号,0263-26-6025,,榑沼　武徳
645,576,2011,マンションＥＬ・ドラード,3900841,松本市渚１丁目７番３６号,0263-26-6025,,榑沼　武徳
645,576,2012,マンションＥＬ・ドラード,3900841,松本市渚１丁目７番３６号,0263-26-6025,,榑沼　武徳
645,576,2013,マンションＥＬ・ドラード,3900841,松本市渚１丁目７番３６号,0263-26-6025,,榑沼　武徳
645,576,2014,マンションＥＬ・ドラード,3900841,松本市渚１丁目７番３６号,0263-26-6025,,榑沼　武徳
646,577,2010,サンパレス大手,3900874,松本市大手2丁目4-33,0263-32-1151,,峰村　幸男
646,577,2011,サンパレス大手,3900874,松本市大手2丁目4-33,0263-32-1151,,峰村　幸男
646,577,2012,サンパレス大手,3900874,松本市大手2丁目4-33,0263-32-1151,,峰村　幸男
646,577,2013,サンパレス大手,3900874,松本市大手2丁目4-33,0263-32-1151,,峰村　幸男
646,577,2014,サンパレス大手,3900874,松本市大手2丁目4-33,0263-32-1151,,峰村　幸男
647,235,2010,ニチエイ　コア　野溝店,3990005,長野県松本市野溝木工2-7-50,0263-25-0789,,天川　孝明
647,235,2011,ニチエイ　コア　野溝店,3990005,長野県松本市野溝木工2-7-50,0263-25-0789,,天川　孝明
647,235,2012,ニチエイ　コア　野溝店,3990005,長野県松本市野溝木工2-7-50,0263-25-0789,,天川　孝明
647,235,2013,ニチエイ　コア　野溝店,3990005,長野県松本市野溝木工2-7-50,0263-25-0789,,天川　孝明
647,235,2014,ニチエイ　コア　野溝店,3990005,長野県松本市野溝木工2-7-50,0263-25-0789,,天川　孝明
649,579,2010,株式会社コスモシステム,3990033,松本市笹賀7103,0263-86-4663,0263-86-6862,松沢　光穂
649,579,2011,株式会社コスモシステム,3990033,松本市笹賀7103,0263-86-4663,0263-86-6862,松沢　光穂
649,579,2012,株式会社コスモシステム,3990033,松本市笹賀7103,0263-86-4663,0263-86-6862,松沢　光穂
649,579,2013,株式会社コスモシステム,3990033,松本市笹賀7103,0263-86-4663,0263-86-6862,松沢　光穂
649,579,2014,株式会社コスモシステム,3990033,松本市笹賀7103,0263-86-4663,0263-86-6862,松沢　光穂
650,580,2010,特別養護老人ホームゆめの里和田,3901242,長野県松本市字和田字中沖２２４０－３３,0263-40-3377,,武居事務長
650,580,2011,特別養護老人ホームゆめの里和田,3901242,長野県松本市字和田字中沖２２４０－３３,0263-40-3377,,武居事務長
650,580,2012,特別養護老人ホームゆめの里和田,3901242,長野県松本市字和田字中沖２２４０－３３,0263-40-3377,,武居事務長
650,580,2013,特別養護老人ホームゆめの里和田,3901242,長野県松本市字和田字中沖２２４０－３３,0263-40-3377,,武居事務長
650,580,2014,特別養護老人ホームゆめの里和田,3901242,長野県松本市字和田字中沖２２４０－３３,0263-40-3377,,武居事務長
651,274,2010,和光学園松本研修センター,3900303,長野県松本市浅間温泉３－５６－４,042-734-3401,,近藤さん
651,274,2011,和光学園松本研修センター,3900303,長野県松本市浅間温泉３－５６－４,042-734-3401,,近藤さん
651,274,2012,和光学園松本研修センター,3900303,長野県松本市浅間温泉３－５６－４,042-734-3401,,近藤さん
651,274,2013,和光学園松本研修センター,3900303,長野県松本市浅間温泉３－５６－４,042-734-3401,,近藤さん
651,274,2014,和光学園松本研修センター,3900303,長野県松本市浅間温泉３－５６－４,042-734-3401,,近藤さん
652,581,2010,シャイニービル　タナカ,3900811,松本市中央1丁目5番18号,0263-32-4384,,田中　せゑ子
652,581,2011,シャイニービル　タナカ,3900811,松本市中央1丁目5番18号,0263-32-4384,,田中　せゑ子
652,581,2012,シャイニービル　タナカ,3900811,松本市中央1丁目5番18号,0263-32-4384,,田中　せゑ子
652,581,2013,シャイニービル　タナカ,3900811,松本市中央1丁目5番18号,0263-32-4384,,田中　せゑ子
652,581,2014,シャイニービル　タナカ,3900811,松本市中央1丁目5番18号,0263-32-4384,,田中　せゑ子
658,583,2010,安曇野アートヒルズミュージアム,3998301,安曇野市穂高有明8161-1,0263-83-5100,0263-83-5800,北條
658,583,2011,安曇野アートヒルズミュージアム,3998301,安曇野市穂高有明8161-1,0263-83-5100,0263-83-5800,北條
658,583,2012,安曇野アートヒルズミュージアム,3998301,安曇野市穂高有明8161-1,0263-83-5100,0263-83-5800,北條
658,583,2013,安曇野アートヒルズミュージアム,3998301,安曇野市穂高有明8161-1,0263-83-5100,0263-83-5800,北條
658,583,2014,安曇野アートヒルズミュージアム,3998301,安曇野市穂高有明8161-1,0263-83-5100,0263-83-5800,北條
659,65,2010,在宅複合施設こまくさ野村,3990702,塩尻市広丘野村2146,0263-51-1128,,伊藤　大介
659,65,2011,在宅複合施設こまくさ野村,3990702,塩尻市広丘野村2146,0263-51-1128,,伊藤　大介
659,65,2012,在宅複合施設こまくさ野村,3990702,塩尻市広丘野村2146,0263-51-1128,,伊藤　大介
659,65,2013,在宅複合施設こまくさ野村,3990702,塩尻市広丘野村2146,0263-51-1128,,伊藤　大介
659,65,2014,在宅複合施設こまくさ野村,3990702,塩尻市広丘野村2146,0263-51-1128,,伊藤　大介
662,343,2010,松本マーケットサービスセンター南棟,3998720,長野県松本市芳川村井町823-2,0263-58-1119,,
662,343,2011,松本マーケットサービスセンター南棟,3998720,長野県松本市芳川村井町823-2,0263-58-1119,,
662,343,2012,松本マーケットサービスセンター南棟,3998720,長野県松本市芳川村井町823-2,0263-58-1119,,
662,343,2013,松本マーケットサービスセンター南棟,3998720,長野県松本市芳川村井町823-2,0263-58-1119,,
662,343,2014,松本マーケットサービスセンター南棟,3998720,長野県松本市芳川村井町823-2,0263-58-1119,,
668,586,2010,株式会社こばやし,3901401,東筑摩郡波田町3007-1,0263-92-5132,,小林　芳明
668,586,2011,株式会社こばやし,3901401,東筑摩郡波田町3007-1,0263-92-5132,,小林　芳明
668,586,2012,株式会社こばやし,3901401,東筑摩郡波田町3007-1,0263-92-5132,,小林　芳明
668,586,2013,株式会社こばやし,3901401,東筑摩郡波田町3007-1,0263-92-5132,,小林　芳明
668,586,2014,株式会社こばやし,3901401,東筑摩郡波田町3007-1,0263-92-5132,,小林　芳明
669,587,2010,エルヴェ,3900821,松本市筑摩2-19-9,0263-25-4065,,牛山　育夫
669,587,2011,エルヴェ,3900821,松本市筑摩2-19-9,0263-25-4065,,牛山　育夫
669,587,2012,エルヴェ,3900821,松本市筑摩2-19-9,0263-25-4065,,牛山　育夫
669,587,2013,エルヴェ,3900821,松本市筑摩2-19-9,0263-25-4065,,牛山　育夫
669,587,2014,エルヴェ,3900821,松本市筑摩2-19-9,0263-25-4065,,牛山　育夫
670,588,2010,竹渕公民館,3990011,松本市寿北13-11-3,0263-58-4238,,長澤　弘
670,588,2011,竹渕公民館,3990011,松本市寿北13-11-3,0263-58-4238,,長澤　弘
670,588,2012,竹渕公民館,3990011,松本市寿北13-11-3,0263-58-4238,,長澤　弘
670,588,2013,竹渕公民館,3990011,松本市寿北13-11-3,0263-58-4238,,長澤　弘
670,588,2014,竹渕公民館,3990011,松本市寿北13-11-3,0263-58-4238,,長澤　弘
671,589,2010,吉江医院,3990733,塩尻市大門三番町2-10,0263-52-0978,,向山　邦俊
671,589,2011,吉江医院,3990733,塩尻市大門三番町2-10,0263-52-0978,,向山　邦俊
671,589,2012,吉江医院,3990733,塩尻市大門三番町2-10,0263-52-0978,,向山　邦俊
671,589,2013,吉江医院,3990733,塩尻市大門三番町2-10,0263-52-0978,,向山　邦俊
671,589,2014,吉江医院,3990733,塩尻市大門三番町2-10,0263-52-0978,,向山　邦俊
672,590,2010,ライブコーポハーモニー,3900851,松本市島内4209,0263-48-0908,,藤田　成子
672,590,2011,ライブコーポハーモニー,3900851,松本市島内4209,0263-48-0908,,藤田　成子
672,590,2012,ライブコーポハーモニー,3900851,松本市島内4209,0263-48-0908,,藤田　成子
672,590,2013,ライブコーポハーモニー,3900851,松本市島内4209,0263-48-0908,,藤田　成子
672,590,2014,ライブコーポハーモニー,3900851,松本市島内4209,0263-48-0908,,藤田　成子
673,591,2010,ふとっぱら,3900306,松本市南浅間630-6,0263-45-5511,,久保村　英樹
673,591,2011,ふとっぱら,3900306,松本市南浅間630-6,0263-45-5511,,久保村　英樹
673,591,2012,ふとっぱら,3900306,松本市南浅間630-6,0263-45-5511,,久保村　英樹
673,591,2013,ふとっぱら,3900306,松本市南浅間630-6,0263-45-5511,,久保村　英樹
673,591,2014,ふとっぱら,3900306,松本市南浅間630-6,0263-45-5511,,久保村　英樹
674,592,2010,アズミビル,3998205,安曇野市豊科大字豊科4019番地,0263-72-2090,,斉藤　貴史
674,592,2011,アズミビル,3998205,安曇野市豊科大字豊科4019番地,0263-72-2090,,斉藤　貴史
674,592,2012,アズミビル,3998205,安曇野市豊科大字豊科4019番地,0263-72-2090,,斉藤　貴史
674,592,2013,アズミビル,3998205,安曇野市豊科大字豊科4019番地,0263-72-2090,,斉藤　貴史
674,592,2014,アズミビル,3998205,安曇野市豊科大字豊科4019番地,0263-72-2090,,斉藤　貴史
675,593,2010,株式会社市民タイムス　塩尻支社,3990746,塩尻市大門並木町7-5,0263-54-0085,,花岡　明生
675,593,2011,株式会社市民タイムス　塩尻支社,3990746,塩尻市大門並木町7-5,0263-54-0085,,花岡　明生
675,593,2012,株式会社市民タイムス　塩尻支社,3990746,塩尻市大門並木町7-5,0263-54-0085,,花岡　明生
675,593,2013,株式会社市民タイムス　塩尻支社,3990746,塩尻市大門並木町7-5,0263-54-0085,,花岡　明生
675,593,2014,株式会社市民タイムス　塩尻支社,3990746,塩尻市大門並木町7-5,0263-54-0085,,花岡　明生
676,594,2010,フルサト工業株式会社　松本事業所,3998301,安曇野市穂高有明9985-1,0263-83-4821,0263-83-4823,寺田　幾久雄
676,594,2011,フルサト工業株式会社　松本事業所,3998301,安曇野市穂高有明9985-1,0263-83-4821,0263-83-4823,寺田　幾久雄
676,594,2012,フルサト工業株式会社　松本事業所,3998301,安曇野市穂高有明9985-1,0263-83-4821,0263-83-4823,寺田　幾久雄
676,594,2013,フルサト工業株式会社　松本事業所,3998301,安曇野市穂高有明9985-1,0263-83-4821,0263-83-4823,寺田　幾久雄
676,594,2014,フルサト工業株式会社　松本事業所,3998301,安曇野市穂高有明9985-1,0263-83-4821,0263-83-4823,寺田　幾久雄
677,595,2010,窪田ビル,3900815,松本市深志1-4-11,0263-32-6246,,窪田　正治
677,595,2011,窪田ビル,3900815,松本市深志1-4-11,0263-32-6246,,窪田　正治
677,595,2012,窪田ビル,3900815,松本市深志1-4-11,0263-32-6246,,窪田　正治
677,595,2013,窪田ビル,3900815,松本市深志1-4-11,0263-32-6246,,窪田　正治
677,595,2014,窪田ビル,3900815,松本市深志1-4-11,0263-32-6246,,窪田　正治
678,596,2010,村井病院　生活訓練施設あかしや,3990032,松本市芳川村井町18番地8,0263-59-6511,,青木　久好
678,596,2011,村井病院　生活訓練施設あかしや,3990032,松本市芳川村井町18番地8,0263-59-6511,,青木　久好
678,596,2012,村井病院　生活訓練施設あかしや,3990032,松本市芳川村井町18番地8,0263-59-6511,,青木　久好
678,596,2013,村井病院　生活訓練施設あかしや,3990032,松本市芳川村井町18番地8,0263-59-6511,,青木　久好
678,596,2014,村井病院　生活訓練施設あかしや,3990032,松本市芳川村井町18番地8,0263-59-6511,,青木　久好
679,597,2010,株式会社日研コンサル,3900841,松本市渚2-5-6,0263-26-6470,,井戸　和則
679,597,2011,株式会社日研コンサル,3900841,松本市渚2-5-6,0263-26-6470,,井戸　和則
679,597,2012,株式会社日研コンサル,3900841,松本市渚2-5-6,0263-26-6470,,井戸　和則
679,597,2013,株式会社日研コンサル,3900841,松本市渚2-5-6,0263-26-6470,,井戸　和則
679,597,2014,株式会社日研コンサル,3900841,松本市渚2-5-6,0263-26-6470,,井戸　和則
681,599,2010,富士コーポレーション株式会社,3901301,東筑摩郡山形村竹原5602-1,0263-98-3280,,藤野　優二
681,599,2011,富士コーポレーション株式会社,3901301,東筑摩郡山形村竹原5602-1,0263-98-3280,,藤野　優二
681,599,2012,富士コーポレーション株式会社,3901301,東筑摩郡山形村竹原5602-1,0263-98-3280,,藤野　優二
681,599,2013,富士コーポレーション株式会社,3901301,東筑摩郡山形村竹原5602-1,0263-98-3280,,藤野　優二
681,599,2014,富士コーポレーション株式会社,3901301,東筑摩郡山形村竹原5602-1,0263-98-3280,,藤野　優二
682,599,2010,富士コーポレーション株式会社　倉庫,3901301,東筑摩郡山形村竹原5685-1,0263-98-3280,,藤野　優二
682,599,2011,富士コーポレーション株式会社　倉庫,3901301,東筑摩郡山形村竹原5685-1,0263-98-3280,,藤野　優二
682,599,2012,富士コーポレーション株式会社　倉庫,3901301,東筑摩郡山形村竹原5685-1,0263-98-3280,,藤野　優二
682,599,2013,富士コーポレーション株式会社　倉庫,3901301,東筑摩郡山形村竹原5685-1,0263-98-3280,,藤野　優二
682,599,2014,富士コーポレーション株式会社　倉庫,3901301,東筑摩郡山形村竹原5685-1,0263-98-3280,,藤野　優二
683,601,2010,株式会社パナホーム東海　中南信支店,3990032,松本市芳川村井町912-1,0263-86-0877,,下里　智彦
683,601,2011,株式会社パナホーム東海　中南信支店,3990032,松本市芳川村井町912-1,0263-86-0877,,下里　智彦
683,601,2012,株式会社パナホーム東海　中南信支店,3990032,松本市芳川村井町912-1,0263-86-0877,,下里　智彦
683,601,2013,株式会社パナホーム東海　中南信支店,3990032,松本市芳川村井町912-1,0263-86-0877,,下里　智彦
683,601,2014,株式会社パナホーム東海　中南信支店,3990032,松本市芳川村井町912-1,0263-86-0877,,下里　智彦
685,603,2010,デイサービスセンターつくしの郷,3990705,塩尻市大字広丘堅石2150番地,0263-54-0294,,上條　通夫
685,603,2011,デイサービスセンターつくしの郷,3990705,塩尻市大字広丘堅石2150番地,0263-54-0294,,上條　通夫
685,603,2012,デイサービスセンターつくしの郷,3990705,塩尻市大字広丘堅石2150番地,0263-54-0294,,上條　通夫
685,603,2013,デイサービスセンターつくしの郷,3990705,塩尻市大字広丘堅石2150番地,0263-54-0294,,上條　通夫
685,603,2014,デイサービスセンターつくしの郷,3990705,塩尻市大字広丘堅石2150番地,0263-54-0294,,上條　通夫
691,343,2010,諏訪支店,3940044,長野県岡谷市湊5-14-1,0266-23-7006,,
691,343,2011,諏訪支店,3940044,長野県岡谷市湊5-14-1,0266-23-7006,,
691,343,2012,諏訪支店,3940044,長野県岡谷市湊5-14-1,0266-23-7006,,
691,343,2013,諏訪支店,3940044,長野県岡谷市湊5-14-1,0266-23-7006,,
691,343,2014,諏訪支店,3940044,長野県岡谷市湊5-14-1,0266-23-7006,,
692,605,2010,長野県職員小柴宿舎A・B棟、　青島宿舎A・B・C・D棟、　石芝独身寮、　高松独身寮,3900851,松本市島内2265番地、島内3700番地1号、石芝3丁目7番15号、島内2400番地,,,
692,605,2011,長野県職員小柴宿舎A・B棟、　青島宿舎A・B・C・D棟、　石芝独身寮、　高松独身寮,3900851,松本市島内2265番地、島内3700番地1号、石芝3丁目7番15号、島内2400番地,,,
692,605,2012,長野県職員小柴宿舎A・B棟、　青島宿舎A・B・C・D棟、　石芝独身寮、　高松独身寮,3900851,松本市島内2265番地、島内3700番地1号、石芝3丁目7番15号、島内2400番地,,,
692,605,2013,長野県職員小柴宿舎A・B棟、　青島宿舎A・B・C・D棟、　石芝独身寮、　高松独身寮,3900851,松本市島内2265番地、島内3700番地1号、石芝3丁目7番15号、島内2400番地,,,
692,605,2014,長野県職員小柴宿舎A・B棟、　青島宿舎A・B・C・D棟、　石芝独身寮、　高松独身寮,3900851,松本市島内2265番地、島内3700番地1号、石芝3丁目7番15号、島内2400番地,,,
693,606,2010,株式会社シード・アドバンス,3990033,松本市大字笹賀6010-1,0263-27-4474,0263-27-2815,百瀬社長
693,606,2011,株式会社シード・アドバンス,3990033,松本市大字笹賀6010-1,0263-27-4474,0263-27-2815,百瀬社長
693,606,2012,株式会社シード・アドバンス,3990033,松本市大字笹賀6010-1,0263-27-4474,0263-27-2815,百瀬社長
693,606,2013,株式会社シード・アドバンス,3990033,松本市大字笹賀6010-1,0263-27-4474,0263-27-2815,百瀬社長
693,606,2014,株式会社シード・アドバンス,3990033,松本市大字笹賀6010-1,0263-27-4474,0263-27-2815,百瀬社長
698,611,2010,一乗寺,3998205,長野県安曇野市豊科４２９６,0263-72-7151,0263-72-7152,千野　信和
698,611,2011,一乗寺,3998205,長野県安曇野市豊科４２９６,0263-72-7151,0263-72-7152,千野　信和
698,611,2012,一乗寺,3998205,長野県安曇野市豊科４２９６,0263-72-7151,0263-72-7152,千野　信和
698,611,2013,一乗寺,3998205,長野県安曇野市豊科４２９６,0263-72-7151,0263-72-7152,千野　信和
698,611,2014,一乗寺,3998205,長野県安曇野市豊科４２９６,0263-72-7151,0263-72-7152,千野　信和
699,611,2010,セコム上信越株式会社　松本支社,3900864,長野県松本市宮渕本村１番１５号,0263-35-7718,0263-35-7767,長谷川　昌也
699,611,2011,セコム上信越株式会社　松本支社,3900864,長野県松本市宮渕本村１番１５号,0263-35-7718,0263-35-7767,長谷川　昌也
699,611,2012,セコム上信越株式会社　松本支社,3900864,長野県松本市宮渕本村１番１５号,0263-35-7718,0263-35-7767,長谷川　昌也
699,611,2013,セコム上信越株式会社　松本支社,3900864,長野県松本市宮渕本村１番１５号,0263-35-7718,0263-35-7767,長谷川　昌也
699,611,2014,セコム上信越株式会社　松本支社,3900864,長野県松本市宮渕本村１番１５号,0263-35-7718,0263-35-7767,長谷川　昌也
704,611,2010,このんこぴあ飯田,3950001,長野県飯田市座光寺４５９８－１,0265-53-3909,,
704,611,2011,このんこぴあ飯田,3950001,長野県飯田市座光寺４５９８－１,0265-53-3909,,
704,611,2012,このんこぴあ飯田,3950001,長野県飯田市座光寺４５９８－１,0265-53-3909,,
704,611,2013,このんこぴあ飯田,3950001,長野県飯田市座光寺４５９８－１,0265-53-3909,,
704,611,2014,このんこぴあ飯田,3950001,長野県飯田市座光寺４５９８－１,0265-53-3909,,
705,612,2010,株式会社ヤナセ　松本支店　ショールーム,3990005,長野県松本市野溝木工１－３－２,0263-24-3611,,
705,612,2011,株式会社ヤナセ　松本支店　ショールーム,3990005,長野県松本市野溝木工１－３－２,0263-24-3611,,
705,612,2012,株式会社ヤナセ　松本支店　ショールーム,3990005,長野県松本市野溝木工１－３－２,0263-24-3611,,
705,612,2013,株式会社ヤナセ　松本支店　ショールーム,3990005,長野県松本市野溝木工１－３－２,0263-24-3611,,
705,612,2014,株式会社ヤナセ　松本支店　ショールーム,3990005,長野県松本市野溝木工１－３－２,0263-24-3611,,
706,612,2010,株式会社セリア　信州辰野店,3990422,長野県上伊那郡辰野町平出１７６９,0266-43-2752,,
706,612,2011,株式会社セリア　信州辰野店,3990422,長野県上伊那郡辰野町平出１７６９,0266-43-2752,,
706,612,2012,株式会社セリア　信州辰野店,3990422,長野県上伊那郡辰野町平出１７６９,0266-43-2752,,
706,612,2013,株式会社セリア　信州辰野店,3990422,長野県上伊那郡辰野町平出１７６９,0266-43-2752,,
706,612,2014,株式会社セリア　信州辰野店,3990422,長野県上伊那郡辰野町平出１７６９,0266-43-2752,,
708,612,2010,株式会社セリア　塩尻店,3990703,長野県塩尻市広丘高出字和手１５５１－１０,0263-54-3213,,
708,612,2011,株式会社セリア　塩尻店,3990703,長野県塩尻市広丘高出字和手１５５１－１０,0263-54-3213,,
708,612,2012,株式会社セリア　塩尻店,3990703,長野県塩尻市広丘高出字和手１５５１－１０,0263-54-3213,,
708,612,2013,株式会社セリア　塩尻店,3990703,長野県塩尻市広丘高出字和手１５５１－１０,0263-54-3213,,
708,612,2014,株式会社セリア　塩尻店,3990703,長野県塩尻市広丘高出字和手１５５１－１０,0263-54-3213,,
709,613,2010,福澤ビル,3900863,長野県松本市白板２丁目３番２８号,0263-33-6446,,福澤　君昭
709,613,2011,福澤ビル,3900863,長野県松本市白板２丁目３番２８号,0263-33-6446,,福澤　君昭
709,613,2012,福澤ビル,3900863,長野県松本市白板２丁目３番２８号,0263-33-6446,,福澤　君昭
709,613,2013,福澤ビル,3900863,長野県松本市白板２丁目３番２８号,0263-33-6446,,福澤　君昭
709,613,2014,福澤ビル,3900863,長野県松本市白板２丁目３番２８号,0263-33-6446,,福澤　君昭
710,189,2010,おもしろスクエアＪＩＮＯＳ東長野店,3810026,長野県長野市松岡２－２１－７,026-261-1280,026-261-1282,
710,189,2011,おもしろスクエアＪＩＮＯＳ東長野店,3810026,長野県長野市松岡２－２１－７,026-261-1280,026-261-1282,
710,189,2012,おもしろスクエアＪＩＮＯＳ東長野店,3810026,長野県長野市松岡２－２１－７,026-261-1280,026-261-1282,
710,189,2013,おもしろスクエアＪＩＮＯＳ東長野店,3810026,長野県長野市松岡２－２１－７,026-261-1280,026-261-1282,
710,189,2014,おもしろスクエアＪＩＮＯＳ東長野店,3810026,長野県長野市松岡２－２１－７,026-261-1280,026-261-1282,
716,8,2010,株式会社開運堂　松風庵,3900876,長野県松本市開智２－３－３０,0263-32-1985,,吉沢　美代子
716,8,2011,株式会社開運堂　松風庵,3900876,長野県松本市開智２－３－３０,0263-32-1985,,吉沢　美代子
716,8,2012,株式会社開運堂　松風庵,3900876,長野県松本市開智２－３－３０,0263-32-1985,,吉沢　美代子
716,8,2013,株式会社開運堂　松風庵,3900876,長野県松本市開智２－３－３０,0263-32-1985,,吉沢　美代子
716,8,2014,株式会社開運堂　松風庵,3900876,長野県松本市開智２－３－３０,0263-32-1985,,吉沢　美代子
717,59,2010,株式会社ハタ研削　特機工場　,3998300,安曇野市穂高8183-3,0263-82-8300,,上條　詠一
717,59,2011,株式会社ハタ研削　特機工場　,3998300,安曇野市穂高8183-3,0263-82-8300,,上條　詠一
717,59,2012,株式会社ハタ研削　特機工場　,3998300,安曇野市穂高8183-3,0263-82-8300,,上條　詠一
717,59,2013,株式会社ハタ研削　特機工場　,3998300,安曇野市穂高8183-3,0263-82-8300,,上條　詠一
717,59,2014,株式会社ハタ研削　特機工場　,3998300,安曇野市穂高8183-3,0263-82-8300,,上條　詠一
718,59,2010,安曇野テクノセンター,3998300,安曇野市穂高8183-1,0263-82-8300,,上條　詠一
718,59,2011,安曇野テクノセンター,3998300,安曇野市穂高8183-1,0263-82-8300,,上條　詠一
718,59,2012,安曇野テクノセンター,3998300,安曇野市穂高8183-1,0263-82-8300,,上條　詠一
718,59,2013,安曇野テクノセンター,3998300,安曇野市穂高8183-1,0263-82-8300,,上條　詠一
718,59,2014,安曇野テクノセンター,3998300,安曇野市穂高8183-1,0263-82-8300,,上條　詠一
719,74,2010,アルプス運輸建設株式会社,3901243,松本市神林3864-7,,,上嶋　金司
719,74,2011,アルプス運輸建設株式会社,3901243,松本市神林3864-7,,,上嶋　金司
719,74,2012,アルプス運輸建設株式会社,3901243,松本市神林3864-7,,,上嶋　金司
719,74,2013,アルプス運輸建設株式会社,3901243,松本市神林3864-7,,,上嶋　金司
719,74,2014,アルプス運輸建設株式会社,3901243,松本市神林3864-7,,,上嶋　金司
720,622,2010,吉田ビル１階店舗,3900874,長野県松本市大手２丁目８番２号,,,吉田　孝
720,622,2011,吉田ビル１階店舗,3900874,長野県松本市大手２丁目８番２号,,,吉田　孝
720,622,2012,吉田ビル１階店舗,3900874,長野県松本市大手２丁目８番２号,,,吉田　孝
720,622,2013,吉田ビル１階店舗,3900874,長野県松本市大手２丁目８番２号,,,吉田　孝
720,622,2014,吉田ビル１階店舗,3900874,長野県松本市大手２丁目８番２号,,,吉田　孝
721,102,2010,オーエステック株式会社,3998204,長野県安曇野市豊科高家６５６５番地,0263-73-7557,0263-73-7570,山崎
721,102,2011,オーエステック株式会社,3998204,長野県安曇野市豊科高家６５６５番地,0263-73-7557,0263-73-7570,山崎
721,102,2012,オーエステック株式会社,3998204,長野県安曇野市豊科高家６５６５番地,0263-73-7557,0263-73-7570,山崎
721,102,2013,オーエステック株式会社,3998204,長野県安曇野市豊科高家６５６５番地,0263-73-7557,0263-73-7570,山崎
721,102,2014,オーエステック株式会社,3998204,長野県安曇野市豊科高家６５６５番地,0263-73-7557,0263-73-7570,山崎
727,64,2010,ビッグエコーフォルテ松本店,3900811,長野県松本市中央1-5-1,0263-39-8331,,
727,64,2011,ビッグエコーフォルテ松本店,3900811,長野県松本市中央1-5-1,0263-39-8331,,
727,64,2012,ビッグエコーフォルテ松本店,3900811,長野県松本市中央1-5-1,0263-39-8331,,
727,64,2013,ビッグエコーフォルテ松本店,3900811,長野県松本市中央1-5-1,0263-39-8331,,
727,64,2014,ビッグエコーフォルテ松本店,3900811,長野県松本市中央1-5-1,0263-39-8331,,
729,625,2010,深志鶴パーキング,3900811,長野県松本市中央２－１－１８,0263-32-0573,0263-32-1137,奥澤　信夫
729,625,2011,深志鶴パーキング,3900811,長野県松本市中央２－１－１８,0263-32-0573,0263-32-1137,奥澤　信夫
729,625,2012,深志鶴パーキング,3900811,長野県松本市中央２－１－１８,0263-32-0573,0263-32-1137,奥澤　信夫
729,625,2013,深志鶴パーキング,3900811,長野県松本市中央２－１－１８,0263-32-0573,0263-32-1137,奥澤　信夫
729,625,2014,深志鶴パーキング,3900811,長野県松本市中央２－１－１８,0263-32-0573,0263-32-1137,奥澤　信夫
730,626,2010,有料老人ホーム　ケアホーム　なると,3990033,長野県松本市大字笹賀3978番5,,,
730,626,2011,有料老人ホーム　ケアホーム　なると,3990033,長野県松本市大字笹賀3978番5,,,
730,626,2012,有料老人ホーム　ケアホーム　なると,3990033,長野県松本市大字笹賀3978番5,,,
730,626,2013,有料老人ホーム　ケアホーム　なると,3990033,長野県松本市大字笹賀3978番5,,,
730,626,2014,有料老人ホーム　ケアホーム　なると,3990033,長野県松本市大字笹賀3978番5,,,
731,378,2010,ラフィーネ松本南壱番館,3990005,長野県松本市野溝木工382-58,,,村山課長
731,378,2011,ラフィーネ松本南壱番館,3990005,長野県松本市野溝木工382-58,,,村山課長
731,378,2012,ラフィーネ松本南壱番館,3990005,長野県松本市野溝木工382-58,,,村山課長
731,378,2013,ラフィーネ松本南壱番館,3990005,長野県松本市野溝木工382-58,,,村山課長
731,378,2014,ラフィーネ松本南壱番館,3990005,長野県松本市野溝木工382-58,,,村山課長
732,378,2010,ラフィーネ松本南弐番館,3990005,長野県松本市野溝木工1丁目382-1,,,
732,378,2011,ラフィーネ松本南弐番館,3990005,長野県松本市野溝木工1丁目382-1,,,
732,378,2012,ラフィーネ松本南弐番館,3990005,長野県松本市野溝木工1丁目382-1,,,
732,378,2013,ラフィーネ松本南弐番館,3990005,長野県松本市野溝木工1丁目382-1,,,
732,378,2014,ラフィーネ松本南弐番館,3990005,長野県松本市野溝木工1丁目382-1,,,
733,378,2010,ラフィーネ清水グレースフォート,3900805,長野県松本市清水,,,
733,378,2011,ラフィーネ清水グレースフォート,3900805,長野県松本市清水,,,
733,378,2012,ラフィーネ清水グレースフォート,3900805,長野県松本市清水,,,
733,378,2013,ラフィーネ清水グレースフォート,3900805,長野県松本市清水,,,
733,378,2014,ラフィーネ清水グレースフォート,3900805,長野県松本市清水,,,
739,378,2010,マンション八日田,,,,,
739,378,2011,マンション八日田,,,,,
739,378,2012,マンション八日田,,,,,
739,378,2013,マンション八日田,,,,,
739,378,2014,マンション八日田,,,,,
741,343,2010,古城寮,3840032,小諸市古城2丁目2-7,,,
741,343,2011,古城寮,3840032,小諸市古城2丁目2-7,,,
741,343,2012,古城寮,3840032,小諸市古城2丁目2-7,,,
741,343,2013,古城寮,3840032,小諸市古城2丁目2-7,,,
741,343,2014,古城寮,3840032,小諸市古城2丁目2-7,,,
742,378,2010,アルフラッツ渚,3900841,長野県松本市渚3丁目303-3,,,
742,378,2011,アルフラッツ渚,3900841,長野県松本市渚3丁目303-3,,,
742,378,2012,アルフラッツ渚,3900841,長野県松本市渚3丁目303-3,,,
742,378,2013,アルフラッツ渚,3900841,長野県松本市渚3丁目303-3,,,
742,378,2014,アルフラッツ渚,3900841,長野県松本市渚3丁目303-3,,,
743,343,2010,更埴ロジスティクスセンター,3870023,更埴市八幡3170,026-273-1616,,
743,343,2011,更埴ロジスティクスセンター,3870023,更埴市八幡3170,026-273-1616,,
743,343,2012,更埴ロジスティクスセンター,3870023,更埴市八幡3170,026-273-1616,,
743,343,2013,更埴ロジスティクスセンター,3870023,更埴市八幡3170,026-273-1616,,
743,343,2014,更埴ロジスティクスセンター,3870023,更埴市八幡3170,026-273-1616,,
745,378,2010,ハミング松本,3900828,長野県松本市庄内3丁目6-46,,,
745,378,2011,ハミング松本,3900828,長野県松本市庄内3丁目6-46,,,
745,378,2012,ハミング松本,3900828,長野県松本市庄内3丁目6-46,,,
745,378,2013,ハミング松本,3900828,長野県松本市庄内3丁目6-46,,,
745,378,2014,ハミング松本,3900828,長野県松本市庄内3丁目6-46,,,
746,378,2010,ラフィーネ美術館通り,,,,,
746,378,2011,ラフィーネ美術館通り,,,,,
746,378,2012,ラフィーネ美術館通り,,,,,
746,378,2013,ラフィーネ美術館通り,,,,,
746,378,2014,ラフィーネ美術館通り,,,,,
749,49,2010,神沢第３ビル,3900811,長野県松本市中央１－１３－３,0263-32-0565,,神沢　芳江
749,49,2011,神沢第３ビル,3900811,長野県松本市中央１－１３－３,0263-32-0565,,神沢　芳江
749,49,2012,神沢第３ビル,3900811,長野県松本市中央１－１３－３,0263-32-0565,,神沢　芳江
749,49,2013,神沢第３ビル,3900811,長野県松本市中央１－１３－３,0263-32-0565,,神沢　芳江
749,49,2014,神沢第３ビル,3900811,長野県松本市中央１－１３－３,0263-32-0565,,神沢　芳江
750,771,2010,ピュアラインあさひ,,長野県東筑摩郡朝日村大字小野沢857,0263-59-2812,0263-59-2814,曽根課長
750,771,2011,ピュアラインあさひ,,長野県東筑摩郡朝日村大字小野沢857,0263-59-2812,0263-59-2814,曽根課長
750,771,2012,ピュアラインあさひ,,長野県東筑摩郡朝日村大字小野沢857,0263-59-2812,0263-59-2814,曽根課長
750,771,2013,ピュアラインあさひ,,長野県東筑摩郡朝日村大字小野沢857,0263-59-2812,0263-59-2814,曽根課長
750,771,2014,ピュアラインあさひ,,長野県東筑摩郡朝日村大字小野沢857,0263-59-2812,0263-59-2814,曽根課長
751,343,2010,松本マーケットサービスセンター本館,3998720,長野県松本市芳川村井町823-2,0263-58-1119,,
751,343,2011,松本マーケットサービスセンター本館,3998720,長野県松本市芳川村井町823-2,0263-58-1119,,
751,343,2012,松本マーケットサービスセンター本館,3998720,長野県松本市芳川村井町823-2,0263-58-1119,,
751,343,2013,松本マーケットサービスセンター本館,3998720,長野県松本市芳川村井町823-2,0263-58-1119,,
751,343,2014,松本マーケットサービスセンター本館,3998720,長野県松本市芳川村井町823-2,0263-58-1119,,
753,629,2010,並柳商店街,3900825,長野県松本市並柳４－５－４,0263-25-4955,,小沢　貞司
753,629,2011,並柳商店街,3900825,長野県松本市並柳４－５－４,0263-25-4955,,小沢　貞司
753,629,2012,並柳商店街,3900825,長野県松本市並柳４－５－４,0263-25-4955,,小沢　貞司
753,629,2013,並柳商店街,3900825,長野県松本市並柳４－５－４,0263-25-4955,,小沢　貞司
753,629,2014,並柳商店街,3900825,長野県松本市並柳４－５－４,0263-25-4955,,小沢　貞司
754,630,2010,株式会社環境技術センター,3990033,長野県松本市大字笹賀５６５２番地１６６,0263-27-1606,,青木（女性）
754,630,2011,株式会社環境技術センター,3990033,長野県松本市大字笹賀５６５２番地１６６,0263-27-1606,,青木（女性）
754,630,2012,株式会社環境技術センター,3990033,長野県松本市大字笹賀５６５２番地１６６,0263-27-1606,,青木（女性）
754,630,2013,株式会社環境技術センター,3990033,長野県松本市大字笹賀５６５２番地１６６,0263-27-1606,,青木（女性）
754,630,2014,株式会社環境技術センター,3990033,長野県松本市大字笹賀５６５２番地１６６,0263-27-1606,,青木（女性）
756,61,2010,株式会社ＩＨＩターボ　社員寮,3995502,長野県木曽郡大桑村須原1432,0264-55-2255,,林　和幸
756,61,2011,株式会社ＩＨＩターボ　社員寮,3995502,長野県木曽郡大桑村須原1432,0264-55-2255,,林　和幸
756,61,2012,株式会社ＩＨＩターボ　社員寮,3995502,長野県木曽郡大桑村須原1432,0264-55-2255,,林　和幸
756,61,2013,株式会社ＩＨＩターボ　社員寮,3995502,長野県木曽郡大桑村須原1432,0264-55-2255,,林　和幸
756,61,2014,株式会社ＩＨＩターボ　社員寮,3995502,長野県木曽郡大桑村須原1432,0264-55-2255,,林　和幸
757,61,2010,株式会社ＩＨＩターボ　第2工場,3995501,長野県木曽郡大桑村大字殿35-58,0264-55-2255,,今井　吉幸
757,61,2011,株式会社ＩＨＩターボ　第2工場,3995501,長野県木曽郡大桑村大字殿35-58,0264-55-2255,,今井　吉幸
757,61,2012,株式会社ＩＨＩターボ　第2工場,3995501,長野県木曽郡大桑村大字殿35-58,0264-55-2255,,今井　吉幸
757,61,2013,株式会社ＩＨＩターボ　第2工場,3995501,長野県木曽郡大桑村大字殿35-58,0264-55-2255,,今井　吉幸
757,61,2014,株式会社ＩＨＩターボ　第2工場,3995501,長野県木曽郡大桑村大字殿35-58,0264-55-2255,,今井　吉幸
758,61,2010,株式会社ＩＨＩターボ　第3工場,3995501,長野県木曽郡大桑村大字殿35-67,0264-55-3393,,
758,61,2011,株式会社ＩＨＩターボ　第3工場,3995501,長野県木曽郡大桑村大字殿35-67,0264-55-3393,,
758,61,2012,株式会社ＩＨＩターボ　第3工場,3995501,長野県木曽郡大桑村大字殿35-67,0264-55-3393,,
758,61,2013,株式会社ＩＨＩターボ　第3工場,3995501,長野県木曽郡大桑村大字殿35-67,0264-55-3393,,
758,61,2014,株式会社ＩＨＩターボ　第3工場,3995501,長野県木曽郡大桑村大字殿35-67,0264-55-3393,,
759,61,2010,株式会社ＩＨＩターボ　第1工場,,長野県木曽郡大桑村須原1417,0264-55-2255,,林　和幸
759,61,2011,株式会社ＩＨＩターボ　第1工場,,長野県木曽郡大桑村須原1417,0264-55-2255,,林　和幸
759,61,2012,株式会社ＩＨＩターボ　第1工場,,長野県木曽郡大桑村須原1417,0264-55-2255,,林　和幸
759,61,2013,株式会社ＩＨＩターボ　第1工場,,長野県木曽郡大桑村須原1417,0264-55-2255,,林　和幸
759,61,2014,株式会社ＩＨＩターボ　第1工場,,長野県木曽郡大桑村須原1417,0264-55-2255,,林　和幸
760,632,2010,福祉ステーションひまわり,3998302,長野県安曇野市穂高北穂高1716-1,0263-81-0611,,丸山所長
760,632,2011,福祉ステーションひまわり,3998302,長野県安曇野市穂高北穂高1716-1,0263-81-0611,,丸山所長
760,632,2012,福祉ステーションひまわり,3998302,長野県安曇野市穂高北穂高1716-1,0263-81-0611,,丸山所長
760,632,2013,福祉ステーションひまわり,3998302,長野県安曇野市穂高北穂高1716-1,0263-81-0611,,丸山所長
760,632,2014,福祉ステーションひまわり,3998302,長野県安曇野市穂高北穂高1716-1,0263-81-0611,,丸山所長
762,635,2010,大将軍アックス,3990032,長野県松本市大字芳川村井町９３２－１,0263-85-3355,,村山　雄泉
762,635,2011,大将軍アックス,3990032,長野県松本市大字芳川村井町９３２－１,0263-85-3355,,村山　雄泉
762,635,2012,大将軍アックス,3990032,長野県松本市大字芳川村井町９３２－１,0263-85-3355,,村山　雄泉
762,635,2013,大将軍アックス,3990032,長野県松本市大字芳川村井町９３２－１,0263-85-3355,,村山　雄泉
762,635,2014,大将軍アックス,3990032,長野県松本市大字芳川村井町９３２－１,0263-85-3355,,村山　雄泉
763,635,2010,大将軍本陣,3990033,長野県松本市大字笹賀７０４８番地,0263-86-7677,,唐沢　俊一
763,635,2011,大将軍本陣,3990033,長野県松本市大字笹賀７０４８番地,0263-86-7677,,唐沢　俊一
763,635,2012,大将軍本陣,3990033,長野県松本市大字笹賀７０４８番地,0263-86-7677,,唐沢　俊一
763,635,2013,大将軍本陣,3990033,長野県松本市大字笹賀７０４８番地,0263-86-7677,,唐沢　俊一
763,635,2014,大将軍本陣,3990033,長野県松本市大字笹賀７０４８番地,0263-86-7677,,唐沢　俊一
764,635,2010,株式会社ギガ・ジャパン社員寮,3990033,長野県松本市大字笹賀７０６８番地,0263-86-5033,,細川　明彦
764,635,2011,株式会社ギガ・ジャパン社員寮,3990033,長野県松本市大字笹賀７０６８番地,0263-86-5033,,細川　明彦
764,635,2012,株式会社ギガ・ジャパン社員寮,3990033,長野県松本市大字笹賀７０６８番地,0263-86-5033,,細川　明彦
764,635,2013,株式会社ギガ・ジャパン社員寮,3990033,長野県松本市大字笹賀７０６８番地,0263-86-5033,,細川　明彦
764,635,2014,株式会社ギガ・ジャパン社員寮,3990033,長野県松本市大字笹賀７０６８番地,0263-86-5033,,細川　明彦
765,635,2010,大将軍パートⅣ,3900833,長野県松本市双葉３番４号,0263-29-2255,,宮島　孝好
765,635,2011,大将軍パートⅣ,3900833,長野県松本市双葉３番４号,0263-29-2255,,宮島　孝好
765,635,2012,大将軍パートⅣ,3900833,長野県松本市双葉３番４号,0263-29-2255,,宮島　孝好
765,635,2013,大将軍パートⅣ,3900833,長野県松本市双葉３番４号,0263-29-2255,,宮島　孝好
765,635,2014,大将軍パートⅣ,3900833,長野県松本市双葉３番４号,0263-29-2255,,宮島　孝好
766,635,2010,大将軍アルファ,3990031,長野県松本市大字芳川小屋字原田５－３,0263-57-8080,,塩原　健司
766,635,2011,大将軍アルファ,3990031,長野県松本市大字芳川小屋字原田５－３,0263-57-8080,,塩原　健司
766,635,2012,大将軍アルファ,3990031,長野県松本市大字芳川小屋字原田５－３,0263-57-8080,,塩原　健司
766,635,2013,大将軍アルファ,3990031,長野県松本市大字芳川小屋字原田５－３,0263-57-8080,,塩原　健司
766,635,2014,大将軍アルファ,3990031,長野県松本市大字芳川小屋字原田５－３,0263-57-8080,,塩原　健司
767,635,2010,大将軍サンクス,3901401,長野県東筑摩郡波田町中巾下１５６６－１,0263-92-2360,,合内　義彦
767,635,2011,大将軍サンクス,3901401,長野県東筑摩郡波田町中巾下１５６６－１,0263-92-2360,,合内　義彦
767,635,2012,大将軍サンクス,3901401,長野県東筑摩郡波田町中巾下１５６６－１,0263-92-2360,,合内　義彦
767,635,2013,大将軍サンクス,3901401,長野県東筑摩郡波田町中巾下１５６６－１,0263-92-2360,,合内　義彦
767,635,2014,大将軍サンクス,3901401,長野県東筑摩郡波田町中巾下１５６６－１,0263-92-2360,,合内　義彦
768,157,2010,株式会社シナノ電子技研,3901242,長野県松本市和田5511-6,0263-48-0033,,高橋　一弘
768,157,2011,株式会社シナノ電子技研,3901242,長野県松本市和田5511-6,0263-48-0033,,高橋　一弘
768,157,2012,株式会社シナノ電子技研,3901242,長野県松本市和田5511-6,0263-48-0033,,高橋　一弘
768,157,2013,株式会社シナノ電子技研,3901242,長野県松本市和田5511-6,0263-48-0033,,高橋　一弘
768,157,2014,株式会社シナノ電子技研,3901242,長野県松本市和田5511-6,0263-48-0033,,高橋　一弘
769,636,2010,ホテルヘイアン,3920015,長野県諏訪市大字中洲５８８９番地,0266-57-2525,,鳥海　勇
769,636,2011,ホテルヘイアン,3920015,長野県諏訪市大字中洲５８８９番地,0266-57-2525,,鳥海　勇
769,636,2012,ホテルヘイアン,3920015,長野県諏訪市大字中洲５８８９番地,0266-57-2525,,鳥海　勇
769,636,2013,ホテルヘイアン,3920015,長野県諏訪市大字中洲５８８９番地,0266-57-2525,,鳥海　勇
769,636,2014,ホテルヘイアン,3920015,長野県諏訪市大字中洲５８８９番地,0266-57-2525,,鳥海　勇
770,637,2010,ツクイ松本,3900831,長野県松本市井川城3-7-40,0263-29-6635,0263-29-6636,北島　利恵子
770,637,2011,ツクイ松本,3900831,長野県松本市井川城3-7-40,0263-29-6635,0263-29-6636,北島　利恵子
770,637,2012,ツクイ松本,3900831,長野県松本市井川城3-7-40,0263-29-6635,0263-29-6636,北島　利恵子
770,637,2013,ツクイ松本,3900831,長野県松本市井川城3-7-40,0263-29-6635,0263-29-6636,北島　利恵子
770,637,2014,ツクイ松本,3900831,長野県松本市井川城3-7-40,0263-29-6635,0263-29-6636,北島　利恵子
774,637,2010,ツクイ松本北深志,3900872,長野県松本市北深志3-5-17,0263-38-0806,0263-38-0807,野澤　重雄
774,637,2011,ツクイ松本北深志,3900872,長野県松本市北深志3-5-17,0263-38-0806,0263-38-0807,野澤　重雄
774,637,2012,ツクイ松本北深志,3900872,長野県松本市北深志3-5-17,0263-38-0806,0263-38-0807,野澤　重雄
774,637,2013,ツクイ松本北深志,3900872,長野県松本市北深志3-5-17,0263-38-0806,0263-38-0807,野澤　重雄
774,637,2014,ツクイ松本北深志,3900872,長野県松本市北深志3-5-17,0263-38-0806,0263-38-0807,野澤　重雄
775,637,2010,ツクイ安曇野,3998205,長野県安曇野市豊科4941-1,0263-71-6101,0263-71-6103,折野　茂樹
775,637,2011,ツクイ安曇野,3998205,長野県安曇野市豊科4941-1,0263-71-6101,0263-71-6103,折野　茂樹
775,637,2012,ツクイ安曇野,3998205,長野県安曇野市豊科4941-1,0263-71-6101,0263-71-6103,折野　茂樹
775,637,2013,ツクイ安曇野,3998205,長野県安曇野市豊科4941-1,0263-71-6101,0263-71-6103,折野　茂樹
775,637,2014,ツクイ安曇野,3998205,長野県安曇野市豊科4941-1,0263-71-6101,0263-71-6103,折野　茂樹
776,637,2010,ツクイ松本西グループホーム,3990033,長野県松本市笹賀5514-6,0263-29-1884,0263-29-1874,三浦　小百合
776,637,2011,ツクイ松本西グループホーム,3990033,長野県松本市笹賀5514-6,0263-29-1884,0263-29-1874,三浦　小百合
776,637,2012,ツクイ松本西グループホーム,3990033,長野県松本市笹賀5514-6,0263-29-1884,0263-29-1874,三浦　小百合
776,637,2013,ツクイ松本西グループホーム,3990033,長野県松本市笹賀5514-6,0263-29-1884,0263-29-1874,三浦　小百合
776,637,2014,ツクイ松本西グループホーム,3990033,長野県松本市笹賀5514-6,0263-29-1884,0263-29-1874,三浦　小百合
777,638,2010,介護老人保健施設わかな,3994602,長野県上伊那郡箕輪町大字東箕輪字北田3296-1,0265-70-1818,0265-70-8820,藤田　将仁
777,638,2011,介護老人保健施設わかな,3994602,長野県上伊那郡箕輪町大字東箕輪字北田3296-1,0265-70-1818,0265-70-8820,藤田　将仁
777,638,2012,介護老人保健施設わかな,3994602,長野県上伊那郡箕輪町大字東箕輪字北田3296-1,0265-70-1818,0265-70-8820,藤田　将仁
777,638,2013,介護老人保健施設わかな,3994602,長野県上伊那郡箕輪町大字東箕輪字北田3296-1,0265-70-1818,0265-70-8820,藤田　将仁
777,638,2014,介護老人保健施設わかな,3994602,長野県上伊那郡箕輪町大字東箕輪字北田3296-1,0265-70-1818,0265-70-8820,藤田　将仁
778,638,2010,グループホームわかな,3994602,長野県上伊那郡箕輪町大字東箕輪字北田3296-1,0265-70-1818,0265-70-8820,菅沼　誠
778,638,2011,グループホームわかな,3994602,長野県上伊那郡箕輪町大字東箕輪字北田3296-1,0265-70-1818,0265-70-8820,菅沼　誠
778,638,2012,グループホームわかな,3994602,長野県上伊那郡箕輪町大字東箕輪字北田3296-1,0265-70-1818,0265-70-8820,菅沼　誠
778,638,2013,グループホームわかな,3994602,長野県上伊那郡箕輪町大字東箕輪字北田3296-1,0265-70-1818,0265-70-8820,菅沼　誠
778,638,2014,グループホームわかな,3994602,長野県上伊那郡箕輪町大字東箕輪字北田3296-1,0265-70-1818,0265-70-8820,菅沼　誠
779,511,2010,木曽介護老人保健施設　アイライフ木曽,3970001,長野県木曽郡木曽町福島6613-4,0264-22-2703,,渡辺　晴雄
779,511,2011,木曽介護老人保健施設　アイライフ木曽,3970001,長野県木曽郡木曽町福島6613-4,0264-22-2703,,渡辺　晴雄
779,511,2012,木曽介護老人保健施設　アイライフ木曽,3970001,長野県木曽郡木曽町福島6613-4,0264-22-2703,,渡辺　晴雄
779,511,2013,木曽介護老人保健施設　アイライフ木曽,3970001,長野県木曽郡木曽町福島6613-4,0264-22-2703,,渡辺　晴雄
779,511,2014,木曽介護老人保健施設　アイライフ木曽,3970001,長野県木曽郡木曽町福島6613-4,0264-22-2703,,渡辺　晴雄
780,639,2010,グループホームひだまりの里とよしな,3998205,長野県安曇野市豊科高家７８２－２,0263-71-5539,0263-71-5664,
780,639,2011,グループホームひだまりの里とよしな,3998205,長野県安曇野市豊科高家７８２－２,0263-71-5539,0263-71-5664,
780,639,2012,グループホームひだまりの里とよしな,3998205,長野県安曇野市豊科高家７８２－２,0263-71-5539,0263-71-5664,
780,639,2013,グループホームひだまりの里とよしな,3998205,長野県安曇野市豊科高家７８２－２,0263-71-5539,0263-71-5664,
780,639,2014,グループホームひだまりの里とよしな,3998205,長野県安曇野市豊科高家７８２－２,0263-71-5539,0263-71-5664,
781,639,2010,集皆所ひだまり,3998204,長野県安曇野市豊科高家７８２－２,,,
781,639,2011,集皆所ひだまり,3998204,長野県安曇野市豊科高家７８２－２,,,
781,639,2012,集皆所ひだまり,3998204,長野県安曇野市豊科高家７８２－２,,,
781,639,2013,集皆所ひだまり,3998204,長野県安曇野市豊科高家７８２－２,,,
781,639,2014,集皆所ひだまり,3998204,長野県安曇野市豊科高家７８２－２,,,
782,221,2010,三全精工株式会社,3990704,長野県塩尻市広丘郷原南原1000-3,0263-52-2501,0263-52-6779,輿　達生
782,221,2011,三全精工株式会社,3990704,長野県塩尻市広丘郷原南原1000-3,0263-52-2501,0263-52-6779,輿　達生
782,221,2012,三全精工株式会社,3990704,長野県塩尻市広丘郷原南原1000-3,0263-52-2501,0263-52-6779,輿　達生
782,221,2013,三全精工株式会社,3990704,長野県塩尻市広丘郷原南原1000-3,0263-52-2501,0263-52-6779,輿　達生
782,221,2014,三全精工株式会社,3990704,長野県塩尻市広丘郷原南原1000-3,0263-52-2501,0263-52-6779,輿　達生
783,221,2010,三全精工株式会社　北工場,3990704,長野県塩尻市広丘郷原南原1000-2,0263-52-2501,0263-52-6779,輿　達生
783,221,2011,三全精工株式会社　北工場,3990704,長野県塩尻市広丘郷原南原1000-2,0263-52-2501,0263-52-6779,輿　達生
783,221,2012,三全精工株式会社　北工場,3990704,長野県塩尻市広丘郷原南原1000-2,0263-52-2501,0263-52-6779,輿　達生
783,221,2013,三全精工株式会社　北工場,3990704,長野県塩尻市広丘郷原南原1000-2,0263-52-2501,0263-52-6779,輿　達生
783,221,2014,三全精工株式会社　北工場,3990704,長野県塩尻市広丘郷原南原1000-2,0263-52-2501,0263-52-6779,輿　達生
784,221,2010,三全精工株式会社　大門工場,3990745,長野県塩尻市大字大門字桔梗ケ原1036-2,0263-53-9910,0263-53-9915,輿　達生
784,221,2011,三全精工株式会社　大門工場,3990745,長野県塩尻市大字大門字桔梗ケ原1036-2,0263-53-9910,0263-53-9915,輿　達生
784,221,2012,三全精工株式会社　大門工場,3990745,長野県塩尻市大字大門字桔梗ケ原1036-2,0263-53-9910,0263-53-9915,輿　達生
784,221,2013,三全精工株式会社　大門工場,3990745,長野県塩尻市大字大門字桔梗ケ原1036-2,0263-53-9910,0263-53-9915,輿　達生
784,221,2014,三全精工株式会社　大門工場,3990745,長野県塩尻市大字大門字桔梗ケ原1036-2,0263-53-9910,0263-53-9915,輿　達生
785,235,2010,Ｈａｐｐｙ　梓川店,3901702,長野県松本市梓川倭2186-1,0263-78-6033,0263-78-6077,角野　詠一
785,235,2011,Ｈａｐｐｙ　梓川店,3901702,長野県松本市梓川倭2186-1,0263-78-6033,0263-78-6077,角野　詠一
785,235,2012,Ｈａｐｐｙ　梓川店,3901702,長野県松本市梓川倭2186-1,0263-78-6033,0263-78-6077,角野　詠一
785,235,2013,Ｈａｐｐｙ　梓川店,3901702,長野県松本市梓川倭2186-1,0263-78-6033,0263-78-6077,角野　詠一
785,235,2014,Ｈａｐｐｙ　梓川店,3901702,長野県松本市梓川倭2186-1,0263-78-6033,0263-78-6077,角野　詠一
786,235,2010,ニチエイ　岡田店,3900315,長野県松本市岡田町大字柏田113,0263-46-7733,,木村　光昭
786,235,2011,ニチエイ　岡田店,3900315,長野県松本市岡田町大字柏田113,0263-46-7733,,木村　光昭
786,235,2012,ニチエイ　岡田店,3900315,長野県松本市岡田町大字柏田113,0263-46-7733,,木村　光昭
786,235,2013,ニチエイ　岡田店,3900315,長野県松本市岡田町大字柏田113,0263-46-7733,,木村　光昭
786,235,2014,ニチエイ　岡田店,3900315,長野県松本市岡田町大字柏田113,0263-46-7733,,木村　光昭
787,235,2010,ニチエイ　甲府昭和店,4093867,山梨県中巨摩郡昭和町清水新居161-1,055-231-8877,,名尾　信昭
787,235,2011,ニチエイ　甲府昭和店,4093867,山梨県中巨摩郡昭和町清水新居161-1,055-231-8877,,名尾　信昭
787,235,2012,ニチエイ　甲府昭和店,4093867,山梨県中巨摩郡昭和町清水新居161-1,055-231-8877,,名尾　信昭
787,235,2013,ニチエイ　甲府昭和店,4093867,山梨県中巨摩郡昭和町清水新居161-1,055-231-8877,,名尾　信昭
787,235,2014,ニチエイ　甲府昭和店,4093867,山梨県中巨摩郡昭和町清水新居161-1,055-231-8877,,名尾　信昭
788,235,2010,ニチエイ　富士吉田店,4030016,山梨県富士吉田市松山字熊穴1595,0555-21-5077,,諌山　豊
788,235,2011,ニチエイ　富士吉田店,4030016,山梨県富士吉田市松山字熊穴1595,0555-21-5077,,諌山　豊
788,235,2012,ニチエイ　富士吉田店,4030016,山梨県富士吉田市松山字熊穴1595,0555-21-5077,,諌山　豊
788,235,2013,ニチエイ　富士吉田店,4030016,山梨県富士吉田市松山字熊穴1595,0555-21-5077,,諌山　豊
788,235,2014,ニチエイ　富士吉田店,4030016,山梨県富士吉田市松山字熊穴1595,0555-21-5077,,諌山　豊
789,235,2010,ニチエイ　箕輪店,3994603,長野県上伊那郡箕輪町三日町城942-1,0265-71-1780,,森田　世章
789,235,2011,ニチエイ　箕輪店,3994603,長野県上伊那郡箕輪町三日町城942-1,0265-71-1780,,森田　世章
789,235,2012,ニチエイ　箕輪店,3994603,長野県上伊那郡箕輪町三日町城942-1,0265-71-1780,,森田　世章
789,235,2013,ニチエイ　箕輪店,3994603,長野県上伊那郡箕輪町三日町城942-1,0265-71-1780,,森田　世章
789,235,2014,ニチエイ　箕輪店,3994603,長野県上伊那郡箕輪町三日町城942-1,0265-71-1780,,森田　世章
790,640,2010,株式会社イーピーイ唐沢センター,3901301,長野県東筑摩郡山形村唐沢７５５０－４８,0263-98-4050,,堀江　弘泰
790,640,2011,株式会社イーピーイ唐沢センター,3901301,長野県東筑摩郡山形村唐沢７５５０－４８,0263-98-4050,,堀江　弘泰
790,640,2012,株式会社イーピーイ唐沢センター,3901301,長野県東筑摩郡山形村唐沢７５５０－４８,0263-98-4050,,堀江　弘泰
790,640,2013,株式会社イーピーイ唐沢センター,3901301,長野県東筑摩郡山形村唐沢７５５０－４８,0263-98-4050,,堀江　弘泰
790,640,2014,株式会社イーピーイ唐沢センター,3901301,長野県東筑摩郡山形村唐沢７５５０－４８,0263-98-4050,,堀江　弘泰
791,641,2010,株式会社モモセボデー,3990004,長野県松本市市場2番8号,0263-25-8899,,百瀬　修一郎
791,641,2011,株式会社モモセボデー,3990004,長野県松本市市場2番8号,0263-25-8899,,百瀬　修一郎
791,641,2012,株式会社モモセボデー,3990004,長野県松本市市場2番8号,0263-25-8899,,百瀬　修一郎
791,641,2013,株式会社モモセボデー,3990004,長野県松本市市場2番8号,0263-25-8899,,百瀬　修一郎
791,641,2014,株式会社モモセボデー,3990004,長野県松本市市場2番8号,0263-25-8899,,百瀬　修一郎
792,437,2010,セントラルパック株式会社　梓川工場,3901702,長野県松本市梓川梓1435-1,0263-78-5100,0263-78-5111,
792,437,2011,セントラルパック株式会社　梓川工場,3901702,長野県松本市梓川梓1435-1,0263-78-5100,0263-78-5111,
792,437,2012,セントラルパック株式会社　梓川工場,3901702,長野県松本市梓川梓1435-1,0263-78-5100,0263-78-5111,
792,437,2013,セントラルパック株式会社　梓川工場,3901702,長野県松本市梓川梓1435-1,0263-78-5100,0263-78-5111,
792,437,2014,セントラルパック株式会社　梓川工場,3901702,長野県松本市梓川梓1435-1,0263-78-5100,0263-78-5111,
794,642,2010,レンゴー株式会社松本分工場,3901242,長野県松本市大字和田５５１１－８,0263-48-1211,,森井　浩行
794,642,2011,レンゴー株式会社松本分工場,3901242,長野県松本市大字和田５５１１－８,0263-48-1211,,森井　浩行
794,642,2012,レンゴー株式会社松本分工場,3901242,長野県松本市大字和田５５１１－８,0263-48-1211,,森井　浩行
794,642,2013,レンゴー株式会社松本分工場,3901242,長野県松本市大字和田５５１１－８,0263-48-1211,,森井　浩行
794,642,2014,レンゴー株式会社松本分工場,3901242,長野県松本市大字和田５５１１－８,0263-48-1211,,森井　浩行
795,643,2010,松本シティーホテル,3900815,長野県松本市深志２丁目３－１６,0263-32-8828,,中崎　匡人
795,643,2011,松本シティーホテル,3900815,長野県松本市深志２丁目３－１６,0263-32-8828,,中崎　匡人
795,643,2012,松本シティーホテル,3900815,長野県松本市深志２丁目３－１６,0263-32-8828,,中崎　匡人
795,643,2013,松本シティーホテル,3900815,長野県松本市深志２丁目３－１６,0263-32-8828,,中崎　匡人
795,643,2014,松本シティーホテル,3900815,長野県松本市深志２丁目３－１６,0263-32-8828,,中崎　匡人
796,644,2010,ダイナテック株式会社,3901242,長野県松本市和田西原５５１１－５,0263-47-6456,,湯口　是信
796,644,2011,ダイナテック株式会社,3901242,長野県松本市和田西原５５１１－５,0263-47-6456,,湯口　是信
796,644,2012,ダイナテック株式会社,3901242,長野県松本市和田西原５５１１－５,0263-47-6456,,湯口　是信
796,644,2013,ダイナテック株式会社,3901242,長野県松本市和田西原５５１１－５,0263-47-6456,,湯口　是信
796,644,2014,ダイナテック株式会社,3901242,長野県松本市和田西原５５１１－５,0263-47-6456,,湯口　是信
797,645,2010,特別養護老人ホームうつくしの里,3900221,長野県松本市里山辺字藤井９１０－１,0263-39-2277,0263-39-2278,竹内様
797,645,2011,特別養護老人ホームうつくしの里,3900221,長野県松本市里山辺字藤井９１０－１,0263-39-2277,0263-39-2278,竹内様
797,645,2012,特別養護老人ホームうつくしの里,3900221,長野県松本市里山辺字藤井９１０－１,0263-39-2277,0263-39-2278,竹内様
797,645,2013,特別養護老人ホームうつくしの里,3900221,長野県松本市里山辺字藤井９１０－１,0263-39-2277,0263-39-2278,竹内様
797,645,2014,特別養護老人ホームうつくしの里,3900221,長野県松本市里山辺字藤井９１０－１,0263-39-2277,0263-39-2278,竹内様
799,646,2010,株式会社ドガ管理事務所・倉庫,3901101,長野県東筑摩郡朝日村西洗馬1488,0263-99-3521,0263-99-3599,今野　哲成
799,646,2011,株式会社ドガ管理事務所・倉庫,3901101,長野県東筑摩郡朝日村西洗馬1488,0263-99-3521,0263-99-3599,今野　哲成
799,646,2012,株式会社ドガ管理事務所・倉庫,3901101,長野県東筑摩郡朝日村西洗馬1488,0263-99-3521,0263-99-3599,今野　哲成
799,646,2013,株式会社ドガ管理事務所・倉庫,3901101,長野県東筑摩郡朝日村西洗馬1488,0263-99-3521,0263-99-3599,今野　哲成
799,646,2014,株式会社ドガ管理事務所・倉庫,3901101,長野県東筑摩郡朝日村西洗馬1488,0263-99-3521,0263-99-3599,今野　哲成
800,646,2010,株式会社ドガ西洗馬倉庫,3901101,長野県東筑摩郡朝日村西洗馬字原新田１２１９－２,0263-99-3521,0263-99-3599,今野　哲成
800,646,2011,株式会社ドガ西洗馬倉庫,3901101,長野県東筑摩郡朝日村西洗馬字原新田１２１９－２,0263-99-3521,0263-99-3599,今野　哲成
800,646,2012,株式会社ドガ西洗馬倉庫,3901101,長野県東筑摩郡朝日村西洗馬字原新田１２１９－２,0263-99-3521,0263-99-3599,今野　哲成
800,646,2013,株式会社ドガ西洗馬倉庫,3901101,長野県東筑摩郡朝日村西洗馬字原新田１２１９－２,0263-99-3521,0263-99-3599,今野　哲成
800,646,2014,株式会社ドガ西洗馬倉庫,3901101,長野県東筑摩郡朝日村西洗馬字原新田１２１９－２,0263-99-3521,0263-99-3599,今野　哲成
801,646,2010,株式会社ドガ　ストリーム倉庫,3901101,長野県東筑摩郡朝日村西洗馬1522－1,0263-99-3521,0263-99-3599,今野　哲成
801,646,2011,株式会社ドガ　ストリーム倉庫,3901101,長野県東筑摩郡朝日村西洗馬1522－1,0263-99-3521,0263-99-3599,今野　哲成
801,646,2012,株式会社ドガ　ストリーム倉庫,3901101,長野県東筑摩郡朝日村西洗馬1522－1,0263-99-3521,0263-99-3599,今野　哲成
801,646,2013,株式会社ドガ　ストリーム倉庫,3901101,長野県東筑摩郡朝日村西洗馬1522－1,0263-99-3521,0263-99-3599,今野　哲成
801,646,2014,株式会社ドガ　ストリーム倉庫,3901101,長野県東筑摩郡朝日村西洗馬1522－1,0263-99-3521,0263-99-3599,今野　哲成
803,648,2010,松本市城山デイサービスセンター,,松本市蟻ケ崎2132番地,0263-39-3133,,赤羽　修
803,648,2011,松本市城山デイサービスセンター,,松本市蟻ケ崎2132番地,0263-39-3133,,赤羽　修
803,648,2012,松本市城山デイサービスセンター,,松本市蟻ケ崎2132番地,0263-39-3133,,赤羽　修
803,648,2013,松本市城山デイサービスセンター,,松本市蟻ケ崎2132番地,0263-39-3133,,赤羽　修
803,648,2014,松本市城山デイサービスセンター,,松本市蟻ケ崎2132番地,0263-39-3133,,赤羽　修
804,648,2010,松本市田川デイサービスセンター,3900841,松本市渚1-1-9,0263-28-1522,,遠山　きよ江
804,648,2011,松本市田川デイサービスセンター,3900841,松本市渚1-1-9,0263-28-1522,,遠山　きよ江
804,648,2012,松本市田川デイサービスセンター,3900841,松本市渚1-1-9,0263-28-1522,,遠山　きよ江
804,648,2013,松本市田川デイサービスセンター,3900841,松本市渚1-1-9,0263-28-1522,,遠山　きよ江
804,648,2014,松本市田川デイサービスセンター,3900841,松本市渚1-1-9,0263-28-1522,,遠山　きよ江
805,648,2010,松本市島立デイサービスセンター,3900852,松本市島立3427-1,0263-48-1311,,甕　隆三
805,648,2011,松本市島立デイサービスセンター,3900852,松本市島立3427-1,0263-48-1311,,甕　隆三
805,648,2012,松本市島立デイサービスセンター,3900852,松本市島立3427-1,0263-48-1311,,甕　隆三
805,648,2013,松本市島立デイサービスセンター,3900852,松本市島立3427-1,0263-48-1311,,甕　隆三
805,648,2014,松本市島立デイサービスセンター,3900852,松本市島立3427-1,0263-48-1311,,甕　隆三
806,648,2010,松本市芳川デイサービスセンター,3990003,松本市芳川野溝945-1,0263-85-0606,,宮澤　恵美
806,648,2011,松本市芳川デイサービスセンター,3990003,松本市芳川野溝945-1,0263-85-0606,,宮澤　恵美
806,648,2012,松本市芳川デイサービスセンター,3990003,松本市芳川野溝945-1,0263-85-0606,,宮澤　恵美
806,648,2013,松本市芳川デイサービスセンター,3990003,松本市芳川野溝945-1,0263-85-0606,,宮澤　恵美
806,648,2014,松本市芳川デイサービスセンター,3990003,松本市芳川野溝945-1,0263-85-0606,,宮澤　恵美
807,649,2010,組合立鉢盛中学校,3991104,東筑摩郡朝日村3332-5,0263-99-2501,0263-99-2635,
807,649,2011,組合立鉢盛中学校,3991104,東筑摩郡朝日村3332-5,0263-99-2501,0263-99-2635,
807,649,2012,組合立鉢盛中学校,3991104,東筑摩郡朝日村3332-5,0263-99-2501,0263-99-2635,
807,649,2013,組合立鉢盛中学校,3991104,東筑摩郡朝日村3332-5,0263-99-2501,0263-99-2635,
807,649,2014,組合立鉢盛中学校,3991104,東筑摩郡朝日村3332-5,0263-99-2501,0263-99-2635,
812,651,2010,松川村松川浄水苑,3998501,北安曇郡松川村5853-1,0261-62-9161,,
812,651,2011,松川村松川浄水苑,3998501,北安曇郡松川村5853-1,0261-62-9161,,
812,651,2012,松川村松川浄水苑,3998501,北安曇郡松川村5853-1,0261-62-9161,,
812,651,2013,松川村松川浄水苑,3998501,北安曇郡松川村5853-1,0261-62-9161,,
812,651,2014,松川村松川浄水苑,3998501,北安曇郡松川村5853-1,0261-62-9161,,
813,651,2010,松川村生涯学習センター,3998501,北安曇郡松川村5777-82,0261-61-1400,,
813,651,2011,松川村生涯学習センター,3998501,北安曇郡松川村5777-82,0261-61-1400,,
813,651,2012,松川村生涯学習センター,3998501,北安曇郡松川村5777-82,0261-61-1400,,
813,651,2013,松川村生涯学習センター,3998501,北安曇郡松川村5777-82,0261-61-1400,,
813,651,2014,松川村生涯学習センター,3998501,北安曇郡松川村5777-82,0261-61-1400,,
814,652,2010,上二子公民館,3990033,長野県松本市笹賀４２０５－１,,,米山　円司（町会長）
814,652,2011,上二子公民館,3990033,長野県松本市笹賀４２０５－１,,,米山　円司（町会長）
814,652,2012,上二子公民館,3990033,長野県松本市笹賀４２０５－１,,,米山　円司（町会長）
814,652,2013,上二子公民館,3990033,長野県松本市笹賀４２０５－１,,,米山　円司（町会長）
814,652,2014,上二子公民館,3990033,長野県松本市笹賀４２０５－１,,,米山　円司（町会長）
815,651,2010,松川村１５施設,,,,,
815,651,2011,松川村１５施設,,,,,
815,651,2012,松川村１５施設,,,,,
815,651,2013,松川村１５施設,,,,,
815,651,2014,松川村１５施設,,,,,
830,653,2010,有限会社安曇野三郷ハイテクファーム,3998101,安曇野市三郷明盛1064-1,0263-77-7155,0263-77-7040,大野田　洋
830,653,2011,有限会社安曇野三郷ハイテクファーム,3998101,安曇野市三郷明盛1064-1,0263-77-7155,0263-77-7040,大野田　洋
830,653,2012,有限会社安曇野三郷ハイテクファーム,3998101,安曇野市三郷明盛1064-1,0263-77-7155,0263-77-7040,大野田　洋
830,653,2013,有限会社安曇野三郷ハイテクファーム,3998101,安曇野市三郷明盛1064-1,0263-77-7155,0263-77-7040,大野田　洋
830,653,2014,有限会社安曇野三郷ハイテクファーム,3998101,安曇野市三郷明盛1064-1,0263-77-7155,0263-77-7040,大野田　洋
831,654,2010,大山祇命神示教会　甲信越第三偉光会館,3910013,長野県茅野市宮川１１５０番地,,,小林　勝人
831,654,2011,大山祇命神示教会　甲信越第三偉光会館,3910013,長野県茅野市宮川１１５０番地,,,小林　勝人
831,654,2012,大山祇命神示教会　甲信越第三偉光会館,3910013,長野県茅野市宮川１１５０番地,,,小林　勝人
831,654,2013,大山祇命神示教会　甲信越第三偉光会館,3910013,長野県茅野市宮川１１５０番地,,,小林　勝人
831,654,2014,大山祇命神示教会　甲信越第三偉光会館,3910013,長野県茅野市宮川１１５０番地,,,小林　勝人
832,655,2010,株式会社長野銀行　三郷支店,3998101,安曇野市三郷明盛1077,0263-77-6480,,宮島　賢次
832,655,2013,株式会社長野銀行　三郷支店,3998101,安曇野市三郷明盛1077,0263-77-6480,,宮島　賢次
835,658,2010,塩尻市６０施設（学校楢川地区を除く）,3990738,長野県塩尻市大門七番町３番３号,0263-52-0280,内線１３６４,総務　財政課　田下　高秋
836,658,2010,塩尻市保健福祉センター,3990738,長野県塩尻市大門七番町,,,福祉課
837,658,2010,塩尻市役所本庁舎・北庁舎,3990738,長野県塩尻市大門七番町,,,庶務課
838,659,2010,松本市上下水道局庁舎,3900852,松本市大字島立1490-2,0263-48-6800,0263-47-2137,古川
838,659,2011,松本市上下水道局庁舎,3900852,松本市大字島立1490-2,0263-48-6800,0263-47-2137,古川
838,659,2012,松本市上下水道局庁舎,3900852,松本市大字島立1490-2,0263-48-6800,0263-47-2137,古川
838,659,2013,松本市上下水道局庁舎,3900852,松本市大字島立1490-2,0263-48-6800,0263-47-2137,古川
838,659,2014,松本市上下水道局庁舎,3900852,松本市大字島立1490-2,0263-48-6800,0263-47-2137,古川
839,231,2010,ニチコン製箔株式会社　大町工場,3980003,大町市社島8224-1,0261-21-3200,,太田
839,231,2011,ニチコン製箔株式会社　大町工場,3980003,大町市社島8224-1,0261-21-3200,,太田
839,231,2012,ニチコン製箔株式会社　大町工場,3980003,大町市社島8224-1,0261-21-3200,,太田
839,231,2013,ニチコン製箔株式会社　大町工場,3980003,大町市社島8224-1,0261-21-3200,,太田
839,231,2014,ニチコン製箔株式会社　大町工場,3980003,大町市社島8224-1,0261-21-3200,,太田
840,231,2010,ニチコン株式会社　穂高,3998302,安曇野市穂高北穂高1284-2,0263-82-2510,,
840,231,2011,ニチコン株式会社　穂高,3998302,安曇野市穂高北穂高1284-2,0263-82-2510,,
840,231,2012,ニチコン株式会社　穂高,3998302,安曇野市穂高北穂高1284-2,0263-82-2510,,
840,231,2013,ニチコン株式会社　穂高,3998302,安曇野市穂高北穂高1284-2,0263-82-2510,,
840,231,2014,ニチコン株式会社　穂高,3998302,安曇野市穂高北穂高1284-2,0263-82-2510,,
841,661,2010,花林桃源郷　蔵久,3998204,安曇野市豊科高家604,0263-73-0170,0263-73-0175,藤澤　文徳
841,661,2011,花林桃源郷　蔵久,3998204,安曇野市豊科高家604,0263-73-0170,0263-73-0175,藤澤　文徳
841,661,2012,花林桃源郷　蔵久,3998204,安曇野市豊科高家604,0263-73-0170,0263-73-0175,藤澤　文徳
841,661,2013,花林桃源郷　蔵久,3998204,安曇野市豊科高家604,0263-73-0170,0263-73-0175,藤澤　文徳
841,661,2014,花林桃源郷　蔵久,3998204,安曇野市豊科高家604,0263-73-0170,0263-73-0175,藤澤　文徳
842,661,2010,久星食品株式会社,3990033,松本市大字笹賀5950,0263-26-0132,,青柳　良彦
842,661,2011,久星食品株式会社,3990033,松本市大字笹賀5950,0263-26-0132,,青柳　良彦
842,661,2012,久星食品株式会社,3990033,松本市大字笹賀5950,0263-26-0132,,青柳　良彦
842,661,2013,久星食品株式会社,3990033,松本市大字笹賀5950,0263-26-0132,,青柳　良彦
842,661,2014,久星食品株式会社,3990033,松本市大字笹賀5950,0263-26-0132,,青柳　良彦
843,662,2010,信州あずみ野穂高・新鮮いち番　Ｖｉｆ穂高,3998301,安曇野市穂高有明7751-1,0263-81-5656,,岡村　直子
843,662,2011,信州あずみ野穂高・新鮮いち番　Ｖｉｆ穂高,3998301,安曇野市穂高有明7751-1,0263-81-5656,,岡村　直子
843,662,2012,信州あずみ野穂高・新鮮いち番　Ｖｉｆ穂高,3998301,安曇野市穂高有明7751-1,0263-81-5656,,岡村　直子
843,662,2013,信州あずみ野穂高・新鮮いち番　Ｖｉｆ穂高,3998301,安曇野市穂高有明7751-1,0263-81-5656,,岡村　直子
843,662,2014,信州あずみ野穂高・新鮮いち番　Ｖｉｆ穂高,3998301,安曇野市穂高有明7751-1,0263-81-5656,,岡村　直子
845,664,2010,降幡自動車株式会社,3990003,長野県松本市芳川野溝１１４０－３,0263-26-2004,,降幡　正夫
845,664,2011,降幡自動車株式会社,3990003,長野県松本市芳川野溝１１４０－３,0263-26-2004,,降幡　正夫
845,664,2012,降幡自動車株式会社,3990003,長野県松本市芳川野溝１１４０－３,0263-26-2004,,降幡　正夫
845,664,2013,降幡自動車株式会社,3990003,長野県松本市芳川野溝１１４０－３,0263-26-2004,,降幡　正夫
845,664,2014,降幡自動車株式会社,3990003,長野県松本市芳川野溝１１４０－３,0263-26-2004,,降幡　正夫
846,665,2010,株式会社ファインビュー室山,3998103,長野県南安曇野市三郷小倉６５２４－１,0263-77-7711,,綿内　邦夫
846,665,2011,株式会社ファインビュー室山,3998103,長野県南安曇野市三郷小倉６５２４－１,0263-77-7711,,綿内　邦夫
846,665,2012,株式会社ファインビュー室山,3998103,長野県南安曇野市三郷小倉６５２４－１,0263-77-7711,,綿内　邦夫
846,665,2013,株式会社ファインビュー室山,3998103,長野県南安曇野市三郷小倉６５２４－１,0263-77-7711,,綿内　邦夫
846,665,2014,株式会社ファインビュー室山,3998103,長野県南安曇野市三郷小倉６５２４－１,0263-77-7711,,綿内　邦夫
847,666,2010,ユーイン井川城,3900831,長野県松本市井川城２－５－２,0263-29-0700,,関谷　征津子
847,666,2011,ユーイン井川城,3900831,長野県松本市井川城２－５－２,0263-29-0700,,関谷　征津子
847,666,2012,ユーイン井川城,3900831,長野県松本市井川城２－５－２,0263-29-0700,,関谷　征津子
847,666,2013,ユーイン井川城,3900831,長野県松本市井川城２－５－２,0263-29-0700,,関谷　征津子
847,666,2014,ユーイン井川城,3900831,長野県松本市井川城２－５－２,0263-29-0700,,関谷　征津子
849,668,2010,株式会社タカチホ松本営業所,3900821,長野県松本市筑摩１－１２－２２,0263-26-8124,,横山　喜晴
849,668,2011,株式会社タカチホ松本営業所,3900821,長野県松本市筑摩１－１２－２２,0263-26-8124,,横山　喜晴
849,668,2012,株式会社タカチホ松本営業所,3900821,長野県松本市筑摩１－１２－２２,0263-26-8124,,横山　喜晴
849,668,2013,株式会社タカチホ松本営業所,3900821,長野県松本市筑摩１－１２－２２,0263-26-8124,,横山　喜晴
849,668,2014,株式会社タカチホ松本営業所,3900821,長野県松本市筑摩１－１２－２２,0263-26-8124,,横山　喜晴
850,669,2010,株式会社ダイヨー,3990003,長野県松本市芳川野溝５６１－１,0263-24-1777,,中澤　克己
850,669,2011,株式会社ダイヨー,3990003,長野県松本市芳川野溝５６１－１,0263-24-1777,,中澤　克己
850,669,2012,株式会社ダイヨー,3990003,長野県松本市芳川野溝５６１－１,0263-24-1777,,中澤　克己
850,669,2013,株式会社ダイヨー,3990003,長野県松本市芳川野溝５６１－１,0263-24-1777,,中澤　克己
850,669,2014,株式会社ダイヨー,3990003,長野県松本市芳川野溝５６１－１,0263-24-1777,,中澤　克己
851,670,2010,タイトーステーション　松本店,3990014,長野県松本市平田東１－２７－１,0263-58-6234,,辻本　武秀
851,670,2011,タイトーステーション　松本店,3990014,長野県松本市平田東１－２７－１,0263-58-6234,,辻本　武秀
851,670,2012,タイトーステーション　松本店,3990014,長野県松本市平田東１－２７－１,0263-58-6234,,辻本　武秀
851,670,2013,タイトーステーション　松本店,3990014,長野県松本市平田東１－２７－１,0263-58-6234,,辻本　武秀
851,670,2014,タイトーステーション　松本店,3990014,長野県松本市平田東１－２７－１,0263-58-6234,,辻本　武秀
852,671,2010,広仁堂医院,3990702,長野県塩尻市広丘野村１６９３－３,0263-52-1520,,百瀬　篤
852,671,2011,広仁堂医院,3990702,長野県塩尻市広丘野村１６９３－３,0263-52-1520,,百瀬　篤
852,671,2012,広仁堂医院,3990702,長野県塩尻市広丘野村１６９３－３,0263-52-1520,,百瀬　篤
852,671,2013,広仁堂医院,3990702,長野県塩尻市広丘野村１６９３－３,0263-52-1520,,百瀬　篤
852,671,2014,広仁堂医院,3990702,長野県塩尻市広丘野村１６９３－３,0263-52-1520,,百瀬　篤
854,673,2010,南信ヤクルト販売株式会社,3990005,長野県松本市野溝木工１－３－３４,0263-25-8912,,百瀬　善充
854,673,2011,南信ヤクルト販売株式会社,3990005,長野県松本市野溝木工１－３－３４,0263-25-8912,,百瀬　善充
854,673,2012,南信ヤクルト販売株式会社,3990005,長野県松本市野溝木工１－３－３４,0263-25-8912,,百瀬　善充
854,673,2013,南信ヤクルト販売株式会社,3990005,長野県松本市野溝木工１－３－３４,0263-25-8912,,百瀬　善充
854,673,2014,南信ヤクルト販売株式会社,3990005,長野県松本市野溝木工１－３－３４,0263-25-8912,,百瀬　善充
855,674,2010,電算印刷株式会社,3900821,長野県松本市筑摩１－１１－３０,0263-25-4329,,寺島　敬治
855,674,2011,電算印刷株式会社,3900821,長野県松本市筑摩１－１１－３０,0263-25-4329,,寺島　敬治
855,674,2012,電算印刷株式会社,3900821,長野県松本市筑摩１－１１－３０,0263-25-4329,,寺島　敬治
855,674,2013,電算印刷株式会社,3900821,長野県松本市筑摩１－１１－３０,0263-25-4329,,寺島　敬治
855,674,2014,電算印刷株式会社,3900821,長野県松本市筑摩１－１１－３０,0263-25-4329,,寺島　敬治
856,675,2010,株式会社長野銀行　波田倉庫,3901401,長野県東筑摩郡波田町大字唐沢８４６１－１,,,金沢　英明
856,675,2011,株式会社長野銀行　波田倉庫,3901401,長野県東筑摩郡波田町大字唐沢８４６１－１,,,金沢　英明
856,675,2012,株式会社長野銀行　波田倉庫,3901401,長野県東筑摩郡波田町大字唐沢８４６１－１,,,金沢　英明
856,675,2013,株式会社長野銀行　波田倉庫,3901401,長野県東筑摩郡波田町大字唐沢８４６１－１,,,金沢　英明
856,675,2014,株式会社長野銀行　波田倉庫,3901401,長野県東筑摩郡波田町大字唐沢８４６１－１,,,金沢　英明
860,678,2010,松本牛乳輸送株式会社,3900842,長野県松本市征矢野１－７－４３,0263-25-5828,,百瀬　文男
860,678,2011,松本牛乳輸送株式会社,3900842,長野県松本市征矢野１－７－４３,0263-25-5828,,百瀬　文男
860,678,2012,松本牛乳輸送株式会社,3900842,長野県松本市征矢野１－７－４３,0263-25-5828,,百瀬　文男
860,678,2013,松本牛乳輸送株式会社,3900842,長野県松本市征矢野１－７－４３,0263-25-5828,,百瀬　文男
860,678,2014,松本牛乳輸送株式会社,3900842,長野県松本市征矢野１－７－４３,0263-25-5828,,百瀬　文男
861,679,2010,朝日村立朝日小学校,3901104,長野県東筑摩郡朝日村古見１２６５,0263-99-2012,,清沢　喜代登
861,679,2011,朝日村立朝日小学校,3901104,長野県東筑摩郡朝日村古見１２６５,0263-99-2012,,清沢　喜代登
861,679,2012,朝日村立朝日小学校,3901104,長野県東筑摩郡朝日村古見１２６５,0263-99-2012,,清沢　喜代登
861,679,2013,朝日村立朝日小学校,3901104,長野県東筑摩郡朝日村古見１２６５,0263-99-2012,,清沢　喜代登
861,679,2014,朝日村立朝日小学校,3901104,長野県東筑摩郡朝日村古見１２６５,0263-99-2012,,清沢　喜代登
864,681,2010,窪田空穂記念館及び生家,3901242,松本市和田1715-1,0263-48-3440,,小松　源一郎
864,681,2011,窪田空穂記念館及び生家,3901242,松本市和田1715-1,0263-48-3440,,小松　源一郎
864,681,2012,窪田空穂記念館及び生家,3901242,松本市和田1715-1,0263-48-3440,,小松　源一郎
864,681,2013,窪田空穂記念館及び生家,3901242,松本市和田1715-1,0263-48-3440,,小松　源一郎
864,681,2014,窪田空穂記念館及び生家,3901242,松本市和田1715-1,0263-48-3440,,小松　源一郎
865,682,2010,松本合同庁舎,3900852,松本市島立1020,0263-40-1955,0263-47-7821,
865,682,2011,松本合同庁舎,3900852,松本市島立1020,0263-40-1955,0263-47-7821,
865,682,2012,松本合同庁舎,3900852,松本市島立1020,0263-40-1955,0263-47-7821,
865,682,2013,松本合同庁舎,3900852,松本市島立1020,0263-40-1955,0263-47-7821,
865,682,2014,松本合同庁舎,3900852,松本市島立1020,0263-40-1955,0263-47-7821,
866,683,2010,株式会社タカギセイコー,3901131,長野県松本市今井字松本道７１０９,0263-86-2815,0263-86-0194,奥原　真二
866,683,2011,株式会社タカギセイコー,3901131,長野県松本市今井字松本道７１０９,0263-86-2815,0263-86-0194,奥原　真二
866,683,2012,株式会社タカギセイコー,3901131,長野県松本市今井字松本道７１０９,0263-86-2815,0263-86-0194,奥原　真二
866,683,2013,株式会社タカギセイコー,3901131,長野県松本市今井字松本道７１０９,0263-86-2815,0263-86-0194,奥原　真二
866,683,2014,株式会社タカギセイコー,3901131,長野県松本市今井字松本道７１０９,0263-86-2815,0263-86-0194,奥原　真二
867,684,2010,長野運動公園複合施設,,,,,遠藤所長
867,684,2011,長野運動公園複合施設,,,,,遠藤所長
867,684,2012,長野運動公園複合施設,,,,,遠藤所長
867,684,2013,長野運動公園複合施設,,,,,遠藤所長
867,684,2014,長野運動公園複合施設,,,,,遠藤所長
868,685,2010,下押野集会センター,3997104,安曇野市明科七貴5818,,,
868,685,2011,下押野集会センター,3997104,安曇野市明科七貴5818,,,
868,685,2012,下押野集会センター,3997104,安曇野市明科七貴5818,,,
868,685,2013,下押野集会センター,3997104,安曇野市明科七貴5818,,,
868,685,2014,下押野集会センター,3997104,安曇野市明科七貴5818,,,
869,686,2010,株式会社　スドージャム,3990033,松本市笹賀5958番地,,,
869,686,2011,株式会社　スドージャム,3990033,松本市笹賀5958番地,,,
869,686,2012,株式会社　スドージャム,3990033,松本市笹賀5958番地,,,
869,686,2013,株式会社　スドージャム,3990033,松本市笹賀5958番地,,,
869,686,2014,株式会社　スドージャム,3990033,松本市笹賀5958番地,,,
870,687,2010,株式会社長野銀行　元町支店,3900803,松本市元町2丁目3番1号,0263-32-8877,,土田　雄太
870,687,2013,株式会社長野銀行　元町支店,3900803,松本市元町2丁目3番1号,0263-32-8877,,土田　雄太
872,536,2010,グループホームくらし,3998501,北安曇郡松川村字南神戸4160-19,0261-61-1836,0261-61-1837,茅野　久雄
872,536,2011,グループホームくらし,3998501,北安曇郡松川村字南神戸4160-19,0261-61-1836,0261-61-1837,茅野　久雄
872,536,2012,グループホームくらし,3998501,北安曇郡松川村字南神戸4160-19,0261-61-1836,0261-61-1837,茅野　久雄
872,536,2013,グループホームくらし,3998501,北安曇郡松川村字南神戸4160-19,0261-61-1836,0261-61-1837,茅野　久雄
872,536,2014,グループホームくらし,3998501,北安曇郡松川村字南神戸4160-19,0261-61-1836,0261-61-1837,茅野　久雄
873,536,2010,介護老人保健施設ライフ２,3998501,北安曇郡松川村字南神戸4360-17,0261-61-1839,0261-61-1838,茅野　久雄
873,536,2011,介護老人保健施設ライフ２,3998501,北安曇郡松川村字南神戸4360-17,0261-61-1839,0261-61-1838,茅野　久雄
873,536,2012,介護老人保健施設ライフ２,3998501,北安曇郡松川村字南神戸4360-17,0261-61-1839,0261-61-1838,茅野　久雄
873,536,2013,介護老人保健施設ライフ２,3998501,北安曇郡松川村字南神戸4360-17,0261-61-1839,0261-61-1838,茅野　久雄
873,536,2014,介護老人保健施設ライフ２,3998501,北安曇郡松川村字南神戸4360-17,0261-61-1839,0261-61-1838,茅野　久雄
874,55,2010,障害者等共同作業所　希望の家,3900833,松本市双葉4-16,0263-25-3133,,中嶋　美恵子
874,55,2011,障害者等共同作業所　希望の家,3900833,松本市双葉4-16,0263-25-3133,,中嶋　美恵子
874,55,2012,障害者等共同作業所　希望の家,3900833,松本市双葉4-16,0263-25-3133,,中嶋　美恵子
874,55,2013,障害者等共同作業所　希望の家,3900833,松本市双葉4-16,0263-25-3133,,中嶋　美恵子
874,55,2014,障害者等共同作業所　希望の家,3900833,松本市双葉4-16,0263-25-3133,,中嶋　美恵子
875,681,2010,松本市　本郷公民館,3900303,松本市浅間温泉2-9-1,0263-46-1500,,滝澤　重明
875,681,2011,松本市　本郷公民館,3900303,松本市浅間温泉2-9-1,0263-46-1500,,滝澤　重明
875,681,2012,松本市　本郷公民館,3900303,松本市浅間温泉2-9-1,0263-46-1500,,滝澤　重明
875,681,2013,松本市　本郷公民館,3900303,松本市浅間温泉2-9-1,0263-46-1500,,滝澤　重明
875,681,2014,松本市　本郷公民館,3900303,松本市浅間温泉2-9-1,0263-46-1500,,滝澤　重明
876,681,2010,松本市　南部公民館,3990002,松本市芳野４番１号,0263-26-1083,,
876,681,2011,松本市　南部公民館,3990002,松本市芳野４番１号,0263-26-1083,,
876,681,2012,松本市　南部公民館,3990002,松本市芳野４番１号,0263-26-1083,,
876,681,2013,松本市　南部公民館,3990002,松本市芳野４番１号,0263-26-1083,,
876,681,2014,松本市　南部公民館,3990002,松本市芳野４番１号,0263-26-1083,,
877,681,2010,松本市　城北公民館・城北地区福祉ひろば,3900876,松本市開智2-3-39,0263-38-0120,,
877,681,2011,松本市　城北公民館・城北地区福祉ひろば,3900876,松本市開智2-3-39,0263-38-0120,,
877,681,2012,松本市　城北公民館・城北地区福祉ひろば,3900876,松本市開智2-3-39,0263-38-0120,,
877,681,2013,松本市　城北公民館・城北地区福祉ひろば,3900876,松本市開智2-3-39,0263-38-0120,,
877,681,2014,松本市　城北公民館・城北地区福祉ひろば,3900876,松本市開智2-3-39,0263-38-0120,,
879,681,2010,松本市　西部公民館,3900848,松本市両島5-50,0263-26-0206,,
879,681,2011,松本市　西部公民館,3900848,松本市両島5-50,0263-26-0206,,
879,681,2012,松本市　西部公民館,3900848,松本市両島5-50,0263-26-0206,,
879,681,2013,松本市　西部公民館,3900848,松本市両島5-50,0263-26-0206,,
879,681,2014,松本市　西部公民館,3900848,松本市両島5-50,0263-26-0206,,
880,681,2010,松本市　四賀保健センター,3997416,松本市七嵐85,0263-64-3111,,
880,681,2011,松本市　四賀保健センター,3997416,松本市七嵐85,0263-64-3111,,
880,681,2012,松本市　四賀保健センター,3997416,松本市七嵐85,0263-64-3111,,
880,681,2013,松本市　四賀保健センター,3997416,松本市七嵐85,0263-64-3111,,
880,681,2014,松本市　四賀保健センター,3997416,松本市七嵐85,0263-64-3111,,
881,681,2010,松本市　野球場,3900303,松本市浅間温泉1-9-1,0263-46-5555,,
881,681,2011,松本市　野球場,3900303,松本市浅間温泉1-9-1,0263-46-5555,,
881,681,2012,松本市　野球場,3900303,松本市浅間温泉1-9-1,0263-46-5555,,
881,681,2013,松本市　野球場,3900303,松本市浅間温泉1-9-1,0263-46-5555,,
881,681,2014,松本市　野球場,3900303,松本市浅間温泉1-9-1,0263-46-5555,,
882,689,2010,長野県水産試験場,3997102,安曇野市明科中川手2871,0263-62-2281,0263-81-2020,小林　照秋
882,689,2011,長野県水産試験場,3997102,安曇野市明科中川手2871,0263-62-2281,0263-81-2020,小林　照秋
882,689,2012,長野県水産試験場,3997102,安曇野市明科中川手2871,0263-62-2281,0263-81-2020,小林　照秋
882,689,2013,長野県水産試験場,3997102,安曇野市明科中川手2871,0263-62-2281,0263-81-2020,小林　照秋
882,689,2014,長野県水産試験場,3997102,安曇野市明科中川手2871,0263-62-2281,0263-81-2020,小林　照秋
883,689,2010,長野県水産試験場　押野試験池,3997104,安曇野市明科七貴5560-34,0263-62-2281,,細川　淳子
883,689,2011,長野県水産試験場　押野試験池,3997104,安曇野市明科七貴5560-34,0263-62-2281,,細川　淳子
883,689,2012,長野県水産試験場　押野試験池,3997104,安曇野市明科七貴5560-34,0263-62-2281,,細川　淳子
883,689,2013,長野県水産試験場　押野試験池,3997104,安曇野市明科七貴5560-34,0263-62-2281,,細川　淳子
883,689,2014,長野県水産試験場　押野試験池,3997104,安曇野市明科七貴5560-34,0263-62-2281,,細川　淳子
884,689,2010,長野県水産試験場　木曽試験地,3970002,木曽郡木曽町新開127-238,0264-23-8571,,中村　淳
884,689,2011,長野県水産試験場　木曽試験地,3970002,木曽郡木曽町新開127-238,0264-23-8571,,中村　淳
884,689,2012,長野県水産試験場　木曽試験地,3970002,木曽郡木曽町新開127-238,0264-23-8571,,中村　淳
884,689,2013,長野県水産試験場　木曽試験地,3970002,木曽郡木曽町新開127-238,0264-23-8571,,中村　淳
884,689,2014,長野県水産試験場　木曽試験地,3970002,木曽郡木曽町新開127-238,0264-23-8571,,中村　淳
885,690,2010,長野県松本盲学校,3900802,松本市旭2丁目11番66号,0263-32-1815,,神田林　恵子
885,690,2011,長野県松本盲学校,3900802,松本市旭2丁目11番66号,0263-32-1815,,神田林　恵子
885,690,2012,長野県松本盲学校,3900802,松本市旭2丁目11番66号,0263-32-1815,,神田林　恵子
885,690,2013,長野県松本盲学校,3900802,松本市旭2丁目11番66号,0263-32-1815,,神田林　恵子
885,690,2014,長野県松本盲学校,3900802,松本市旭2丁目11番66号,0263-32-1815,,神田林　恵子
886,690,2010,長野県松本盲学校　寮棟,3900802,松本市旭2丁目11番66号,0263-32-1815,,神田林　恵子
886,690,2011,長野県松本盲学校　寮棟,3900802,松本市旭2丁目11番66号,0263-32-1815,,神田林　恵子
886,690,2012,長野県松本盲学校　寮棟,3900802,松本市旭2丁目11番66号,0263-32-1815,,神田林　恵子
886,690,2013,長野県松本盲学校　寮棟,3900802,松本市旭2丁目11番66号,0263-32-1815,,神田林　恵子
886,690,2014,長野県松本盲学校　寮棟,3900802,松本市旭2丁目11番66号,0263-32-1815,,神田林　恵子
887,691,2010,長野県上松技術専門校　管理・実習・体育館,3995607,木曽郡上松町大字小川3540,0264-52-3330,,大久保　広樹
887,691,2011,長野県上松技術専門校　管理・実習・体育館,3995607,木曽郡上松町大字小川3540,0264-52-3330,,大久保　広樹
887,691,2012,長野県上松技術専門校　管理・実習・体育館,3995607,木曽郡上松町大字小川3540,0264-52-3330,,大久保　広樹
887,691,2013,長野県上松技術専門校　管理・実習・体育館,3995607,木曽郡上松町大字小川3540,0264-52-3330,,大久保　広樹
887,691,2014,長野県上松技術専門校　管理・実習・体育館,3995607,木曽郡上松町大字小川3540,0264-52-3330,,大久保　広樹
888,691,2010,長野県上松技術専門校　寄宿舎棟,3995607,木曽郡上松町大字小川3550,0264-52-3330,,大久保　広樹
888,691,2011,長野県上松技術専門校　寄宿舎棟,3995607,木曽郡上松町大字小川3550,0264-52-3330,,大久保　広樹
888,691,2012,長野県上松技術専門校　寄宿舎棟,3995607,木曽郡上松町大字小川3550,0264-52-3330,,大久保　広樹
888,691,2013,長野県上松技術専門校　寄宿舎棟,3995607,木曽郡上松町大字小川3550,0264-52-3330,,大久保　広樹
888,691,2014,長野県上松技術専門校　寄宿舎棟,3995607,木曽郡上松町大字小川3550,0264-52-3330,,大久保　広樹
889,692,2010,長野県木曽警察署,3970002,木曽郡木曽町新開2324-1,0264-22-0110,,小椋
889,692,2011,長野県木曽警察署,3970002,木曽郡木曽町新開2324-1,0264-22-0110,,小椋
890,692,2010,長野県木曽警察　清雲寮,3970002,木曽郡木曽町新開2330-2,0264-22-0110,,宮崎　英夫
890,692,2011,長野県木曽警察　清雲寮,3970002,木曽郡木曽町新開2330-2,0264-22-0110,,宮崎　英夫
891,692,2010,長野県木曽警察署　新開１宿舎,3970002,木曽郡木曽町新開2392-2,0264-22-0110,,宮崎　英夫
891,692,2011,長野県木曽警察署　新開１宿舎,3970002,木曽郡木曽町新開2392-2,0264-22-0110,,宮崎　英夫
892,692,2010,長野県木曽警察署　新開２宿舎,3970002,木曽郡木曽町新開2392-1,0264-22-0110,,宮崎　英夫
892,692,2011,長野県木曽警察署　新開２宿舎,3970002,木曽郡木曽町新開2392-1,0264-22-0110,,宮崎　英夫
893,692,2010,長野県木曽警察署　新町Ａ宿舎,3970002,木曽郡木曽町新開,0264-22-0110,,宮崎　英夫
893,692,2011,長野県木曽警察署　新町Ａ宿舎,3970002,木曽郡木曽町新開,0264-22-0110,,宮崎　英夫
894,692,2010,長野県木曽警察署　新町Ｂ宿舎,3970002,木曽郡木曽町新開2330-2,0264-22-0110,,宮崎　英夫
894,692,2011,長野県木曽警察署　新町Ｂ宿舎,3970002,木曽郡木曽町新開2330-2,0264-22-0110,,宮崎　英夫
897,684,2010,株式会社中日新聞社　長野支局,3800935,長野県長野市中御所字岡田６４－５,,,田口　健一
897,684,2011,株式会社中日新聞社　長野支局,3800935,長野県長野市中御所字岡田６４－５,,,田口　健一
897,684,2012,株式会社中日新聞社　長野支局,3800935,長野県長野市中御所字岡田６４－５,,,田口　健一
897,684,2013,株式会社中日新聞社　長野支局,3800935,長野県長野市中御所字岡田６４－５,,,田口　健一
897,684,2014,株式会社中日新聞社　長野支局,3800935,長野県長野市中御所字岡田６４－５,,,田口　健一
899,684,2010,新潟運輸株式会社　長野支店,3810021,長野県長野市屋島３３３７－１,,,伊藤　泰子
899,684,2011,新潟運輸株式会社　長野支店,3810021,長野県長野市屋島３３３７－１,,,伊藤　泰子
899,684,2012,新潟運輸株式会社　長野支店,3810021,長野県長野市屋島３３３７－１,,,伊藤　泰子
899,684,2013,新潟運輸株式会社　長野支店,3810021,長野県長野市屋島３３３７－１,,,伊藤　泰子
899,684,2014,新潟運輸株式会社　長野支店,3810021,長野県長野市屋島３３３７－１,,,伊藤　泰子
900,684,2010,新潟運輸株式会社　上田支店,3890505,長野県小県郡東部町和字下平３６１６,,,五十嵐　秀巳
900,684,2011,新潟運輸株式会社　上田支店,3890505,長野県小県郡東部町和字下平３６１６,,,五十嵐　秀巳
900,684,2012,新潟運輸株式会社　上田支店,3890505,長野県小県郡東部町和字下平３６１６,,,五十嵐　秀巳
900,684,2013,新潟運輸株式会社　上田支店,3890505,長野県小県郡東部町和字下平３６１６,,,五十嵐　秀巳
900,684,2014,新潟運輸株式会社　上田支店,3890505,長野県小県郡東部町和字下平３６１６,,,五十嵐　秀巳
902,89,2010,松本市　入山辺地区福祉ひろば,3900222,松本市大字入山辺4765-1,0263-31-2299,,那須
902,89,2011,松本市　入山辺地区福祉ひろば,3900222,松本市大字入山辺4765-1,0263-31-2299,,那須
902,89,2012,松本市　入山辺地区福祉ひろば,3900222,松本市大字入山辺4765-1,0263-31-2299,,那須
902,89,2013,松本市　入山辺地区福祉ひろば,3900222,松本市大字入山辺4765-1,0263-31-2299,,那須
902,89,2014,松本市　入山辺地区福祉ひろば,3900222,松本市大字入山辺4765-1,0263-31-2299,,那須
903,89,2010,松本市　里山辺地区福祉ひろば,3900221,松本市大字里山辺2930-1,0263-39-1168,,那須
903,89,2011,松本市　里山辺地区福祉ひろば,3900221,松本市大字里山辺2930-1,0263-39-1168,,那須
903,89,2012,松本市　里山辺地区福祉ひろば,3900221,松本市大字里山辺2930-1,0263-39-1168,,那須
903,89,2013,松本市　里山辺地区福祉ひろば,3900221,松本市大字里山辺2930-1,0263-39-1168,,那須
903,89,2014,松本市　里山辺地区福祉ひろば,3900221,松本市大字里山辺2930-1,0263-39-1168,,那須
904,89,2010,松本市　白板地区福祉ひろば,3900875,松本市城西1丁目4番16号,0263-33-4168,,那須
904,89,2011,松本市　白板地区福祉ひろば,3900875,松本市城西1丁目4番16号,0263-33-4168,,那須
904,89,2012,松本市　白板地区福祉ひろば,3900875,松本市城西1丁目4番16号,0263-33-4168,,那須
904,89,2013,松本市　白板地区福祉ひろば,3900875,松本市城西1丁目4番16号,0263-33-4168,,那須
904,89,2014,松本市　白板地区福祉ひろば,3900875,松本市城西1丁目4番16号,0263-33-4168,,那須
905,89,2010,松本市　寿地区福祉ひろば,3990021,松本市寿豊丘424,0263-57-9168,,那須
905,89,2011,松本市　寿地区福祉ひろば,3990021,松本市寿豊丘424,0263-57-9168,,那須
905,89,2012,松本市　寿地区福祉ひろば,3990021,松本市寿豊丘424,0263-57-9168,,那須
905,89,2013,松本市　寿地区福祉ひろば,3990021,松本市寿豊丘424,0263-57-9168,,那須
905,89,2014,松本市　寿地区福祉ひろば,3990021,松本市寿豊丘424,0263-57-9168,,那須
907,89,2010,松本ＶＯＲ／ＤＭＥ,3996462,塩尻市大字洗馬8480,0263-50-3111,,上條常務（ｻｽﾅｶ）
907,89,2011,松本ＶＯＲ／ＤＭＥ,3996462,塩尻市大字洗馬8480,0263-50-3111,,上條常務（ｻｽﾅｶ）
907,89,2012,松本ＶＯＲ／ＤＭＥ,3996462,塩尻市大字洗馬8480,0263-50-3111,,上條常務（ｻｽﾅｶ）
907,89,2013,松本ＶＯＲ／ＤＭＥ,3996462,塩尻市大字洗馬8480,0263-50-3111,,上條常務（ｻｽﾅｶ）
907,89,2014,松本ＶＯＲ／ＤＭＥ,3996462,塩尻市大字洗馬8480,0263-50-3111,,上條常務（ｻｽﾅｶ）
909,89,2010,サスナカ通信工業株式会社　本社,3990033,長野県松本市笹賀,0263-86-1520,,柳沢　克彦
909,89,2011,サスナカ通信工業株式会社　本社,3990033,長野県松本市笹賀,0263-86-1520,,柳沢　克彦
909,89,2012,サスナカ通信工業株式会社　本社,3990033,長野県松本市笹賀,0263-86-1520,,柳沢　克彦
909,89,2013,サスナカ通信工業株式会社　本社,3990033,長野県松本市笹賀,0263-86-1520,,柳沢　克彦
909,89,2014,サスナカ通信工業株式会社　本社,3990033,長野県松本市笹賀,0263-86-1520,,柳沢　克彦
911,681,2010,松本市重要文化財　馬場家住宅,3990023,松本市内田357-6,0263-85-5070,,塩原　正壽
911,681,2011,松本市重要文化財　馬場家住宅,3990023,松本市内田357-6,0263-85-5070,,塩原　正壽
911,681,2012,松本市重要文化財　馬場家住宅,3990023,松本市内田357-6,0263-85-5070,,塩原　正壽
911,681,2013,松本市重要文化財　馬場家住宅,3990023,松本市内田357-6,0263-85-5070,,塩原　正壽
911,681,2014,松本市重要文化財　馬場家住宅,3990023,松本市内田357-6,0263-85-5070,,塩原　正壽
912,696,2010,ふれあい山辺館　白糸の湯,3900221,長野県松本市里山辺８５－１,0263-35-9076,,柴田　桂吾
912,696,2011,ふれあい山辺館　白糸の湯,3900221,長野県松本市里山辺８５－１,0263-35-9076,,柴田　桂吾
912,696,2012,ふれあい山辺館　白糸の湯,3900221,長野県松本市里山辺８５－１,0263-35-9076,,柴田　桂吾
912,696,2013,ふれあい山辺館　白糸の湯,3900221,長野県松本市里山辺８５－１,0263-35-9076,,柴田　桂吾
912,696,2014,ふれあい山辺館　白糸の湯,3900221,長野県松本市里山辺８５－１,0263-35-9076,,柴田　桂吾
913,697,2010,パチンコ　ホームラン和田店,3901242,長野県松本市和田古城５５６－８,0263-48-2828,,上杉　進一
913,697,2011,パチンコ　ホームラン和田店,3901242,長野県松本市和田古城５５６－８,0263-48-2828,,上杉　進一
913,697,2012,パチンコ　ホームラン和田店,3901242,長野県松本市和田古城５５６－８,0263-48-2828,,上杉　進一
913,697,2013,パチンコ　ホームラン和田店,3901242,長野県松本市和田古城５５６－８,0263-48-2828,,上杉　進一
913,697,2014,パチンコ　ホームラン和田店,3901242,長野県松本市和田古城５５６－８,0263-48-2828,,上杉　進一
919,699,2010,コムハウス,3990021,長野県松本市寿豊丘６０９－３０,0263-85-2234,,金沢　洋一
919,699,2011,コムハウス,3990021,長野県松本市寿豊丘６０９－３０,0263-85-2234,,金沢　洋一
919,699,2012,コムハウス,3990021,長野県松本市寿豊丘６０９－３０,0263-85-2234,,金沢　洋一
919,699,2013,コムハウス,3990021,長野県松本市寿豊丘６０９－３０,0263-85-2234,,金沢　洋一
919,699,2014,コムハウス,3990021,長野県松本市寿豊丘６０９－３０,0263-85-2234,,金沢　洋一
920,699,2010,グループホームこのゆびとまれ,3990021,長野県松本市寿豊丘５４０－３１,,,金沢　洋一
920,699,2011,グループホームこのゆびとまれ,3990021,長野県松本市寿豊丘５４０－３１,,,金沢　洋一
920,699,2012,グループホームこのゆびとまれ,3990021,長野県松本市寿豊丘５４０－３１,,,金沢　洋一
920,699,2013,グループホームこのゆびとまれ,3990021,長野県松本市寿豊丘５４０－３１,,,金沢　洋一
920,699,2014,グループホームこのゆびとまれ,3990021,長野県松本市寿豊丘５４０－３１,,,金沢　洋一
921,699,2010,こもれび作業所,3990021,長野県松本市寿豊丘６１１－１５,,,金沢　洋一
921,699,2011,こもれび作業所,3990021,長野県松本市寿豊丘６１１－１５,,,金沢　洋一
921,699,2012,こもれび作業所,3990021,長野県松本市寿豊丘６１１－１５,,,金沢　洋一
921,699,2013,こもれび作業所,3990021,長野県松本市寿豊丘６１１－１５,,,金沢　洋一
921,699,2014,こもれび作業所,3990021,長野県松本市寿豊丘６１１－１５,,,金沢　洋一
922,699,2010,第２コムハウス・ゆい,3901241,長野県松本市新村２７５０－１,0263-40-3366,,宮崎　勇
922,699,2011,第２コムハウス・ゆい,3901241,長野県松本市新村２７５０－１,0263-40-3366,,宮崎　勇
922,699,2012,第２コムハウス・ゆい,3901241,長野県松本市新村２７５０－１,0263-40-3366,,宮崎　勇
922,699,2013,第２コムハウス・ゆい,3901241,長野県松本市新村２７５０－１,0263-40-3366,,宮崎　勇
922,699,2014,第２コムハウス・ゆい,3901241,長野県松本市新村２７５０－１,0263-40-3366,,宮崎　勇
928,701,2010,犬飼ビル,3900811,長野県松本市中央１－２５－１,0263-39-0568,,犬飼　富士子
928,701,2011,犬飼ビル,3900811,長野県松本市中央１－２５－１,0263-39-0568,,犬飼　富士子
928,701,2012,犬飼ビル,3900811,長野県松本市中央１－２５－１,0263-39-0568,,犬飼　富士子
928,701,2013,犬飼ビル,3900811,長野県松本市中央１－２５－１,0263-39-0568,,犬飼　富士子
928,701,2014,犬飼ビル,3900811,長野県松本市中央１－２５－１,0263-39-0568,,犬飼　富士子
929,702,2010,矢崎医院,3900303,長野県松本市浅間温泉１－６－１３,0263-46-1001,,矢崎　国彦
929,702,2011,矢崎医院,3900303,長野県松本市浅間温泉１－６－１３,0263-46-1001,,矢崎　国彦
929,702,2012,矢崎医院,3900303,長野県松本市浅間温泉１－６－１３,0263-46-1001,,矢崎　国彦
929,702,2013,矢崎医院,3900303,長野県松本市浅間温泉１－６－１３,0263-46-1001,,矢崎　国彦
929,702,2014,矢崎医院,3900303,長野県松本市浅間温泉１－６－１３,0263-46-1001,,矢崎　国彦
930,703,2010,株式会社ヤマサ,3990033,長野県松本市笹賀７６００－２２,0263-86-0015,,青木　憲治
930,703,2011,株式会社ヤマサ,3990033,長野県松本市笹賀７６００－２２,0263-86-0015,,青木　憲治
930,703,2012,株式会社ヤマサ,3990033,長野県松本市笹賀７６００－２２,0263-86-0015,,青木　憲治
930,703,2013,株式会社ヤマサ,3990033,長野県松本市笹賀７６００－２２,0263-86-0015,,青木　憲治
930,703,2014,株式会社ヤマサ,3990033,長野県松本市笹賀７６００－２２,0263-86-0015,,青木　憲治
931,704,2010,七日市場コミュニティーセンター,3998101,長野県安曇野市三郷明盛５１３２－７,0263-77-6678,,丸山　勝義
931,704,2011,七日市場コミュニティーセンター,3998101,長野県安曇野市三郷明盛５１３２－７,0263-77-6678,,丸山　勝義
931,704,2012,七日市場コミュニティーセンター,3998101,長野県安曇野市三郷明盛５１３２－７,0263-77-6678,,丸山　勝義
931,704,2013,七日市場コミュニティーセンター,3998101,長野県安曇野市三郷明盛５１３２－７,0263-77-6678,,丸山　勝義
931,704,2014,七日市場コミュニティーセンター,3998101,長野県安曇野市三郷明盛５１３２－７,0263-77-6678,,丸山　勝義
932,705,2010,昌川ビル,3900811,長野県松本市中央１－５－１８,0263-26-2914,,昌川　圭漢
932,705,2011,昌川ビル,3900811,長野県松本市中央１－５－１８,0263-26-2914,,昌川　圭漢
932,705,2012,昌川ビル,3900811,長野県松本市中央１－５－１８,0263-26-2914,,昌川　圭漢
932,705,2013,昌川ビル,3900811,長野県松本市中央１－５－１８,0263-26-2914,,昌川　圭漢
932,705,2014,昌川ビル,3900811,長野県松本市中央１－５－１８,0263-26-2914,,昌川　圭漢
934,707,2010,神山商事合名会社貸店舗事務所,3990033,長野県松本市笹賀７６００－２５,0263-86-7475,0263-86-7476,神山　英夫
934,707,2011,神山商事合名会社貸店舗事務所,3990033,長野県松本市笹賀７６００－２５,0263-86-7475,0263-86-7476,神山　英夫
934,707,2012,神山商事合名会社貸店舗事務所,3990033,長野県松本市笹賀７６００－２５,0263-86-7475,0263-86-7476,神山　英夫
934,707,2013,神山商事合名会社貸店舗事務所,3990033,長野県松本市笹賀７６００－２５,0263-86-7475,0263-86-7476,神山　英夫
934,707,2014,神山商事合名会社貸店舗事務所,3990033,長野県松本市笹賀７６００－２５,0263-86-7475,0263-86-7476,神山　英夫
936,709,2010,長野県中信電気工事業協同組合,3900813,長野県松本市埋橋２－１３－１１,0263-33-5601,,飯村　和美
936,709,2011,長野県中信電気工事業協同組合,3900813,長野県松本市埋橋２－１３－１１,0263-33-5601,,飯村　和美
936,709,2012,長野県中信電気工事業協同組合,3900813,長野県松本市埋橋２－１３－１１,0263-33-5601,,飯村　和美
936,709,2013,長野県中信電気工事業協同組合,3900813,長野県松本市埋橋２－１３－１１,0263-33-5601,,飯村　和美
936,709,2014,長野県中信電気工事業協同組合,3900813,長野県松本市埋橋２－１３－１１,0263-33-5601,,飯村　和美
942,712,2010,中町蔵の会館,3900811,長野県松本市中央２－９－１５,0263-36-3053,,佐々木　一郎
942,712,2011,中町蔵の会館,3900811,長野県松本市中央２－９－１５,0263-36-3053,,佐々木　一郎
942,712,2012,中町蔵の会館,3900811,長野県松本市中央２－９－１５,0263-36-3053,,佐々木　一郎
942,712,2013,中町蔵の会館,3900811,長野県松本市中央２－９－１５,0263-36-3053,,佐々木　一郎
942,712,2014,中町蔵の会館,3900811,長野県松本市中央２－９－１５,0263-36-3053,,佐々木　一郎
943,713,2010,山形協立高齢者グループホームなのはな,3901301,長野県東筑摩郡山形村小阪２５２６－１,0263-97-1066,,赤羽　ひろみ
943,713,2011,山形協立高齢者グループホームなのはな,3901301,長野県東筑摩郡山形村小阪２５２６－１,0263-97-1066,,赤羽　ひろみ
943,713,2012,山形協立高齢者グループホームなのはな,3901301,長野県東筑摩郡山形村小阪２５２６－１,0263-97-1066,,赤羽　ひろみ
943,713,2013,山形協立高齢者グループホームなのはな,3901301,長野県東筑摩郡山形村小阪２５２６－１,0263-97-1066,,赤羽　ひろみ
943,713,2014,山形協立高齢者グループホームなのはな,3901301,長野県東筑摩郡山形村小阪２５２６－１,0263-97-1066,,赤羽　ひろみ
944,714,2010,丹羽外科医院,3900843,長野県松本市高宮南９－１５,0263-25-9768,,丹羽　康平
944,714,2011,丹羽外科医院,3900843,長野県松本市高宮南９－１５,0263-25-9768,,丹羽　康平
944,714,2012,丹羽外科医院,3900843,長野県松本市高宮南９－１５,0263-25-9768,,丹羽　康平
944,714,2013,丹羽外科医院,3900843,長野県松本市高宮南９－１５,0263-25-9768,,丹羽　康平
944,714,2014,丹羽外科医院,3900843,長野県松本市高宮南９－１５,0263-25-9768,,丹羽　康平
948,496,2010,アリュール中村　Ａ棟・Ｂ棟,3990032,長野県松本市芳川村井町１６４２－１・２,,,中村　栄子
948,496,2011,アリュール中村　Ａ棟・Ｂ棟,3990032,長野県松本市芳川村井町１６４２－１・２,,,中村　栄子
948,496,2012,アリュール中村　Ａ棟・Ｂ棟,3990032,長野県松本市芳川村井町１６４２－１・２,,,中村　栄子
948,496,2013,アリュール中村　Ａ棟・Ｂ棟,3990032,長野県松本市芳川村井町１６４２－１・２,,,中村　栄子
948,496,2014,アリュール中村　Ａ棟・Ｂ棟,3990032,長野県松本市芳川村井町１６４２－１・２,,,中村　栄子
950,717,2010,ライフ井上穂高店,3998302,長野県安曇野市穂高北穂高２９９６－１,0263-82-8211,,原　幸一
950,717,2011,ライフ井上穂高店,3998302,長野県安曇野市穂高北穂高２９９６－１,0263-82-8211,,原　幸一
950,717,2012,ライフ井上穂高店,3998302,長野県安曇野市穂高北穂高２９９６－１,0263-82-8211,,原　幸一
950,717,2013,ライフ井上穂高店,3998302,長野県安曇野市穂高北穂高２９９６－１,0263-82-8211,,原　幸一
950,717,2014,ライフ井上穂高店,3998302,長野県安曇野市穂高北穂高２９９６－１,0263-82-8211,,原　幸一
951,718,2010,温泉ロッジ野麦の里,3901611,長野県松本市奈川１１７３－１０６,,,北原　保孝
951,718,2011,温泉ロッジ野麦の里,3901611,長野県松本市奈川１１７３－１０６,,,北原　保孝
951,718,2012,温泉ロッジ野麦の里,3901611,長野県松本市奈川１１７３－１０６,,,北原　保孝
951,718,2013,温泉ロッジ野麦の里,3901611,長野県松本市奈川１１７３－１０６,,,北原　保孝
951,718,2014,温泉ロッジ野麦の里,3901611,長野県松本市奈川１１７３－１０６,,,北原　保孝
952,719,2010,万作,3990000,長野県松本市梓川梓２６５９－２,0263-78-3271,,小嶋　湊
952,719,2011,万作,3990000,長野県松本市梓川梓２６５９－２,0263-78-3271,,小嶋　湊
952,719,2012,万作,3990000,長野県松本市梓川梓２６５９－２,0263-78-3271,,小嶋　湊
952,719,2013,万作,3990000,長野県松本市梓川梓２６５９－２,0263-78-3271,,小嶋　湊
952,719,2014,万作,3990000,長野県松本市梓川梓２６５９－２,0263-78-3271,,小嶋　湊
953,720,2010,有限会社神山自動車販売,3990011,長野県松本市寿北５－２３－２５,0263-57-8000,,神山　修
953,720,2011,有限会社神山自動車販売,3990011,長野県松本市寿北５－２３－２５,0263-57-8000,,神山　修
953,720,2012,有限会社神山自動車販売,3990011,長野県松本市寿北５－２３－２５,0263-57-8000,,神山　修
953,720,2013,有限会社神山自動車販売,3990011,長野県松本市寿北５－２３－２５,0263-57-8000,,神山　修
953,720,2014,有限会社神山自動車販売,3990011,長野県松本市寿北５－２３－２５,0263-57-8000,,神山　修
954,721,2010,下車屋,3900301,長野県松本市稲倉１９５,0263-46-3346,,丸山　豪
954,721,2011,下車屋,3900301,長野県松本市稲倉１９５,0263-46-3346,,丸山　豪
954,721,2012,下車屋,3900301,長野県松本市稲倉１９５,0263-46-3346,,丸山　豪
954,721,2013,下車屋,3900301,長野県松本市稲倉１９５,0263-46-3346,,丸山　豪
954,721,2014,下車屋,3900301,長野県松本市稲倉１９５,0263-46-3346,,丸山　豪
955,722,2010,赤羽工機有限会社,3990702,長野県塩尻市広丘野村６１－３,0263-52-0996,,中島　芳郎
955,722,2011,赤羽工機有限会社,3990702,長野県塩尻市広丘野村６１－３,0263-52-0996,,中島　芳郎
955,722,2012,赤羽工機有限会社,3990702,長野県塩尻市広丘野村６１－３,0263-52-0996,,中島　芳郎
955,722,2013,赤羽工機有限会社,3990702,長野県塩尻市広丘野村６１－３,0263-52-0996,,中島　芳郎
955,722,2014,赤羽工機有限会社,3990702,長野県塩尻市広丘野村６１－３,0263-52-0996,,中島　芳郎
957,724,2010,須沢ビル,3900811,長野県松本市中央１－１９－３,0263-26-8667,,須沢　幸子
957,724,2011,須沢ビル,3900811,長野県松本市中央１－１９－３,0263-26-8667,,須沢　幸子
957,724,2012,須沢ビル,3900811,長野県松本市中央１－１９－３,0263-26-8667,,須沢　幸子
957,724,2013,須沢ビル,3900811,長野県松本市中央１－１９－３,0263-26-8667,,須沢　幸子
957,724,2014,須沢ビル,3900811,長野県松本市中央１－１９－３,0263-26-8667,,須沢　幸子
959,726,2010,綿半インテック株式会社　レンタル諏訪店,3920022,長野県諏訪市高島４－２０２４－１,0266-57-3357,0266-57-3788,窪田
959,726,2011,綿半インテック株式会社　レンタル諏訪店,3920022,長野県諏訪市高島４－２０２４－１,0266-57-3357,0266-57-3788,窪田
959,726,2012,綿半インテック株式会社　レンタル諏訪店,3920022,長野県諏訪市高島４－２０２４－１,0266-57-3357,0266-57-3788,窪田
959,726,2013,綿半インテック株式会社　レンタル諏訪店,3920022,長野県諏訪市高島４－２０２４－１,0266-57-3357,0266-57-3788,窪田
959,726,2014,綿半インテック株式会社　レンタル諏訪店,3920022,長野県諏訪市高島４－２０２４－１,0266-57-3357,0266-57-3788,窪田
960,727,2010,株式会社綜合印刷,3990701,長野県塩尻市広丘吉田６６４－１,0263-57-4556,,熊谷専務
960,727,2011,株式会社綜合印刷,3990701,長野県塩尻市広丘吉田６６４－１,0263-57-4556,,熊谷専務
960,727,2012,株式会社綜合印刷,3990701,長野県塩尻市広丘吉田６６４－１,0263-57-4556,,熊谷専務
960,727,2013,株式会社綜合印刷,3990701,長野県塩尻市広丘吉田６６４－１,0263-57-4556,,熊谷専務
960,727,2014,株式会社綜合印刷,3990701,長野県塩尻市広丘吉田６６４－１,0263-57-4556,,熊谷専務
961,728,2010,株式会社アイバワークス,3990711,長野県塩尻市片丘９６３７－２,0263-53-3393,,堀内　靖男
961,728,2011,株式会社アイバワークス,3990711,長野県塩尻市片丘９６３７－２,0263-53-3393,,堀内　靖男
961,728,2012,株式会社アイバワークス,3990711,長野県塩尻市片丘９６３７－２,0263-53-3393,,堀内　靖男
961,728,2013,株式会社アイバワークス,3990711,長野県塩尻市片丘９６３７－２,0263-53-3393,,堀内　靖男
961,728,2014,株式会社アイバワークス,3990711,長野県塩尻市片丘９６３７－２,0263-53-3393,,堀内　靖男
962,729,2010,株式会社エーアイテック,3901242,長野県松本市和田３９６７－７４,0263-48-1170,,大林　頼彦
962,729,2011,株式会社エーアイテック,3901242,長野県松本市和田３９６７－７４,0263-48-1170,,大林　頼彦
962,729,2012,株式会社エーアイテック,3901242,長野県松本市和田３９６７－７４,0263-48-1170,,大林　頼彦
962,729,2013,株式会社エーアイテック,3901242,長野県松本市和田３９６７－７４,0263-48-1170,,大林　頼彦
962,729,2014,株式会社エーアイテック,3901242,長野県松本市和田３９６７－７４,0263-48-1170,,大林　頼彦
965,635,2010,フォレストモール,3990032,長野県松本市芳川村井２０５－３０,,,田中　重憲
965,635,2011,フォレストモール,3990032,長野県松本市芳川村井２０５－３０,,,田中　重憲
965,635,2012,フォレストモール,3990032,長野県松本市芳川村井２０５－３０,,,田中　重憲
965,635,2013,フォレストモール,3990032,長野県松本市芳川村井２０５－３０,,,田中　重憲
965,635,2014,フォレストモール,3990032,長野県松本市芳川村井２０５－３０,,,田中　重憲
966,732,2010,マクサー電機株式会社,3997702,長野県東筑摩郡麻績村日４６７６,0263-67-2246,,宮澤　与志人
966,732,2011,マクサー電機株式会社,3997702,長野県東筑摩郡麻績村日４６７６,0263-67-2246,,宮澤　与志人
966,732,2012,マクサー電機株式会社,3997702,長野県東筑摩郡麻績村日４６７６,0263-67-2246,,宮澤　与志人
966,732,2013,マクサー電機株式会社,3997702,長野県東筑摩郡麻績村日４６７６,0263-67-2246,,宮澤　与志人
966,732,2014,マクサー電機株式会社,3997702,長野県東筑摩郡麻績村日４６７６,0263-67-2246,,宮澤　与志人
968,734,2010,明倫堂旭ビル,3900802,長野県松本市旭２－１０－１０,0263-35-4312,,関　公一
968,734,2011,明倫堂旭ビル,3900802,長野県松本市旭２－１０－１０,0263-35-4312,,関　公一
968,734,2012,明倫堂旭ビル,3900802,長野県松本市旭２－１０－１０,0263-35-4312,,関　公一
968,734,2013,明倫堂旭ビル,3900802,長野県松本市旭２－１０－１０,0263-35-4312,,関　公一
968,734,2014,明倫堂旭ビル,3900802,長野県松本市旭２－１０－１０,0263-35-4312,,関　公一
969,734,2010,明倫堂書店,3900802,長野県松本市旭２－９－１０,0263-35-4312,,関　公一
969,734,2011,明倫堂書店,3900802,長野県松本市旭２－９－１０,0263-35-4312,,関　公一
969,734,2012,明倫堂書店,3900802,長野県松本市旭２－９－１０,0263-35-4312,,関　公一
969,734,2013,明倫堂書店,3900802,長野県松本市旭２－９－１０,0263-35-4312,,関　公一
969,734,2014,明倫堂書店,3900802,長野県松本市旭２－９－１０,0263-35-4312,,関　公一
970,735,2010,ラ・ヴィール並柳,3900825,長野県松本市並柳２－１４－２２,0263-25-1901,,有賀　竹文
970,735,2011,ラ・ヴィール並柳,3900825,長野県松本市並柳２－１４－２２,0263-25-1901,,有賀　竹文
970,735,2012,ラ・ヴィール並柳,3900825,長野県松本市並柳２－１４－２２,0263-25-1901,,有賀　竹文
970,735,2013,ラ・ヴィール並柳,3900825,長野県松本市並柳２－１４－２２,0263-25-1901,,有賀　竹文
970,735,2014,ラ・ヴィール並柳,3900825,長野県松本市並柳２－１４－２２,0263-25-1901,,有賀　竹文
971,736,2010,カイザーベルク穂高,3998301,長野県安曇野市穂高有明７２５２－４,0263-83-6600,0263-83-6601,深堀　哲朗
971,736,2011,カイザーベルク穂高,3998301,長野県安曇野市穂高有明７２５２－４,0263-83-6600,0263-83-6601,深堀　哲朗
971,736,2012,カイザーベルク穂高,3998301,長野県安曇野市穂高有明７２５２－４,0263-83-6600,0263-83-6601,深堀　哲朗
971,736,2013,カイザーベルク穂高,3998301,長野県安曇野市穂高有明７２５２－４,0263-83-6600,0263-83-6601,深堀　哲朗
971,736,2014,カイザーベルク穂高,3998301,長野県安曇野市穂高有明７２５２－４,0263-83-6600,0263-83-6601,深堀　哲朗
973,738,2010,三村・渋木眼科医院,3900811,長野県松本市中央３－２－１２,0263-32-7268,,三村　昭平
973,738,2011,三村・渋木眼科医院,3900811,長野県松本市中央３－２－１２,0263-32-7268,,三村　昭平
973,738,2012,三村・渋木眼科医院,3900811,長野県松本市中央３－２－１２,0263-32-7268,,三村　昭平
973,738,2013,三村・渋木眼科医院,3900811,長野県松本市中央３－２－１２,0263-32-7268,,三村　昭平
973,738,2014,三村・渋木眼科医院,3900811,長野県松本市中央３－２－１２,0263-32-7268,,三村　昭平
975,635,2010,ダウンタウンモール,3900811,長野県松本市中央１－８－３,0263-57-0888,,田中　重憲
975,635,2011,ダウンタウンモール,3900811,長野県松本市中央１－８－３,0263-57-0888,,田中　重憲
975,635,2012,ダウンタウンモール,3900811,長野県松本市中央１－８－３,0263-57-0888,,田中　重憲
975,635,2013,ダウンタウンモール,3900811,長野県松本市中央１－８－３,0263-57-0888,,田中　重憲
975,635,2014,ダウンタウンモール,3900811,長野県松本市中央１－８－３,0263-57-0888,,田中　重憲
977,741,2010,唐沢整形外科麻酔科医院,3900874,長野県松本市大手１－２－２０,0263-32-2009,,唐沢　布美子
977,741,2011,唐沢整形外科麻酔科医院,3900874,長野県松本市大手１－２－２０,0263-32-2009,,唐沢　布美子
977,741,2012,唐沢整形外科麻酔科医院,3900874,長野県松本市大手１－２－２０,0263-32-2009,,唐沢　布美子
977,741,2013,唐沢整形外科麻酔科医院,3900874,長野県松本市大手１－２－２０,0263-32-2009,,唐沢　布美子
977,741,2014,唐沢整形外科麻酔科医院,3900874,長野県松本市大手１－２－２０,0263-32-2009,,唐沢　布美子
978,742,2010,医療法人中田歯科医院,3900815,長野県松本市深志１－１－２１,0263-32-6474,,中田　尚一
978,742,2011,医療法人中田歯科医院,3900815,長野県松本市深志１－１－２１,0263-32-6474,,中田　尚一
978,742,2012,医療法人中田歯科医院,3900815,長野県松本市深志１－１－２１,0263-32-6474,,中田　尚一
978,742,2013,医療法人中田歯科医院,3900815,長野県松本市深志１－１－２１,0263-32-6474,,中田　尚一
978,742,2014,医療法人中田歯科医院,3900815,長野県松本市深志１－１－２１,0263-32-6474,,中田　尚一
979,743,2010,経友会安曇野研修センター,3998211,長野県安曇野市堀金烏川５０６４－７,0263-31-5105,0263-71-2091,高木事務局長
979,743,2011,経友会安曇野研修センター,3998211,長野県安曇野市堀金烏川５０６４－７,0263-31-5105,0263-71-2091,高木事務局長
979,743,2012,経友会安曇野研修センター,3998211,長野県安曇野市堀金烏川５０６４－７,0263-31-5105,0263-71-2091,高木事務局長
979,743,2013,経友会安曇野研修センター,3998211,長野県安曇野市堀金烏川５０６４－７,0263-31-5105,0263-71-2091,高木事務局長
979,743,2014,経友会安曇野研修センター,3998211,長野県安曇野市堀金烏川５０６４－７,0263-31-5105,0263-71-2091,高木事務局長
983,744,2010,アルプスシャツ株式会社　ケータリングサービス第一,3900874,松本市大手１丁目２番４号,0263-32-6618,,星野　則夫
983,744,2011,アルプスシャツ株式会社　ケータリングサービス第一,3900874,松本市大手１丁目２番４号,0263-32-6618,,星野　則夫
983,744,2012,アルプスシャツ株式会社　ケータリングサービス第一,3900874,松本市大手１丁目２番４号,0263-32-6618,,星野　則夫
983,744,2013,アルプスシャツ株式会社　ケータリングサービス第一,3900874,松本市大手１丁目２番４号,0263-32-6618,,星野　則夫
983,744,2014,アルプスシャツ株式会社　ケータリングサービス第一,3900874,松本市大手１丁目２番４号,0263-32-6618,,星野　則夫
986,746,2010,天理教松本分教会,3900828,長野県松本市庄内２－６－４,0263-25-5133,,神原　光麿
986,746,2011,天理教松本分教会,3900828,長野県松本市庄内２－６－４,0263-25-5133,,神原　光麿
986,746,2012,天理教松本分教会,3900828,長野県松本市庄内２－６－４,0263-25-5133,,神原　光麿
986,746,2013,天理教松本分教会,3900828,長野県松本市庄内２－６－４,0263-25-5133,,神原　光麿
986,746,2014,天理教松本分教会,3900828,長野県松本市庄内２－６－４,0263-25-5133,,神原　光麿
990,749,2010,松本市南部屋内運動場・美須々屋内運動場,,,,,大井さん
991,583,2010,アートヒルズ商管事務棟,3998301,安曇野市穂高有明,0263-83-5100,0263-83-5800,北條
991,583,2011,アートヒルズ商管事務棟,3998301,安曇野市穂高有明,0263-83-5100,0263-83-5800,北條
991,583,2012,アートヒルズ商管事務棟,3998301,安曇野市穂高有明,0263-83-5100,0263-83-5800,北條
991,583,2013,アートヒルズ商管事務棟,3998301,安曇野市穂高有明,0263-83-5100,0263-83-5800,北條
991,583,2014,アートヒルズ商管事務棟,3998301,安曇野市穂高有明,0263-83-5100,0263-83-5800,北條
992,750,2010,丸文通商株式会社　松本支店,3900851,松本市大字島内997-1,0263-40-0068,,市川　文江
992,750,2011,丸文通商株式会社　松本支店,3900851,松本市大字島内997-1,0263-40-0068,,市川　文江
992,750,2012,丸文通商株式会社　松本支店,3900851,松本市大字島内997-1,0263-40-0068,,市川　文江
992,750,2013,丸文通商株式会社　松本支店,3900851,松本市大字島内997-1,0263-40-0068,,市川　文江
992,750,2014,丸文通商株式会社　松本支店,3900851,松本市大字島内997-1,0263-40-0068,,市川　文江
993,751,2010,税理士法人未来経営,3900874,松本市大手4-6-4,0263-32-2002,0263-32-7684,
993,751,2011,税理士法人未来経営,3900874,松本市大手4-6-4,0263-32-2002,0263-32-7684,
993,751,2012,税理士法人未来経営,3900874,松本市大手4-6-4,0263-32-2002,0263-32-7684,
993,751,2013,税理士法人未来経営,3900874,松本市大手4-6-4,0263-32-2002,0263-32-7684,
993,751,2014,税理士法人未来経営,3900874,松本市大手4-6-4,0263-32-2002,0263-32-7684,
994,654,2010,長野県松本旭町庁舎,3900802,松本市旭2-11-30,,,西澤さん
994,654,2011,長野県松本旭町庁舎,3900802,松本市旭2-11-30,,,西澤さん
994,654,2012,長野県松本旭町庁舎,3900802,松本市旭2-11-30,,,西澤さん
994,654,2013,長野県松本旭町庁舎,3900802,松本市旭2-11-30,,,西澤さん
994,654,2014,長野県松本旭町庁舎,3900802,松本市旭2-11-30,,,西澤さん
996,752,2010,城西医療財団　介護老人保健施設　白馬メディア,3999211,長野県北安曇郡白馬村神城２２８４４,0261-75-7100,0261-75-7120,飯田
996,752,2011,城西医療財団　介護老人保健施設　白馬メディア,3999211,長野県北安曇郡白馬村神城２２８４４,0261-75-7100,0261-75-7120,飯田
996,752,2012,城西医療財団　介護老人保健施設　白馬メディア,3999211,長野県北安曇郡白馬村神城２２８４４,0261-75-7100,0261-75-7120,飯田
996,752,2013,城西医療財団　介護老人保健施設　白馬メディア,3999211,長野県北安曇郡白馬村神城２２８４４,0261-75-7100,0261-75-7120,飯田
996,752,2014,城西医療財団　介護老人保健施設　白馬メディア,3999211,長野県北安曇郡白馬村神城２２８４４,0261-75-7100,0261-75-7120,飯田
997,752,2010,城西医療財団　白馬　天神原ハイツ,3999211,長野県北安曇郡白馬村神城２２８４４,0261-75-7100,0261-75-7120,飯田
997,752,2011,城西医療財団　白馬　天神原ハイツ,3999211,長野県北安曇郡白馬村神城２２８４４,0261-75-7100,0261-75-7120,飯田
997,752,2012,城西医療財団　白馬　天神原ハイツ,3999211,長野県北安曇郡白馬村神城２２８４４,0261-75-7100,0261-75-7120,飯田
997,752,2013,城西医療財団　白馬　天神原ハイツ,3999211,長野県北安曇郡白馬村神城２２８４４,0261-75-7100,0261-75-7120,飯田
997,752,2014,城西医療財団　白馬　天神原ハイツ,3999211,長野県北安曇郡白馬村神城２２８４４,0261-75-7100,0261-75-7120,飯田
998,753,2010,城西医療財団　白馬　かたくりの郷,3999211,長野県北安曇郡白馬村神城２２８４４,0261-75-7100,0261-75-7120,施設長　宮城　彰
998,753,2011,城西医療財団　白馬　かたくりの郷,3999211,長野県北安曇郡白馬村神城２２８４４,0261-75-7100,0261-75-7120,施設長　宮城　彰
998,753,2012,城西医療財団　白馬　かたくりの郷,3999211,長野県北安曇郡白馬村神城２２８４４,0261-75-7100,0261-75-7120,施設長　宮城　彰
998,753,2013,城西医療財団　白馬　かたくりの郷,3999211,長野県北安曇郡白馬村神城２２８４４,0261-75-7100,0261-75-7120,施設長　宮城　彰
998,753,2014,城西医療財団　白馬　かたくりの郷,3999211,長野県北安曇郡白馬村神城２２８４４,0261-75-7100,0261-75-7120,施設長　宮城　彰
1001,755,2010,白馬中学校,3999301,長野県北安曇郡白馬村北城,0261-72-2026,,
1001,755,2011,白馬中学校,3999301,長野県北安曇郡白馬村北城,0261-72-2026,,
1001,755,2012,白馬中学校,3999301,長野県北安曇郡白馬村北城,0261-72-2026,,
1001,755,2013,白馬中学校,3999301,長野県北安曇郡白馬村北城,0261-72-2026,,
1001,755,2014,白馬中学校,3999301,長野県北安曇郡白馬村北城,0261-72-2026,,
1003,757,2010,等々力ビル,3900811,長野県松本市中央２－３－２０,0263-39-2150,,等々力　康夫
1003,757,2011,等々力ビル,3900811,長野県松本市中央２－３－２０,0263-39-2150,,等々力　康夫
1003,757,2012,等々力ビル,3900811,長野県松本市中央２－３－２０,0263-39-2150,,等々力　康夫
1003,757,2013,等々力ビル,3900811,長野県松本市中央２－３－２０,0263-39-2150,,等々力　康夫
1003,757,2014,等々力ビル,3900811,長野県松本市中央２－３－２０,0263-39-2150,,等々力　康夫
1004,758,2010,チサンイン諏訪インター,3920015,長野県諏訪市中洲境通２９３５－２,0266-52-2811,0266-52-2817,鍋田マネージャー
1004,758,2011,チサンイン諏訪インター,3920015,長野県諏訪市中洲境通２９３５－２,0266-52-2811,0266-52-2817,鍋田マネージャー
1004,758,2012,チサンイン諏訪インター,3920015,長野県諏訪市中洲境通２９３５－２,0266-52-2811,0266-52-2817,鍋田マネージャー
1004,758,2013,チサンイン諏訪インター,3920015,長野県諏訪市中洲境通２９３５－２,0266-52-2811,0266-52-2817,鍋田マネージャー
1004,758,2014,チサンイン諏訪インター,3920015,長野県諏訪市中洲境通２９３５－２,0266-52-2811,0266-52-2817,鍋田マネージャー
1005,759,2010,塩尻幼稚園,3990738,長野県塩尻市大門７番町５－２０,0263-52-1893,,相澤　春夫
1005,759,2011,塩尻幼稚園,3990738,長野県塩尻市大門７番町５－２０,0263-52-1893,,相澤　春夫
1005,759,2012,塩尻幼稚園,3990738,長野県塩尻市大門７番町５－２０,0263-52-1893,,相澤　春夫
1005,759,2013,塩尻幼稚園,3990738,長野県塩尻市大門７番町５－２０,0263-52-1893,,相澤　春夫
1005,759,2014,塩尻幼稚園,3990738,長野県塩尻市大門７番町５－２０,0263-52-1893,,相澤　春夫
1008,760,2010,信州アルピコタクシー株式会社,3900828,長野県松本市庄内２丁目３６３７番地２,0263-27-4747,0263-27-4488,梨子田次長
1008,760,2011,信州アルピコタクシー株式会社,3900828,長野県松本市庄内２丁目３６３７番地２,0263-27-4747,0263-27-4488,梨子田次長
1008,760,2012,信州アルピコタクシー株式会社,3900828,長野県松本市庄内２丁目３６３７番地２,0263-27-4747,0263-27-4488,梨子田次長
1008,760,2013,信州アルピコタクシー株式会社,3900828,長野県松本市庄内２丁目３６３７番地２,0263-27-4747,0263-27-4488,梨子田次長
1008,760,2014,信州アルピコタクシー株式会社,3900828,長野県松本市庄内２丁目３６３７番地２,0263-27-4747,0263-27-4488,梨子田次長
1009,755,2010,白馬村保健福祉ふれあいセンター,3999301,長野県北安曇郡白馬村北城７０２５,0261-72-5000,,
1009,755,2011,白馬村保健福祉ふれあいセンター,3999301,長野県北安曇郡白馬村北城７０２５,0261-72-5000,,
1009,755,2012,白馬村保健福祉ふれあいセンター,3999301,長野県北安曇郡白馬村北城７０２５,0261-72-5000,,
1009,755,2013,白馬村保健福祉ふれあいセンター,3999301,長野県北安曇郡白馬村北城７０２５,0261-72-5000,,
1009,755,2014,白馬村保健福祉ふれあいセンター,3999301,長野県北安曇郡白馬村北城７０２５,0261-72-5000,,
1010,761,2010,株式会社ロッジ幸,3999422,長野県北安曇郡小谷村千国乙２１７－１,0261-83-2611,,竹尾　弘
1010,761,2011,株式会社ロッジ幸,3999422,長野県北安曇郡小谷村千国乙２１７－１,0261-83-2611,,竹尾　弘
1010,761,2012,株式会社ロッジ幸,3999422,長野県北安曇郡小谷村千国乙２１７－１,0261-83-2611,,竹尾　弘
1010,761,2013,株式会社ロッジ幸,3999422,長野県北安曇郡小谷村千国乙２１７－１,0261-83-2611,,竹尾　弘
1010,761,2014,株式会社ロッジ幸,3999422,長野県北安曇郡小谷村千国乙２１７－１,0261-83-2611,,竹尾　弘
1011,755,2010,白馬村庁舎・多目的研修会施設,3999301,長野県北安曇郡白馬村北城７０２５,0261-72-5000,,
1011,755,2011,白馬村庁舎・多目的研修会施設,3999301,長野県北安曇郡白馬村北城７０２５,0261-72-5000,,
1011,755,2012,白馬村庁舎・多目的研修会施設,3999301,長野県北安曇郡白馬村北城７０２５,0261-72-5000,,
1011,755,2013,白馬村庁舎・多目的研修会施設,3999301,長野県北安曇郡白馬村北城７０２５,0261-72-5000,,
1011,755,2014,白馬村庁舎・多目的研修会施設,3999301,長野県北安曇郡白馬村北城７０２５,0261-72-5000,,
1012,762,2010,山岳旅館　いとう,3980002,長野県大町市大町六九町４１５０,0261-22-0487,,伊藤　時
1012,762,2011,山岳旅館　いとう,3980002,長野県大町市大町六九町４１５０,0261-22-0487,,伊藤　時
1012,762,2012,山岳旅館　いとう,3980002,長野県大町市大町六九町４１５０,0261-22-0487,,伊藤　時
1012,762,2013,山岳旅館　いとう,3980002,長野県大町市大町六九町４１５０,0261-22-0487,,伊藤　時
1012,762,2014,山岳旅館　いとう,3980002,長野県大町市大町六九町４１５０,0261-22-0487,,伊藤　時
1013,684,2010,ウイング２１,3999301,長野県北安曇郡白馬村北城船山,0261-72-8770,,遠藤所長
1013,684,2011,ウイング２１,3999301,長野県北安曇郡白馬村北城船山,0261-72-8770,,遠藤所長
1013,684,2012,ウイング２１,3999301,長野県北安曇郡白馬村北城船山,0261-72-8770,,遠藤所長
1013,684,2013,ウイング２１,3999301,長野県北安曇郡白馬村北城船山,0261-72-8770,,遠藤所長
1013,684,2014,ウイング２１,3999301,長野県北安曇郡白馬村北城船山,0261-72-8770,,遠藤所長
1014,763,2010,ホテル　グリーンプラザ白馬・他９件,3999422,長野県北安曇郡小谷村千国乙７２４６番地,0261-82-2236,,
1014,763,2011,ホテル　グリーンプラザ白馬・他９件,3999422,長野県北安曇郡小谷村千国乙７２４６番地,0261-82-2236,,
1014,763,2012,ホテル　グリーンプラザ白馬・他９件,3999422,長野県北安曇郡小谷村千国乙７２４６番地,0261-82-2236,,
1014,763,2013,ホテル　グリーンプラザ白馬・他９件,3999422,長野県北安曇郡小谷村千国乙７２４６番地,0261-82-2236,,
1014,763,2014,ホテル　グリーンプラザ白馬・他９件,3999422,長野県北安曇郡小谷村千国乙７２４６番地,0261-82-2236,,
1015,764,2010,木曽広域連合　環境センター,3995601,木曽郡上松町大字上松ヒケ畑2048番地,0264-52-2530,0264-52-5130,小野谷　廣
1015,764,2011,木曽広域連合　環境センター,3995601,木曽郡上松町大字上松ヒケ畑2048番地,0264-52-2530,0264-52-5130,小野谷　廣
1015,764,2012,木曽広域連合　環境センター,3995601,木曽郡上松町大字上松ヒケ畑2048番地,0264-52-2530,0264-52-5130,小野谷　廣
1015,764,2013,木曽広域連合　環境センター,3995601,木曽郡上松町大字上松ヒケ畑2048番地,0264-52-2530,0264-52-5130,小野谷　廣
1015,764,2014,木曽広域連合　環境センター,3995601,木曽郡上松町大字上松ヒケ畑2048番地,0264-52-2530,0264-52-5130,小野谷　廣
1016,764,2010,木曽葬祭センター　緑聖苑,3995601,木曽郡上松町大字上松ヒケ畑1085-1,0264-52-2530,,小野谷　廣
1016,764,2011,木曽葬祭センター　緑聖苑,3995601,木曽郡上松町大字上松ヒケ畑1085-1,0264-52-2530,,小野谷　廣
1016,764,2012,木曽葬祭センター　緑聖苑,3995601,木曽郡上松町大字上松ヒケ畑1085-1,0264-52-2530,,小野谷　廣
1016,764,2013,木曽葬祭センター　緑聖苑,3995601,木曽郡上松町大字上松ヒケ畑1085-1,0264-52-2530,,小野谷　廣
1016,764,2014,木曽葬祭センター　緑聖苑,3995601,木曽郡上松町大字上松ヒケ畑1085-1,0264-52-2530,,小野谷　廣
1017,764,2010,木曽広域連合　汚泥集約センター,3995601,木曽郡上松町大字上松ヒケ畑2048-1,0264-52-2530,,小野谷　廣
1017,764,2011,木曽広域連合　汚泥集約センター,3995601,木曽郡上松町大字上松ヒケ畑2048-1,0264-52-2530,,小野谷　廣
1017,764,2012,木曽広域連合　汚泥集約センター,3995601,木曽郡上松町大字上松ヒケ畑2048-1,0264-52-2530,,小野谷　廣
1017,764,2013,木曽広域連合　汚泥集約センター,3995601,木曽郡上松町大字上松ヒケ畑2048-1,0264-52-2530,,小野谷　廣
1017,764,2014,木曽広域連合　汚泥集約センター,3995601,木曽郡上松町大字上松ヒケ畑2048-1,0264-52-2530,,小野谷　廣
1018,765,2010,農事組合法人筑北きのこ生産組合,3997701,東筑摩郡麻績村麻4714,0263-67-2970,,三浦　衛
1018,765,2011,農事組合法人筑北きのこ生産組合,3997701,東筑摩郡麻績村麻4714,0263-67-2970,,三浦　衛
1018,765,2012,農事組合法人筑北きのこ生産組合,3997701,東筑摩郡麻績村麻4714,0263-67-2970,,三浦　衛
1018,765,2013,農事組合法人筑北きのこ生産組合,3997701,東筑摩郡麻績村麻4714,0263-67-2970,,三浦　衛
1018,765,2014,農事組合法人筑北きのこ生産組合,3997701,東筑摩郡麻績村麻4714,0263-67-2970,,三浦　衛
1023,769,2010,ヨーケン株式会社,3998305,安曇野市穂高牧179-4,0263-83-7200,,堀内　清永
1023,769,2011,ヨーケン株式会社,3998305,安曇野市穂高牧179-4,0263-83-7200,,堀内　清永
1023,769,2012,ヨーケン株式会社,3998305,安曇野市穂高牧179-4,0263-83-7200,,堀内　清永
1023,769,2013,ヨーケン株式会社,3998305,安曇野市穂高牧179-4,0263-83-7200,,堀内　清永
1023,769,2014,ヨーケン株式会社,3998305,安曇野市穂高牧179-4,0263-83-7200,,堀内　清永
1024,770,2010,アウトドアステーション　バンバン松本店,3990031,長野県松本市芳川小屋,0263-86-5331,松本市芳川小屋19-19,藤澤　正之
1024,770,2011,アウトドアステーション　バンバン松本店,3990031,長野県松本市芳川小屋,0263-86-5331,松本市芳川小屋19-19,藤澤　正之
1024,770,2012,アウトドアステーション　バンバン松本店,3990031,長野県松本市芳川小屋,0263-86-5331,松本市芳川小屋19-19,藤澤　正之
1024,770,2013,アウトドアステーション　バンバン松本店,3990031,長野県松本市芳川小屋,0263-86-5331,松本市芳川小屋19-19,藤澤　正之
1024,770,2014,アウトドアステーション　バンバン松本店,3990031,長野県松本市芳川小屋,0263-86-5331,松本市芳川小屋19-19,藤澤　正之
1025,679,2010,朝日村中央公民館・トレーニングセンター,3901104,東筑摩郡朝日村古見,0263-99-2004,,中村　八重美
1025,679,2011,朝日村中央公民館・トレーニングセンター,3901104,東筑摩郡朝日村古見,0263-99-2004,,中村　八重美
1025,679,2012,朝日村中央公民館・トレーニングセンター,3901104,東筑摩郡朝日村古見,0263-99-2004,,中村　八重美
1025,679,2013,朝日村中央公民館・トレーニングセンター,3901104,東筑摩郡朝日村古見,0263-99-2004,,中村　八重美
1025,679,2014,朝日村中央公民館・トレーニングセンター,3901104,東筑摩郡朝日村古見,0263-99-2004,,中村　八重美
1026,679,2010,朝日村　朝日美術館,3901104,東筑摩郡朝日村古見1308,0263-99-2359,,中村　八重美
1026,679,2011,朝日村　朝日美術館,3901104,東筑摩郡朝日村古見1308,0263-99-2359,,中村　八重美
1026,679,2012,朝日村　朝日美術館,3901104,東筑摩郡朝日村古見1308,0263-99-2359,,中村　八重美
1026,679,2013,朝日村　朝日美術館,3901104,東筑摩郡朝日村古見1308,0263-99-2359,,中村　八重美
1026,679,2014,朝日村　朝日美術館,3901104,東筑摩郡朝日村古見1308,0263-99-2359,,中村　八重美
1027,1,2010,五幸セントラルパーキングビル,3900811,松本市中央２丁目１番１０号,0263-39-8348,,久保田　誠
1027,1,2011,五幸セントラルパーキングビル,3900811,松本市中央２丁目１番１０号,0263-39-8348,,久保田　誠
1027,1,2012,五幸セントラルパーキングビル,3900811,松本市中央２丁目１番１０号,0263-39-8348,,久保田　誠
1027,1,2013,五幸セントラルパーキングビル,3900811,松本市中央２丁目１番１０号,0263-39-8348,,久保田　誠
1027,1,2014,五幸セントラルパーキングビル,3900811,松本市中央２丁目１番１０号,0263-39-8348,,久保田　誠
1028,1,2010,五幸本町ビル,3900811,松本市中央２丁目１番２４号,0263-39-8348,,太田　隆治
1028,1,2011,五幸本町ビル,3900811,松本市中央２丁目１番２４号,0263-39-8348,,太田　隆治
1028,1,2012,五幸本町ビル,3900811,松本市中央２丁目１番２４号,0263-39-8348,,太田　隆治
1028,1,2013,五幸本町ビル,3900811,松本市中央２丁目１番２４号,0263-39-8348,,太田　隆治
1028,1,2014,五幸本町ビル,3900811,松本市中央２丁目１番２４号,0263-39-8348,,太田　隆治
1029,773,2010,株式会社プラザ安曇野,3998201,安曇野市豊科南穂高5089-1,0263-72-8700,,宮田　酉子
1029,773,2011,株式会社プラザ安曇野,3998201,安曇野市豊科南穂高5089-1,0263-72-8700,,宮田　酉子
1029,773,2012,株式会社プラザ安曇野,3998201,安曇野市豊科南穂高5089-1,0263-72-8700,,宮田　酉子
1029,773,2013,株式会社プラザ安曇野,3998201,安曇野市豊科南穂高5089-1,0263-72-8700,,宮田　酉子
1029,773,2014,株式会社プラザ安曇野,3998201,安曇野市豊科南穂高5089-1,0263-72-8700,,宮田　酉子
1030,773,2010,農林漁業体験実習館　ビレッジ安曇野,3998201,安曇野市豊科南穂高6780番地,0263-72-8568,0263-72-8569,大久保　誠
1030,773,2011,農林漁業体験実習館　ビレッジ安曇野,3998201,安曇野市豊科南穂高6780番地,0263-72-8568,0263-72-8569,大久保　誠
1030,773,2012,農林漁業体験実習館　ビレッジ安曇野,3998201,安曇野市豊科南穂高6780番地,0263-72-8568,0263-72-8569,大久保　誠
1030,773,2013,農林漁業体験実習館　ビレッジ安曇野,3998201,安曇野市豊科南穂高6780番地,0263-72-8568,0263-72-8569,大久保　誠
1030,773,2014,農林漁業体験実習館　ビレッジ安曇野,3998201,安曇野市豊科南穂高6780番地,0263-72-8568,0263-72-8569,大久保　誠
1032,773,2010,あづみ野ガラス北工房,3998201,安曇野市豊科南穂高5076-4,,,大久保　誠
1032,773,2011,あづみ野ガラス北工房,3998201,安曇野市豊科南穂高5076-4,,,大久保　誠
1032,773,2012,あづみ野ガラス北工房,3998201,安曇野市豊科南穂高5076-4,,,大久保　誠
1032,773,2013,あづみ野ガラス北工房,3998201,安曇野市豊科南穂高5076-4,,,大久保　誠
1032,773,2014,あづみ野ガラス北工房,3998201,安曇野市豊科南穂高5076-4,,,大久保　誠
1033,773,2010,あづみ野ガラス工房,3998201,安曇野市豊科南穂高5076-17,,,大久保　誠
1033,773,2011,あづみ野ガラス工房,3998201,安曇野市豊科南穂高5076-17,,,大久保　誠
1033,773,2012,あづみ野ガラス工房,3998201,安曇野市豊科南穂高5076-17,,,大久保　誠
1033,773,2013,あづみ野ガラス工房,3998201,安曇野市豊科南穂高5076-17,,,大久保　誠
1033,773,2014,あづみ野ガラス工房,3998201,安曇野市豊科南穂高5076-17,,,大久保　誠
1034,537,2010,グランビュー東和（庄内）,,長野県松本市庄内,0261-22-2199,,河内社長
1034,537,2011,グランビュー東和（庄内）,,長野県松本市庄内,0261-22-2199,,河内社長
1034,537,2012,グランビュー東和（庄内）,,長野県松本市庄内,0261-22-2199,,河内社長
1034,537,2013,グランビュー東和（庄内）,,長野県松本市庄内,0261-22-2199,,河内社長
1034,537,2014,グランビュー東和（庄内）,,長野県松本市庄内,0261-22-2199,,河内社長
1035,774,2010,株式会社トライアン相互,3990704,長野県塩尻市広丘郷原１０１０－１,0263-53-2350,0263-53-2370,徳田社長か千葉さん
1035,774,2011,株式会社トライアン相互,3990704,長野県塩尻市広丘郷原１０１０－１,0263-53-2350,0263-53-2370,徳田社長か千葉さん
1035,774,2012,株式会社トライアン相互,3990704,長野県塩尻市広丘郷原１０１０－１,0263-53-2350,0263-53-2370,徳田社長か千葉さん
1035,774,2013,株式会社トライアン相互,3990704,長野県塩尻市広丘郷原１０１０－１,0263-53-2350,0263-53-2370,徳田社長か千葉さん
1035,774,2014,株式会社トライアン相互,3990704,長野県塩尻市広丘郷原１０１０－１,0263-53-2350,0263-53-2370,徳田社長か千葉さん
1036,775,2010,島新精工株式会社本社（穂高）工場,3998302,長野県安曇野市穂高北穂高２０４７－４,0263-81-0551,0263-81-0552,望月　皎
1036,775,2011,島新精工株式会社本社（穂高）工場,3998302,長野県安曇野市穂高北穂高２０４７－４,0263-81-0551,0263-81-0552,望月　皎
1036,775,2012,島新精工株式会社本社（穂高）工場,3998302,長野県安曇野市穂高北穂高２０４７－４,0263-81-0551,0263-81-0552,望月　皎
1036,775,2013,島新精工株式会社本社（穂高）工場,3998302,長野県安曇野市穂高北穂高２０４７－４,0263-81-0551,0263-81-0552,望月　皎
1036,775,2014,島新精工株式会社本社（穂高）工場,3998302,長野県安曇野市穂高北穂高２０４７－４,0263-81-0551,0263-81-0552,望月　皎
1038,776,2010,安曇精工株式会社本社工場,3998302,長野県安曇野市穂高北穂高３０４７番地９,0263-82-3867,,望月　皎
1038,776,2011,安曇精工株式会社本社工場,3998302,長野県安曇野市穂高北穂高３０４７番地９,0263-82-3867,,望月　皎
1038,776,2012,安曇精工株式会社本社工場,3998302,長野県安曇野市穂高北穂高３０４７番地９,0263-82-3867,,望月　皎
1038,776,2013,安曇精工株式会社本社工場,3998302,長野県安曇野市穂高北穂高３０４７番地９,0263-82-3867,,望月　皎
1038,776,2014,安曇精工株式会社本社工場,3998302,長野県安曇野市穂高北穂高３０４７番地９,0263-82-3867,,望月　皎
1041,777,2010,塩尻事業所　<ヘルスパ塩尻>,3990736,塩尻市大門一番町1番1号,0263-54-3939,,臼井　昇
1041,777,2011,塩尻事業所　<ヘルスパ塩尻>,3990736,塩尻市大門一番町1番1号,0263-54-3939,,臼井　昇
1041,777,2012,塩尻事業所　<ヘルスパ塩尻>,3990736,塩尻市大門一番町1番1号,0263-54-3939,,臼井　昇
1041,777,2013,塩尻事業所　<ヘルスパ塩尻>,3990736,塩尻市大門一番町1番1号,0263-54-3939,,臼井　昇
1041,777,2014,塩尻事業所　<ヘルスパ塩尻>,3990736,塩尻市大門一番町1番1号,0263-54-3939,,臼井　昇
1046,779,2010,大阪外国語大学白馬山の家,3999211,長野県北安曇郡白馬村神城２２８９２,0261-72-2227,,矢口　幸利
1046,779,2011,大阪外国語大学白馬山の家,3999211,長野県北安曇郡白馬村神城２２８９２,0261-72-2227,,矢口　幸利
1046,779,2012,大阪外国語大学白馬山の家,3999211,長野県北安曇郡白馬村神城２２８９２,0261-72-2227,,矢口　幸利
1046,779,2013,大阪外国語大学白馬山の家,3999211,長野県北安曇郡白馬村神城２２８９２,0261-72-2227,,矢口　幸利
1046,779,2014,大阪外国語大学白馬山の家,3999211,長野県北安曇郡白馬村神城２２８９２,0261-72-2227,,矢口　幸利
1047,780,2010,温泉民宿　ヒュッテほし,3901512,松本市安曇4085-75,0263-93-2502,,保科　文人
1047,780,2011,温泉民宿　ヒュッテほし,3901512,松本市安曇4085-75,0263-93-2502,,保科　文人
1047,780,2012,温泉民宿　ヒュッテほし,3901512,松本市安曇4085-75,0263-93-2502,,保科　文人
1047,780,2013,温泉民宿　ヒュッテほし,3901512,松本市安曇4085-75,0263-93-2502,,保科　文人
1047,780,2014,温泉民宿　ヒュッテほし,3901512,松本市安曇4085-75,0263-93-2502,,保科　文人
1048,781,2010,酒井産業株式会社,3990700,長野県塩尻市木曽長瀬２３０７－２,0264-34-3323,0264-34-3611,宮坂　泰文
1048,781,2011,酒井産業株式会社,3990700,長野県塩尻市木曽長瀬２３０７－２,0264-34-3323,0264-34-3611,宮坂　泰文
1048,781,2012,酒井産業株式会社,3990700,長野県塩尻市木曽長瀬２３０７－２,0264-34-3323,0264-34-3611,宮坂　泰文
1048,781,2013,酒井産業株式会社,3990700,長野県塩尻市木曽長瀬２３０７－２,0264-34-3323,0264-34-3611,宮坂　泰文
1048,781,2014,酒井産業株式会社,3990700,長野県塩尻市木曽長瀬２３０７－２,0264-34-3323,0264-34-3611,宮坂　泰文
1049,250,2010,松本市公設地方卸売市場,3990033,長野県松本市笹賀,,,
1049,250,2011,松本市公設地方卸売市場,3990033,長野県松本市笹賀,,,
1049,250,2012,松本市公設地方卸売市場,3990033,長野県松本市笹賀,,,
1049,250,2013,松本市公設地方卸売市場,3990033,長野県松本市笹賀,,,
1049,250,2014,松本市公設地方卸売市場,3990033,長野県松本市笹賀,,,
1051,783,2010,つかまの里・南天診療所,3900821,長野県松本市筑摩３－１５－３１,,,
1051,783,2011,つかまの里・南天診療所,3900821,長野県松本市筑摩３－１５－３１,,,
1051,783,2012,つかまの里・南天診療所,3900821,長野県松本市筑摩３－１５－３１,,,
1051,783,2013,つかまの里・南天診療所,3900821,長野県松本市筑摩３－１５－３１,,,
1051,783,2014,つかまの里・南天診療所,3900821,長野県松本市筑摩３－１５－３１,,,
1052,784,2010,株式会社アカダプレーティング,3901243,松本市大字神林7107-56,0263-47-7005,,赤田
1052,784,2011,株式会社アカダプレーティング,3901243,松本市大字神林7107-56,0263-47-7005,,赤田
1052,784,2012,株式会社アカダプレーティング,3901243,松本市大字神林7107-56,0263-47-7005,,赤田
1052,784,2013,株式会社アカダプレーティング,3901243,松本市大字神林7107-56,0263-47-7005,,赤田
1052,784,2014,株式会社アカダプレーティング,3901243,松本市大字神林7107-56,0263-47-7005,,赤田
1053,785,2010,あずみ野河昌,3980002,長野県大町市（大町温泉郷）,0261-22-4800,,水口
1053,785,2011,あずみ野河昌,3980002,長野県大町市（大町温泉郷）,0261-22-4800,,水口
1053,785,2012,あずみ野河昌,3980002,長野県大町市（大町温泉郷）,0261-22-4800,,水口
1053,785,2013,あずみ野河昌,3980002,長野県大町市（大町温泉郷）,0261-22-4800,,水口
1053,785,2014,あずみ野河昌,3980002,長野県大町市（大町温泉郷）,0261-22-4800,,水口
1054,311,2010,松商学園高等学校　筑摩合宿所,3900821,長野県松本市筑摩４－２－８,0263-25-0643,,片岡　勉
1054,311,2011,松商学園高等学校　筑摩合宿所,3900821,長野県松本市筑摩４－２－８,0263-25-0643,,片岡　勉
1054,311,2012,松商学園高等学校　筑摩合宿所,3900821,長野県松本市筑摩４－２－８,0263-25-0643,,片岡　勉
1054,311,2013,松商学園高等学校　筑摩合宿所,3900821,長野県松本市筑摩４－２－８,0263-25-0643,,片岡　勉
1054,311,2014,松商学園高等学校　筑摩合宿所,3900821,長野県松本市筑摩４－２－８,0263-25-0643,,片岡　勉
1055,786,2010,株式会社前田製作所　大町店,3980002,長野県大町市大町,0261-22-7270,,北條　義雄
1055,786,2011,株式会社前田製作所　大町店,3980002,長野県大町市大町,0261-22-7270,,北條　義雄
1055,786,2012,株式会社前田製作所　大町店,3980002,長野県大町市大町,0261-22-7270,,北條　義雄
1055,786,2013,株式会社前田製作所　大町店,3980002,長野県大町市大町,0261-22-7270,,北條　義雄
1055,786,2014,株式会社前田製作所　大町店,3980002,長野県大町市大町,0261-22-7270,,北條　義雄
1056,787,2010,ボヌール丸山　Ａ,3900221,松本市里山辺4092-1,0263-32-1779,,筒井　完次　　（施主　赤羽香澄）
1056,787,2011,ボヌール丸山　Ａ,3900221,松本市里山辺4092-1,0263-32-1779,,筒井　完次　　（施主　赤羽香澄）
1056,787,2012,ボヌール丸山　Ａ,3900221,松本市里山辺4092-1,0263-32-1779,,筒井　完次　　（施主　赤羽香澄）
1056,787,2013,ボヌール丸山　Ａ,3900221,松本市里山辺4092-1,0263-32-1779,,筒井　完次　　（施主　赤羽香澄）
1056,787,2014,ボヌール丸山　Ａ,3900221,松本市里山辺4092-1,0263-32-1779,,筒井　完次　　（施主　赤羽香澄）
1057,787,2010,ボヌール丸山　Ｂ,3900221,松本市里山辺4091-2,0263-32-1779,,筒井　完次　　（施主　赤羽香澄）
1057,787,2011,ボヌール丸山　Ｂ,3900221,松本市里山辺4091-2,0263-32-1779,,筒井　完次　　（施主　赤羽香澄）
1057,787,2012,ボヌール丸山　Ｂ,3900221,松本市里山辺4091-2,0263-32-1779,,筒井　完次　　（施主　赤羽香澄）
1057,787,2013,ボヌール丸山　Ｂ,3900221,松本市里山辺4091-2,0263-32-1779,,筒井　完次　　（施主　赤羽香澄）
1057,787,2014,ボヌール丸山　Ｂ,3900221,松本市里山辺4091-2,0263-32-1779,,筒井　完次　　（施主　赤羽香澄）
1058,715,2010,やさかハイツ,3900221,長野県松本市里山辺３７７３－１,,,草深社長
1058,715,2011,やさかハイツ,3900221,長野県松本市里山辺３７７３－１,,,草深社長
1058,715,2012,やさかハイツ,3900221,長野県松本市里山辺３７７３－１,,,草深社長
1058,715,2013,やさかハイツ,3900221,長野県松本市里山辺３７７３－１,,,草深社長
1058,715,2014,やさかハイツ,3900221,長野県松本市里山辺３７７３－１,,,草深社長
1060,789,2010,株式会社トーヨータイヤジャパン　松本営業所,3901242,長野県松本市和田南西原３９６７－２６,0263-48-4114,0263-48-4116,望月部長
1060,789,2011,株式会社トーヨータイヤジャパン　松本営業所,3901242,長野県松本市和田南西原３９６７－２６,0263-48-4114,0263-48-4116,望月部長
1060,789,2012,株式会社トーヨータイヤジャパン　松本営業所,3901242,長野県松本市和田南西原３９６７－２６,0263-48-4114,0263-48-4116,望月部長
1060,789,2013,株式会社トーヨータイヤジャパン　松本営業所,3901242,長野県松本市和田南西原３９６７－２６,0263-48-4114,0263-48-4116,望月部長
1060,789,2014,株式会社トーヨータイヤジャパン　松本営業所,3901242,長野県松本市和田南西原３９６７－２６,0263-48-4114,0263-48-4116,望月部長
1061,790,2010,ミュー　ｍｊｕ：,,松本市梓川倭115-1,0263-78-6711,0263-78-6711,降幡　保
1061,790,2011,ミュー　ｍｊｕ：,,松本市梓川倭115-1,0263-78-6711,0263-78-6711,降幡　保
1061,790,2012,ミュー　ｍｊｕ：,,松本市梓川倭115-1,0263-78-6711,0263-78-6711,降幡　保
1061,790,2013,ミュー　ｍｊｕ：,,松本市梓川倭115-1,0263-78-6711,0263-78-6711,降幡　保
1061,790,2014,ミュー　ｍｊｕ：,,松本市梓川倭115-1,0263-78-6711,0263-78-6711,降幡　保
1065,791,2010,ダンダンプラザ西棟,3900833,長野県松本市双葉７－２３,0263-26-6569,0263-25-9898,大平常務
1065,791,2011,ダンダンプラザ西棟,3900833,長野県松本市双葉７－２３,0263-26-6569,0263-25-9898,大平常務
1065,791,2012,ダンダンプラザ西棟,3900833,長野県松本市双葉７－２３,0263-26-6569,0263-25-9898,大平常務
1065,791,2013,ダンダンプラザ西棟,3900833,長野県松本市双葉７－２３,0263-26-6569,0263-25-9898,大平常務
1065,791,2014,ダンダンプラザ西棟,3900833,長野県松本市双葉７－２３,0263-26-6569,0263-25-9898,大平常務
1066,791,2010,ダンダンプラザ東棟,3900833,長野県松本市双葉７－２３,,,
1066,791,2011,ダンダンプラザ東棟,3900833,長野県松本市双葉７－２３,,,
1066,791,2012,ダンダンプラザ東棟,3900833,長野県松本市双葉７－２３,,,
1066,791,2013,ダンダンプラザ東棟,3900833,長野県松本市双葉７－２３,,,
1066,791,2014,ダンダンプラザ東棟,3900833,長野県松本市双葉７－２３,,,
1068,755,2010,白馬ジャンプ競技場,3999301,長野県北安曇郡白馬村北城,,,
1068,755,2011,白馬ジャンプ競技場,3999301,長野県北安曇郡白馬村北城,,,
1068,755,2012,白馬ジャンプ競技場,3999301,長野県北安曇郡白馬村北城,,,
1068,755,2013,白馬ジャンプ競技場,3999301,長野県北安曇郡白馬村北城,,,
1068,755,2014,白馬ジャンプ競技場,3999301,長野県北安曇郡白馬村北城,,,
1069,793,2010,大阪教育大学　遠見山の家,3999211,長野県北安曇郡白馬村神城２２２０１,,,
1069,793,2011,大阪教育大学　遠見山の家,3999211,長野県北安曇郡白馬村神城２２２０１,,,
1069,793,2012,大阪教育大学　遠見山の家,3999211,長野県北安曇郡白馬村神城２２２０１,,,
1069,793,2013,大阪教育大学　遠見山の家,3999211,長野県北安曇郡白馬村神城２２２０１,,,
1069,793,2014,大阪教育大学　遠見山の家,3999211,長野県北安曇郡白馬村神城２２２０１,,,
1070,755,2010,白馬村国民保養センター　岳の湯,3999301,長野県北安曇郡白馬村北城２６５－３８,,,
1070,755,2011,白馬村国民保養センター　岳の湯,3999301,長野県北安曇郡白馬村北城２６５－３８,,,
1070,755,2012,白馬村国民保養センター　岳の湯,3999301,長野県北安曇郡白馬村北城２６５－３８,,,
1070,755,2013,白馬村国民保養センター　岳の湯,3999301,長野県北安曇郡白馬村北城２６５－３８,,,
1070,755,2014,白馬村国民保養センター　岳の湯,3999301,長野県北安曇郡白馬村北城２６５－３８,,,
1071,794,2010,東京工業大学木崎湖合宿研修所,3980001,長野県大町市平１４７７１－１,0261-22-2756,,
1071,794,2011,東京工業大学木崎湖合宿研修所,3980001,長野県大町市平１４７７１－１,0261-22-2756,,
1071,794,2012,東京工業大学木崎湖合宿研修所,3980001,長野県大町市平１４７７１－１,0261-22-2756,,
1071,794,2013,東京工業大学木崎湖合宿研修所,3980001,長野県大町市平１４７７１－１,0261-22-2756,,
1071,794,2014,東京工業大学木崎湖合宿研修所,3980001,長野県大町市平１４７７１－１,0261-22-2756,,
1072,795,2010,株式会社エイ・エム・ディー,3900821,長野県松本市筑摩４－１３－２６,0263-27-4881,,武田さん
1072,795,2013,株式会社エイ・エム・ディー,3900821,長野県松本市筑摩４－１３－２６,0263-27-4881,,武田さん
1073,796,2010,赤帽松本配送センター,3990033,長野県松本市笹賀７８６８,0263-27-1868,,望月さん
1074,797,2010,クレセント安曇野,3998201,長野県安曇野市豊科南穂高３００１－１,,,望月　重治
1074,797,2011,クレセント安曇野,3998201,長野県安曇野市豊科南穂高３００１－１,,,望月　重治
1074,797,2012,クレセント安曇野,3998201,長野県安曇野市豊科南穂高３００１－１,,,望月　重治
1074,797,2013,クレセント安曇野,3998201,長野県安曇野市豊科南穂高３００１－１,,,望月　重治
1074,797,2014,クレセント安曇野,3998201,長野県安曇野市豊科南穂高３００１－１,,,望月　重治
1076,798,2010,ハイカムール宮澤,3990033,長野県松本市笹賀７６９４,0263-25-6148,,宮沢　武男
1076,798,2011,ハイカムール宮澤,3990033,長野県松本市笹賀７６９４,0263-25-6148,,宮沢　武男
1076,798,2012,ハイカムール宮澤,3990033,長野県松本市笹賀７６９４,0263-25-6148,,宮沢　武男
1076,798,2013,ハイカムール宮澤,3990033,長野県松本市笹賀７６９４,0263-25-6148,,宮沢　武男
1076,798,2014,ハイカムール宮澤,3990033,長野県松本市笹賀７６９４,0263-25-6148,,宮沢　武男
1077,798,2010,プレジール宮沢,3990033,長野県松本市笹賀７７１０－４,0263-25-6148,,宮沢　武男
1077,798,2011,プレジール宮沢,3990033,長野県松本市笹賀７７１０－４,0263-25-6148,,宮沢　武男
1077,798,2012,プレジール宮沢,3990033,長野県松本市笹賀７７１０－４,0263-25-6148,,宮沢　武男
1077,798,2013,プレジール宮沢,3990033,長野県松本市笹賀７７１０－４,0263-25-6148,,宮沢　武男
1077,798,2014,プレジール宮沢,3990033,長野県松本市笹賀７７１０－４,0263-25-6148,,宮沢　武男
1078,799,2010,松本ナンバメゾン,3900804,松本市横田2丁目9-4,0263-77-3293,,難波卓世　　難波克子
1078,799,2011,松本ナンバメゾン,3900804,松本市横田2丁目9-4,0263-77-3293,,難波卓世　　難波克子
1078,799,2012,松本ナンバメゾン,3900804,松本市横田2丁目9-4,0263-77-3293,,難波卓世　　難波克子
1078,799,2013,松本ナンバメゾン,3900804,松本市横田2丁目9-4,0263-77-3293,,難波卓世　　難波克子
1078,799,2014,松本ナンバメゾン,3900804,松本市横田2丁目9-4,0263-77-3293,,難波卓世　　難波克子
1082,519,2010,金塚コーポ,3990702,長野県塩尻市広丘野村９３３－６,,,藤森　久雄
1082,519,2011,金塚コーポ,3990702,長野県塩尻市広丘野村９３３－６,,,藤森　久雄
1082,519,2012,金塚コーポ,3990702,長野県塩尻市広丘野村９３３－６,,,藤森　久雄
1082,519,2013,金塚コーポ,3990702,長野県塩尻市広丘野村９３３－６,,,藤森　久雄
1082,519,2014,金塚コーポ,3990702,長野県塩尻市広丘野村９３３－６,,,藤森　久雄
1083,343,2010,長野建物　　和同産業㈱,3810033,長野市南高田1773,026-267-0350,,
1083,343,2011,長野建物　　和同産業㈱,3810033,長野市南高田1773,026-267-0350,,
1083,343,2012,長野建物　　和同産業㈱,3810033,長野市南高田1773,026-267-0350,,
1083,343,2013,長野建物　　和同産業㈱,3810033,長野市南高田1773,026-267-0350,,
1083,343,2014,長野建物　　和同産業㈱,3810033,長野市南高田1773,026-267-0350,,
1084,343,2010,長野マーケットサービスセンター,3828585,須坂市井上字砂田1700-8,026-215-2190,,
1084,343,2011,長野マーケットサービスセンター,3828585,須坂市井上字砂田1700-8,026-215-2190,,
1084,343,2012,長野マーケットサービスセンター,3828585,須坂市井上字砂田1700-8,026-215-2190,,
1084,343,2013,長野マーケットサービスセンター,3828585,須坂市井上字砂田1700-8,026-215-2190,,
1084,343,2014,長野マーケットサービスセンター,3828585,須坂市井上字砂田1700-8,026-215-2190,,
1090,611,2010,株式会社ヒューブレイン信州松川事務所,3993302,長野県下伊那郡松川町生田８７７－２,,,
1090,611,2011,株式会社ヒューブレイン信州松川事務所,3993302,長野県下伊那郡松川町生田８７７－２,,,
1090,611,2012,株式会社ヒューブレイン信州松川事務所,3993302,長野県下伊那郡松川町生田８７７－２,,,
1090,611,2013,株式会社ヒューブレイン信州松川事務所,3993302,長野県下伊那郡松川町生田８７７－２,,,
1090,611,2014,株式会社ヒューブレイン信州松川事務所,3993302,長野県下伊那郡松川町生田８７７－２,,,
1092,317,2010,介護付有料老人ホーム　ケイエス島内,3900851,長野県松本市島内７２９－３,,,久保田部長
1092,317,2011,介護付有料老人ホーム　ケイエス島内,3900851,長野県松本市島内７２９－３,,,久保田部長
1092,317,2012,介護付有料老人ホーム　ケイエス島内,3900851,長野県松本市島内７２９－３,,,久保田部長
1092,317,2013,介護付有料老人ホーム　ケイエス島内,3900851,長野県松本市島内７２９－３,,,久保田部長
1092,317,2014,介護付有料老人ホーム　ケイエス島内,3900851,長野県松本市島内７２９－３,,,久保田部長
1093,802,2010,株式会社アリス,3990702,長野県塩尻市広丘野村１０６９－１０,0263-54-3510,,加藤支店長
1093,802,2011,株式会社アリス,3990702,長野県塩尻市広丘野村１０６９－１０,0263-54-3510,,加藤支店長
1093,802,2012,株式会社アリス,3990702,長野県塩尻市広丘野村１０６９－１０,0263-54-3510,,加藤支店長
1093,802,2013,株式会社アリス,3990702,長野県塩尻市広丘野村１０６９－１０,0263-54-3510,,加藤支店長
1093,802,2014,株式会社アリス,3990702,長野県塩尻市広丘野村１０６９－１０,0263-54-3510,,加藤支店長
1094,803,2010,株式会社滝澤工務店,3901131,長野県松本市今井７１５５－７４,0263-57-2196,0263-86-6123,滝澤部長（女性）
1094,803,2011,株式会社滝澤工務店,3901131,長野県松本市今井７１５５－７４,0263-57-2196,0263-86-6123,滝澤部長（女性）
1094,803,2012,株式会社滝澤工務店,3901131,長野県松本市今井７１５５－７４,0263-57-2196,0263-86-6123,滝澤部長（女性）
1094,803,2013,株式会社滝澤工務店,3901131,長野県松本市今井７１５５－７４,0263-57-2196,0263-86-6123,滝澤部長（女性）
1094,803,2014,株式会社滝澤工務店,3901131,長野県松本市今井７１５５－７４,0263-57-2196,0263-86-6123,滝澤部長（女性）
1095,804,2010,レインボータウンビル,3900811,長野県松本市中央１－８－１８,,,飯島　勇一郎
1095,804,2011,レインボータウンビル,3900811,長野県松本市中央１－８－１８,,,飯島　勇一郎
1095,804,2012,レインボータウンビル,3900811,長野県松本市中央１－８－１８,,,飯島　勇一郎
1095,804,2013,レインボータウンビル,3900811,長野県松本市中央１－８－１８,,,飯島　勇一郎
1095,804,2014,レインボータウンビル,3900811,長野県松本市中央１－８－１８,,,飯島　勇一郎
1096,805,2010,株式会社鳥羽洋行穂高保養所,3998301,長野県安曇野市穂高有明８７７,0263-86-3951,0263-86-3951,飯島　伸一
1096,805,2011,株式会社鳥羽洋行穂高保養所,3998301,長野県安曇野市穂高有明８７７,0263-86-3951,0263-86-3951,飯島　伸一
1096,805,2012,株式会社鳥羽洋行穂高保養所,3998301,長野県安曇野市穂高有明８７７,0263-86-3951,0263-86-3951,飯島　伸一
1096,805,2013,株式会社鳥羽洋行穂高保養所,3998301,長野県安曇野市穂高有明８７７,0263-86-3951,0263-86-3951,飯島　伸一
1096,805,2014,株式会社鳥羽洋行穂高保養所,3998301,長野県安曇野市穂高有明８７７,0263-86-3951,0263-86-3951,飯島　伸一
1098,10,2010,シティーハウス松本,3900811,長野県松本市中央２丁目,,,藤本さん（中部互光）
1098,10,2011,シティーハウス松本,3900811,長野県松本市中央２丁目,,,藤本さん（中部互光）
1098,10,2012,シティーハウス松本,3900811,長野県松本市中央２丁目,,,藤本さん（中部互光）
1098,10,2013,シティーハウス松本,3900811,長野県松本市中央２丁目,,,藤本さん（中部互光）
1098,10,2014,シティーハウス松本,3900811,長野県松本市中央２丁目,,,藤本さん（中部互光）
1099,807,2010,丸伝冷蔵株式会社　信州工場,3990702,塩尻市大字広丘野村角前工業団地,0263-54-0077,,神保　聡
1099,807,2011,丸伝冷蔵株式会社　信州工場,3990702,塩尻市大字広丘野村角前工業団地,0263-54-0077,,神保　聡
1099,807,2012,丸伝冷蔵株式会社　信州工場,3990702,塩尻市大字広丘野村角前工業団地,0263-54-0077,,神保　聡
1099,807,2013,丸伝冷蔵株式会社　信州工場,3990702,塩尻市大字広丘野村角前工業団地,0263-54-0077,,神保　聡
1099,807,2014,丸伝冷蔵株式会社　信州工場,3990702,塩尻市大字広丘野村角前工業団地,0263-54-0077,,神保　聡
1100,807,2010,フジパン株式会社松本営業所,3990702,塩尻市大字広丘野村角前工業団地,0263-54-3691,,神保　聡
1100,807,2011,フジパン株式会社松本営業所,3990702,塩尻市大字広丘野村角前工業団地,0263-54-3691,,神保　聡
1100,807,2012,フジパン株式会社松本営業所,3990702,塩尻市大字広丘野村角前工業団地,0263-54-3691,,神保　聡
1100,807,2013,フジパン株式会社松本営業所,3990702,塩尻市大字広丘野村角前工業団地,0263-54-3691,,神保　聡
1100,807,2014,フジパン株式会社松本営業所,3990702,塩尻市大字広丘野村角前工業団地,0263-54-3691,,神保　聡
1101,808,2010,穂高カントリー株式会社,3998305,安曇野市穂高牧2195,0263-83-2778,,甕　仁志
1101,808,2011,穂高カントリー株式会社,3998305,安曇野市穂高牧2195,0263-83-2778,,甕　仁志
1101,808,2012,穂高カントリー株式会社,3998305,安曇野市穂高牧2195,0263-83-2778,,甕　仁志
1101,808,2013,穂高カントリー株式会社,3998305,安曇野市穂高牧2195,0263-83-2778,,甕　仁志
1101,808,2014,穂高カントリー株式会社,3998305,安曇野市穂高牧2195,0263-83-2778,,甕　仁志
1102,809,2010,長野県波田学院,3901401,松本市波田4417,0263-92-2014,0263-92-2196,長澤　章江
1102,809,2011,長野県波田学院,3901401,松本市波田4417,0263-92-2014,0263-92-2196,長澤　章江
1102,809,2012,長野県波田学院,3901401,松本市波田4417,0263-92-2014,0263-92-2196,長澤　章江
1102,809,2013,長野県波田学院,3901401,松本市波田4417,0263-92-2014,0263-92-2196,長澤　章江
1102,809,2014,長野県波田学院,3901401,松本市波田4417,0263-92-2014,0263-92-2196,長澤　章江
1103,272,2010,特別養護老人ホーム　天龍荘,3991201,長野県下伊那郡天龍村平岡773-1,0260-32-3356,,
1103,272,2011,特別養護老人ホーム　天龍荘,3991201,長野県下伊那郡天龍村平岡773-1,0260-32-3356,,
1103,272,2012,特別養護老人ホーム　天龍荘,3991201,長野県下伊那郡天龍村平岡773-1,0260-32-3356,,
1103,272,2013,特別養護老人ホーム　天龍荘,3991201,長野県下伊那郡天龍村平岡773-1,0260-32-3356,,
1103,272,2014,特別養護老人ホーム　天龍荘,3991201,長野県下伊那郡天龍村平岡773-1,0260-32-3356,,
1106,272,2010,中央駐車場,3950041,飯田市中央通り１丁目,,,
1106,272,2011,中央駐車場,3950041,飯田市中央通り１丁目,,,
1106,272,2012,中央駐車場,3950041,飯田市中央通り１丁目,,,
1106,272,2013,中央駐車場,3950041,飯田市中央通り１丁目,,,
1106,272,2014,中央駐車場,3950041,飯田市中央通り１丁目,,,
1109,811,2010,ショートステイ花りん,3998601,北安曇郡池田町池田1620-1,0261-61-1655,,小山　みさと
1109,811,2011,ショートステイ花りん,3998601,北安曇郡池田町池田1620-1,0261-61-1655,,小山　みさと
1109,811,2012,ショートステイ花りん,3998601,北安曇郡池田町池田1620-1,0261-61-1655,,小山　みさと
1109,811,2013,ショートステイ花りん,3998601,北安曇郡池田町池田1620-1,0261-61-1655,,小山　みさと
1109,811,2014,ショートステイ花りん,3998601,北安曇郡池田町池田1620-1,0261-61-1655,,小山　みさと
1110,658,2010,塩尻総合文化センター,3990738,長野県塩尻市大門七番町,,,
1112,813,2010,コーポ穂高,,,,,
1112,813,2011,コーポ穂高,,,,,
1112,813,2012,コーポ穂高,,,,,
1112,813,2013,コーポ穂高,,,,,
1112,813,2014,コーポ穂高,,,,,
1114,814,2010,松本光明幼稚園,3900806,長野県松本市女鳥羽１－９－１,0263-33-7763,,北野さん
1114,814,2011,松本光明幼稚園,3900806,長野県松本市女鳥羽１－９－１,0263-33-7763,,北野さん
1114,814,2012,松本光明幼稚園,3900806,長野県松本市女鳥羽１－９－１,0263-33-7763,,北野さん
1114,814,2013,松本光明幼稚園,3900806,長野県松本市女鳥羽１－９－１,0263-33-7763,,北野さん
1114,814,2014,松本光明幼稚園,3900806,長野県松本市女鳥羽１－９－１,0263-33-7763,,北野さん
1116,816,2010,小料理　寿,3900863,長野県松本市白板１－２－６,0263-33-3009,,御子柴　清明
1116,816,2011,小料理　寿,3900863,長野県松本市白板１－２－６,0263-33-3009,,御子柴　清明
1116,816,2012,小料理　寿,3900863,長野県松本市白板１－２－６,0263-33-3009,,御子柴　清明
1116,816,2013,小料理　寿,3900863,長野県松本市白板１－２－６,0263-33-3009,,御子柴　清明
1116,816,2014,小料理　寿,3900863,長野県松本市白板１－２－６,0263-33-3009,,御子柴　清明
1117,817,2010,こうの内科循環器科,3998201,長野県安曇野市豊科南穂高２７１－１０,0263-71-5881,,河野先生
1117,817,2011,こうの内科循環器科,3998201,長野県安曇野市豊科南穂高２７１－１０,0263-71-5881,,河野先生
1117,817,2012,こうの内科循環器科,3998201,長野県安曇野市豊科南穂高２７１－１０,0263-71-5881,,河野先生
1117,817,2013,こうの内科循環器科,3998201,長野県安曇野市豊科南穂高２７１－１０,0263-71-5881,,河野先生
1117,817,2014,こうの内科循環器科,3998201,長野県安曇野市豊科南穂高２７１－１０,0263-71-5881,,河野先生
1118,550,2010,オートレスト木曽路,3996461,長野県塩尻市宗賀洗馬２４４６－１,0263-51-0111,,高木　慶治
1118,550,2011,オートレスト木曽路,3996461,長野県塩尻市宗賀洗馬２４４６－１,0263-51-0111,,高木　慶治
1118,550,2012,オートレスト木曽路,3996461,長野県塩尻市宗賀洗馬２４４６－１,0263-51-0111,,高木　慶治
1118,550,2013,オートレスト木曽路,3996461,長野県塩尻市宗賀洗馬２４４６－１,0263-51-0111,,高木　慶治
1118,550,2014,オートレスト木曽路,3996461,長野県塩尻市宗賀洗馬２４４６－１,0263-51-0111,,高木　慶治
1119,550,2010,弥次喜多,3996461,長野県塩尻市宗賀洗馬２４４６－１,0263-51-0111,,高木　慶治
1119,550,2011,弥次喜多,3996461,長野県塩尻市宗賀洗馬２４４６－１,0263-51-0111,,高木　慶治
1119,550,2012,弥次喜多,3996461,長野県塩尻市宗賀洗馬２４４６－１,0263-51-0111,,高木　慶治
1119,550,2013,弥次喜多,3996461,長野県塩尻市宗賀洗馬２４４６－１,0263-51-0111,,高木　慶治
1119,550,2014,弥次喜多,3996461,長野県塩尻市宗賀洗馬２４４６－１,0263-51-0111,,高木　慶治
1120,818,2010,マンションダック,,,,,
1120,818,2011,マンションダック,,,,,
1120,818,2012,マンションダック,,,,,
1120,818,2013,マンションダック,,,,,
1120,818,2014,マンションダック,,,,,
1121,819,2010,健明会やざき診療所,,安曇野市明科中川手4085,0263-62-2360,,矢崎吉純
1121,819,2011,健明会やざき診療所,,安曇野市明科中川手4085,0263-62-2360,,矢崎吉純
1121,819,2012,健明会やざき診療所,,安曇野市明科中川手4085,0263-62-2360,,矢崎吉純
1121,819,2013,健明会やざき診療所,,安曇野市明科中川手4085,0263-62-2360,,矢崎吉純
1121,819,2014,健明会やざき診療所,,安曇野市明科中川手4085,0263-62-2360,,矢崎吉純
1123,820,2010,株式会社和幸電機製作所,3990005,長野県松本市野溝木工１－２－４２,0263-25-3868,,後藤　博
1123,820,2011,株式会社和幸電機製作所,3990005,長野県松本市野溝木工１－２－４２,0263-25-3868,,後藤　博
1123,820,2012,株式会社和幸電機製作所,3990005,長野県松本市野溝木工１－２－４２,0263-25-3868,,後藤　博
1123,820,2013,株式会社和幸電機製作所,3990005,長野県松本市野溝木工１－２－４２,0263-25-3868,,後藤　博
1123,820,2014,株式会社和幸電機製作所,3990005,長野県松本市野溝木工１－２－４２,0263-25-3868,,後藤　博
1124,821,2010,田中スチール工業株式会社,3990033,長野県松本市笹賀５６５２－１０４,0263-25-9610,,田中　一也
1124,821,2011,田中スチール工業株式会社,3990033,長野県松本市笹賀５６５２－１０４,0263-25-9610,,田中　一也
1124,821,2012,田中スチール工業株式会社,3990033,長野県松本市笹賀５６５２－１０４,0263-25-9610,,田中　一也
1124,821,2013,田中スチール工業株式会社,3990033,長野県松本市笹賀５６５２－１０４,0263-25-9610,,田中　一也
1124,821,2014,田中スチール工業株式会社,3990033,長野県松本市笹賀５６５２－１０４,0263-25-9610,,田中　一也
1125,822,2010,穂高神社　社務所,3998303,長野県安曇野市穂高６０７９,0263-82-2003,,穂高　光雄
1125,822,2011,穂高神社　社務所,3998303,長野県安曇野市穂高６０７９,0263-82-2003,,穂高　光雄
1125,822,2012,穂高神社　社務所,3998303,長野県安曇野市穂高６０７９,0263-82-2003,,穂高　光雄
1125,822,2013,穂高神社　社務所,3998303,長野県安曇野市穂高６０７９,0263-82-2003,,穂高　光雄
1125,822,2014,穂高神社　社務所,3998303,長野県安曇野市穂高６０７９,0263-82-2003,,穂高　光雄
1126,822,2010,穂高神社　資料館,3998303,長野県安曇野市穂高６０７９,0263-82-2003,,穂高　光雄
1126,822,2011,穂高神社　資料館,3998303,長野県安曇野市穂高６０７９,0263-82-2003,,穂高　光雄
1126,822,2012,穂高神社　資料館,3998303,長野県安曇野市穂高６０７９,0263-82-2003,,穂高　光雄
1126,822,2013,穂高神社　資料館,3998303,長野県安曇野市穂高６０７９,0263-82-2003,,穂高　光雄
1126,822,2014,穂高神社　資料館,3998303,長野県安曇野市穂高６０７９,0263-82-2003,,穂高　光雄
1127,823,2010,お食事処あずさ,3990000,長野県松本市芳川村井８８３－８,0263-58-4572,,青柳　哲哉
1127,823,2011,お食事処あずさ,3990000,長野県松本市芳川村井８８３－８,0263-58-4572,,青柳　哲哉
1127,823,2012,お食事処あずさ,3990000,長野県松本市芳川村井８８３－８,0263-58-4572,,青柳　哲哉
1127,823,2013,お食事処あずさ,3990000,長野県松本市芳川村井８８３－８,0263-58-4572,,青柳　哲哉
1127,823,2014,お食事処あずさ,3990000,長野県松本市芳川村井８８３－８,0263-58-4572,,青柳　哲哉
1128,824,2010,有限会社山のたこ平,3998301,長野県安曇野市穂高有明８９６９,0263-83-2802,,辻谷　浩一
1128,824,2011,有限会社山のたこ平,3998301,長野県安曇野市穂高有明８９６９,0263-83-2802,,辻谷　浩一
1128,824,2012,有限会社山のたこ平,3998301,長野県安曇野市穂高有明８９６９,0263-83-2802,,辻谷　浩一
1128,824,2013,有限会社山のたこ平,3998301,長野県安曇野市穂高有明８９６９,0263-83-2802,,辻谷　浩一
1128,824,2014,有限会社山のたこ平,3998301,長野県安曇野市穂高有明８９６９,0263-83-2802,,辻谷　浩一
1129,825,2010,芽ぐみ野内科胃腸科クリニック,3901401,長野県東筑摩郡波田町９８８０－３,0263-91-1311,,上條　登
1129,825,2011,芽ぐみ野内科胃腸科クリニック,3901401,長野県東筑摩郡波田町９８８０－３,0263-91-1311,,上條　登
1129,825,2012,芽ぐみ野内科胃腸科クリニック,3901401,長野県東筑摩郡波田町９８８０－３,0263-91-1311,,上條　登
1129,825,2013,芽ぐみ野内科胃腸科クリニック,3901401,長野県東筑摩郡波田町９８８０－３,0263-91-1311,,上條　登
1129,825,2014,芽ぐみ野内科胃腸科クリニック,3901401,長野県東筑摩郡波田町９８８０－３,0263-91-1311,,上條　登
1131,827,2010,専念寺,3998204,長野県安曇野市豊科高家６００３,0263-72-4232,,後藤　智昭
1131,827,2011,専念寺,3998204,長野県安曇野市豊科高家６００３,0263-72-4232,,後藤　智昭
1131,827,2012,専念寺,3998204,長野県安曇野市豊科高家６００３,0263-72-4232,,後藤　智昭
1131,827,2013,専念寺,3998204,長野県安曇野市豊科高家６００３,0263-72-4232,,後藤　智昭
1131,827,2014,専念寺,3998204,長野県安曇野市豊科高家６００３,0263-72-4232,,後藤　智昭
1132,828,2010,大王わさび農場,3998303,安曇野市穂高1692,0263-82-8112,,山越　敬志
1132,828,2011,大王わさび農場,3998303,安曇野市穂高1692,0263-82-8112,,山越　敬志
1132,828,2012,大王わさび農場,3998303,安曇野市穂高1692,0263-82-8112,,山越　敬志
1132,828,2013,大王わさび農場,3998303,安曇野市穂高1692,0263-82-8112,,山越　敬志
1132,828,2014,大王わさび農場,3998303,安曇野市穂高1692,0263-82-8112,,山越　敬志
1133,10,2010,コンフォール高宮,3900836,松本市高宮北６-３,0263-27-8973,,理事長　遠藤　淑美
1133,10,2011,コンフォール高宮,3900836,松本市高宮北６-３,0263-27-8973,,理事長　遠藤　淑美
1133,10,2012,コンフォール高宮,3900836,松本市高宮北６-３,0263-27-8973,,理事長　遠藤　淑美
1133,10,2013,コンフォール高宮,3900836,松本市高宮北６-３,0263-27-8973,,理事長　遠藤　淑美
1133,10,2014,コンフォール高宮,3900836,松本市高宮北６-３,0263-27-8973,,理事長　遠藤　淑美
1134,829,2010,有限会社桜家,3900874,長野県松本市大手４－９－１,0263-33-2660,,澤田　宗雄
1134,829,2011,有限会社桜家,3900874,長野県松本市大手４－９－１,0263-33-2660,,澤田　宗雄
1134,829,2012,有限会社桜家,3900874,長野県松本市大手４－９－１,0263-33-2660,,澤田　宗雄
1134,829,2013,有限会社桜家,3900874,長野県松本市大手４－９－１,0263-33-2660,,澤田　宗雄
1134,829,2014,有限会社桜家,3900874,長野県松本市大手４－９－１,0263-33-2660,,澤田　宗雄
1135,830,2010,エバラ　第一テナントビル,3990006,松本市野溝西1丁目10-22,0263-25-5840,,江原　久
1135,830,2011,エバラ　第一テナントビル,3990006,松本市野溝西1丁目10-22,0263-25-5840,,江原　久
1135,830,2012,エバラ　第一テナントビル,3990006,松本市野溝西1丁目10-22,0263-25-5840,,江原　久
1135,830,2013,エバラ　第一テナントビル,3990006,松本市野溝西1丁目10-22,0263-25-5840,,江原　久
1135,830,2014,エバラ　第一テナントビル,3990006,松本市野溝西1丁目10-22,0263-25-5840,,江原　久
1136,831,2010,スプレンダービル,3990033,松本市笹賀7682-1,0263-25-2311,0263-25-0266,飯沼　文男
1136,831,2011,スプレンダービル,3990033,松本市笹賀7682-1,0263-25-2311,0263-25-0266,飯沼　文男
1136,831,2012,スプレンダービル,3990033,松本市笹賀7682-1,0263-25-2311,0263-25-0266,飯沼　文男
1136,831,2013,スプレンダービル,3990033,松本市笹賀7682-1,0263-25-2311,0263-25-0266,飯沼　文男
1136,831,2014,スプレンダービル,3990033,松本市笹賀7682-1,0263-25-2311,0263-25-0266,飯沼　文男
1138,833,2010,パシフィックエース株式会社,3901243,松本市神林字小坂道7107-46,0263-40-2666,0263-40-2444,鈴木　良彦
1138,833,2011,パシフィックエース株式会社,3901243,松本市神林字小坂道7107-46,0263-40-2666,0263-40-2444,鈴木　良彦
1138,833,2012,パシフィックエース株式会社,3901243,松本市神林字小坂道7107-46,0263-40-2666,0263-40-2444,鈴木　良彦
1138,833,2013,パシフィックエース株式会社,3901243,松本市神林字小坂道7107-46,0263-40-2666,0263-40-2444,鈴木　良彦
1138,833,2014,パシフィックエース株式会社,3901243,松本市神林字小坂道7107-46,0263-40-2666,0263-40-2444,鈴木　良彦
1140,835,2010,株式会社あづみアップル,3998201,安曇野市豊科南穂高5567番地5,0263-73-5532,,窪田　充
1140,835,2011,株式会社あづみアップル,3998201,安曇野市豊科南穂高5567番地5,0263-73-5532,,窪田　充
1140,835,2012,株式会社あづみアップル,3998201,安曇野市豊科南穂高5567番地5,0263-73-5532,,窪田　充
1140,835,2013,株式会社あづみアップル,3998201,安曇野市豊科南穂高5567番地5,0263-73-5532,,窪田　充
1140,835,2014,株式会社あづみアップル,3998201,安曇野市豊科南穂高5567番地5,0263-73-5532,,窪田　充
1141,836,2010,医療法人和合の里小川歯科クリニック,3990001,長野県松本市宮田２４－１,0263-27-6487,0263-27-6497,小川　浩樹
1141,836,2011,医療法人和合の里小川歯科クリニック,3990001,長野県松本市宮田２４－１,0263-27-6487,0263-27-6497,小川　浩樹
1141,836,2012,医療法人和合の里小川歯科クリニック,3990001,長野県松本市宮田２４－１,0263-27-6487,0263-27-6497,小川　浩樹
1141,836,2013,医療法人和合の里小川歯科クリニック,3990001,長野県松本市宮田２４－１,0263-27-6487,0263-27-6497,小川　浩樹
1141,836,2014,医療法人和合の里小川歯科クリニック,3990001,長野県松本市宮田２４－１,0263-27-6487,0263-27-6497,小川　浩樹
1143,727,2010,中町十字屋ビル（音楽社）,3900811,長野県松本市中央２－９－１２,0263-32-9888,,
1143,727,2011,中町十字屋ビル（音楽社）,3900811,長野県松本市中央２－９－１２,0263-32-9888,,
1143,727,2012,中町十字屋ビル（音楽社）,3900811,長野県松本市中央２－９－１２,0263-32-9888,,
1143,727,2013,中町十字屋ビル（音楽社）,3900811,長野県松本市中央２－９－１２,0263-32-9888,,
1143,727,2014,中町十字屋ビル（音楽社）,3900811,長野県松本市中央２－９－１２,0263-32-9888,,
1144,198,2010,松本広域消防局,3900841,松本市渚１丁目７番１２号,0263-25-0119,,
1144,198,2011,松本広域消防局,3900841,松本市渚１丁目７番１２号,0263-25-0119,,
1144,198,2012,松本広域消防局,3900841,松本市渚１丁目７番１２号,0263-25-0119,,
1144,198,2013,松本広域消防局,3900841,松本市渚１丁目７番１２号,0263-25-0119,,
1144,198,2014,松本広域消防局,3900841,松本市渚１丁目７番１２号,0263-25-0119,,
1145,198,2010,松本広域消防局　豊科消防署,3998205,安曇野市豊科大字豊科5705-6,0263-72-3145,,
1145,198,2011,松本広域消防局　豊科消防署,3998205,安曇野市豊科大字豊科5705-6,0263-72-3145,,
1145,198,2012,松本広域消防局　豊科消防署,3998205,安曇野市豊科大字豊科5705-6,0263-72-3145,,
1145,198,2013,松本広域消防局　豊科消防署,3998205,安曇野市豊科大字豊科5705-6,0263-72-3145,,
1145,198,2014,松本広域消防局　豊科消防署,3998205,安曇野市豊科大字豊科5705-6,0263-72-3145,,
1146,198,2010,松本広域消防局　広丘消防署,3990702,塩尻市広丘野村1722-1,0263-54-3010,,
1146,198,2011,松本広域消防局　広丘消防署,3990702,塩尻市広丘野村1722-1,0263-54-3010,,
1146,198,2012,松本広域消防局　広丘消防署,3990702,塩尻市広丘野村1722-1,0263-54-3010,,
1146,198,2013,松本広域消防局　広丘消防署,3990702,塩尻市広丘野村1722-1,0263-54-3010,,
1146,198,2014,松本広域消防局　広丘消防署,3990702,塩尻市広丘野村1722-1,0263-54-3010,,
1147,198,2010,松本広域消防局　塩尻消防署,3990703,塩尻市広丘高出字桔梗ヶ原1468-802,0263-54-0119,,
1147,198,2011,松本広域消防局　塩尻消防署,3990703,塩尻市広丘高出字桔梗ヶ原1468-802,0263-54-0119,,
1147,198,2012,松本広域消防局　塩尻消防署,3990703,塩尻市広丘高出字桔梗ヶ原1468-802,0263-54-0119,,
1147,198,2013,松本広域消防局　塩尻消防署,3990703,塩尻市広丘高出字桔梗ヶ原1468-802,0263-54-0119,,
1147,198,2014,松本広域消防局　塩尻消防署,3990703,塩尻市広丘高出字桔梗ヶ原1468-802,0263-54-0119,,
1148,198,2010,松本広域消防局　本郷消防署　山辺出張所,3900221,松本市里山辺1434-1,0263-35-8185,,
1148,198,2011,松本広域消防局　本郷消防署　山辺出張所,3900221,松本市里山辺1434-1,0263-35-8185,,
1148,198,2012,松本広域消防局　本郷消防署　山辺出張所,3900221,松本市里山辺1434-1,0263-35-8185,,
1148,198,2013,松本広域消防局　本郷消防署　山辺出張所,3900221,松本市里山辺1434-1,0263-35-8185,,
1148,198,2014,松本広域消防局　本郷消防署　山辺出張所,3900221,松本市里山辺1434-1,0263-35-8185,,
1149,198,2010,松本広域消防局　本郷消防署,3900303,松本市浅間温泉３丁目１６番１号,0263-46-2700,,
1149,198,2011,松本広域消防局　本郷消防署,3900303,松本市浅間温泉３丁目１６番１号,0263-46-2700,,
1149,198,2012,松本広域消防局　本郷消防署,3900303,松本市浅間温泉３丁目１６番１号,0263-46-2700,,
1149,198,2013,松本広域消防局　本郷消防署,3900303,松本市浅間温泉３丁目１６番１号,0263-46-2700,,
1149,198,2014,松本広域消防局　本郷消防署,3900303,松本市浅間温泉３丁目１６番１号,0263-46-2700,,
1150,198,2010,松本広域消防局　渚消防署,3900841,松本市渚１丁目７番１２号,0263-25-3988,,
1150,198,2011,松本広域消防局　渚消防署,3900841,松本市渚１丁目７番１２号,0263-25-3988,,
1150,198,2012,松本広域消防局　渚消防署,3900841,松本市渚１丁目７番１２号,0263-25-3988,,
1150,198,2013,松本広域消防局　渚消防署,3900841,松本市渚１丁目７番１２号,0263-25-3988,,
1150,198,2014,松本広域消防局　渚消防署,3900841,松本市渚１丁目７番１２号,0263-25-3988,,
1151,198,2010,松本広域消防局　芳川消防署　神林出張所,3901243,松本市神林5961-1,0263-86-0119,,
1151,198,2011,松本広域消防局　芳川消防署　神林出張所,3901243,松本市神林5961-1,0263-86-0119,,
1151,198,2012,松本広域消防局　芳川消防署　神林出張所,3901243,松本市神林5961-1,0263-86-0119,,
1151,198,2013,松本広域消防局　芳川消防署　神林出張所,3901243,松本市神林5961-1,0263-86-0119,,
1151,198,2014,松本広域消防局　芳川消防署　神林出張所,3901243,松本市神林5961-1,0263-86-0119,,
1152,198,2010,松本広域消防局　丸の内消防署　庄内出張所,3900827,松本市出川１丁目３番１号,0263-25-0669,,
1152,198,2011,松本広域消防局　丸の内消防署　庄内出張所,3900827,松本市出川１丁目３番１号,0263-25-0669,,
1152,198,2012,松本広域消防局　丸の内消防署　庄内出張所,3900827,松本市出川１丁目３番１号,0263-25-0669,,
1152,198,2013,松本広域消防局　丸の内消防署　庄内出張所,3900827,松本市出川１丁目３番１号,0263-25-0669,,
1152,198,2014,松本広域消防局　丸の内消防署　庄内出張所,3900827,松本市出川１丁目３番１号,0263-25-0669,,
1153,198,2010,松本広域消防局　丸の内消防署,3900875,松本市城西２丁目１番２３号,0263-35-2411,,
1153,198,2011,松本広域消防局　丸の内消防署,3900875,松本市城西２丁目１番２３号,0263-35-2411,,
1153,198,2012,松本広域消防局　丸の内消防署,3900875,松本市城西２丁目１番２３号,0263-35-2411,,
1153,198,2013,松本広域消防局　丸の内消防署,3900875,松本市城西２丁目１番２３号,0263-35-2411,,
1153,198,2014,松本広域消防局　丸の内消防署,3900875,松本市城西２丁目１番２３号,0263-35-2411,,
1154,198,2010,松本広域消防局　芳川消防署,3990032,松本市芳川村井町900-3,0263-58-4322,,
1154,198,2011,松本広域消防局　芳川消防署,3990032,松本市芳川村井町900-3,0263-58-4322,,
1154,198,2012,松本広域消防局　芳川消防署,3990032,松本市芳川村井町900-3,0263-58-4322,,
1154,198,2013,松本広域消防局　芳川消防署,3990032,松本市芳川村井町900-3,0263-58-4322,,
1154,198,2014,松本広域消防局　芳川消防署,3990032,松本市芳川村井町900-3,0263-58-4322,,
1155,837,2010,株式会社ちくま　村井第一ビル,3990032,松本市芳川村井町237-14,0263-58-6655,,市瀬専務
1155,837,2011,株式会社ちくま　村井第一ビル,3990032,松本市芳川村井町237-14,0263-58-6655,,市瀬専務
1155,837,2012,株式会社ちくま　村井第一ビル,3990032,松本市芳川村井町237-14,0263-58-6655,,市瀬専務
1155,837,2013,株式会社ちくま　村井第一ビル,3990032,松本市芳川村井町237-14,0263-58-6655,,市瀬専務
1155,837,2014,株式会社ちくま　村井第一ビル,3990032,松本市芳川村井町237-14,0263-58-6655,,市瀬専務
1156,837,2010,株式会社ちくま　村井第二ビル,3990032,松本市芳川村井町237-14,0263-58-6655,,市瀬専務
1156,837,2011,株式会社ちくま　村井第二ビル,3990032,松本市芳川村井町237-14,0263-58-6655,,市瀬専務
1156,837,2012,株式会社ちくま　村井第二ビル,3990032,松本市芳川村井町237-14,0263-58-6655,,市瀬専務
1156,837,2013,株式会社ちくま　村井第二ビル,3990032,松本市芳川村井町237-14,0263-58-6655,,市瀬専務
1156,837,2014,株式会社ちくま　村井第二ビル,3990032,松本市芳川村井町237-14,0263-58-6655,,市瀬専務
1158,838,2010,横山医院,3901301,東筑摩郡山形村字中原3916,0263-98-2884,,横山　健
1158,838,2011,横山医院,3901301,東筑摩郡山形村字中原3916,0263-98-2884,,横山　健
1158,838,2012,横山医院,3901301,東筑摩郡山形村字中原3916,0263-98-2884,,横山　健
1158,838,2013,横山医院,3901301,東筑摩郡山形村字中原3916,0263-98-2884,,横山　健
1158,838,2014,横山医院,3901301,東筑摩郡山形村字中原3916,0263-98-2884,,横山　健
1159,839,2010,温泉旅館　岳の屋,3901520,松本市安曇4306,0263-93-2643,,筒木　善一
1159,839,2011,温泉旅館　岳の屋,3901520,松本市安曇4306,0263-93-2643,,筒木　善一
1159,839,2012,温泉旅館　岳の屋,3901520,松本市安曇4306,0263-93-2643,,筒木　善一
1159,839,2013,温泉旅館　岳の屋,3901520,松本市安曇4306,0263-93-2643,,筒木　善一
1159,839,2014,温泉旅館　岳の屋,3901520,松本市安曇4306,0263-93-2643,,筒木　善一
1160,840,2010,株式会社シンワ,3990033,松本市笹賀5652-94,0263-25-3766,,中田　満男
1160,840,2011,株式会社シンワ,3990033,松本市笹賀5652-94,0263-25-3766,,中田　満男
1160,840,2012,株式会社シンワ,3990033,松本市笹賀5652-94,0263-25-3766,,中田　満男
1160,840,2013,株式会社シンワ,3990033,松本市笹賀5652-94,0263-25-3766,,中田　満男
1160,840,2014,株式会社シンワ,3990033,松本市笹賀5652-94,0263-25-3766,,中田　満男
1161,841,2010,塩ノ崎医院,3900825,松本市並柳1-4-8,0263-28-0880,,塩ノ崎　文博
1161,841,2011,塩ノ崎医院,3900825,松本市並柳1-4-8,0263-28-0880,,塩ノ崎　文博
1161,841,2012,塩ノ崎医院,3900825,松本市並柳1-4-8,0263-28-0880,,塩ノ崎　文博
1161,841,2013,塩ノ崎医院,3900825,松本市並柳1-4-8,0263-28-0880,,塩ノ崎　文博
1161,841,2014,塩ノ崎医院,3900825,松本市並柳1-4-8,0263-28-0880,,塩ノ崎　文博
1167,846,2010,株式会社タツミ亭,3900811,長野県松本市中央１－５－３,0263-32-0941,0263-33-8760,森一
1167,846,2011,株式会社タツミ亭,3900811,長野県松本市中央１－５－３,0263-32-0941,0263-33-8760,森一
1167,846,2012,株式会社タツミ亭,3900811,長野県松本市中央１－５－３,0263-32-0941,0263-33-8760,森一
1167,846,2013,株式会社タツミ亭,3900811,長野県松本市中央１－５－３,0263-32-0941,0263-33-8760,森一
1167,846,2014,株式会社タツミ亭,3900811,長野県松本市中央１－５－３,0263-32-0941,0263-33-8760,森一
1171,850,2010,ＣＳ社中部社松本サービスセンター,3990011,長野県松本市寿北７－３－１１,0263-58-0073,0263-58-5431,中平センター長
1171,850,2011,ＣＳ社中部社松本サービスセンター,3990011,長野県松本市寿北７－３－１１,0263-58-0073,0263-58-5431,中平センター長
1171,850,2012,ＣＳ社中部社松本サービスセンター,3990011,長野県松本市寿北７－３－１１,0263-58-0073,0263-58-5431,中平センター長
1171,850,2013,ＣＳ社中部社松本サービスセンター,3990011,長野県松本市寿北７－３－１１,0263-58-0073,0263-58-5431,中平センター長
1171,850,2014,ＣＳ社中部社松本サービスセンター,3990011,長野県松本市寿北７－３－１１,0263-58-0073,0263-58-5431,中平センター長
1174,612,2010,バックパッカーズホステル　ケイズハウス白馬アルプス,3999211,長野県北安曇郡白馬村神城２２２０１－３６,0261-75-4445,,轟さん（綜合警備）
1174,612,2011,バックパッカーズホステル　ケイズハウス白馬アルプス,3999211,長野県北安曇郡白馬村神城２２２０１－３６,0261-75-4445,,轟さん（綜合警備）
1174,612,2012,バックパッカーズホステル　ケイズハウス白馬アルプス,3999211,長野県北安曇郡白馬村神城２２２０１－３６,0261-75-4445,,轟さん（綜合警備）
1174,612,2013,バックパッカーズホステル　ケイズハウス白馬アルプス,3999211,長野県北安曇郡白馬村神城２２２０１－３６,0261-75-4445,,轟さん（綜合警備）
1174,612,2014,バックパッカーズホステル　ケイズハウス白馬アルプス,3999211,長野県北安曇郡白馬村神城２２２０１－３６,0261-75-4445,,轟さん（綜合警備）
1175,853,2010,浄土真宗　本願寺派　善福寺,3900815,松本市深志２丁目４－２７,0263-32-6060,,
1175,853,2011,浄土真宗　本願寺派　善福寺,3900815,松本市深志２丁目４－２７,0263-32-6060,,
1175,853,2012,浄土真宗　本願寺派　善福寺,3900815,松本市深志２丁目４－２７,0263-32-6060,,
1175,853,2013,浄土真宗　本願寺派　善福寺,3900815,松本市深志２丁目４－２７,0263-32-6060,,
1175,853,2014,浄土真宗　本願寺派　善福寺,3900815,松本市深志２丁目４－２７,0263-32-6060,,
1176,854,2010,晴風ビル,,,0263-32-5569,,高井
1176,854,2011,晴風ビル,,,0263-32-5569,,高井
1176,854,2012,晴風ビル,,,0263-32-5569,,高井
1176,854,2013,晴風ビル,,,0263-32-5569,,高井
1176,854,2014,晴風ビル,,,0263-32-5569,,高井
1177,855,2010,丸正醸造,3900826,長野県松本市出川町７－７,0263-26-1647,,林　利親
1177,855,2011,丸正醸造,3900826,長野県松本市出川町７－７,0263-26-1647,,林　利親
1177,855,2012,丸正醸造,3900826,長野県松本市出川町７－７,0263-26-1647,,林　利親
1177,855,2013,丸正醸造,3900826,長野県松本市出川町７－７,0263-26-1647,,林　利親
1177,855,2014,丸正醸造,3900826,長野県松本市出川町７－７,0263-26-1647,,林　利親
1178,856,2010,ロイヤルメゾン三浦,3900861,長野県松本市蟻ケ崎６－９－９,0263-33-4008,0263-33-4088,三浦　敏宏
1178,856,2011,ロイヤルメゾン三浦,3900861,長野県松本市蟻ケ崎６－９－９,0263-33-4008,0263-33-4088,三浦　敏宏
1178,856,2012,ロイヤルメゾン三浦,3900861,長野県松本市蟻ケ崎６－９－９,0263-33-4008,0263-33-4088,三浦　敏宏
1178,856,2013,ロイヤルメゾン三浦,3900861,長野県松本市蟻ケ崎６－９－９,0263-33-4008,0263-33-4088,三浦　敏宏
1178,856,2014,ロイヤルメゾン三浦,3900861,長野県松本市蟻ケ崎６－９－９,0263-33-4008,0263-33-4088,三浦　敏宏
1179,189,2010,アカギビル,3900814,長野県松本市本庄１丁目３番１２号,0263-34-0290,0263-34-0281,斉藤常務
1179,189,2011,アカギビル,3900814,長野県松本市本庄１丁目３番１２号,0263-34-0290,0263-34-0281,斉藤常務
1179,189,2012,アカギビル,3900814,長野県松本市本庄１丁目３番１２号,0263-34-0290,0263-34-0281,斉藤常務
1179,189,2013,アカギビル,3900814,長野県松本市本庄１丁目３番１２号,0263-34-0290,0263-34-0281,斉藤常務
1179,189,2014,アカギビル,3900814,長野県松本市本庄１丁目３番１２号,0263-34-0290,0263-34-0281,斉藤常務
1180,857,2010,松本スプリング株式会社,3901301,長野県東筑摩郡山形村８２０８－１,0263-97-1600,0263-97-1601,原田社長
1180,857,2011,松本スプリング株式会社,3901301,長野県東筑摩郡山形村８２０８－１,0263-97-1600,0263-97-1601,原田社長
1180,857,2012,松本スプリング株式会社,3901301,長野県東筑摩郡山形村８２０８－１,0263-97-1600,0263-97-1601,原田社長
1180,857,2013,松本スプリング株式会社,3901301,長野県東筑摩郡山形村８２０８－１,0263-97-1600,0263-97-1601,原田社長
1180,857,2014,松本スプリング株式会社,3901301,長野県東筑摩郡山形村８２０８－１,0263-97-1600,0263-97-1601,原田社長
1181,858,2010,ハイツ安曇野１,3998303,長野県安曇野市穂高７５８１－１,0263-82-8610,,竹内課長（武井組）
1181,858,2011,ハイツ安曇野１,3998303,長野県安曇野市穂高７５８１－１,0263-82-8610,,竹内課長（武井組）
1181,858,2012,ハイツ安曇野１,3998303,長野県安曇野市穂高７５８１－１,0263-82-8610,,竹内課長（武井組）
1181,858,2013,ハイツ安曇野１,3998303,長野県安曇野市穂高７５８１－１,0263-82-8610,,竹内課長（武井組）
1181,858,2014,ハイツ安曇野１,3998303,長野県安曇野市穂高７５８１－１,0263-82-8610,,竹内課長（武井組）
1182,858,2010,ハイツ安曇野２,3998303,長野県安曇野市穂高７５８１－１,0263-82-8610,,竹内課長（武井組）
1182,858,2011,ハイツ安曇野２,3998303,長野県安曇野市穂高７５８１－１,0263-82-8610,,竹内課長（武井組）
1182,858,2012,ハイツ安曇野２,3998303,長野県安曇野市穂高７５８１－１,0263-82-8610,,竹内課長（武井組）
1182,858,2013,ハイツ安曇野２,3998303,長野県安曇野市穂高７５８１－１,0263-82-8610,,竹内課長（武井組）
1182,858,2014,ハイツ安曇野２,3998303,長野県安曇野市穂高７５８１－１,0263-82-8610,,竹内課長（武井組）
1183,858,2010,ハイツ安曇野３,3998303,長野県安曇野市穂高5288-1,0263-82-8610,,竹内課長（武井組）
1183,858,2011,ハイツ安曇野３,3998303,長野県安曇野市穂高5288-1,0263-82-8610,,竹内課長（武井組）
1183,858,2012,ハイツ安曇野３,3998303,長野県安曇野市穂高5288-1,0263-82-8610,,竹内課長（武井組）
1183,858,2013,ハイツ安曇野３,3998303,長野県安曇野市穂高5288-1,0263-82-8610,,竹内課長（武井組）
1183,858,2014,ハイツ安曇野３,3998303,長野県安曇野市穂高5288-1,0263-82-8610,,竹内課長（武井組）
1184,858,2010,ハイツ安曇野５,3998303,長野県安曇野市穂高8669,0263-82-8610,,竹内課長（武井組）
1184,858,2011,ハイツ安曇野５,3998303,長野県安曇野市穂高8669,0263-82-8610,,竹内課長（武井組）
1184,858,2012,ハイツ安曇野５,3998303,長野県安曇野市穂高8669,0263-82-8610,,竹内課長（武井組）
1184,858,2013,ハイツ安曇野５,3998303,長野県安曇野市穂高8669,0263-82-8610,,竹内課長（武井組）
1184,858,2014,ハイツ安曇野５,3998303,長野県安曇野市穂高8669,0263-82-8610,,竹内課長（武井組）
1186,433,2010,ＥＸ　穂高店,,安曇野市穂高北穂高２２６２－２,,,
1186,433,2011,ＥＸ　穂高店,,安曇野市穂高北穂高２２６２－２,,,
1186,433,2012,ＥＸ　穂高店,,安曇野市穂高北穂高２２６２－２,,,
1186,433,2013,ＥＸ　穂高店,,安曇野市穂高北穂高２２６２－２,,,
1186,433,2014,ＥＸ　穂高店,,安曇野市穂高北穂高２２６２－２,,,
1187,859,2010,マイパレス深志（モスＡ２０２）,3900815,長野県松本市深志３－１０－２０,090-3143-9108,,東本　強
1187,859,2011,マイパレス深志（モスＡ２０２）,3900815,長野県松本市深志３－１０－２０,090-3143-9108,,東本　強
1187,859,2012,マイパレス深志（モスＡ２０２）,3900815,長野県松本市深志３－１０－２０,090-3143-9108,,東本　強
1187,859,2013,マイパレス深志（モスＡ２０２）,3900815,長野県松本市深志３－１０－２０,090-3143-9108,,東本　強
1187,859,2014,マイパレス深志（モスＡ２０２）,3900815,長野県松本市深志３－１０－２０,090-3143-9108,,東本　強
1189,861,2010,有限会社信興鍍金工業所,3990033,長野県松本市笹賀下二子５６５２－９２,0263-26-9675,,
1189,861,2011,有限会社信興鍍金工業所,3990033,長野県松本市笹賀下二子５６５２－９２,0263-26-9675,,
1189,861,2012,有限会社信興鍍金工業所,3990033,長野県松本市笹賀下二子５６５２－９２,0263-26-9675,,
1189,861,2013,有限会社信興鍍金工業所,3990033,長野県松本市笹賀下二子５６５２－９２,0263-26-9675,,
1189,861,2014,有限会社信興鍍金工業所,3990033,長野県松本市笹賀下二子５６５２－９２,0263-26-9675,,
1190,847,2010,山田ビル,3900814,長野県松本市本庄２丁目３番１２号,0263-25-0767,,百瀬さん
1190,847,2011,山田ビル,3900814,長野県松本市本庄２丁目３番１２号,0263-25-0767,,百瀬さん
1190,847,2012,山田ビル,3900814,長野県松本市本庄２丁目３番１２号,0263-25-0767,,百瀬さん
1190,847,2013,山田ビル,3900814,長野県松本市本庄２丁目３番１２号,0263-25-0767,,百瀬さん
1190,847,2014,山田ビル,3900814,長野県松本市本庄２丁目３番１２号,0263-25-0767,,百瀬さん
1191,862,2010,有限会社永井精機,3901301,長野県東筑摩郡山形村５２７８,0263-98-2566,,永井　博
1191,862,2011,有限会社永井精機,3901301,長野県東筑摩郡山形村５２７８,0263-98-2566,,永井　博
1191,862,2012,有限会社永井精機,3901301,長野県東筑摩郡山形村５２７８,0263-98-2566,,永井　博
1191,862,2013,有限会社永井精機,3901301,長野県東筑摩郡山形村５２７８,0263-98-2566,,永井　博
1191,862,2014,有限会社永井精機,3901301,長野県東筑摩郡山形村５２７８,0263-98-2566,,永井　博
1192,616,2010,丸中運送株式会社,3901401,長野県東筑摩郡波田町１００５３－１,0263-92-3141,,塚原　晴夫
1192,616,2011,丸中運送株式会社,3901401,長野県東筑摩郡波田町１００５３－１,0263-92-3141,,塚原　晴夫
1192,616,2012,丸中運送株式会社,3901401,長野県東筑摩郡波田町１００５３－１,0263-92-3141,,塚原　晴夫
1192,616,2013,丸中運送株式会社,3901401,長野県東筑摩郡波田町１００５３－１,0263-92-3141,,塚原　晴夫
1192,616,2014,丸中運送株式会社,3901401,長野県東筑摩郡波田町１００５３－１,0263-92-3141,,塚原　晴夫
1195,864,2010,ウエストサイドレジデンスｙａｍａｓｈｉｃｈｉ,3900821,長野県松本市筑摩３－２２－７,,,早川事務長（つかまの里）
1195,864,2011,ウエストサイドレジデンスｙａｍａｓｈｉｃｈｉ,3900821,長野県松本市筑摩３－２２－７,,,早川事務長（つかまの里）
1195,864,2012,ウエストサイドレジデンスｙａｍａｓｈｉｃｈｉ,3900821,長野県松本市筑摩３－２２－７,,,早川事務長（つかまの里）
1195,864,2013,ウエストサイドレジデンスｙａｍａｓｈｉｃｈｉ,3900821,長野県松本市筑摩３－２２－７,,,早川事務長（つかまの里）
1195,864,2014,ウエストサイドレジデンスｙａｍａｓｈｉｃｈｉ,3900821,長野県松本市筑摩３－２２－７,,,早川事務長（つかまの里）
1196,865,2010,クリエ並柳,3900825,長野県松本市並柳３－２２－２０,,,廣瀬　悦子
1196,865,2011,クリエ並柳,3900825,長野県松本市並柳３－２２－２０,,,廣瀬　悦子
1196,865,2012,クリエ並柳,3900825,長野県松本市並柳３－２２－２０,,,廣瀬　悦子
1196,865,2013,クリエ並柳,3900825,長野県松本市並柳３－２２－２０,,,廣瀬　悦子
1196,865,2014,クリエ並柳,3900825,長野県松本市並柳３－２２－２０,,,廣瀬　悦子
1197,866,2010,有限会社折協市場店,3990004,松本市市場7-1,0263-26-1014,,
1197,866,2011,有限会社折協市場店,3990004,松本市市場7-1,0263-26-1014,,
1197,866,2012,有限会社折協市場店,3990004,松本市市場7-1,0263-26-1014,,
1197,866,2013,有限会社折協市場店,3990004,松本市市場7-1,0263-26-1014,,
1197,866,2014,有限会社折協市場店,3990004,松本市市場7-1,0263-26-1014,,
1198,537,2010,東和レジデンス２２,3998303,長野県安曇野市穂高５７６０－１,0261-22-2199,,河内社長
1198,537,2013,東和レジデンス２２,3998303,長野県安曇野市穂高５７６０－１,0261-22-2199,,河内社長
1199,537,2010,東和レジデンス２１,3998303,長野県安曇野市穂高５６９６－１,,,河内社長
1199,537,2013,東和レジデンス２１,3998303,長野県安曇野市穂高５６９６－１,,,河内社長
1200,178,2010,やすら木の家とくま,3810041,長野県長野市徳間中南５５５－２,026-256-6133,026-263-1138,
1200,178,2011,やすら木の家とくま,3810041,長野県長野市徳間中南５５５－２,026-256-6133,026-263-1138,
1200,178,2012,やすら木の家とくま,3810041,長野県長野市徳間中南５５５－２,026-256-6133,026-263-1138,
1200,178,2013,やすら木の家とくま,3810041,長野県長野市徳間中南５５５－２,026-256-6133,026-263-1138,
1200,178,2014,やすら木の家とくま,3810041,長野県長野市徳間中南５５５－２,026-256-6133,026-263-1138,
1202,34,2010,森のこかげ,3998302,長野県安曇野市穂高北穂高２５７９－３４,0263-34-4440,,杉江　一彦
1202,34,2011,森のこかげ,3998302,長野県安曇野市穂高北穂高２５７９－３４,0263-34-4440,,杉江　一彦
1202,34,2012,森のこかげ,3998302,長野県安曇野市穂高北穂高２５７９－３４,0263-34-4440,,杉江　一彦
1202,34,2013,森のこかげ,3998302,長野県安曇野市穂高北穂高２５７９－３４,0263-34-4440,,杉江　一彦
1202,34,2014,森のこかげ,3998302,長野県安曇野市穂高北穂高２５７９－３４,0263-34-4440,,杉江　一彦
1203,34,2010,虹のふもと,3998102,長野県安曇野市三郷温６３２７－２,0263-34-4440,,杉江　一彦
1203,34,2011,虹のふもと,3998102,長野県安曇野市三郷温６３２７－２,0263-34-4440,,杉江　一彦
1203,34,2012,虹のふもと,3998102,長野県安曇野市三郷温６３２７－２,0263-34-4440,,杉江　一彦
1203,34,2013,虹のふもと,3998102,長野県安曇野市三郷温６３２７－２,0263-34-4440,,杉江　一彦
1203,34,2014,虹のふもと,3998102,長野県安曇野市三郷温６３２７－２,0263-34-4440,,杉江　一彦
1204,34,2010,ひだまりの樹,3998101,長野県安曇野市三郷明盛４１１６－４,0263-34-4440,,杉江　一彦
1204,34,2011,ひだまりの樹,3998101,長野県安曇野市三郷明盛４１１６－４,0263-34-4440,,杉江　一彦
1204,34,2012,ひだまりの樹,3998101,長野県安曇野市三郷明盛４１１６－４,0263-34-4440,,杉江　一彦
1204,34,2013,ひだまりの樹,3998101,長野県安曇野市三郷明盛４１１６－４,0263-34-4440,,杉江　一彦
1204,34,2014,ひだまりの樹,3998101,長野県安曇野市三郷明盛４１１６－４,0263-34-4440,,杉江　一彦
1205,34,2010,りんごの樹,3998102,長野県安曇野市三郷温４６１３－１,0263-34-4440,,杉江　一彦
1205,34,2011,りんごの樹,3998102,長野県安曇野市三郷温４６１３－１,0263-34-4440,,杉江　一彦
1205,34,2012,りんごの樹,3998102,長野県安曇野市三郷温４６１３－１,0263-34-4440,,杉江　一彦
1205,34,2013,りんごの樹,3998102,長野県安曇野市三郷温４６１３－１,0263-34-4440,,杉江　一彦
1205,34,2014,りんごの樹,3998102,長野県安曇野市三郷温４６１３－１,0263-34-4440,,杉江　一彦
1206,868,2010,田中製氷冷凍株式会社臨空冷凍物流倉庫,3901243,長野県松本市神林小坂道７１０７－４３,0263-40-3533,0263-40-4577,田中社長
1206,868,2011,田中製氷冷凍株式会社臨空冷凍物流倉庫,3901243,長野県松本市神林小坂道７１０７－４３,0263-40-3533,0263-40-4577,田中社長
1206,868,2012,田中製氷冷凍株式会社臨空冷凍物流倉庫,3901243,長野県松本市神林小坂道７１０７－４３,0263-40-3533,0263-40-4577,田中社長
1206,868,2013,田中製氷冷凍株式会社臨空冷凍物流倉庫,3901243,長野県松本市神林小坂道７１０７－４３,0263-40-3533,0263-40-4577,田中社長
1206,868,2014,田中製氷冷凍株式会社臨空冷凍物流倉庫,3901243,長野県松本市神林小坂道７１０７－４３,0263-40-3533,0263-40-4577,田中社長
1208,870,2010,富士電機健康保険組合　小梨ヒュッテ,3900222,長野県松本市入山辺字山辺山北側８９６１－１５９８,0263-31-2026,,入村さん
1208,870,2011,富士電機健康保険組合　小梨ヒュッテ,3900222,長野県松本市入山辺字山辺山北側８９６１－１５９８,0263-31-2026,,入村さん
1208,870,2012,富士電機健康保険組合　小梨ヒュッテ,3900222,長野県松本市入山辺字山辺山北側８９６１－１５９８,0263-31-2026,,入村さん
1208,870,2013,富士電機健康保険組合　小梨ヒュッテ,3900222,長野県松本市入山辺字山辺山北側８９６１－１５９８,0263-31-2026,,入村さん
1208,870,2014,富士電機健康保険組合　小梨ヒュッテ,3900222,長野県松本市入山辺字山辺山北側８９６１－１５９８,0263-31-2026,,入村さん
1209,871,2010,(有)設備工業（タンポポハウス）,3998602,長野県北安曇郡池田町会染７８４５－７,0261-62-5129,0261-62-7851,五十嵐社長
1209,871,2011,(有)設備工業（タンポポハウス）,3998602,長野県北安曇郡池田町会染７８４５－７,0261-62-5129,0261-62-7851,五十嵐社長
1209,871,2012,(有)設備工業（タンポポハウス）,3998602,長野県北安曇郡池田町会染７８４５－７,0261-62-5129,0261-62-7851,五十嵐社長
1209,871,2013,(有)設備工業（タンポポハウス）,3998602,長野県北安曇郡池田町会染７８４５－７,0261-62-5129,0261-62-7851,五十嵐社長
1209,871,2014,(有)設備工業（タンポポハウス）,3998602,長野県北安曇郡池田町会染７８４５－７,0261-62-5129,0261-62-7851,五十嵐社長
1210,872,2010,麻績村商工会館,3997701,東筑摩郡麻績村麻3835-7,0263-67-2146,,
1210,872,2011,麻績村商工会館,3997701,東筑摩郡麻績村麻3835-7,0263-67-2146,,
1210,872,2012,麻績村商工会館,3997701,東筑摩郡麻績村麻3835-7,0263-67-2146,,
1210,872,2013,麻績村商工会館,3997701,東筑摩郡麻績村麻3835-7,0263-67-2146,,
1210,872,2014,麻績村商工会館,3997701,東筑摩郡麻績村麻3835-7,0263-67-2146,,
1211,873,2010,聖高原リゾート株式会社　加工施設,3997702,東筑摩郡麻績村日3427-4,0263-67-3999,,
1211,873,2011,聖高原リゾート株式会社　加工施設,3997702,東筑摩郡麻績村日3427-4,0263-67-3999,,
1211,873,2012,聖高原リゾート株式会社　加工施設,3997702,東筑摩郡麻績村日3427-4,0263-67-3999,,
1211,873,2013,聖高原リゾート株式会社　加工施設,3997702,東筑摩郡麻績村日3427-4,0263-67-3999,,
1211,873,2014,聖高原リゾート株式会社　加工施設,3997702,東筑摩郡麻績村日3427-4,0263-67-3999,,
1212,874,2011,ベクベーム,3900305,松本市惣社42-1,0263-35-5576,,大村　育子
1212,874,2013,ベクベーム,3900305,松本市惣社42-1,0263-35-5576,,大村　育子
1213,875,2010,萬年山　金松寺,3901702,松本市梓川梓3457-1,0263-78-2044,,東　正明
1213,875,2011,萬年山　金松寺,3901702,松本市梓川梓3457-1,0263-78-2044,,東　正明
1213,875,2012,萬年山　金松寺,3901702,松本市梓川梓3457-1,0263-78-2044,,東　正明
1213,875,2013,萬年山　金松寺,3901702,松本市梓川梓3457-1,0263-78-2044,,東　正明
1213,875,2014,萬年山　金松寺,3901702,松本市梓川梓3457-1,0263-78-2044,,東　正明
1214,378,2010,フォーブル並柳,3900825,長野県松本市並柳６－５－４,,,金澤さん
1214,378,2011,フォーブル並柳,3900825,長野県松本市並柳６－５－４,,,金澤さん
1214,378,2012,フォーブル並柳,3900825,長野県松本市並柳６－５－４,,,金澤さん
1214,378,2013,フォーブル並柳,3900825,長野県松本市並柳６－５－４,,,金澤さん
1214,378,2014,フォーブル並柳,3900825,長野県松本市並柳６－５－４,,,金澤さん
1216,877,2010,とりあえず吾平松本村井店,3990032,長野県松本市芳川村井町1150-1,0263-85-4551,0263-85-4552,高山　浩邦
1216,877,2011,とりあえず吾平松本村井店,3990032,長野県松本市芳川村井町1150-1,0263-85-4551,0263-85-4552,高山　浩邦
1216,877,2012,とりあえず吾平松本村井店,3990032,長野県松本市芳川村井町1150-1,0263-85-4551,0263-85-4552,高山　浩邦
1216,877,2013,とりあえず吾平松本村井店,3990032,長野県松本市芳川村井町1150-1,0263-85-4551,0263-85-4552,高山　浩邦
1216,877,2014,とりあえず吾平松本村井店,3990032,長野県松本市芳川村井町1150-1,0263-85-4551,0263-85-4552,高山　浩邦
1218,878,2010,惣社　小林歯科医院,3900305,長野県松本市惣社５１９,0263-36-5029,,小林　健利
1218,878,2011,惣社　小林歯科医院,3900305,長野県松本市惣社５１９,0263-36-5029,,小林　健利
1218,878,2012,惣社　小林歯科医院,3900305,長野県松本市惣社５１９,0263-36-5029,,小林　健利
1218,878,2013,惣社　小林歯科医院,3900305,長野県松本市惣社５１９,0263-36-5029,,小林　健利
1218,878,2014,惣社　小林歯科医院,3900305,長野県松本市惣社５１９,0263-36-5029,,小林　健利
1220,880,2010,有限会社新生堂,3901701,長野県安曇野市梓川倭４６６－３,0263-78-7122,,加納　里江
1220,880,2011,有限会社新生堂,3901701,長野県安曇野市梓川倭４６６－３,0263-78-7122,,加納　里江
1220,880,2012,有限会社新生堂,3901701,長野県安曇野市梓川倭４６６－３,0263-78-7122,,加納　里江
1220,880,2013,有限会社新生堂,3901701,長野県安曇野市梓川倭４６６－３,0263-78-7122,,加納　里江
1220,880,2014,有限会社新生堂,3901701,長野県安曇野市梓川倭４６６－３,0263-78-7122,,加納　里江
1221,881,2010,ゆたかや旅館,3900221,長野県松本市里山辺２７２,0263-32-4107,,小林　喜彦
1221,881,2011,ゆたかや旅館,3900221,長野県松本市里山辺２７２,0263-32-4107,,小林　喜彦
1221,881,2012,ゆたかや旅館,3900221,長野県松本市里山辺２７２,0263-32-4107,,小林　喜彦
1221,881,2013,ゆたかや旅館,3900221,長野県松本市里山辺２７２,0263-32-4107,,小林　喜彦
1221,881,2014,ゆたかや旅館,3900221,長野県松本市里山辺２７２,0263-32-4107,,小林　喜彦
1222,882,2010,株式会社穂高観光食品,3998102,長野県安曇野市三郷温２８２４,0263-77-2192,,武居　一夫
1222,882,2011,株式会社穂高観光食品,3998102,長野県安曇野市三郷温２８２４,0263-77-2192,,武居　一夫
1222,882,2012,株式会社穂高観光食品,3998102,長野県安曇野市三郷温２８２４,0263-77-2192,,武居　一夫
1222,882,2013,株式会社穂高観光食品,3998102,長野県安曇野市三郷温２８２４,0263-77-2192,,武居　一夫
1222,882,2014,株式会社穂高観光食品,3998102,長野県安曇野市三郷温２８２４,0263-77-2192,,武居　一夫
1223,883,2010,マルイチ・ロジスティクス・サービス株式会社,3990033,長野県松本市笹賀７６００－２７,0263-86-6101,,福田さん
1223,883,2011,マルイチ・ロジスティクス・サービス株式会社,3990033,長野県松本市笹賀７６００－２７,0263-86-6101,,福田さん
1223,883,2012,マルイチ・ロジスティクス・サービス株式会社,3990033,長野県松本市笹賀７６００－２７,0263-86-6101,,福田さん
1223,883,2013,マルイチ・ロジスティクス・サービス株式会社,3990033,長野県松本市笹賀７６００－２７,0263-86-6101,,福田さん
1223,883,2014,マルイチ・ロジスティクス・サービス株式会社,3990033,長野県松本市笹賀７６００－２７,0263-86-6101,,福田さん
1224,884,2010,株式会社本久　松本支店,3990033,長野県松本市笹賀７６００－５９,0263-57-3151,,高橋　昭彦
1224,884,2011,株式会社本久　松本支店,3990033,長野県松本市笹賀７６００－５９,0263-57-3151,,高橋　昭彦
1224,884,2012,株式会社本久　松本支店,3990033,長野県松本市笹賀７６００－５９,0263-57-3151,,高橋　昭彦
1224,884,2013,株式会社本久　松本支店,3990033,長野県松本市笹賀７６００－５９,0263-57-3151,,高橋　昭彦
1224,884,2014,株式会社本久　松本支店,3990033,長野県松本市笹賀７６００－５９,0263-57-3151,,高橋　昭彦
1226,886,2010,株式会社ピボット,3900313,長野県松本市岡田下岡田８７－３,0263-46-5901,,内川　誠一
1226,886,2011,株式会社ピボット,3900313,長野県松本市岡田下岡田８７－３,0263-46-5901,,内川　誠一
1226,886,2012,株式会社ピボット,3900313,長野県松本市岡田下岡田８７－３,0263-46-5901,,内川　誠一
1226,886,2013,株式会社ピボット,3900313,長野県松本市岡田下岡田８７－３,0263-46-5901,,内川　誠一
1226,886,2014,株式会社ピボット,3900313,長野県松本市岡田下岡田８７－３,0263-46-5901,,内川　誠一
1227,887,2010,中華料理あげみ,3998501,長野県北安曇郡松川村１４９１－６,0261-62-3585,,福島　照光
1227,887,2011,中華料理あげみ,3998501,長野県北安曇郡松川村１４９１－６,0261-62-3585,,福島　照光
1227,887,2012,中華料理あげみ,3998501,長野県北安曇郡松川村１４９１－６,0261-62-3585,,福島　照光
1227,887,2013,中華料理あげみ,3998501,長野県北安曇郡松川村１４９１－６,0261-62-3585,,福島　照光
1227,887,2014,中華料理あげみ,3998501,長野県北安曇郡松川村１４９１－６,0261-62-3585,,福島　照光
1228,888,2010,株式会社アルタス,3998211,安曇野市堀金烏川717-1,0263-73-5000,,田中　修一
1228,888,2011,株式会社アルタス,3998211,安曇野市堀金烏川717-1,0263-73-5000,,田中　修一
1228,888,2012,株式会社アルタス,3998211,安曇野市堀金烏川717-1,0263-73-5000,,田中　修一
1228,888,2013,株式会社アルタス,3998211,安曇野市堀金烏川717-1,0263-73-5000,,田中　修一
1228,888,2014,株式会社アルタス,3998211,安曇野市堀金烏川717-1,0263-73-5000,,田中　修一
1229,10,2010,Ｅｘｃｅｌマンション九里巾,3990702,長野県塩尻市広丘野村,,,
1229,10,2011,Ｅｘｃｅｌマンション九里巾,3990702,長野県塩尻市広丘野村,,,
1229,10,2012,Ｅｘｃｅｌマンション九里巾,3990702,長野県塩尻市広丘野村,,,
1229,10,2013,Ｅｘｃｅｌマンション九里巾,3990702,長野県塩尻市広丘野村,,,
1229,10,2014,Ｅｘｃｅｌマンション九里巾,3990702,長野県塩尻市広丘野村,,,
1230,890,2010,株式会社カーローリエ,3998205,安曇野市豊科875-5,0263-72-8080,,恩田　勲
1230,890,2011,株式会社カーローリエ,3998205,安曇野市豊科875-5,0263-72-8080,,恩田　勲
1230,890,2012,株式会社カーローリエ,3998205,安曇野市豊科875-5,0263-72-8080,,恩田　勲
1230,890,2013,株式会社カーローリエ,3998205,安曇野市豊科875-5,0263-72-8080,,恩田　勲
1230,890,2014,株式会社カーローリエ,3998205,安曇野市豊科875-5,0263-72-8080,,恩田　勲
1231,891,2010,サンリン株式会社　松本支店,3900874,松本市大手1-7-12,0263-35-3030,,犬飼　明
1231,891,2011,サンリン株式会社　松本支店,3900874,松本市大手1-7-12,0263-35-3030,,犬飼　明
1231,891,2012,サンリン株式会社　松本支店,3900874,松本市大手1-7-12,0263-35-3030,,犬飼　明
1231,891,2013,サンリン株式会社　松本支店,3900874,松本市大手1-7-12,0263-35-3030,,犬飼　明
1231,891,2014,サンリン株式会社　松本支店,3900874,松本市大手1-7-12,0263-35-3030,,犬飼　明
1232,892,2010,株式会社田中機器製作所,3900851,松本市島内5543,0263-47-2211,,
1232,892,2011,株式会社田中機器製作所,3900851,松本市島内5543,0263-47-2211,,
1232,892,2012,株式会社田中機器製作所,3900851,松本市島内5543,0263-47-2211,,
1232,892,2013,株式会社田中機器製作所,3900851,松本市島内5543,0263-47-2211,,
1232,892,2014,株式会社田中機器製作所,3900851,松本市島内5543,0263-47-2211,,
1233,892,2010,株式会社田中機器製作所　大久保工場,3990033,松本市笹賀5652-45,,,上條　雅孝
1233,892,2011,株式会社田中機器製作所　大久保工場,3990033,松本市笹賀5652-45,,,上條　雅孝
1233,892,2012,株式会社田中機器製作所　大久保工場,3990033,松本市笹賀5652-45,,,上條　雅孝
1233,892,2013,株式会社田中機器製作所　大久保工場,3990033,松本市笹賀5652-45,,,上條　雅孝
1233,892,2014,株式会社田中機器製作所　大久保工場,3990033,松本市笹賀5652-45,,,上條　雅孝
1234,893,2010,株式会社長野フジカラー,3990001,松本市宮田5-13,0263-24-0417,,丸山　健治
1234,893,2011,株式会社長野フジカラー,3990001,松本市宮田5-13,0263-24-0417,,丸山　健治
1234,893,2012,株式会社長野フジカラー,3990001,松本市宮田5-13,0263-24-0417,,丸山　健治
1234,893,2013,株式会社長野フジカラー,3990001,松本市宮田5-13,0263-24-0417,,丸山　健治
1234,893,2014,株式会社長野フジカラー,3990001,松本市宮田5-13,0263-24-0417,,丸山　健治
1235,894,2010,株式会社中央製作所　サンカレッジ　まつもと,3990033,松本市笹賀５６５２－２４,0263-28-7799,,走川　朋子
1235,894,2011,株式会社中央製作所　サンカレッジ　まつもと,3990033,松本市笹賀５６５２－２４,0263-28-7799,,走川　朋子
1235,894,2012,株式会社中央製作所　サンカレッジ　まつもと,3990033,松本市笹賀５６５２－２４,0263-28-7799,,走川　朋子
1235,894,2013,株式会社中央製作所　サンカレッジ　まつもと,3990033,松本市笹賀５６５２－２４,0263-28-7799,,走川　朋子
1235,894,2014,株式会社中央製作所　サンカレッジ　まつもと,3990033,松本市笹賀５６５２－２４,0263-28-7799,,走川　朋子
1236,727,2010,中房温泉旅館,3998306,安曇野市穂高有明7226,0263-77-1488,,百瀬　孝仁
1236,727,2011,中房温泉旅館,3998306,安曇野市穂高有明7226,0263-77-1488,,百瀬　孝仁
1236,727,2012,中房温泉旅館,3998306,安曇野市穂高有明7226,0263-77-1488,,百瀬　孝仁
1236,727,2013,中房温泉旅館,3998306,安曇野市穂高有明7226,0263-77-1488,,百瀬　孝仁
1236,727,2014,中房温泉旅館,3998306,安曇野市穂高有明7226,0263-77-1488,,百瀬　孝仁
1237,895,2010,ラ・セゾン,3900804,長野県松本市横田2-3-1,0263-33-2075,,吉原　儀正
1237,895,2011,ラ・セゾン,3900804,長野県松本市横田2-3-1,0263-33-2075,,吉原　儀正
1237,895,2012,ラ・セゾン,3900804,長野県松本市横田2-3-1,0263-33-2075,,吉原　儀正
1237,895,2013,ラ・セゾン,3900804,長野県松本市横田2-3-1,0263-33-2075,,吉原　儀正
1237,895,2014,ラ・セゾン,3900804,長野県松本市横田2-3-1,0263-33-2075,,吉原　儀正
1238,896,2010,宗教法人　雲竜寺,3997102,安曇野市明科中川手2642,0263-62-2211,,溝口　英彦
1238,896,2011,宗教法人　雲竜寺,3997102,安曇野市明科中川手2642,0263-62-2211,,溝口　英彦
1238,896,2012,宗教法人　雲竜寺,3997102,安曇野市明科中川手2642,0263-62-2211,,溝口　英彦
1238,896,2013,宗教法人　雲竜寺,3997102,安曇野市明科中川手2642,0263-62-2211,,溝口　英彦
1238,896,2014,宗教法人　雲竜寺,3997102,安曇野市明科中川手2642,0263-62-2211,,溝口　英彦
1239,897,2010,ホテルプラザ,3900811,長野県松本市中央1丁目22-17,0263-33-2424,,
1239,897,2011,ホテルプラザ,3900811,長野県松本市中央1丁目22-17,0263-33-2424,,
1239,897,2012,ホテルプラザ,3900811,長野県松本市中央1丁目22-17,0263-33-2424,,
1239,897,2013,ホテルプラザ,3900811,長野県松本市中央1丁目22-17,0263-33-2424,,
1239,897,2014,ホテルプラザ,3900811,長野県松本市中央1丁目22-17,0263-33-2424,,
1244,900,2011,シンフォニー,3900803,長野県松本市元町３－５－３３,0263-35-5576,,大村　亨男
1244,900,2013,シンフォニー,3900803,長野県松本市元町３－５－３３,0263-35-5576,,大村　亨男
1245,611,2010,平沼歯科医院,3900806,長野県松本市女鳥羽２－１－３,0263-34-3111,,竹内さん（セコムテクノ）
1245,611,2011,平沼歯科医院,3900806,長野県松本市女鳥羽２－１－３,0263-34-3111,,竹内さん（セコムテクノ）
1245,611,2012,平沼歯科医院,3900806,長野県松本市女鳥羽２－１－３,0263-34-3111,,竹内さん（セコムテクノ）
1245,611,2013,平沼歯科医院,3900806,長野県松本市女鳥羽２－１－３,0263-34-3111,,竹内さん（セコムテクノ）
1245,611,2014,平沼歯科医院,3900806,長野県松本市女鳥羽２－１－３,0263-34-3111,,竹内さん（セコムテクノ）
1248,516,2010,ポルシェセンター松本,3990701,長野県塩尻市広丘吉田字道西７７４－１,0263-85-0911,0263-85-0910,中村事業部長
1248,516,2011,ポルシェセンター松本,3990701,長野県塩尻市広丘吉田字道西７７４－１,0263-85-0911,0263-85-0910,中村事業部長
1248,516,2012,ポルシェセンター松本,3990701,長野県塩尻市広丘吉田字道西７７４－１,0263-85-0911,0263-85-0910,中村事業部長
1248,516,2013,ポルシェセンター松本,3990701,長野県塩尻市広丘吉田字道西７７４－１,0263-85-0911,0263-85-0910,中村事業部長
1248,516,2014,ポルシェセンター松本,3990701,長野県塩尻市広丘吉田字道西７７４－１,0263-85-0911,0263-85-0910,中村事業部長
1249,523,2010,エア・ウォーター・マッハ株式会社本社第２工場,3901701,松本市梓川倭4019,0263-78-5277,0263-78-5840,松本リーダー（製造）
1249,523,2011,エア・ウォーター・マッハ株式会社本社第２工場,3901701,松本市梓川倭4019,0263-78-5277,0263-78-5840,松本リーダー（製造）
1249,523,2012,エア・ウォーター・マッハ株式会社本社第２工場,3901701,松本市梓川倭4019,0263-78-5277,0263-78-5840,松本リーダー（製造）
1249,523,2013,エア・ウォーター・マッハ株式会社本社第２工場,3901701,松本市梓川倭4019,0263-78-5277,0263-78-5840,松本リーダー（製造）
1249,523,2014,エア・ウォーター・マッハ株式会社本社第２工場,3901701,松本市梓川倭4019,0263-78-5277,0263-78-5840,松本リーダー（製造）
1250,902,2010,株式会社あづみ野,3998301,長野県安曇野市穂高有明７３７８－６,0263-83-8632,0263-83-5172,園田課長
1250,902,2011,株式会社あづみ野,3998301,長野県安曇野市穂高有明７３７８－６,0263-83-8632,0263-83-5172,園田課長
1250,902,2012,株式会社あづみ野,3998301,長野県安曇野市穂高有明７３７８－６,0263-83-8632,0263-83-5172,園田課長
1250,902,2013,株式会社あづみ野,3998301,長野県安曇野市穂高有明７３７８－６,0263-83-8632,0263-83-5172,園田課長
1250,902,2014,株式会社あづみ野,3998301,長野県安曇野市穂高有明７３７８－６,0263-83-8632,0263-83-5172,園田課長
1251,235,2010,ニチエイ　中野店,3830041,長野県中野市岩船17-1,0269-24-0255,,
1251,235,2011,ニチエイ　中野店,3830041,長野県中野市岩船17-1,0269-24-0255,,
1251,235,2012,ニチエイ　中野店,3830041,長野県中野市岩船17-1,0269-24-0255,,
1251,235,2013,ニチエイ　中野店,3830041,長野県中野市岩船17-1,0269-24-0255,,
1251,235,2014,ニチエイ　中野店,3830041,長野県中野市岩船17-1,0269-24-0255,,
1252,235,2010,ニチエイ　飯山店,3892255,長野県飯山市静間２０９１－３,0269-81-2750,,
1252,235,2011,ニチエイ　飯山店,3892255,長野県飯山市静間２０９１－３,0269-81-2750,,
1252,235,2012,ニチエイ　飯山店,3892255,長野県飯山市静間２０９１－３,0269-81-2750,,
1252,235,2013,ニチエイ　飯山店,3892255,長野県飯山市静間２０９１－３,0269-81-2750,,
1252,235,2014,ニチエイ　飯山店,3892255,長野県飯山市静間２０９１－３,0269-81-2750,,
1254,948,2010,犀川安曇野流域下水道終末処理場、他,3998203,長野県安曇野市豊科田沢６７０９,,,青山常務
1254,948,2011,犀川安曇野流域下水道終末処理場、他,3998203,長野県安曇野市豊科田沢６７０９,,,青山常務
1254,948,2012,犀川安曇野流域下水道終末処理場、他,3998203,長野県安曇野市豊科田沢６７０９,,,青山常務
1254,948,2013,犀川安曇野流域下水道終末処理場、他,3998203,長野県安曇野市豊科田沢６７０９,,,青山常務
1254,948,2014,犀川安曇野流域下水道終末処理場、他,3998203,長野県安曇野市豊科田沢６７０９,,,青山常務
1255,198,2011,あがた児童館,3900812,長野県松本市県１－３－２０,0263-32-0945,,千葉
1255,198,2014,あがた児童館,3900812,長野県松本市県１－３－２０,0263-32-0945,,千葉
1256,198,2011,高宮児童センター,3900843,長野県松本市高宮南７－４０,0263-25-9263,,千葉
1256,198,2014,高宮児童センター,3900843,長野県松本市高宮南７－４０,0263-25-9263,,千葉
1257,198,2011,島内児童センター,3900851,長野県松本市島内４８８４－５,0263-47-1680,,千葉
1257,198,2014,島内児童センター,3900851,長野県松本市島内４８８４－５,0263-47-1680,,千葉
1258,198,2011,芳川児童センター,3990032,長野県松本市村井町１－９－３８,0263-86-2857,,千葉
1258,198,2014,芳川児童センター,3990032,長野県松本市村井町１－９－３８,0263-86-2857,,千葉
1259,198,2011,菅野児童センター,3901243,長野県松本市神林２６６３－３,0263-57-2870,,千葉
1259,198,2014,菅野児童センター,3901243,長野県松本市神林２６６３－３,0263-57-2870,,千葉
1260,198,2011,島立児童センター,3900852,長野県松本市島立３２９８－２,0263-47-9246,,千葉
1260,198,2014,島立児童センター,3900852,長野県松本市島立３２９８－２,0263-47-9246,,千葉
1261,198,2011,寿児童センター,3990021,長野県松本市寿豊丘１０３２－３,0263-57-4746,,千葉
1261,198,2014,寿児童センター,3990021,長野県松本市寿豊丘１０３２－３,0263-57-4746,,千葉
1262,198,2011,二子児童センター,3990033,長野県松本市笹賀６０７１,0263-25-5657,,千葉
1262,198,2014,二子児童センター,3990033,長野県松本市笹賀６０７１,0263-25-5657,,千葉
1263,198,2011,鎌田児童センター,3900848,長野県松本市両島５－５０,0263-26-4747,,千葉
1263,198,2014,鎌田児童センター,3900848,長野県松本市両島５－５０,0263-26-4747,,千葉
1264,198,2011,山辺児童センター,3900221,長野県松本市里山辺７２４１－２,0263-39-1210,,千葉
1264,198,2014,山辺児童センター,3900221,長野県松本市里山辺７２４１－２,0263-39-1210,,千葉
1265,198,2011,浅間児童センター,3900303,長野県松本市浅間温泉２－９－２,0263-46-0605,,千葉
1265,198,2014,浅間児童センター,3900303,長野県松本市浅間温泉２－９－２,0263-46-0605,,千葉
1266,198,2011,今井児童センター,3901131,長野県松本市今井１５９５,0263-59-2765,,千葉
1266,198,2014,今井児童センター,3901131,長野県松本市今井１５９５,0263-59-2765,,千葉
1267,198,2011,田川児童センター,3900841,長野県松本市渚１－６－９,0263-25-1206,,千葉
1267,198,2014,田川児童センター,3900841,長野県松本市渚１－６－９,0263-25-1206,,千葉
1268,198,2011,和田児童センター,3901242,長野県松本市和田２２４０－２８,0263-48-6088,,千葉
1268,198,2014,和田児童センター,3901242,長野県松本市和田２２４０－２８,0263-48-6088,,千葉
1269,198,2011,新村児童センター,3901241,長野県松本市新村１９８５－２,0263-47-4260,,千葉
1269,198,2014,新村児童センター,3901241,長野県松本市新村１９８５－２,0263-47-4260,,千葉
1270,198,2011,梓川児童センター,3901702,長野県松本市梓川梓７３６－１,0263-78-6123,,千葉
1270,198,2014,梓川児童センター,3901702,長野県松本市梓川梓７３６－１,0263-78-6123,,千葉
1271,198,2011,元町児童館,3900803,長野県松本市元町２－６－５,0263-34-1753,,千葉
1271,198,2014,元町児童館,3900803,長野県松本市元町２－６－５,0263-34-1753,,千葉
1272,198,2011,蟻ケ崎児童館,3900861,長野県松本市蟻ケ崎５－２－８４,0263-32-6264,,千葉
1272,198,2014,蟻ケ崎児童館,3900861,長野県松本市蟻ケ崎５－２－８４,0263-32-6264,,千葉
1273,198,2011,南郷児童館,3900804,長野県松本市横田４－２５－１,0263-36-1006,,千葉
1273,198,2014,南郷児童館,3900804,長野県松本市横田４－２５－１,0263-36-1006,,千葉
1274,198,2011,寿台児童館,3990025,長野県松本市寿台６－１－７１２,0263-86-1069,,千葉
1274,198,2014,寿台児童館,3990025,長野県松本市寿台６－１－７１２,0263-86-1069,,千葉
1275,198,2011,内田児童館,3990023,長野県松本市内田７５５－１,0263-58-5186,,千葉
1275,198,2014,内田児童館,3990023,長野県松本市内田７５５－１,0263-58-5186,,千葉
1276,198,2011,並柳児童センター,3900825,長野県松本市並柳４－９－２,0263-26-9843,,千葉
1276,198,2014,並柳児童センター,3900825,長野県松本市並柳４－９－２,0263-26-9843,,千葉
1277,198,2011,岡田児童センター,3900312,長野県松本市岡田松岡５１３,0263-46-9620,,千葉
1277,198,2014,岡田児童センター,3900312,長野県松本市岡田松岡５１３,0263-46-9620,,千葉
1278,198,2011,筑摩児童センター,3900821,長野県松本市筑摩１－１３－２２,0263-25-5790,,千葉
1278,198,2014,筑摩児童センター,3900821,長野県松本市筑摩１－１３－２２,0263-25-5790,,千葉
1279,198,2011,中山児童センター,3900823,長野県松本市中山３５３２－１,0263-58-5602,,千葉
1279,198,2014,中山児童センター,3900823,長野県松本市中山３５３２－１,0263-58-5602,,千葉
1280,676,2010,信州額縁株式会社,3990033,長野県松本市笹賀６４９２,0263-25-6377,,田中　庄市
1280,676,2011,信州額縁株式会社,3990033,長野県松本市笹賀６４９２,0263-25-6377,,田中　庄市
1280,676,2012,信州額縁株式会社,3990033,長野県松本市笹賀６４９２,0263-25-6377,,田中　庄市
1280,676,2013,信州額縁株式会社,3990033,長野県松本市笹賀６４９２,0263-25-6377,,田中　庄市
1280,676,2014,信州額縁株式会社,3990033,長野県松本市笹賀６４９２,0263-25-6377,,田中　庄市
1282,905,2010,あづみ農協きのこ培養センター,3998211,長野県安曇野市堀金烏川２６３４－３,0263-77-3699,,勝野　義郎
1282,905,2011,あづみ農協きのこ培養センター,3998211,長野県安曇野市堀金烏川２６３４－３,0263-77-3699,,勝野　義郎
1282,905,2012,あづみ農協きのこ培養センター,3998211,長野県安曇野市堀金烏川２６３４－３,0263-77-3699,,勝野　義郎
1282,905,2013,あづみ農協きのこ培養センター,3998211,長野県安曇野市堀金烏川２６３４－３,0263-77-3699,,勝野　義郎
1282,905,2014,あづみ農協きのこ培養センター,3998211,長野県安曇野市堀金烏川２６３４－３,0263-77-3699,,勝野　義郎
1285,906,2011,株式会社長野銀行　芳川支店,3990032,長野県松本市芳川村井７２１－１０,0263-86-0211,0263-86-2242,大和さん
1285,906,2014,株式会社長野銀行　芳川支店,3990032,長野県松本市芳川村井７２１－１０,0263-86-0211,0263-86-2242,大和さん
1286,755,2010,しろうま保育園,,,,,
1286,755,2011,しろうま保育園,,,,,
1286,755,2012,しろうま保育園,,,,,
1286,755,2013,しろうま保育園,,,,,
1286,755,2014,しろうま保育園,,,,,
1288,908,2010,株式会社イー・エム・エンジニアリング,3901401,松本市波田8459-1,0263-91-1236,0263-92-8708,センター長　上條　慶一
1288,908,2011,株式会社イー・エム・エンジニアリング,3901401,松本市波田8459-1,0263-91-1236,0263-92-8708,センター長　上條　慶一
1288,908,2012,株式会社イー・エム・エンジニアリング,3901401,松本市波田8459-1,0263-91-1236,0263-92-8708,センター長　上條　慶一
1288,908,2013,株式会社イー・エム・エンジニアリング,3901401,松本市波田8459-1,0263-91-1236,0263-92-8708,センター長　上條　慶一
1288,908,2014,株式会社イー・エム・エンジニアリング,3901401,松本市波田8459-1,0263-91-1236,0263-92-8708,センター長　上條　慶一
1289,909,2011,コーポあさま寿Ａ・Ｂ,3900313,松本市岡田下岡田245-1,,,深井　久光
1289,909,2014,コーポあさま寿Ａ・Ｂ,3900313,松本市岡田下岡田245-1,,,深井　久光
1290,274,2010,松本市リサイクルセンター,3900851,長野県松本市島内９８３３－２,0263-35-3322,,百瀬さん（三協電気）
1290,274,2011,松本市リサイクルセンター,3900851,長野県松本市島内９８３３－２,0263-35-3322,,百瀬さん（三協電気）
1290,274,2012,松本市リサイクルセンター,3900851,長野県松本市島内９８３３－２,0263-35-3322,,百瀬さん（三協電気）
1290,274,2013,松本市リサイクルセンター,3900851,長野県松本市島内９８３３－２,0263-35-3322,,百瀬さん（三協電気）
1290,274,2014,松本市リサイクルセンター,3900851,長野県松本市島内９８３３－２,0263-35-3322,,百瀬さん（三協電気）
1291,910,2010,株式会社求信,3998204,長野県安曇野市豊科高家５２６１－３,0263-72-3277,0263-73-3187,降旗さん（女性）
1291,910,2011,株式会社求信,3998204,長野県安曇野市豊科高家５２６１－３,0263-72-3277,0263-73-3187,降旗さん（女性）
1291,910,2012,株式会社求信,3998204,長野県安曇野市豊科高家５２６１－３,0263-72-3277,0263-73-3187,降旗さん（女性）
1291,910,2013,株式会社求信,3998204,長野県安曇野市豊科高家５２６１－３,0263-72-3277,0263-73-3187,降旗さん（女性）
1291,910,2014,株式会社求信,3998204,長野県安曇野市豊科高家５２６１－３,0263-72-3277,0263-73-3187,降旗さん（女性）
1292,911,2010,松林ビル,3900812,長野県松本市県１－６－１,0263-33-0417,,松林　　廣
1292,911,2011,松林ビル,3900812,長野県松本市県１－６－１,0263-33-0417,,松林　　廣
1292,911,2012,松林ビル,3900812,長野県松本市県１－６－１,0263-33-0417,,松林　　廣
1292,911,2013,松林ビル,3900812,長野県松本市県１－６－１,0263-33-0417,,松林　　廣
1292,911,2014,松林ビル,3900812,長野県松本市県１－６－１,0263-33-0417,,松林　　廣
1294,913,2010,カーサクラベリートス,,松本市庄内2-5-16,0263-25-7821,,林　功
1294,913,2011,カーサクラベリートス,,松本市庄内2-5-16,0263-25-7821,,林　功
1294,913,2012,カーサクラベリートス,,松本市庄内2-5-16,0263-25-7821,,林　功
1294,913,2013,カーサクラベリートス,,松本市庄内2-5-16,0263-25-7821,,林　功
1294,913,2014,カーサクラベリートス,,松本市庄内2-5-16,0263-25-7821,,林　功
1295,611,2010,千国ビル（藤千商店）,3900875,長野県松本市城西２丁目３番６号,0263-32-2921,,高山所長（セコムテクノ松本営）
1295,611,2011,千国ビル（藤千商店）,3900875,長野県松本市城西２丁目３番６号,0263-32-2921,,高山所長（セコムテクノ松本営）
1295,611,2012,千国ビル（藤千商店）,3900875,長野県松本市城西２丁目３番６号,0263-32-2921,,高山所長（セコムテクノ松本営）
1295,611,2013,千国ビル（藤千商店）,3900875,長野県松本市城西２丁目３番６号,0263-32-2921,,高山所長（セコムテクノ松本営）
1295,611,2014,千国ビル（藤千商店）,3900875,長野県松本市城西２丁目３番６号,0263-32-2921,,高山所長（セコムテクノ松本営）
1296,64,2010,ビッグエコーあづみ野豊科店,3998205,長野県安曇野市豊科4287-1,0263-73-9963,,
1296,64,2011,ビッグエコーあづみ野豊科店,3998205,長野県安曇野市豊科4287-1,0263-73-9963,,
1296,64,2012,ビッグエコーあづみ野豊科店,3998205,長野県安曇野市豊科4287-1,0263-73-9963,,
1296,64,2013,ビッグエコーあづみ野豊科店,3998205,長野県安曇野市豊科4287-1,0263-73-9963,,
1296,64,2014,ビッグエコーあづみ野豊科店,3998205,長野県安曇野市豊科4287-1,0263-73-9963,,
1297,914,2010,株式会社嶺幸　第一倉庫・第二倉庫,3990000,長野県松本市五常,0263-64-2045,0263-64-3535,桐原様
1297,914,2011,株式会社嶺幸　第一倉庫・第二倉庫,3990000,長野県松本市五常,0263-64-2045,0263-64-3535,桐原様
1297,914,2012,株式会社嶺幸　第一倉庫・第二倉庫,3990000,長野県松本市五常,0263-64-2045,0263-64-3535,桐原様
1297,914,2013,株式会社嶺幸　第一倉庫・第二倉庫,3990000,長野県松本市五常,0263-64-2045,0263-64-3535,桐原様
1297,914,2014,株式会社嶺幸　第一倉庫・第二倉庫,3990000,長野県松本市五常,0263-64-2045,0263-64-3535,桐原様
1298,915,2010,ＳＳＫ安曇野,3998101,長野県安曇野市三郷明盛１３００－２,,,野村　尚
1298,915,2011,ＳＳＫ安曇野,3998101,長野県安曇野市三郷明盛１３００－２,,,野村　尚
1298,915,2012,ＳＳＫ安曇野,3998101,長野県安曇野市三郷明盛１３００－２,,,野村　尚
1298,915,2013,ＳＳＫ安曇野,3998101,長野県安曇野市三郷明盛１３００－２,,,野村　尚
1298,915,2014,ＳＳＫ安曇野,3998101,長野県安曇野市三郷明盛１３００－２,,,野村　尚
1299,915,2010,ネオット安曇野,3998101,長野県安曇野市三郷明盛１３００－３,,,野村　尚
1299,915,2011,ネオット安曇野,3998101,長野県安曇野市三郷明盛１３００－３,,,野村　尚
1299,915,2012,ネオット安曇野,3998101,長野県安曇野市三郷明盛１３００－３,,,野村　尚
1299,915,2013,ネオット安曇野,3998101,長野県安曇野市三郷明盛１３００－３,,,野村　尚
1299,915,2014,ネオット安曇野,3998101,長野県安曇野市三郷明盛１３００－３,,,野村　尚
1300,916,2010,シャレーモルゲン,3900000,長野県松本市安曇４０９５－５８,0263-93-3380,,石原　三郎
1300,916,2011,シャレーモルゲン,3900000,長野県松本市安曇４０９５－５８,0263-93-3380,,石原　三郎
1300,916,2012,シャレーモルゲン,3900000,長野県松本市安曇４０９５－５８,0263-93-3380,,石原　三郎
1300,916,2013,シャレーモルゲン,3900000,長野県松本市安曇４０９５－５８,0263-93-3380,,石原　三郎
1300,916,2014,シャレーモルゲン,3900000,長野県松本市安曇４０９５－５８,0263-93-3380,,石原　三郎
1302,918,2010,赤羽コーポ,,松本市神林南荒井５０８７－１５,,,赤羽　範三
1302,918,2011,赤羽コーポ,,松本市神林南荒井５０８７－１５,,,赤羽　範三
1302,918,2012,赤羽コーポ,,松本市神林南荒井５０８７－１５,,,赤羽　範三
1302,918,2013,赤羽コーポ,,松本市神林南荒井５０８７－１５,,,赤羽　範三
1302,918,2014,赤羽コーポ,,松本市神林南荒井５０８７－１５,,,赤羽　範三
1304,920,2010,有限会社宮下組作業所,3997701,長野県東筑摩郡麻績村麻３３０２－３,0263-67-2085,,宮下社長
1304,920,2011,有限会社宮下組作業所,3997701,長野県東筑摩郡麻績村麻３３０２－３,0263-67-2085,,宮下社長
1304,920,2012,有限会社宮下組作業所,3997701,長野県東筑摩郡麻績村麻３３０２－３,0263-67-2085,,宮下社長
1304,920,2013,有限会社宮下組作業所,3997701,長野県東筑摩郡麻績村麻３３０２－３,0263-67-2085,,宮下社長
1304,920,2014,有限会社宮下組作業所,3997701,長野県東筑摩郡麻績村麻３３０２－３,0263-67-2085,,宮下社長
1306,0,2010,フォーブルつかま,3900821,長野県松本市筑摩２－３０－１,0263-25-4065,,牛山　育夫
1306,0,2011,フォーブルつかま,3900821,長野県松本市筑摩２－３０－１,0263-25-4065,,牛山　育夫
1306,0,2012,フォーブルつかま,3900821,長野県松本市筑摩２－３０－１,0263-25-4065,,牛山　育夫
1306,0,2013,フォーブルつかま,3900821,長野県松本市筑摩２－３０－１,0263-25-4065,,牛山　育夫
1306,0,2014,フォーブルつかま,3900821,長野県松本市筑摩２－３０－１,0263-25-4065,,牛山　育夫
1307,587,2010,フォーブル　つかま,3900821,松本市筑摩２－３０－１,,,牛山　育夫
1307,587,2011,フォーブル　つかま,3900821,松本市筑摩２－３０－１,,,牛山　育夫
1307,587,2012,フォーブル　つかま,3900821,松本市筑摩２－３０－１,,,牛山　育夫
1307,587,2013,フォーブル　つかま,3900821,松本市筑摩２－３０－１,,,牛山　育夫
1307,587,2014,フォーブル　つかま,3900821,松本市筑摩２－３０－１,,,牛山　育夫
1309,922,2010,楽市　松本店,3900833,長野県松本市双葉１２－３５,0263-27-1776,0263-27-3226,小林統轄部長
1309,922,2011,楽市　松本店,3900833,長野県松本市双葉１２－３５,0263-27-1776,0263-27-3226,小林統轄部長
1309,922,2012,楽市　松本店,3900833,長野県松本市双葉１２－３５,0263-27-1776,0263-27-3226,小林統轄部長
1309,922,2013,楽市　松本店,3900833,長野県松本市双葉１２－３５,0263-27-1776,0263-27-3226,小林統轄部長
1309,922,2014,楽市　松本店,3900833,長野県松本市双葉１２－３５,0263-27-1776,0263-27-3226,小林統轄部長
1310,250,2010,ＮＫ外注Ｒ物件（６月分）,,,,,野村君
1310,250,2011,ＮＫ外注Ｒ物件（６月分）,,,,,野村君
1310,250,2012,ＮＫ外注Ｒ物件（６月分）,,,,,野村君
1310,250,2013,ＮＫ外注Ｒ物件（６月分）,,,,,野村君
1310,250,2014,ＮＫ外注Ｒ物件（６月分）,,,,,野村君
1311,250,2010,ＮＫ外注Ｒ物件（７月分）,,,,,野村君
1311,250,2011,ＮＫ外注Ｒ物件（７月分）,,,,,野村君
1311,250,2012,ＮＫ外注Ｒ物件（７月分）,,,,,野村君
1311,250,2013,ＮＫ外注Ｒ物件（７月分）,,,,,野村君
1311,250,2014,ＮＫ外注Ｒ物件（７月分）,,,,,野村君
1312,579,2010,有限会社デスポヤマト店,3901701,長野県松本市梓川倭２３９５－６他,,,青柳社長
1312,579,2011,有限会社デスポヤマト店,3901701,長野県松本市梓川倭２３９５－６他,,,青柳社長
1312,579,2012,有限会社デスポヤマト店,3901701,長野県松本市梓川倭２３９５－６他,,,青柳社長
1312,579,2013,有限会社デスポヤマト店,3901701,長野県松本市梓川倭２３９５－６他,,,青柳社長
1312,579,2014,有限会社デスポヤマト店,3901701,長野県松本市梓川倭２３９５－６他,,,青柳社長
1313,923,2010,エステイトすずらんグループホーム,3910211,長野県茅野市湖東７０５０－１,0266-82-1756,0266-73-8335,百瀬　光男
1313,923,2011,エステイトすずらんグループホーム,3910211,長野県茅野市湖東７０５０－１,0266-82-1756,0266-73-8335,百瀬　光男
1313,923,2012,エステイトすずらんグループホーム,3910211,長野県茅野市湖東７０５０－１,0266-82-1756,0266-73-8335,百瀬　光男
1313,923,2013,エステイトすずらんグループホーム,3910211,長野県茅野市湖東７０５０－１,0266-82-1756,0266-73-8335,百瀬　光男
1313,923,2014,エステイトすずらんグループホーム,3910211,長野県茅野市湖東７０５０－１,0266-82-1756,0266-73-8335,百瀬　光男
1314,924,2010,コーポ城北・城北アパート,3900876,長野県松本市開智１－１－６,0263-33-3434,,唐沢　美那子
1314,924,2011,コーポ城北・城北アパート,3900876,長野県松本市開智１－１－６,0263-33-3434,,唐沢　美那子
1314,924,2012,コーポ城北・城北アパート,3900876,長野県松本市開智１－１－６,0263-33-3434,,唐沢　美那子
1314,924,2013,コーポ城北・城北アパート,3900876,長野県松本市開智１－１－６,0263-33-3434,,唐沢　美那子
1314,924,2014,コーポ城北・城北アパート,3900876,長野県松本市開智１－１－６,0263-33-3434,,唐沢　美那子
1315,512,2010,Ｘ１４７,3998303,長野県安曇野市穂高２５１６,0263-82-0147,0263-82-8401,上條　幸一
1315,512,2011,Ｘ１４７,3998303,長野県安曇野市穂高２５１６,0263-82-0147,0263-82-8401,上條　幸一
1315,512,2012,Ｘ１４７,3998303,長野県安曇野市穂高２５１６,0263-82-0147,0263-82-8401,上條　幸一
1315,512,2013,Ｘ１４７,3998303,長野県安曇野市穂高２５１６,0263-82-0147,0263-82-8401,上條　幸一
1315,512,2014,Ｘ１４７,3998303,長野県安曇野市穂高２５１６,0263-82-0147,0263-82-8401,上條　幸一
1316,925,2010,甲信越福山通運株式会社　松本支店,3901243,長野県松本市神林５８１６－１,0263-86-6200,,
1316,925,2011,甲信越福山通運株式会社　松本支店,3901243,長野県松本市神林５８１６－１,0263-86-6200,,
1316,925,2012,甲信越福山通運株式会社　松本支店,3901243,長野県松本市神林５８１６－１,0263-86-6200,,
1316,925,2013,甲信越福山通運株式会社　松本支店,3901243,長野県松本市神林５８１６－１,0263-86-6200,,
1316,925,2014,甲信越福山通運株式会社　松本支店,3901243,長野県松本市神林５８１６－１,0263-86-6200,,
1317,926,2010,更級ビル,3900807,長野県松本市城東１－３－２５,0263-33-4939,,南澤　満
1317,926,2011,更級ビル,3900807,長野県松本市城東１－３－２５,0263-33-4939,,南澤　満
1317,926,2012,更級ビル,3900807,長野県松本市城東１－３－２５,0263-33-4939,,南澤　満
1317,926,2013,更級ビル,3900807,長野県松本市城東１－３－２５,0263-33-4939,,南澤　満
1317,926,2014,更級ビル,3900807,長野県松本市城東１－３－２５,0263-33-4939,,南澤　満
1318,317,2010,安曇野市立穂高保育園,3998303,長野県安曇野市穂高９１７５,0263-82-6772,,山田　薫
1318,317,2011,安曇野市立穂高保育園,3998303,長野県安曇野市穂高９１７５,0263-82-6772,,山田　薫
1318,317,2012,安曇野市立穂高保育園,3998303,長野県安曇野市穂高９１７５,0263-82-6772,,山田　薫
1318,317,2013,安曇野市立穂高保育園,3998303,長野県安曇野市穂高９１７５,0263-82-6772,,山田　薫
1318,317,2014,安曇野市立穂高保育園,3998303,長野県安曇野市穂高９１７５,0263-82-6772,,山田　薫
1319,612,2010,丸正製パン株式会社,3900875,長野県松本市城西２－１－２６,0263-32-1033,,笠原さん（綜合警備）
1319,612,2011,丸正製パン株式会社,3900875,長野県松本市城西２－１－２６,0263-32-1033,,笠原さん（綜合警備）
1319,612,2012,丸正製パン株式会社,3900875,長野県松本市城西２－１－２６,0263-32-1033,,笠原さん（綜合警備）
1319,612,2013,丸正製パン株式会社,3900875,長野県松本市城西２－１－２６,0263-32-1033,,笠原さん（綜合警備）
1319,612,2014,丸正製パン株式会社,3900875,長野県松本市城西２－１－２６,0263-32-1033,,笠原さん（綜合警備）
1321,927,2010,阿南自動車株式会社　松本支店,3901242,長野県松本市和田４６２０,0263-40-3500,,大場さん
1321,927,2011,阿南自動車株式会社　松本支店,3901242,長野県松本市和田４６２０,0263-40-3500,,大場さん
1321,927,2012,阿南自動車株式会社　松本支店,3901242,長野県松本市和田４６２０,0263-40-3500,,大場さん
1321,927,2013,阿南自動車株式会社　松本支店,3901242,長野県松本市和田４６２０,0263-40-3500,,大場さん
1321,927,2014,阿南自動車株式会社　松本支店,3901242,長野県松本市和田４６２０,0263-40-3500,,大場さん
1322,250,2010,ＮＫ外注Ｒ物件（８月分）,,,,,野村君
1322,250,2011,ＮＫ外注Ｒ物件（８月分）,,,,,野村君
1322,250,2012,ＮＫ外注Ｒ物件（８月分）,,,,,野村君
1322,250,2013,ＮＫ外注Ｒ物件（８月分）,,,,,野村君
1322,250,2014,ＮＫ外注Ｒ物件（８月分）,,,,,野村君
1323,250,2010,ＮＫ外注Ｒ物件（９月分）,,,,,野村君
1323,250,2011,ＮＫ外注Ｒ物件（９月分）,,,,,野村君
1323,250,2012,ＮＫ外注Ｒ物件（９月分）,,,,,野村君
1323,250,2013,ＮＫ外注Ｒ物件（９月分）,,,,,野村君
1323,250,2014,ＮＫ外注Ｒ物件（９月分）,,,,,野村君
1324,250,2010,ＮＫ外注Ｒ物件（１０月分）,,,,,野村君
1324,250,2011,ＮＫ外注Ｒ物件（１０月分）,,,,,野村君
1324,250,2012,ＮＫ外注Ｒ物件（１０月分）,,,,,野村君
1324,250,2013,ＮＫ外注Ｒ物件（１０月分）,,,,,野村君
1324,250,2014,ＮＫ外注Ｒ物件（１０月分）,,,,,野村君
1325,250,2010,ＮＫ外注Ｒ物件（１１月分）,,,,,野村君
1325,250,2011,ＮＫ外注Ｒ物件（１１月分）,,,,,野村君
1325,250,2012,ＮＫ外注Ｒ物件（１１月分）,,,,,野村君
1325,250,2013,ＮＫ外注Ｒ物件（１１月分）,,,,,野村君
1325,250,2014,ＮＫ外注Ｒ物件（１１月分）,,,,,野村君
1326,250,2010,ＮＫ外注Ｒ物件（１２月分）,,,,,野村君
1326,250,2011,ＮＫ外注Ｒ物件（１２月分）,,,,,野村君
1326,250,2012,ＮＫ外注Ｒ物件（１２月分）,,,,,野村君
1326,250,2013,ＮＫ外注Ｒ物件（１２月分）,,,,,野村君
1326,250,2014,ＮＫ外注Ｒ物件（１２月分）,,,,,野村君
1327,250,2010,ＮＫ外注Ｒ物件（１月分）,,,,,野村君
1327,250,2011,ＮＫ外注Ｒ物件（１月分）,,,,,野村君
1327,250,2012,ＮＫ外注Ｒ物件（１月分）,,,,,野村君
1327,250,2013,ＮＫ外注Ｒ物件（１月分）,,,,,野村君
1327,250,2014,ＮＫ外注Ｒ物件（１月分）,,,,,野村君
1328,250,2010,ＮＫ外注Ｒ物件（２月分）,,,,,野村君
1328,250,2011,ＮＫ外注Ｒ物件（２月分）,,,,,野村君
1328,250,2012,ＮＫ外注Ｒ物件（２月分）,,,,,野村君
1328,250,2013,ＮＫ外注Ｒ物件（２月分）,,,,,野村君
1328,250,2014,ＮＫ外注Ｒ物件（２月分）,,,,,野村君
1329,250,2010,ＮＫ外注Ｒ物件（３月分）,,,,,野村君
1329,250,2011,ＮＫ外注Ｒ物件（３月分）,,,,,野村君
1329,250,2012,ＮＫ外注Ｒ物件（３月分）,,,,,野村君
1329,250,2013,ＮＫ外注Ｒ物件（３月分）,,,,,野村君
1329,250,2014,ＮＫ外注Ｒ物件（３月分）,,,,,野村君
1330,250,2010,ＮＫ外注Ｒ物件（４月分）,,,,,野村君
1330,250,2011,ＮＫ外注Ｒ物件（４月分）,,,,,野村君
1330,250,2012,ＮＫ外注Ｒ物件（４月分）,,,,,野村君
1330,250,2013,ＮＫ外注Ｒ物件（４月分）,,,,,野村君
1330,250,2014,ＮＫ外注Ｒ物件（４月分）,,,,,野村君
1331,250,2010,ＮＫ外注Ｒ物件（５月分）,,,,,野村君
1331,250,2011,ＮＫ外注Ｒ物件（５月分）,,,,,野村君
1331,250,2012,ＮＫ外注Ｒ物件（５月分）,,,,,野村君
1331,250,2013,ＮＫ外注Ｒ物件（５月分）,,,,,野村君
1331,250,2014,ＮＫ外注Ｒ物件（５月分）,,,,,野村君
1333,189,2010,フレグランス嶺,3900861,長野県松本市蟻ケ崎２－４－１１,,,斉藤常務
1333,189,2011,フレグランス嶺,3900861,長野県松本市蟻ケ崎２－４－１１,,,斉藤常務
1333,189,2012,フレグランス嶺,3900861,長野県松本市蟻ケ崎２－４－１１,,,斉藤常務
1333,189,2013,フレグランス嶺,3900861,長野県松本市蟻ケ崎２－４－１１,,,斉藤常務
1333,189,2014,フレグランス嶺,3900861,長野県松本市蟻ケ崎２－４－１１,,,斉藤常務
1334,590,2010,吉沢ビル,3900852,長野県松本市島立１０５４－１５,,,滝沢　恵美子
1334,590,2011,吉沢ビル,3900852,長野県松本市島立１０５４－１５,,,滝沢　恵美子
1334,590,2012,吉沢ビル,3900852,長野県松本市島立１０５４－１５,,,滝沢　恵美子
1334,590,2013,吉沢ビル,3900852,長野県松本市島立１０５４－１５,,,滝沢　恵美子
1334,590,2014,吉沢ビル,3900852,長野県松本市島立１０５４－１５,,,滝沢　恵美子
1335,928,2010,ＡＴＬＡＮＮＳＩＡ,3990033,長野県松本市笹賀５８８２－２,0263-25-2389,0263-25-6644,林　信秋
1335,928,2011,ＡＴＬＡＮＮＳＩＡ,3990033,長野県松本市笹賀５８８２－２,0263-25-2389,0263-25-6644,林　信秋
1335,928,2012,ＡＴＬＡＮＮＳＩＡ,3990033,長野県松本市笹賀５８８２－２,0263-25-2389,0263-25-6644,林　信秋
1335,928,2013,ＡＴＬＡＮＮＳＩＡ,3990033,長野県松本市笹賀５８８２－２,0263-25-2389,0263-25-6644,林　信秋
1335,928,2014,ＡＴＬＡＮＮＳＩＡ,3990033,長野県松本市笹賀５８８２－２,0263-25-2389,0263-25-6644,林　信秋
1336,360,2010,ふれあいセンター洗馬・洗馬児童館,3996462,長野県塩尻市洗馬２７１３－１,0263-51-5337,0263-52-8088,丸山所長
1336,360,2011,ふれあいセンター洗馬・洗馬児童館,3996462,長野県塩尻市洗馬２７１３－１,0263-51-5337,0263-52-8088,丸山所長
1336,360,2012,ふれあいセンター洗馬・洗馬児童館,3996462,長野県塩尻市洗馬２７１３－１,0263-51-5337,0263-52-8088,丸山所長
1336,360,2013,ふれあいセンター洗馬・洗馬児童館,3996462,長野県塩尻市洗馬２７１３－１,0263-51-5337,0263-52-8088,丸山所長
1336,360,2014,ふれあいセンター洗馬・洗馬児童館,3996462,長野県塩尻市洗馬２７１３－１,0263-51-5337,0263-52-8088,丸山所長
1338,343,2010,飯田支店,3950155,長野県飯田市三日市場１１６６－２,0265-32-1780,0265-32-1781,石井　三幸
1338,343,2011,飯田支店,3950155,長野県飯田市三日市場１１６６－２,0265-32-1780,0265-32-1781,石井　三幸
1338,343,2012,飯田支店,3950155,長野県飯田市三日市場１１６６－２,0265-32-1780,0265-32-1781,石井　三幸
1338,343,2013,飯田支店,3950155,長野県飯田市三日市場１１６６－２,0265-32-1780,0265-32-1781,石井　三幸
1338,343,2014,飯田支店,3950155,長野県飯田市三日市場１１６６－２,0265-32-1780,0265-32-1781,石井　三幸
1339,930,2010,阿南自動車株式会社　諏訪営業所,3920015,長野県諏訪市中洲松山５５０２－１８,0266-52-5170,0266-53-3855,平沢
1339,930,2011,阿南自動車株式会社　諏訪営業所,3920015,長野県諏訪市中洲松山５５０２－１８,0266-52-5170,0266-53-3855,平沢
1339,930,2012,阿南自動車株式会社　諏訪営業所,3920015,長野県諏訪市中洲松山５５０２－１８,0266-52-5170,0266-53-3855,平沢
1339,930,2013,阿南自動車株式会社　諏訪営業所,3920015,長野県諏訪市中洲松山５５０２－１８,0266-52-5170,0266-53-3855,平沢
1339,930,2014,阿南自動車株式会社　諏訪営業所,3920015,長野県諏訪市中洲松山５５０２－１８,0266-52-5170,0266-53-3855,平沢
1340,563,2010,高原社ビル１階（ＴＳＵＴＡＹＡ東松本店）,3900803,長野県松本市元町１－２－１,0263-34-9500,0263-34-9501,高橋店長
1340,563,2011,高原社ビル１階（ＴＳＵＴＡＹＡ東松本店）,3900803,長野県松本市元町１－２－１,0263-34-9500,0263-34-9501,高橋店長
1340,563,2012,高原社ビル１階（ＴＳＵＴＡＹＡ東松本店）,3900803,長野県松本市元町１－２－１,0263-34-9500,0263-34-9501,高橋店長
1340,563,2013,高原社ビル１階（ＴＳＵＴＡＹＡ東松本店）,3900803,長野県松本市元町１－２－１,0263-34-9500,0263-34-9501,高橋店長
1340,563,2014,高原社ビル１階（ＴＳＵＴＡＹＡ東松本店）,3900803,長野県松本市元町１－２－１,0263-34-9500,0263-34-9501,高橋店長
1341,931,2010,高原社ビル２階（株式会社高原社）,3900803,長野県松本市元町１－２－１,0263-32-3015,,赤羽社長
1341,931,2011,高原社ビル２階（株式会社高原社）,3900803,長野県松本市元町１－２－１,0263-32-3015,,赤羽社長
1341,931,2012,高原社ビル２階（株式会社高原社）,3900803,長野県松本市元町１－２－１,0263-32-3015,,赤羽社長
1341,931,2013,高原社ビル２階（株式会社高原社）,3900803,長野県松本市元町１－２－１,0263-32-3015,,赤羽社長
1341,931,2014,高原社ビル２階（株式会社高原社）,3900803,長野県松本市元町１－２－１,0263-32-3015,,赤羽社長
1342,932,2010,大谷総業運輸倉庫株式会社松本第二倉庫,3990033,長野県松本市笹賀４０１１－１３,0263-85-6651,0263-85-6652,
1342,932,2011,大谷総業運輸倉庫株式会社松本第二倉庫,3990033,長野県松本市笹賀４０１１－１３,0263-85-6651,0263-85-6652,
1342,932,2012,大谷総業運輸倉庫株式会社松本第二倉庫,3990033,長野県松本市笹賀４０１１－１３,0263-85-6651,0263-85-6652,
1342,932,2013,大谷総業運輸倉庫株式会社松本第二倉庫,3990033,長野県松本市笹賀４０１１－１３,0263-85-6651,0263-85-6652,
1342,932,2014,大谷総業運輸倉庫株式会社松本第二倉庫,3990033,長野県松本市笹賀４０１１－１３,0263-85-6651,0263-85-6652,
1343,563,2010,ＴＳＵＴＡＹＡ松本庄内店,3900827,長野県松本市出川１－１－３,0263-24-3818,0263-24-3858,宮川店長
1343,563,2011,ＴＳＵＴＡＹＡ松本庄内店,3900827,長野県松本市出川１－１－３,0263-24-3818,0263-24-3858,宮川店長
1343,563,2012,ＴＳＵＴＡＹＡ松本庄内店,3900827,長野県松本市出川１－１－３,0263-24-3818,0263-24-3858,宮川店長
1343,563,2013,ＴＳＵＴＡＹＡ松本庄内店,3900827,長野県松本市出川１－１－３,0263-24-3818,0263-24-3858,宮川店長
1343,563,2014,ＴＳＵＴＡＹＡ松本庄内店,3900827,長野県松本市出川１－１－３,0263-24-3818,0263-24-3858,宮川店長
1345,934,2010,カナデアンロッキーステーキハウス,3900833,長野県松本市双葉１８－２９,0263-27-2391,,住中　政子
1345,934,2011,カナデアンロッキーステーキハウス,3900833,長野県松本市双葉１８－２９,0263-27-2391,,住中　政子
1345,934,2012,カナデアンロッキーステーキハウス,3900833,長野県松本市双葉１８－２９,0263-27-2391,,住中　政子
1345,934,2013,カナデアンロッキーステーキハウス,3900833,長野県松本市双葉１８－２９,0263-27-2391,,住中　政子
1345,934,2014,カナデアンロッキーステーキハウス,3900833,長野県松本市双葉１８－２９,0263-27-2391,,住中　政子
1348,317,2010,救護施設れんげ荘,3980001,長野県大町市平野口１０９１－７,0261-22-7000,0261-22-0959,久保田部長
1348,317,2011,救護施設れんげ荘,3980001,長野県大町市平野口１０９１－７,0261-22-7000,0261-22-0959,久保田部長
1348,317,2012,救護施設れんげ荘,3980001,長野県大町市平野口１０９１－７,0261-22-7000,0261-22-0959,久保田部長
1348,317,2013,救護施設れんげ荘,3980001,長野県大町市平野口１０９１－７,0261-22-7000,0261-22-0959,久保田部長
1348,317,2014,救護施設れんげ荘,3980001,長野県大町市平野口１０９１－７,0261-22-7000,0261-22-0959,久保田部長
1349,829,2010,桜家　埋橋工場,3900813,長野県松本市埋橋１－２－２９,0263-35-6021,,澤田　宗雄
1349,829,2011,桜家　埋橋工場,3900813,長野県松本市埋橋１－２－２９,0263-35-6021,,澤田　宗雄
1349,829,2012,桜家　埋橋工場,3900813,長野県松本市埋橋１－２－２９,0263-35-6021,,澤田　宗雄
1349,829,2013,桜家　埋橋工場,3900813,長野県松本市埋橋１－２－２９,0263-35-6021,,澤田　宗雄
1349,829,2014,桜家　埋橋工場,3900813,長野県松本市埋橋１－２－２９,0263-35-6021,,澤田　宗雄
1350,937,2011,コーポ鈴木Ａ棟・Ｂ棟・Ｃ棟,3900305,長野県松本市惣社５２４－８,0263-35-5680,,鈴木　節子
1350,937,2014,コーポ鈴木Ａ棟・Ｂ棟・Ｃ棟,3900305,長野県松本市惣社５２４－８,0263-35-5680,,鈴木　節子
1351,937,2011,トレド女鳥羽,3900806,長野県松本市女鳥羽２－３－２６,0263-35-5680,,鈴木　節子
1351,937,2014,トレド女鳥羽,3900806,長野県松本市女鳥羽２－３－２６,0263-35-5680,,鈴木　節子
1353,938,2010,長照寺,3990033,長野県松本市笹賀神戸３２８４,0263-58-4444,,
1353,938,2011,長照寺,3990033,長野県松本市笹賀神戸３２８４,0263-58-4444,,
1353,938,2012,長照寺,3990033,長野県松本市笹賀神戸３２８４,0263-58-4444,,
1353,938,2013,長照寺,3990033,長野県松本市笹賀神戸３２８４,0263-58-4444,,
1353,938,2014,長照寺,3990033,長野県松本市笹賀神戸３２８４,0263-58-4444,,
1354,274,2010,三協電気工業株式会社　社屋・社員寮,3900806,長野県松本市女鳥羽1-8-5　・　1-7-12,0263-35-3322,0263-35-3323,百瀬室長
1354,274,2011,三協電気工業株式会社　社屋・社員寮,3900806,長野県松本市女鳥羽1-8-5　・　1-7-12,0263-35-3322,0263-35-3323,百瀬室長
1354,274,2012,三協電気工業株式会社　社屋・社員寮,3900806,長野県松本市女鳥羽1-8-5　・　1-7-12,0263-35-3322,0263-35-3323,百瀬室長
1354,274,2013,三協電気工業株式会社　社屋・社員寮,3900806,長野県松本市女鳥羽1-8-5　・　1-7-12,0263-35-3322,0263-35-3323,百瀬室長
1354,274,2014,三協電気工業株式会社　社屋・社員寮,3900806,長野県松本市女鳥羽1-8-5　・　1-7-12,0263-35-3322,0263-35-3323,百瀬室長
1355,89,2010,松本市　寿台地区福祉ひろば,3990025,長野県松本市寿台６－２－１０,0263-57-1168,,那須さん
1355,89,2011,松本市　寿台地区福祉ひろば,3990025,長野県松本市寿台６－２－１０,0263-57-1168,,那須さん
1355,89,2012,松本市　寿台地区福祉ひろば,3990025,長野県松本市寿台６－２－１０,0263-57-1168,,那須さん
1355,89,2013,松本市　寿台地区福祉ひろば,3990025,長野県松本市寿台６－２－１０,0263-57-1168,,那須さん
1355,89,2014,松本市　寿台地区福祉ひろば,3990025,長野県松本市寿台６－２－１０,0263-57-1168,,那須さん
1356,580,2010,ゆめの里新村宅幼老所,3901241,長野県松本市新村３２９６－１,0263-40-3458,,倉科さん
1356,580,2011,ゆめの里新村宅幼老所,3901241,長野県松本市新村３２９６－１,0263-40-3458,,倉科さん
1356,580,2012,ゆめの里新村宅幼老所,3901241,長野県松本市新村３２９６－１,0263-40-3458,,倉科さん
1356,580,2013,ゆめの里新村宅幼老所,3901241,長野県松本市新村３２９６－１,0263-40-3458,,倉科さん
1356,580,2014,ゆめの里新村宅幼老所,3901241,長野県松本市新村３２９６－１,0263-40-3458,,倉科さん
1357,939,2010,百瀬克子貸店舗,3901701,長野県松本市梓川倭５７４－２,0263-35-0507,,百瀬　克子
1357,939,2011,百瀬克子貸店舗,3901701,長野県松本市梓川倭５７４－２,0263-35-0507,,百瀬　克子
1357,939,2012,百瀬克子貸店舗,3901701,長野県松本市梓川倭５７４－２,0263-35-0507,,百瀬　克子
1357,939,2013,百瀬克子貸店舗,3901701,長野県松本市梓川倭５７４－２,0263-35-0507,,百瀬　克子
1357,939,2014,百瀬克子貸店舗,3901701,長野県松本市梓川倭５７４－２,0263-35-0507,,百瀬　克子
1358,378,2010,ラフィーネ渚グラントーレ,3900841,長野県松本市渚２－１９９,0263-34-5280,,紫芝
1358,378,2011,ラフィーネ渚グラントーレ,3900841,長野県松本市渚２－１９９,0263-34-5280,,紫芝
1358,378,2012,ラフィーネ渚グラントーレ,3900841,長野県松本市渚２－１９９,0263-34-5280,,紫芝
1358,378,2013,ラフィーネ渚グラントーレ,3900841,長野県松本市渚２－１９９,0263-34-5280,,紫芝
1358,378,2014,ラフィーネ渚グラントーレ,3900841,長野県松本市渚２－１９９,0263-34-5280,,紫芝
1359,564,2010,白樺の家グループホーム和合,3998602,長野県北安曇郡池田町会染５７０７－１５,0261-62-6741,,渡辺　昭一
1359,564,2011,白樺の家グループホーム和合,3998602,長野県北安曇郡池田町会染５７０７－１５,0261-62-6741,,渡辺　昭一
1359,564,2012,白樺の家グループホーム和合,3998602,長野県北安曇郡池田町会染５７０７－１５,0261-62-6741,,渡辺　昭一
1359,564,2013,白樺の家グループホーム和合,3998602,長野県北安曇郡池田町会染５７０７－１５,0261-62-6741,,渡辺　昭一
1359,564,2014,白樺の家グループホーム和合,3998602,長野県北安曇郡池田町会染５７０７－１５,0261-62-6741,,渡辺　昭一
1360,564,2010,白樺の家グループホーム鵜山,3998603,長野県北安曇郡池田町中鵜３０６５－１,0261-62-6741,,渡辺　昭一
1360,564,2011,白樺の家グループホーム鵜山,3998603,長野県北安曇郡池田町中鵜３０６５－１,0261-62-6741,,渡辺　昭一
1360,564,2012,白樺の家グループホーム鵜山,3998603,長野県北安曇郡池田町中鵜３０６５－１,0261-62-6741,,渡辺　昭一
1360,564,2013,白樺の家グループホーム鵜山,3998603,長野県北安曇郡池田町中鵜３０６５－１,0261-62-6741,,渡辺　昭一
1360,564,2014,白樺の家グループホーム鵜山,3998603,長野県北安曇郡池田町中鵜３０６５－１,0261-62-6741,,渡辺　昭一
1361,940,2010,株式会社ＩＨＩターボ須原物流センター,3995502,長野県木曽郡大桑村須原１２２９－１,0264-55-3111,0264-55-2289,木下社長
1361,940,2011,株式会社ＩＨＩターボ須原物流センター,3995502,長野県木曽郡大桑村須原１２２９－１,0264-55-3111,0264-55-2289,木下社長
1361,940,2012,株式会社ＩＨＩターボ須原物流センター,3995502,長野県木曽郡大桑村須原１２２９－１,0264-55-3111,0264-55-2289,木下社長
1361,940,2013,株式会社ＩＨＩターボ須原物流センター,3995502,長野県木曽郡大桑村須原１２２９－１,0264-55-3111,0264-55-2289,木下社長
1361,940,2014,株式会社ＩＨＩターボ須原物流センター,3995502,長野県木曽郡大桑村須原１２２９－１,0264-55-3111,0264-55-2289,木下社長
1362,941,2010,第２コーポかどや,3990004,長野県松本市市場８－９,,,降旗　信行
1362,941,2011,第２コーポかどや,3990004,長野県松本市市場８－９,,,降旗　信行
1362,941,2012,第２コーポかどや,3990004,長野県松本市市場８－９,,,降旗　信行
1362,941,2013,第２コーポかどや,3990004,長野県松本市市場８－９,,,降旗　信行
1362,941,2014,第２コーポかどや,3990004,長野県松本市市場８－９,,,降旗　信行
1363,942,2010,八景山公民館,3901703,長野県松本市梓川,0263-78-2596,,丸山　よしき
1363,942,2011,八景山公民館,3901703,長野県松本市梓川,0263-78-2596,,丸山　よしき
1363,942,2012,八景山公民館,3901703,長野県松本市梓川,0263-78-2596,,丸山　よしき
1363,942,2013,八景山公民館,3901703,長野県松本市梓川,0263-78-2596,,丸山　よしき
1363,942,2014,八景山公民館,3901703,長野県松本市梓川,0263-78-2596,,丸山　よしき
1364,937,2011,鈴木マンション,3900806,長野県松本市女賭場２－３－２８,0263-35-5680,,鈴木　節子
1364,937,2014,鈴木マンション,3900806,長野県松本市女賭場２－３－２８,0263-35-5680,,鈴木　節子
1365,317,2010,安曇野市穂高牧体育館,3998305,長野県安曇野市穂高牧１９００－１,,,久保田部長
1365,317,2011,安曇野市穂高牧体育館,3998305,長野県安曇野市穂高牧１９００－１,,,久保田部長
1365,317,2012,安曇野市穂高牧体育館,3998305,長野県安曇野市穂高牧１９００－１,,,久保田部長
1365,317,2013,安曇野市穂高牧体育館,3998305,長野県安曇野市穂高牧１９００－１,,,久保田部長
1365,317,2014,安曇野市穂高牧体育館,3998305,長野県安曇野市穂高牧１９００－１,,,久保田部長
1367,612,2010,千葉金属工業株式会社諏訪営業所,3910012,長野県茅野市金沢字御狩野５７６３－９,,,曽山（ＡＬＳＯＫ）
1367,612,2011,千葉金属工業株式会社諏訪営業所,3910012,長野県茅野市金沢字御狩野５７６３－９,,,曽山（ＡＬＳＯＫ）
1367,612,2012,千葉金属工業株式会社諏訪営業所,3910012,長野県茅野市金沢字御狩野５７６３－９,,,曽山（ＡＬＳＯＫ）
1367,612,2013,千葉金属工業株式会社諏訪営業所,3910012,長野県茅野市金沢字御狩野５７６３－９,,,曽山（ＡＬＳＯＫ）
1367,612,2014,千葉金属工業株式会社諏訪営業所,3910012,長野県茅野市金沢字御狩野５７６３－９,,,曽山（ＡＬＳＯＫ）
1368,944,2010,松本ひよこ作業所,3900851,長野県松本市島内８６３－１,0263-47-6916,0263-47-6919,佐藤所長（戸部さん）
1368,944,2011,松本ひよこ作業所,3900851,長野県松本市島内８６３－１,0263-47-6916,0263-47-6919,佐藤所長（戸部さん）
1368,944,2012,松本ひよこ作業所,3900851,長野県松本市島内８６３－１,0263-47-6916,0263-47-6919,佐藤所長（戸部さん）
1368,944,2013,松本ひよこ作業所,3900851,長野県松本市島内８６３－１,0263-47-6916,0263-47-6919,佐藤所長（戸部さん）
1368,944,2014,松本ひよこ作業所,3900851,長野県松本市島内８６３－１,0263-47-6916,0263-47-6919,佐藤所長（戸部さん）
1369,235,2010,ニチエイ　長野青木島店,3812205,長野県長野市青木島町大塚字久新川原１０２７－３,026-213-4300,,
1369,235,2011,ニチエイ　長野青木島店,3812205,長野県長野市青木島町大塚字久新川原１０２７－３,026-213-4300,,
1369,235,2012,ニチエイ　長野青木島店,3812205,長野県長野市青木島町大塚字久新川原１０２７－３,026-213-4300,,
1369,235,2013,ニチエイ　長野青木島店,3812205,長野県長野市青木島町大塚字久新川原１０２７－３,026-213-4300,,
1369,235,2014,ニチエイ　長野青木島店,3812205,長野県長野市青木島町大塚字久新川原１０２７－３,026-213-4300,,
1370,945,2010,リバーサイド　マルナカ,3900825,長野県松本市並柳４－１４－５,,,塩野崎　巧
1370,945,2011,リバーサイド　マルナカ,3900825,長野県松本市並柳４－１４－５,,,塩野崎　巧
1370,945,2012,リバーサイド　マルナカ,3900825,長野県松本市並柳４－１４－５,,,塩野崎　巧
1370,945,2013,リバーサイド　マルナカ,3900825,長野県松本市並柳４－１４－５,,,塩野崎　巧
1370,945,2014,リバーサイド　マルナカ,3900825,長野県松本市並柳４－１４－５,,,塩野崎　巧
1371,946,2010,宮田中公民館,3990001,長野県松本市宮田１９－２,0263-26-1276,,原　史朗
1371,946,2011,宮田中公民館,3990001,長野県松本市宮田１９－２,0263-26-1276,,原　史朗
1371,946,2012,宮田中公民館,3990001,長野県松本市宮田１９－２,0263-26-1276,,原　史朗
1371,946,2013,宮田中公民館,3990001,長野県松本市宮田１９－２,0263-26-1276,,原　史朗
1371,946,2014,宮田中公民館,3990001,長野県松本市宮田１９－２,0263-26-1276,,原　史朗
1372,947,2010,フォレスト笹井,3900813,長野県松本市埋橋１－７－２５,0263-92-2177,,稲垣　富士夫
1372,947,2011,フォレスト笹井,3900813,長野県松本市埋橋１－７－２５,0263-92-2177,,稲垣　富士夫
1372,947,2012,フォレスト笹井,3900813,長野県松本市埋橋１－７－２５,0263-92-2177,,稲垣　富士夫
1372,947,2013,フォレスト笹井,3900813,長野県松本市埋橋１－７－２５,0263-92-2177,,稲垣　富士夫
1372,947,2014,フォレスト笹井,3900813,長野県松本市埋橋１－７－２５,0263-92-2177,,稲垣　富士夫
1374,1155,2010,株式会社トーヨータイヤジャパン　諏訪営業所,3920015,長野県諏訪市中洲２９７５－１,0266-53-4045,0266-53-4724,丸山所長
1374,1155,2011,株式会社トーヨータイヤジャパン　諏訪営業所,3920015,長野県諏訪市中洲２９７５－１,0266-53-4045,0266-53-4724,丸山所長
1374,1155,2012,株式会社トーヨータイヤジャパン　諏訪営業所,3920015,長野県諏訪市中洲２９７５－１,0266-53-4045,0266-53-4724,丸山所長
1374,1155,2013,株式会社トーヨータイヤジャパン　諏訪営業所,3920015,長野県諏訪市中洲２９７５－１,0266-53-4045,0266-53-4724,丸山所長
1374,1155,2014,株式会社トーヨータイヤジャパン　諏訪営業所,3920015,長野県諏訪市中洲２９７５－１,0266-53-4045,0266-53-4724,丸山所長
1375,949,2010,柏ハイツ白木,3900804,長野県松本市横田３－２３－４,,,白木　功男
1375,949,2011,柏ハイツ白木,3900804,長野県松本市横田３－２３－４,,,白木　功男
1375,949,2012,柏ハイツ白木,3900804,長野県松本市横田３－２３－４,,,白木　功男
1375,949,2013,柏ハイツ白木,3900804,長野県松本市横田３－２３－４,,,白木　功男
1375,949,2014,柏ハイツ白木,3900804,長野県松本市横田３－２３－４,,,白木　功男
1376,949,2010,ホワイトウッド,3900305,長野県松本市惣社９５－１,,,白木　功男
1376,949,2011,ホワイトウッド,3900305,長野県松本市惣社９５－１,,,白木　功男
1376,949,2012,ホワイトウッド,3900305,長野県松本市惣社９５－１,,,白木　功男
1376,949,2013,ホワイトウッド,3900305,長野県松本市惣社９５－１,,,白木　功男
1376,949,2014,ホワイトウッド,3900305,長野県松本市惣社９５－１,,,白木　功男
1377,949,2010,オークウッド,3900221,長野県松本市里山辺１５４４,,,白木　功男
1377,949,2011,オークウッド,3900221,長野県松本市里山辺１５４４,,,白木　功男
1377,949,2012,オークウッド,3900221,長野県松本市里山辺１５４４,,,白木　功男
1377,949,2013,オークウッド,3900221,長野県松本市里山辺１５４４,,,白木　功男
1377,949,2014,オークウッド,3900221,長野県松本市里山辺１５４４,,,白木　功男
1378,950,2010,代山温泉せせらぎの四季,3970002,長野県木曽郡木曽福島町新開３９６８－２,0264-24-2626,0264-24-2621,原常務
1378,950,2011,代山温泉せせらぎの四季,3970002,長野県木曽郡木曽福島町新開３９６８－２,0264-24-2626,0264-24-2621,原常務
1378,950,2012,代山温泉せせらぎの四季,3970002,長野県木曽郡木曽福島町新開３９６８－２,0264-24-2626,0264-24-2621,原常務
1378,950,2013,代山温泉せせらぎの四季,3970002,長野県木曽郡木曽福島町新開３９６８－２,0264-24-2626,0264-24-2621,原常務
1378,950,2014,代山温泉せせらぎの四季,3970002,長野県木曽郡木曽福島町新開３９６８－２,0264-24-2626,0264-24-2621,原常務
1379,317,2010,割烹ゆたか,3990746,長野県塩尻市大門並木町１－１０,0263-52-5040,,久保田部長（西電設工事）
1379,317,2011,割烹ゆたか,3990746,長野県塩尻市大門並木町１－１０,0263-52-5040,,久保田部長（西電設工事）
1379,317,2012,割烹ゆたか,3990746,長野県塩尻市大門並木町１－１０,0263-52-5040,,久保田部長（西電設工事）
1379,317,2013,割烹ゆたか,3990746,長野県塩尻市大門並木町１－１０,0263-52-5040,,久保田部長（西電設工事）
1379,317,2014,割烹ゆたか,3990746,長野県塩尻市大門並木町１－１０,0263-52-5040,,久保田部長（西電設工事）
1380,951,2010,株式会社印出　本社工場,3998301,長野県安曇野市穂高有明,0263-81-5600,,勝野さん
1380,951,2011,株式会社印出　本社工場,3998301,長野県安曇野市穂高有明,0263-81-5600,,勝野さん
1380,951,2012,株式会社印出　本社工場,3998301,長野県安曇野市穂高有明,0263-81-5600,,勝野さん
1380,951,2013,株式会社印出　本社工場,3998301,長野県安曇野市穂高有明,0263-81-5600,,勝野さん
1380,951,2014,株式会社印出　本社工場,3998301,長野県安曇野市穂高有明,0263-81-5600,,勝野さん
1381,951,2010,株式会社印出　グリーンヒル,3998301,長野県安曇野市穂高有明,0263-81-5600,,勝野さん
1381,951,2011,株式会社印出　グリーンヒル,3998301,長野県安曇野市穂高有明,0263-81-5600,,勝野さん
1381,951,2012,株式会社印出　グリーンヒル,3998301,長野県安曇野市穂高有明,0263-81-5600,,勝野さん
1381,951,2013,株式会社印出　グリーンヒル,3998301,長野県安曇野市穂高有明,0263-81-5600,,勝野さん
1381,951,2014,株式会社印出　グリーンヒル,3998301,長野県安曇野市穂高有明,0263-81-5600,,勝野さん
1382,951,2010,株式会社印出　北工場,3998301,長野県安曇野市穂高有明,0263-81-5600,,勝野さん
1382,951,2011,株式会社印出　北工場,3998301,長野県安曇野市穂高有明,0263-81-5600,,勝野さん
1382,951,2012,株式会社印出　北工場,3998301,長野県安曇野市穂高有明,0263-81-5600,,勝野さん
1382,951,2013,株式会社印出　北工場,3998301,長野県安曇野市穂高有明,0263-81-5600,,勝野さん
1382,951,2014,株式会社印出　北工場,3998301,長野県安曇野市穂高有明,0263-81-5600,,勝野さん
1383,317,2010,小見山医院,3900312,長野県松本市岡田松岡５１２－１,0263-46-8080,0263-46-8181,久保田部長（西電設工事）
1383,317,2011,小見山医院,3900312,長野県松本市岡田松岡５１２－１,0263-46-8080,0263-46-8181,久保田部長（西電設工事）
1383,317,2012,小見山医院,3900312,長野県松本市岡田松岡５１２－１,0263-46-8080,0263-46-8181,久保田部長（西電設工事）
1383,317,2013,小見山医院,3900312,長野県松本市岡田松岡５１２－１,0263-46-8080,0263-46-8181,久保田部長（西電設工事）
1383,317,2014,小見山医院,3900312,長野県松本市岡田松岡５１２－１,0263-46-8080,0263-46-8181,久保田部長（西電設工事）
1384,42,2011,安田株式会社　寮,,松本市寿北3-7-8,,,
1384,42,2014,安田株式会社　寮,,松本市寿北3-7-8,,,
1385,317,2010,ツインオークス,3998302,長野県安曇野市穂高北穂高２８４５－７,0263-46-0815,,久保田部長（西電設工事）
1385,317,2011,ツインオークス,3998302,長野県安曇野市穂高北穂高２８４５－７,0263-46-0815,,久保田部長（西電設工事）
1385,317,2012,ツインオークス,3998302,長野県安曇野市穂高北穂高２８４５－７,0263-46-0815,,久保田部長（西電設工事）
1385,317,2013,ツインオークス,3998302,長野県安曇野市穂高北穂高２８４５－７,0263-46-0815,,久保田部長（西電設工事）
1385,317,2014,ツインオークス,3998302,長野県安曇野市穂高北穂高２８４５－７,0263-46-0815,,久保田部長（西電設工事）
1386,373,2010,長野銀行松本寮,3900816,長野県松本市中条１－４,,,
1386,373,2011,長野銀行松本寮,3900816,長野県松本市中条１－４,,,
1386,373,2012,長野銀行松本寮,3900816,長野県松本市中条１－４,,,
1386,373,2013,長野銀行松本寮,3900816,長野県松本市中条１－４,,,
1386,373,2014,長野銀行松本寮,3900816,長野県松本市中条１－４,,,
1387,373,2010,長野銀行中条倉庫,3900816,長野県松本市中条,,,伊藤（陽光ビル）
1387,373,2011,長野銀行中条倉庫,3900816,長野県松本市中条,,,伊藤（陽光ビル）
1387,373,2012,長野銀行中条倉庫,3900816,長野県松本市中条,,,伊藤（陽光ビル）
1387,373,2013,長野銀行中条倉庫,3900816,長野県松本市中条,,,伊藤（陽光ビル）
1387,373,2014,長野銀行中条倉庫,3900816,長野県松本市中条,,,伊藤（陽光ビル）
1388,952,2010,キャノンアネルバ株式会社,3990746,長野県塩尻市大門並木町１－１,0263-54-3689,,所長
1388,952,2011,キャノンアネルバ株式会社,3990746,長野県塩尻市大門並木町１－１,0263-54-3689,,所長
1388,952,2012,キャノンアネルバ株式会社,3990746,長野県塩尻市大門並木町１－１,0263-54-3689,,所長
1388,952,2013,キャノンアネルバ株式会社,3990746,長野県塩尻市大門並木町１－１,0263-54-3689,,所長
1388,952,2014,キャノンアネルバ株式会社,3990746,長野県塩尻市大門並木町１－１,0263-54-3689,,所長
1389,912,2010,ＳＢＣロイヤルカーステーション村井店　ウイウイ松本,3990032,長野県松本市芳川村井町６５１,,,専務
1389,912,2011,ＳＢＣロイヤルカーステーション村井店　ウイウイ松本,3990032,長野県松本市芳川村井町６５１,,,専務
1389,912,2012,ＳＢＣロイヤルカーステーション村井店　ウイウイ松本,3990032,長野県松本市芳川村井町６５１,,,専務
1389,912,2013,ＳＢＣロイヤルカーステーション村井店　ウイウイ松本,3990032,長野県松本市芳川村井町６５１,,,専務
1389,912,2014,ＳＢＣロイヤルカーステーション村井店　ウイウイ松本,3990032,長野県松本市芳川村井町６５１,,,専務
1390,579,2010,本村公民館,3998205,長野県安曇野市豊科１９０７,,,社長（赤羽電気）
1390,579,2011,本村公民館,3998205,長野県安曇野市豊科１９０７,,,社長（赤羽電気）
1390,579,2012,本村公民館,3998205,長野県安曇野市豊科１９０７,,,社長（赤羽電気）
1390,579,2013,本村公民館,3998205,長野県安曇野市豊科１９０７,,,社長（赤羽電気）
1390,579,2014,本村公民館,3998205,長野県安曇野市豊科１９０７,,,社長（赤羽電気）
1393,99,2010,ニューウェル白板,3900863,長野県松本市白板１－９－２７,0263-36-2202,,山本　博子
1393,99,2011,ニューウェル白板,3900863,長野県松本市白板１－９－２７,0263-36-2202,,山本　博子
1393,99,2012,ニューウェル白板,3900863,長野県松本市白板１－９－２７,0263-36-2202,,山本　博子
1393,99,2013,ニューウェル白板,3900863,長野県松本市白板１－９－２７,0263-36-2202,,山本　博子
1393,99,2014,ニューウェル白板,3900863,長野県松本市白板１－９－２７,0263-36-2202,,山本　博子
1394,136,2010,あすなろ信用組合カードローン事務センター,3810037,長野県長野市西和田１－３９－１９,026-217-3821,026-241-2256,
1394,136,2011,あすなろ信用組合カードローン事務センター,3810037,長野県長野市西和田１－３９－１９,026-217-3821,026-241-2256,
1394,136,2012,あすなろ信用組合カードローン事務センター,3810037,長野県長野市西和田１－３９－１９,026-217-3821,026-241-2256,
1394,136,2013,あすなろ信用組合カードローン事務センター,3810037,長野県長野市西和田１－３９－１９,026-217-3821,026-241-2256,
1394,136,2014,あすなろ信用組合カードローン事務センター,3810037,長野県長野市西和田１－３９－１９,026-217-3821,026-241-2256,
1396,953,2011,株式会社長野銀行　松本北支店,3900871,長野県松本市桐３－４－６,0263-39-0880,,宮川
1396,953,2014,株式会社長野銀行　松本北支店,3900871,長野県松本市桐３－４－６,0263-39-0880,,宮川
1397,954,2010,株式会社まるたか,3998201,長野県安曇野市豊科南穂高４４２２,0263-73-5200,0263-73-5400,長谷川企画開発室室長
1397,954,2011,株式会社まるたか,3998201,長野県安曇野市豊科南穂高４４２２,0263-73-5200,0263-73-5400,長谷川企画開発室室長
1397,954,2012,株式会社まるたか,3998201,長野県安曇野市豊科南穂高４４２２,0263-73-5200,0263-73-5400,長谷川企画開発室室長
1397,954,2013,株式会社まるたか,3998201,長野県安曇野市豊科南穂高４４２２,0263-73-5200,0263-73-5400,長谷川企画開発室室長
1397,954,2014,株式会社まるたか,3998201,長野県安曇野市豊科南穂高４４２２,0263-73-5200,0263-73-5400,長谷川企画開発室室長
1399,955,2010,レジデンス竹村,3900803,長野県松本市元町３－８－３１,0263-46-0596,,竹村　博文
1399,955,2011,レジデンス竹村,3900803,長野県松本市元町３－８－３１,0263-46-0596,,竹村　博文
1399,955,2012,レジデンス竹村,3900803,長野県松本市元町３－８－３１,0263-46-0596,,竹村　博文
1399,955,2013,レジデンス竹村,3900803,長野県松本市元町３－８－３１,0263-46-0596,,竹村　博文
1399,955,2014,レジデンス竹村,3900803,長野県松本市元町３－８－３１,0263-46-0596,,竹村　博文
1400,956,2010,サンライフ相生,3900843,長野県松本市高宮南６－３７,0263-25-6099,,小川　孝子
1400,956,2011,サンライフ相生,3900843,長野県松本市高宮南６－３７,0263-25-6099,,小川　孝子
1400,956,2012,サンライフ相生,3900843,長野県松本市高宮南６－３７,0263-25-6099,,小川　孝子
1400,956,2013,サンライフ相生,3900843,長野県松本市高宮南６－３７,0263-25-6099,,小川　孝子
1400,956,2014,サンライフ相生,3900843,長野県松本市高宮南６－３７,0263-25-6099,,小川　孝子
1401,957,2010,株式会社イケタニ,3996101,長野県木曽郡木曽町日義２１９６,0264-26-2306,,池谷　祐司
1401,957,2011,株式会社イケタニ,3996101,長野県木曽郡木曽町日義２１９６,0264-26-2306,,池谷　祐司
1401,957,2012,株式会社イケタニ,3996101,長野県木曽郡木曽町日義２１９６,0264-26-2306,,池谷　祐司
1401,957,2013,株式会社イケタニ,3996101,長野県木曽郡木曽町日義２１９６,0264-26-2306,,池谷　祐司
1401,957,2014,株式会社イケタニ,3996101,長野県木曽郡木曽町日義２１９６,0264-26-2306,,池谷　祐司
1402,787,2010,中央コーポ,3900811,長野県松本市中央４－４－５,,,筒井　完次　　（施主　山田明文）
1402,787,2011,中央コーポ,3900811,長野県松本市中央４－４－５,,,筒井　完次　　（施主　山田明文）
1402,787,2012,中央コーポ,3900811,長野県松本市中央４－４－５,,,筒井　完次　　（施主　山田明文）
1402,787,2013,中央コーポ,3900811,長野県松本市中央４－４－５,,,筒井　完次　　（施主　山田明文）
1402,787,2014,中央コーポ,3900811,長野県松本市中央４－４－５,,,筒井　完次　　（施主　山田明文）
1403,958,2011,吉澤マンション,3900852,長野県松本市島立８４７,0263-47-1491,,吉澤　利彦
1403,958,2014,吉澤マンション,3900852,長野県松本市島立８４７,0263-47-1491,,吉澤　利彦
1404,959,2010,アサヒハイツ,3900802,長野県松本市旭２－１－１,0263-32-1122,,平林さん
1404,959,2011,アサヒハイツ,3900802,長野県松本市旭２－１－１,0263-32-1122,,平林さん
1404,959,2012,アサヒハイツ,3900802,長野県松本市旭２－１－１,0263-32-1122,,平林さん
1404,959,2013,アサヒハイツ,3900802,長野県松本市旭２－１－１,0263-32-1122,,平林さん
1404,959,2014,アサヒハイツ,3900802,長野県松本市旭２－１－１,0263-32-1122,,平林さん
1405,579,2010,丸山内科クリニック,3998205,長野県安曇野市豊科4303,0263-72-6188,,
1405,579,2011,丸山内科クリニック,3998205,長野県安曇野市豊科4303,0263-72-6188,,
1405,579,2012,丸山内科クリニック,3998205,長野県安曇野市豊科4303,0263-72-6188,,
1405,579,2013,丸山内科クリニック,3998205,長野県安曇野市豊科4303,0263-72-6188,,
1405,579,2014,丸山内科クリニック,3998205,長野県安曇野市豊科4303,0263-72-6188,,
1406,837,2010,株式会社ちくま　村井第三ビル,3990032,松本市芳川村井町231番8,0263-58-6655,,市瀬専務
1406,837,2011,株式会社ちくま　村井第三ビル,3990032,松本市芳川村井町231番8,0263-58-6655,,市瀬専務
1406,837,2012,株式会社ちくま　村井第三ビル,3990032,松本市芳川村井町231番8,0263-58-6655,,市瀬専務
1406,837,2013,株式会社ちくま　村井第三ビル,3990032,松本市芳川村井町231番8,0263-58-6655,,市瀬専務
1406,837,2014,株式会社ちくま　村井第三ビル,3990032,松本市芳川村井町231番8,0263-58-6655,,市瀬専務
1407,317,2010,ふじやビル,3900811,長野県松本市中央２－１－６,,,久保田部長
1407,317,2011,ふじやビル,3900811,長野県松本市中央２－１－６,,,久保田部長
1407,317,2012,ふじやビル,3900811,長野県松本市中央２－１－６,,,久保田部長
1407,317,2013,ふじやビル,3900811,長野県松本市中央２－１－６,,,久保田部長
1407,317,2014,ふじやビル,3900811,長野県松本市中央２－１－６,,,久保田部長
1408,912,2010,ＳＢＣロイヤルカーステーション出川店,3900827,長野県松本市出川２－１２,0263-25-7711,0263-25-7733,
1408,912,2011,ＳＢＣロイヤルカーステーション出川店,3900827,長野県松本市出川２－１２,0263-25-7711,0263-25-7733,
1408,912,2012,ＳＢＣロイヤルカーステーション出川店,3900827,長野県松本市出川２－１２,0263-25-7711,0263-25-7733,
1408,912,2013,ＳＢＣロイヤルカーステーション出川店,3900827,長野県松本市出川２－１２,0263-25-7711,0263-25-7733,
1408,912,2014,ＳＢＣロイヤルカーステーション出川店,3900827,長野県松本市出川２－１２,0263-25-7711,0263-25-7733,
1409,665,2010,フロマージェ・アソシエジャポン株式会社　あずみ野工場,3901701,長野県松本市梓川倭３８５２－２,0263-76-1231,,杉浦　清三
1409,665,2011,フロマージェ・アソシエジャポン株式会社　あずみ野工場,3901701,長野県松本市梓川倭３８５２－２,0263-76-1231,,杉浦　清三
1409,665,2012,フロマージェ・アソシエジャポン株式会社　あずみ野工場,3901701,長野県松本市梓川倭３８５２－２,0263-76-1231,,杉浦　清三
1409,665,2013,フロマージェ・アソシエジャポン株式会社　あずみ野工場,3901701,長野県松本市梓川倭３８５２－２,0263-76-1231,,杉浦　清三
1409,665,2014,フロマージェ・アソシエジャポン株式会社　あずみ野工場,3901701,長野県松本市梓川倭３８５２－２,0263-76-1231,,杉浦　清三
1410,960,2010,松本砂防事務所　梓川出張所,3901501,長野県松本市安曇１２４－１０,0263-33-1115,0263-33-6086,平塚さん　総務課
1410,960,2011,松本砂防事務所　梓川出張所,3901501,長野県松本市安曇１２４－１０,0263-33-1115,0263-33-6086,平塚さん　総務課
1410,960,2012,松本砂防事務所　梓川出張所,3901501,長野県松本市安曇１２４－１０,0263-33-1115,0263-33-6086,平塚さん　総務課
1410,960,2013,松本砂防事務所　梓川出張所,3901501,長野県松本市安曇１２４－１０,0263-33-1115,0263-33-6086,平塚さん　総務課
1410,960,2014,松本砂防事務所　梓川出張所,3901501,長野県松本市安曇１２４－１０,0263-33-1115,0263-33-6086,平塚さん　総務課
1411,960,2010,松本砂防事務所　姫川出張所,3999301,長野県北安曇郡白馬村北城６９２９－２,0263-33-1115,0263-33-6086,平塚さん　総務課
1411,960,2011,松本砂防事務所　姫川出張所,3999301,長野県北安曇郡白馬村北城６９２９－２,0263-33-1115,0263-33-6086,平塚さん　総務課
1411,960,2012,松本砂防事務所　姫川出張所,3999301,長野県北安曇郡白馬村北城６９２９－２,0263-33-1115,0263-33-6086,平塚さん　総務課
1411,960,2013,松本砂防事務所　姫川出張所,3999301,長野県北安曇郡白馬村北城６９２９－２,0263-33-1115,0263-33-6086,平塚さん　総務課
1411,960,2014,松本砂防事務所　姫川出張所,3999301,長野県北安曇郡白馬村北城６９２９－２,0263-33-1115,0263-33-6086,平塚さん　総務課
1412,960,2010,松本砂防事務所　高瀬川出張所,3980002,長野県大町市大町５０３２－１２,0263-33-1115,0263-33-6086,平塚さん　総務課
1412,960,2011,松本砂防事務所　高瀬川出張所,3980002,長野県大町市大町５０３２－１２,0263-33-1115,0263-33-6086,平塚さん　総務課
1412,960,2012,松本砂防事務所　高瀬川出張所,3980002,長野県大町市大町５０３２－１２,0263-33-1115,0263-33-6086,平塚さん　総務課
1412,960,2013,松本砂防事務所　高瀬川出張所,3980002,長野県大町市大町５０３２－１２,0263-33-1115,0263-33-6086,平塚さん　総務課
1412,960,2014,松本砂防事務所　高瀬川出張所,3980002,長野県大町市大町５０３２－１２,0263-33-1115,0263-33-6086,平塚さん　総務課
1413,961,2010,スカイハイツ,3998303,長野県安曇野市穂高６８２９－１,0263-82-5277,,浅野好一様
1413,961,2011,スカイハイツ,3998303,長野県安曇野市穂高６８２９－１,0263-82-5277,,浅野好一様
1413,961,2012,スカイハイツ,3998303,長野県安曇野市穂高６８２９－１,0263-82-5277,,浅野好一様
1413,961,2013,スカイハイツ,3998303,長野県安曇野市穂高６８２９－１,0263-82-5277,,浅野好一様
1413,961,2014,スカイハイツ,3998303,長野県安曇野市穂高６８２９－１,0263-82-5277,,浅野好一様
1414,962,2010,プレンティ友,3900803,長野県松本市元町１－７－４,0263-36-2674,,中村　賢
1414,962,2011,プレンティ友,3900803,長野県松本市元町１－７－４,0263-36-2674,,中村　賢
1414,962,2012,プレンティ友,3900803,長野県松本市元町１－７－４,0263-36-2674,,中村　賢
1414,962,2013,プレンティ友,3900803,長野県松本市元町１－７－４,0263-36-2674,,中村　賢
1414,962,2014,プレンティ友,3900803,長野県松本市元町１－７－４,0263-36-2674,,中村　賢
1415,963,2010,メゾン蟻ケ崎,3900861,長野県松本市蟻ケ崎１－４－７,0263-36-1595,,長崎　光伸
1415,963,2011,メゾン蟻ケ崎,3900861,長野県松本市蟻ケ崎１－４－７,0263-36-1595,,長崎　光伸
1415,963,2012,メゾン蟻ケ崎,3900861,長野県松本市蟻ケ崎１－４－７,0263-36-1595,,長崎　光伸
1415,963,2013,メゾン蟻ケ崎,3900861,長野県松本市蟻ケ崎１－４－７,0263-36-1595,,長崎　光伸
1415,963,2014,メゾン蟻ケ崎,3900861,長野県松本市蟻ケ崎１－４－７,0263-36-1595,,長崎　光伸
1416,964,2011,女渕砂原公民館,3997701,長野県東筑摩郡麻績村麻３９０,0263-67-3106,,桐山　清登
1416,964,2014,女渕砂原公民館,3997701,長野県東筑摩郡麻績村麻３９０,0263-67-3106,,桐山　清登
1417,965,2010,株式会社エス・アイ・シー,3901301,長野県東筑摩郡山形村２６７４－１,0263-97-1551,,横尾　淳
1417,965,2011,株式会社エス・アイ・シー,3901301,長野県東筑摩郡山形村２６７４－１,0263-97-1551,,横尾　淳
1417,965,2012,株式会社エス・アイ・シー,3901301,長野県東筑摩郡山形村２６７４－１,0263-97-1551,,横尾　淳
1417,965,2013,株式会社エス・アイ・シー,3901301,長野県東筑摩郡山形村２６７４－１,0263-97-1551,,横尾　淳
1417,965,2014,株式会社エス・アイ・シー,3901301,長野県東筑摩郡山形村２６７４－１,0263-97-1551,,横尾　淳
1418,564,2010,白樺の家鵜山ケアホームⅡ,3998603,北安曇郡池田町中鵜３０６５－１,0261-62-6741,,山本さん
1418,564,2011,白樺の家鵜山ケアホームⅡ,3998603,北安曇郡池田町中鵜３０６５－１,0261-62-6741,,山本さん
1418,564,2012,白樺の家鵜山ケアホームⅡ,3998603,北安曇郡池田町中鵜３０６５－１,0261-62-6741,,山本さん
1418,564,2013,白樺の家鵜山ケアホームⅡ,3998603,北安曇郡池田町中鵜３０６５－１,0261-62-6741,,山本さん
1418,564,2014,白樺の家鵜山ケアホームⅡ,3998603,北安曇郡池田町中鵜３０６５－１,0261-62-6741,,山本さん
1419,966,2010,丑山自動車有限会社,3998101,長野県安曇野市三郷明盛4767-1,0263-76-0055,0263-76-0033,丑山社長
1419,966,2011,丑山自動車有限会社,3998101,長野県安曇野市三郷明盛4767-1,0263-76-0055,0263-76-0033,丑山社長
1419,966,2012,丑山自動車有限会社,3998101,長野県安曇野市三郷明盛4767-1,0263-76-0055,0263-76-0033,丑山社長
1419,966,2013,丑山自動車有限会社,3998101,長野県安曇野市三郷明盛4767-1,0263-76-0055,0263-76-0033,丑山社長
1419,966,2014,丑山自動車有限会社,3998101,長野県安曇野市三郷明盛4767-1,0263-76-0055,0263-76-0033,丑山社長
1421,579,2010,折井クリニック,3900863,長野県松本市白板１－３－７,0263-32-0305,,専務
1421,579,2011,折井クリニック,3900863,長野県松本市白板１－３－７,0263-32-0305,,専務
1421,579,2012,折井クリニック,3900863,長野県松本市白板１－３－７,0263-32-0305,,専務
1421,579,2013,折井クリニック,3900863,長野県松本市白板１－３－７,0263-32-0305,,専務
1421,579,2014,折井クリニック,3900863,長野県松本市白板１－３－７,0263-32-0305,,専務
1423,968,2010,品川内科医院,3990033,長野県松本市笹賀５５２６－１２,0263-28-3313,,品川道江
1423,968,2011,品川内科医院,3990033,長野県松本市笹賀５５２６－１２,0263-28-3313,,品川道江
1423,968,2012,品川内科医院,3990033,長野県松本市笹賀５５２６－１２,0263-28-3313,,品川道江
1423,968,2013,品川内科医院,3990033,長野県松本市笹賀５５２６－１２,0263-28-3313,,品川道江
1423,968,2014,品川内科医院,3990033,長野県松本市笹賀５５２６－１２,0263-28-3313,,品川道江
1425,961,2010,会田ハイツ,3998303,長野県安曇野市穂高５３７１－４,0263-82-2408,,和田さん
1425,961,2011,会田ハイツ,3998303,長野県安曇野市穂高５３７１－４,0263-82-2408,,和田さん
1425,961,2012,会田ハイツ,3998303,長野県安曇野市穂高５３７１－４,0263-82-2408,,和田さん
1425,961,2013,会田ハイツ,3998303,長野県安曇野市穂高５３７１－４,0263-82-2408,,和田さん
1425,961,2014,会田ハイツ,3998303,長野県安曇野市穂高５３７１－４,0263-82-2408,,和田さん
1426,274,2010,スポーツネットワーク　ＳＡＭ石芝,3990007,長野県松本市石芝４丁目１－１,0263-27-5210,0263-27-2937,百瀬室長
1426,274,2011,スポーツネットワーク　ＳＡＭ石芝,3990007,長野県松本市石芝４丁目１－１,0263-27-5210,0263-27-2937,百瀬室長
1426,274,2012,スポーツネットワーク　ＳＡＭ石芝,3990007,長野県松本市石芝４丁目１－１,0263-27-5210,0263-27-2937,百瀬室長
1426,274,2013,スポーツネットワーク　ＳＡＭ石芝,3990007,長野県松本市石芝４丁目１－１,0263-27-5210,0263-27-2937,百瀬室長
1426,274,2014,スポーツネットワーク　ＳＡＭ石芝,3990007,長野県松本市石芝４丁目１－１,0263-27-5210,0263-27-2937,百瀬室長
1427,343,2010,東信マーケットサービスセンター,3890514,長野県東御市加沢字原４６０６－１,0268-64-8620,,
1427,343,2011,東信マーケットサービスセンター,3890514,長野県東御市加沢字原４６０６－１,0268-64-8620,,
1427,343,2012,東信マーケットサービスセンター,3890514,長野県東御市加沢字原４６０６－１,0268-64-8620,,
1427,343,2013,東信マーケットサービスセンター,3890514,長野県東御市加沢字原４６０６－１,0268-64-8620,,
1427,343,2014,東信マーケットサービスセンター,3890514,長野県東御市加沢字原４６０６－１,0268-64-8620,,
1428,343,2010,飯田寮,3950015,長野県飯田市三日市場１１５９－１,,,
1428,343,2011,飯田寮,3950015,長野県飯田市三日市場１１５９－１,,,
1428,343,2012,飯田寮,3950015,長野県飯田市三日市場１１５９－１,,,
1428,343,2013,飯田寮,3950015,長野県飯田市三日市場１１５９－１,,,
1428,343,2014,飯田寮,3950015,長野県飯田市三日市場１１５９－１,,,
1429,343,2010,長野寮,3800913,長野県長野市川合新田３７０－６５,,,
1429,343,2011,長野寮,3800913,長野県長野市川合新田３７０－６５,,,
1429,343,2012,長野寮,3800913,長野県長野市川合新田３７０－６５,,,
1429,343,2013,長野寮,3800913,長野県長野市川合新田３７０－６５,,,
1429,343,2014,長野寮,3800913,長野県長野市川合新田３７０－６５,,,
1432,969,2010,長野県消防防災航空センター,3901132,長野県松本市空港東９０３０,0263-85-5512,0263-85-5513,味岡さん
1432,969,2011,長野県消防防災航空センター,3901132,長野県松本市空港東９０３０,0263-85-5512,0263-85-5513,味岡さん
1432,969,2012,長野県消防防災航空センター,3901132,長野県松本市空港東９０３０,0263-85-5512,0263-85-5513,味岡さん
1432,969,2013,長野県消防防災航空センター,3901132,長野県松本市空港東９０３０,0263-85-5512,0263-85-5513,味岡さん
1432,969,2014,長野県消防防災航空センター,3901132,長野県松本市空港東９０３０,0263-85-5512,0263-85-5513,味岡さん
1433,970,2010,長野県野菜花き試験場,3996461,長野県塩尻市宗賀１０６６－１,0263-52-1148,,山本さん
1433,970,2011,長野県野菜花き試験場,3996461,長野県塩尻市宗賀１０６６－１,0263-52-1148,,山本さん
1433,970,2012,長野県野菜花き試験場,3996461,長野県塩尻市宗賀１０６６－１,0263-52-1148,,山本さん
1433,970,2013,長野県野菜花き試験場,3996461,長野県塩尻市宗賀１０６６－１,0263-52-1148,,山本さん
1433,970,2014,長野県野菜花き試験場,3996461,長野県塩尻市宗賀１０６６－１,0263-52-1148,,山本さん
1434,948,2010,松本シネマライツ,3900834,長野県松本市高宮中１１６－２,0263-36-2118,0263-36-5211,宮澤さん
1434,948,2011,松本シネマライツ,3900834,長野県松本市高宮中１１６－２,0263-36-2118,0263-36-5211,宮澤さん
1434,948,2012,松本シネマライツ,3900834,長野県松本市高宮中１１６－２,0263-36-2118,0263-36-5211,宮澤さん
1434,948,2013,松本シネマライツ,3900834,長野県松本市高宮中１１６－２,0263-36-2118,0263-36-5211,宮澤さん
1434,948,2014,松本シネマライツ,3900834,長野県松本市高宮中１１６－２,0263-36-2118,0263-36-5211,宮澤さん
1435,333,2010,吉田倉庫Ａ・Ｂ棟,,,0263-51-6330,,草間課長
1435,333,2011,吉田倉庫Ａ・Ｂ棟,,,0263-51-6330,,草間課長
1435,333,2012,吉田倉庫Ａ・Ｂ棟,,,0263-51-6330,,草間課長
1435,333,2013,吉田倉庫Ａ・Ｂ棟,,,0263-51-6330,,草間課長
1435,333,2014,吉田倉庫Ａ・Ｂ棟,,,0263-51-6330,,草間課長
1436,333,2010,小坂田倉庫,,,0263-51-6330,,草間課長
1436,333,2011,小坂田倉庫,,,0263-51-6330,,草間課長
1436,333,2012,小坂田倉庫,,,0263-51-6330,,草間課長
1436,333,2013,小坂田倉庫,,,0263-51-6330,,草間課長
1436,333,2014,小坂田倉庫,,,0263-51-6330,,草間課長
1440,971,2010,ヴィラ・デ・マリアージュ　松本,3900862,長野県松本市宮渕１－１－１,0263-38-4122,0263-38-4120,宮尾マネージャー
1440,971,2011,ヴィラ・デ・マリアージュ　松本,3900862,長野県松本市宮渕１－１－１,0263-38-4122,0263-38-4120,宮尾マネージャー
1440,971,2012,ヴィラ・デ・マリアージュ　松本,3900862,長野県松本市宮渕１－１－１,0263-38-4122,0263-38-4120,宮尾マネージャー
1440,971,2013,ヴィラ・デ・マリアージュ　松本,3900862,長野県松本市宮渕１－１－１,0263-38-4122,0263-38-4120,宮尾マネージャー
1440,971,2014,ヴィラ・デ・マリアージュ　松本,3900862,長野県松本市宮渕１－１－１,0263-38-4122,0263-38-4120,宮尾マネージャー
1441,972,2010,長野県立こども病院,3998205,長野県安曇野市豊科３１００,0263-73-6700,,望月さん
1441,972,2011,長野県立こども病院,3998205,長野県安曇野市豊科３１００,0263-73-6700,,望月さん
1441,972,2012,長野県立こども病院,3998205,長野県安曇野市豊科３１００,0263-73-6700,,望月さん
1441,972,2013,長野県立こども病院,3998205,長野県安曇野市豊科３１００,0263-73-6700,,望月さん
1441,972,2014,長野県立こども病院,3998205,長野県安曇野市豊科３１００,0263-73-6700,,望月さん
1444,974,2010,株式会社安曇野漬物,3998201,長野県安曇野市豊科南穂高４４２２,0263-73-5900,0263-73-8620,長谷川室長
1444,974,2011,株式会社安曇野漬物,3998201,長野県安曇野市豊科南穂高４４２２,0263-73-5900,0263-73-8620,長谷川室長
1444,974,2012,株式会社安曇野漬物,3998201,長野県安曇野市豊科南穂高４４２２,0263-73-5900,0263-73-8620,長谷川室長
1444,974,2013,株式会社安曇野漬物,3998201,長野県安曇野市豊科南穂高４４２２,0263-73-5900,0263-73-8620,長谷川室長
1444,974,2014,株式会社安曇野漬物,3998201,長野県安曇野市豊科南穂高４４２２,0263-73-5900,0263-73-8620,長谷川室長
1445,973,2010,有限会社あづみ野食品,3998201,長野県安曇野市豊科南穂高４５６０,0263-71-2600,0263-71-2700,太田部長
1445,973,2011,有限会社あづみ野食品,3998201,長野県安曇野市豊科南穂高４５６０,0263-71-2600,0263-71-2700,太田部長
1445,973,2012,有限会社あづみ野食品,3998201,長野県安曇野市豊科南穂高４５６０,0263-71-2600,0263-71-2700,太田部長
1445,973,2013,有限会社あづみ野食品,3998201,長野県安曇野市豊科南穂高４５６０,0263-71-2600,0263-71-2700,太田部長
1445,973,2014,有限会社あづみ野食品,3998201,長野県安曇野市豊科南穂高４５６０,0263-71-2600,0263-71-2700,太田部長
1447,975,2010,グランドヴィレッジ,3990702,長野県塩尻市広丘野村１７２２－９,0263-26-5777,,土肥社長
1447,975,2011,グランドヴィレッジ,3990702,長野県塩尻市広丘野村１７２２－９,0263-26-5777,,土肥社長
1447,975,2012,グランドヴィレッジ,3990702,長野県塩尻市広丘野村１７２２－９,0263-26-5777,,土肥社長
1447,975,2013,グランドヴィレッジ,3990702,長野県塩尻市広丘野村１７２２－９,0263-26-5777,,土肥社長
1447,975,2014,グランドヴィレッジ,3990702,長野県塩尻市広丘野村１７２２－９,0263-26-5777,,土肥社長
1448,976,2010,㈱関東甲信クボタ　大北営業所,3980004,長野県大町市常盤３７９９－９１,0261-22-4841,0261-21-1166,三枝　忠
1448,976,2011,㈱関東甲信クボタ　大北営業所,3980004,長野県大町市常盤３７９９－９１,0261-22-4841,0261-21-1166,三枝　忠
1448,976,2012,㈱関東甲信クボタ　大北営業所,3980004,長野県大町市常盤３７９９－９１,0261-22-4841,0261-21-1166,三枝　忠
1448,976,2013,㈱関東甲信クボタ　大北営業所,3980004,長野県大町市常盤３７９９－９１,0261-22-4841,0261-21-1166,三枝　忠
1448,976,2014,㈱関東甲信クボタ　大北営業所,3980004,長野県大町市常盤３７９９－９１,0261-22-4841,0261-21-1166,三枝　忠
1449,976,2010,㈱関東甲信クボタ　あづみ営業所,3998304,長野県安曇野市穂高柏原２８４３－１,0263-82-3530,0263-82-9802,高山　秀明
1449,976,2011,㈱関東甲信クボタ　あづみ営業所,3998304,長野県安曇野市穂高柏原２８４３－１,0263-82-3530,0263-82-9802,高山　秀明
1449,976,2012,㈱関東甲信クボタ　あづみ営業所,3998304,長野県安曇野市穂高柏原２８４３－１,0263-82-3530,0263-82-9802,高山　秀明
1449,976,2013,㈱関東甲信クボタ　あづみ営業所,3998304,長野県安曇野市穂高柏原２８４３－１,0263-82-3530,0263-82-9802,高山　秀明
1449,976,2014,㈱関東甲信クボタ　あづみ営業所,3998304,長野県安曇野市穂高柏原２８４３－１,0263-82-3530,0263-82-9802,高山　秀明
1450,976,2010,㈱関東甲信クボタ　麻績営業所,3997701,長野県東筑摩郡麻績村麻字荒井３４６４－５,0263-67-2319,0263-67-1067,塚原　千博
1450,976,2011,㈱関東甲信クボタ　麻績営業所,3997701,長野県東筑摩郡麻績村麻字荒井３４６４－５,0263-67-2319,0263-67-1067,塚原　千博
1450,976,2012,㈱関東甲信クボタ　麻績営業所,3997701,長野県東筑摩郡麻績村麻字荒井３４６４－５,0263-67-2319,0263-67-1067,塚原　千博
1450,976,2013,㈱関東甲信クボタ　麻績営業所,3997701,長野県東筑摩郡麻績村麻字荒井３４６４－５,0263-67-2319,0263-67-1067,塚原　千博
1450,976,2014,㈱関東甲信クボタ　麻績営業所,3997701,長野県東筑摩郡麻績村麻字荒井３４６４－５,0263-67-2319,0263-67-1067,塚原　千博
1451,976,2010,㈱関東甲信クボタ　塩尻営業所,3990703,長野県塩尻市広丘高出１５５２－３,0263-52-0369,0263-52-6299,小口　正剛
1451,976,2011,㈱関東甲信クボタ　塩尻営業所,3990703,長野県塩尻市広丘高出１５５２－３,0263-52-0369,0263-52-6299,小口　正剛
1451,976,2012,㈱関東甲信クボタ　塩尻営業所,3990703,長野県塩尻市広丘高出１５５２－３,0263-52-0369,0263-52-6299,小口　正剛
1451,976,2013,㈱関東甲信クボタ　塩尻営業所,3990703,長野県塩尻市広丘高出１５５２－３,0263-52-0369,0263-52-6299,小口　正剛
1451,976,2014,㈱関東甲信クボタ　塩尻営業所,3990703,長野県塩尻市広丘高出１５５２－３,0263-52-0369,0263-52-6299,小口　正剛
1452,976,2010,㈱関東甲信クボタ　木曽営業所,3970000,長野県木曽郡木曽町福島２８６４,0264-22-3512,0264-21-1067,下村　幸広
1452,976,2011,㈱関東甲信クボタ　木曽営業所,3970000,長野県木曽郡木曽町福島２８６４,0264-22-3512,0264-21-1067,下村　幸広
1452,976,2012,㈱関東甲信クボタ　木曽営業所,3970000,長野県木曽郡木曽町福島２８６４,0264-22-3512,0264-21-1067,下村　幸広
1452,976,2013,㈱関東甲信クボタ　木曽営業所,3970000,長野県木曽郡木曽町福島２８６４,0264-22-3512,0264-21-1067,下村　幸広
1452,976,2014,㈱関東甲信クボタ　木曽営業所,3970000,長野県木曽郡木曽町福島２８６４,0264-22-3512,0264-21-1067,下村　幸広
1455,976,2010,㈱関東甲信クボタ　駒ヶ根営業所,3994117,長野県駒ケ根市赤穂４９７－５８５,0265-82-2511,0265-81-1029,小松原　克三
1455,976,2011,㈱関東甲信クボタ　駒ヶ根営業所,3994117,長野県駒ケ根市赤穂４９７－５８５,0265-82-2511,0265-81-1029,小松原　克三
1455,976,2012,㈱関東甲信クボタ　駒ヶ根営業所,3994117,長野県駒ケ根市赤穂４９７－５８５,0265-82-2511,0265-81-1029,小松原　克三
1455,976,2013,㈱関東甲信クボタ　駒ヶ根営業所,3994117,長野県駒ケ根市赤穂４９７－５８５,0265-82-2511,0265-81-1029,小松原　克三
1455,976,2014,㈱関東甲信クボタ　駒ヶ根営業所,3994117,長野県駒ケ根市赤穂４９７－５８５,0265-82-2511,0265-81-1029,小松原　克三
1456,976,2010,㈱関東甲信クボタ　伊那営業所,3960011,長野県伊那市中央５０８７－１,0265-72-4550,0265-72-0010,平澤　浩之
1456,976,2011,㈱関東甲信クボタ　伊那営業所,3960011,長野県伊那市中央５０８７－１,0265-72-4550,0265-72-0010,平澤　浩之
1456,976,2012,㈱関東甲信クボタ　伊那営業所,3960011,長野県伊那市中央５０８７－１,0265-72-4550,0265-72-0010,平澤　浩之
1456,976,2013,㈱関東甲信クボタ　伊那営業所,3960011,長野県伊那市中央５０８７－１,0265-72-4550,0265-72-0010,平澤　浩之
1456,976,2014,㈱関東甲信クボタ　伊那営業所,3960011,長野県伊那市中央５０８７－１,0265-72-4550,0265-72-0010,平澤　浩之
1457,976,2010,㈱関東甲信クボタ　みのわ営業所,3994601,長野県上伊那郡箕輪町中箕輪１０８００,0265-79-2363,0265-79-0220,堀内　章男
1457,976,2011,㈱関東甲信クボタ　みのわ営業所,3994601,長野県上伊那郡箕輪町中箕輪１０８００,0265-79-2363,0265-79-0220,堀内　章男
1457,976,2012,㈱関東甲信クボタ　みのわ営業所,3994601,長野県上伊那郡箕輪町中箕輪１０８００,0265-79-2363,0265-79-0220,堀内　章男
1457,976,2013,㈱関東甲信クボタ　みのわ営業所,3994601,長野県上伊那郡箕輪町中箕輪１０８００,0265-79-2363,0265-79-0220,堀内　章男
1457,976,2014,㈱関東甲信クボタ　みのわ営業所,3994601,長野県上伊那郡箕輪町中箕輪１０８００,0265-79-2363,0265-79-0220,堀内　章男
1458,976,2010,㈱関東甲信クボタ　茅野営業所,3910003,長野県茅野市本町東４９８５－１,0266-72-0655,0266-71-1312,中村　春二
1458,976,2011,㈱関東甲信クボタ　茅野営業所,3910003,長野県茅野市本町東４９８５－１,0266-72-0655,0266-71-1312,中村　春二
1458,976,2012,㈱関東甲信クボタ　茅野営業所,3910003,長野県茅野市本町東４９８５－１,0266-72-0655,0266-71-1312,中村　春二
1458,976,2013,㈱関東甲信クボタ　茅野営業所,3910003,長野県茅野市本町東４９８５－１,0266-72-0655,0266-71-1312,中村　春二
1458,976,2014,㈱関東甲信クボタ　茅野営業所,3910003,長野県茅野市本町東４９８５－１,0266-72-0655,0266-71-1312,中村　春二
1459,976,2010,㈱関東甲信クボタ　飯山営業所,3892253,長野県飯山市飯山大道西５２８９－６,0269-62-2093,0269-81-1091,小林　茂美
1459,976,2011,㈱関東甲信クボタ　飯山営業所,3892253,長野県飯山市飯山大道西５２８９－６,0269-62-2093,0269-81-1091,小林　茂美
1459,976,2012,㈱関東甲信クボタ　飯山営業所,3892253,長野県飯山市飯山大道西５２８９－６,0269-62-2093,0269-81-1091,小林　茂美
1459,976,2013,㈱関東甲信クボタ　飯山営業所,3892253,長野県飯山市飯山大道西５２８９－６,0269-62-2093,0269-81-1091,小林　茂美
1459,976,2014,㈱関東甲信クボタ　飯山営業所,3892253,長野県飯山市飯山大道西５２８９－６,0269-62-2093,0269-81-1091,小林　茂美
1460,976,2010,㈱関東甲信クボタ　信濃町営業所,3891314,長野県上水内郡信濃町穂波１９６７－１,026-255-4632,026-251-7091,戸谷　強
1460,976,2011,㈱関東甲信クボタ　信濃町営業所,3891314,長野県上水内郡信濃町穂波１９６７－１,026-255-4632,026-251-7091,戸谷　強
1460,976,2012,㈱関東甲信クボタ　信濃町営業所,3891314,長野県上水内郡信濃町穂波１９６７－１,026-255-4632,026-251-7091,戸谷　強
1460,976,2013,㈱関東甲信クボタ　信濃町営業所,3891314,長野県上水内郡信濃町穂波１９６７－１,026-255-4632,026-251-7091,戸谷　強
1460,976,2014,㈱関東甲信クボタ　信濃町営業所,3891314,長野県上水内郡信濃町穂波１９６７－１,026-255-4632,026-251-7091,戸谷　強
1461,976,2010,㈱関東甲信クボタ　中野営業所,3830051,長野県中野市七瀬３１４－１,0269-22-4651,0269-24-1443,田村　聡志
1461,976,2011,㈱関東甲信クボタ　中野営業所,3830051,長野県中野市七瀬３１４－１,0269-22-4651,0269-24-1443,田村　聡志
1461,976,2012,㈱関東甲信クボタ　中野営業所,3830051,長野県中野市七瀬３１４－１,0269-22-4651,0269-24-1443,田村　聡志
1461,976,2013,㈱関東甲信クボタ　中野営業所,3830051,長野県中野市七瀬３１４－１,0269-22-4651,0269-24-1443,田村　聡志
1461,976,2014,㈱関東甲信クボタ　中野営業所,3830051,長野県中野市七瀬３１４－１,0269-22-4651,0269-24-1443,田村　聡志
1462,976,2010,㈱関東甲信クボタ　長野推進課,3812205,長野県長野市青木島町大塚１０９８,026-283-1234,026-291-1779,内山　富一郎
1462,976,2011,㈱関東甲信クボタ　長野推進課,3812205,長野県長野市青木島町大塚１０９８,026-283-1234,026-291-1779,内山　富一郎
1462,976,2012,㈱関東甲信クボタ　長野推進課,3812205,長野県長野市青木島町大塚１０９８,026-283-1234,026-291-1779,内山　富一郎
1462,976,2013,㈱関東甲信クボタ　長野推進課,3812205,長野県長野市青木島町大塚１０９８,026-283-1234,026-291-1779,内山　富一郎
1462,976,2014,㈱関東甲信クボタ　長野推進課,3812205,長野県長野市青木島町大塚１０９８,026-283-1234,026-291-1779,内山　富一郎
1463,976,2010,㈱関東甲信クボタ　長野営業所,3888006,長野県長野市篠ノ井御幣川１００６－１,026-292-3155,026-261-1441,小宮山　勇
1463,976,2011,㈱関東甲信クボタ　長野営業所,3888006,長野県長野市篠ノ井御幣川１００６－１,026-292-3155,026-261-1441,小宮山　勇
1463,976,2012,㈱関東甲信クボタ　長野営業所,3888006,長野県長野市篠ノ井御幣川１００６－１,026-292-3155,026-261-1441,小宮山　勇
1463,976,2013,㈱関東甲信クボタ　長野営業所,3888006,長野県長野市篠ノ井御幣川１００６－１,026-292-3155,026-261-1441,小宮山　勇
1463,976,2014,㈱関東甲信クボタ　長野営業所,3888006,長野県長野市篠ノ井御幣川１００６－１,026-292-3155,026-261-1441,小宮山　勇
1464,976,2010,㈱関東甲信クボタ　甲信事業部,3901242,長野県松本市和田南西原３９６７－８,0263-48-1234,0263-48-1244,深谷　弘明
1464,976,2011,㈱関東甲信クボタ　甲信事業部,3901242,長野県松本市和田南西原３９６７－８,0263-48-1234,0263-48-1244,深谷　弘明
1464,976,2012,㈱関東甲信クボタ　甲信事業部,3901242,長野県松本市和田南西原３９６７－８,0263-48-1234,0263-48-1244,深谷　弘明
1464,976,2013,㈱関東甲信クボタ　甲信事業部,3901242,長野県松本市和田南西原３９６７－８,0263-48-1234,0263-48-1244,深谷　弘明
1464,976,2014,㈱関東甲信クボタ　甲信事業部,3901242,長野県松本市和田南西原３９６７－８,0263-48-1234,0263-48-1244,深谷　弘明
1465,976,2010,㈱関東甲信クボタ　上田営業所,3860412,長野県小県郡丸子町御嶽堂２５１５－８,0268-42-4000,0268-42-7466,小宮山　悟
1465,976,2011,㈱関東甲信クボタ　上田営業所,3860412,長野県小県郡丸子町御嶽堂２５１５－８,0268-42-4000,0268-42-7466,小宮山　悟
1465,976,2012,㈱関東甲信クボタ　上田営業所,3860412,長野県小県郡丸子町御嶽堂２５１５－８,0268-42-4000,0268-42-7466,小宮山　悟
1465,976,2013,㈱関東甲信クボタ　上田営業所,3860412,長野県小県郡丸子町御嶽堂２５１５－８,0268-42-4000,0268-42-7466,小宮山　悟
1465,976,2014,㈱関東甲信クボタ　上田営業所,3860412,長野県小県郡丸子町御嶽堂２５１５－８,0268-42-4000,0268-42-7466,小宮山　悟
1466,976,2010,㈱関東甲信クボタ　甲府営業所,4001508,山梨県下曽根町字横田４２４－１,055-298-6800,055-298-6650,河野　均
1466,976,2011,㈱関東甲信クボタ　甲府営業所,4001508,山梨県下曽根町字横田４２４－１,055-298-6800,055-298-6650,河野　均
1466,976,2012,㈱関東甲信クボタ　甲府営業所,4001508,山梨県下曽根町字横田４２４－１,055-298-6800,055-298-6650,河野　均
1466,976,2013,㈱関東甲信クボタ　甲府営業所,4001508,山梨県下曽根町字横田４２４－１,055-298-6800,055-298-6650,河野　均
1466,976,2014,㈱関東甲信クボタ　甲府営業所,4001508,山梨県下曽根町字横田４２４－１,055-298-6800,055-298-6650,河野　均
1467,976,2010,㈱関東甲信クボタ　佐久営業所,3850025,長野県佐久市塚原１０６８,0267-68-2220,0267-66-1559,江原　信一
1467,976,2011,㈱関東甲信クボタ　佐久営業所,3850025,長野県佐久市塚原１０６８,0267-68-2220,0267-66-1559,江原　信一
1467,976,2012,㈱関東甲信クボタ　佐久営業所,3850025,長野県佐久市塚原１０６８,0267-68-2220,0267-66-1559,江原　信一
1467,976,2013,㈱関東甲信クボタ　佐久営業所,3850025,長野県佐久市塚原１０６８,0267-68-2220,0267-66-1559,江原　信一
1467,976,2014,㈱関東甲信クボタ　佐久営業所,3850025,長野県佐久市塚原１０６８,0267-68-2220,0267-66-1559,江原　信一
1468,976,2010,㈱関東甲信クボタ　小海営業所,3841103,長野県南佐久郡小海町豊里２００８－１,0267-92-2500,0267-91-2038,岡部　俊松
1468,976,2011,㈱関東甲信クボタ　小海営業所,3841103,長野県南佐久郡小海町豊里２００８－１,0267-92-2500,0267-91-2038,岡部　俊松
1468,976,2012,㈱関東甲信クボタ　小海営業所,3841103,長野県南佐久郡小海町豊里２００８－１,0267-92-2500,0267-91-2038,岡部　俊松
1468,976,2013,㈱関東甲信クボタ　小海営業所,3841103,長野県南佐久郡小海町豊里２００８－１,0267-92-2500,0267-91-2038,岡部　俊松
1468,976,2014,㈱関東甲信クボタ　小海営業所,3841103,長野県南佐久郡小海町豊里２００８－１,0267-92-2500,0267-91-2038,岡部　俊松
1469,976,2010,㈱関東甲信クボタ　川上営業所,3841405,長野県南佐久郡川上村大深山１１２４－４,0267-97-2558,0267-97-3907,江元　憲次
1469,976,2011,㈱関東甲信クボタ　川上営業所,3841405,長野県南佐久郡川上村大深山１１２４－４,0267-97-2558,0267-97-3907,江元　憲次
1469,976,2012,㈱関東甲信クボタ　川上営業所,3841405,長野県南佐久郡川上村大深山１１２４－４,0267-97-2558,0267-97-3907,江元　憲次
1469,976,2013,㈱関東甲信クボタ　川上営業所,3841405,長野県南佐久郡川上村大深山１１２４－４,0267-97-2558,0267-97-3907,江元　憲次
1469,976,2014,㈱関東甲信クボタ　川上営業所,3841405,長野県南佐久郡川上村大深山１１２４－４,0267-97-2558,0267-97-3907,江元　憲次
1471,976,2010,㈱関東甲信クボタ　韮崎営業所,4070024,山梨県韮崎市本町４－７－３０,0551-22-2544,0551-22-2544,三井　隆晴
1471,976,2011,㈱関東甲信クボタ　韮崎営業所,4070024,山梨県韮崎市本町４－７－３０,0551-22-2544,0551-22-2544,三井　隆晴
1471,976,2012,㈱関東甲信クボタ　韮崎営業所,4070024,山梨県韮崎市本町４－７－３０,0551-22-2544,0551-22-2544,三井　隆晴
1471,976,2013,㈱関東甲信クボタ　韮崎営業所,4070024,山梨県韮崎市本町４－７－３０,0551-22-2544,0551-22-2544,三井　隆晴
1471,976,2014,㈱関東甲信クボタ　韮崎営業所,4070024,山梨県韮崎市本町４－７－３０,0551-22-2544,0551-22-2544,三井　隆晴
1472,976,2010,㈱関東甲信クボタ　長坂営業所,4080034,山梨県北杜市長坂町大八田３９２２－１,0551-32-2405,0551-32-2405,小泉　昌司
1472,976,2011,㈱関東甲信クボタ　長坂営業所,4080034,山梨県北杜市長坂町大八田３９２２－１,0551-32-2405,0551-32-2405,小泉　昌司
1472,976,2012,㈱関東甲信クボタ　長坂営業所,4080034,山梨県北杜市長坂町大八田３９２２－１,0551-32-2405,0551-32-2405,小泉　昌司
1472,976,2013,㈱関東甲信クボタ　長坂営業所,4080034,山梨県北杜市長坂町大八田３９２２－１,0551-32-2405,0551-32-2405,小泉　昌司
1472,976,2014,㈱関東甲信クボタ　長坂営業所,4080034,山梨県北杜市長坂町大八田３９２２－１,0551-32-2405,0551-32-2405,小泉　昌司
1473,317,2010,有明の森保育園,3998301,長野県安曇野市穂高有明２１０５－２７４,0263-83-2104,0263-83-2104,久保田部長
1473,317,2011,有明の森保育園,3998301,長野県安曇野市穂高有明２１０５－２７４,0263-83-2104,0263-83-2104,久保田部長
1473,317,2012,有明の森保育園,3998301,長野県安曇野市穂高有明２１０５－２７４,0263-83-2104,0263-83-2104,久保田部長
1473,317,2013,有明の森保育園,3998301,長野県安曇野市穂高有明２１０５－２７４,0263-83-2104,0263-83-2104,久保田部長
1473,317,2014,有明の森保育園,3998301,長野県安曇野市穂高有明２１０５－２７４,0263-83-2104,0263-83-2104,久保田部長
1474,317,2010,有明あおぞら保育園,3998301,長野県安曇野市穂高有明９５１１,0263-84-5020,0263-83-8767,久保田部長
1474,317,2011,有明あおぞら保育園,3998301,長野県安曇野市穂高有明９５１１,0263-84-5020,0263-83-8767,久保田部長
1474,317,2012,有明あおぞら保育園,3998301,長野県安曇野市穂高有明９５１１,0263-84-5020,0263-83-8767,久保田部長
1474,317,2013,有明あおぞら保育園,3998301,長野県安曇野市穂高有明９５１１,0263-84-5020,0263-83-8767,久保田部長
1474,317,2014,有明あおぞら保育園,3998301,長野県安曇野市穂高有明９５１１,0263-84-5020,0263-83-8767,久保田部長
1475,317,2010,医療法人山田眼科医院,3998205,長野県安曇野市豊科６２５－１,0263-73-5060,,久保田部長
1475,317,2011,医療法人山田眼科医院,3998205,長野県安曇野市豊科６２５－１,0263-73-5060,,久保田部長
1475,317,2012,医療法人山田眼科医院,3998205,長野県安曇野市豊科６２５－１,0263-73-5060,,久保田部長
1475,317,2013,医療法人山田眼科医院,3998205,長野県安曇野市豊科６２５－１,0263-73-5060,,久保田部長
1475,317,2014,医療法人山田眼科医院,3998205,長野県安曇野市豊科６２５－１,0263-73-5060,,久保田部長
1476,317,2010,松本昭電エンジニアリング株式会社　本社・第２工場,3900851,長野県松本市島内５１６２－１,0263-47-010,0263-47-0740,久保田部長
1476,317,2011,松本昭電エンジニアリング株式会社　本社・第２工場,3900851,長野県松本市島内５１６２－１,0263-47-010,0263-47-0740,久保田部長
1476,317,2012,松本昭電エンジニアリング株式会社　本社・第２工場,3900851,長野県松本市島内５１６２－１,0263-47-010,0263-47-0740,久保田部長
1476,317,2013,松本昭電エンジニアリング株式会社　本社・第２工場,3900851,長野県松本市島内５１６２－１,0263-47-010,0263-47-0740,久保田部長
1476,317,2014,松本昭電エンジニアリング株式会社　本社・第２工場,3900851,長野県松本市島内５１６２－１,0263-47-010,0263-47-0740,久保田部長
1477,317,2010,松本タウンパーキング,3900815,長野県松本市深志２－５－２７,0263-36-3751,,久保田部長
1477,317,2011,松本タウンパーキング,3900815,長野県松本市深志２－５－２７,0263-36-3751,,久保田部長
1477,317,2012,松本タウンパーキング,3900815,長野県松本市深志２－５－２７,0263-36-3751,,久保田部長
1477,317,2013,松本タウンパーキング,3900815,長野県松本市深志２－５－２７,0263-36-3751,,久保田部長
1477,317,2014,松本タウンパーキング,3900815,長野県松本市深志２－５－２７,0263-36-3751,,久保田部長
1478,977,2011,シティ　フラット,3900813,長野県松本市埋橋１－９７６－１４,0263-32-3463,,花岡　洋介
1478,977,2014,シティ　フラット,3900813,長野県松本市埋橋１－９７６－１４,0263-32-3463,,花岡　洋介
1480,978,2010,興龍寺,3996462,長野県塩尻市洗馬下小曽部４８８３,0263-25-7752,0263-27-1302,社長
1480,978,2011,興龍寺,3996462,長野県塩尻市洗馬下小曽部４８８３,0263-25-7752,0263-27-1302,社長
1480,978,2012,興龍寺,3996462,長野県塩尻市洗馬下小曽部４８８３,0263-25-7752,0263-27-1302,社長
1480,978,2013,興龍寺,3996462,長野県塩尻市洗馬下小曽部４８８３,0263-25-7752,0263-27-1302,社長
1480,978,2014,興龍寺,3996462,長野県塩尻市洗馬下小曽部４８８３,0263-25-7752,0263-27-1302,社長
1482,979,2010,大嘉産業株式会社,3998304,長野県安曇野市穂高柏原２６９８－１,0263-81-3720,,浅川さん
1482,979,2011,大嘉産業株式会社,3998304,長野県安曇野市穂高柏原２６９８－１,0263-81-3720,,浅川さん
1482,979,2012,大嘉産業株式会社,3998304,長野県安曇野市穂高柏原２６９８－１,0263-81-3720,,浅川さん
1482,979,2013,大嘉産業株式会社,3998304,長野県安曇野市穂高柏原２６９８－１,0263-81-3720,,浅川さん
1482,979,2014,大嘉産業株式会社,3998304,長野県安曇野市穂高柏原２６９８－１,0263-81-3720,,浅川さん
1483,980,2010,湯多里　山の神,3998203,長野県安曇野市豊科田沢7994,0263-73-2117,0263-73-2117,桐山総務部長
1483,980,2011,湯多里　山の神,3998203,長野県安曇野市豊科田沢7994,0263-73-2117,0263-73-2117,桐山総務部長
1483,980,2012,湯多里　山の神,3998203,長野県安曇野市豊科田沢7994,0263-73-2117,0263-73-2117,桐山総務部長
1483,980,2013,湯多里　山の神,3998203,長野県安曇野市豊科田沢7994,0263-73-2117,0263-73-2117,桐山総務部長
1483,980,2014,湯多里　山の神,3998203,長野県安曇野市豊科田沢7994,0263-73-2117,0263-73-2117,桐山総務部長
1484,749,2010,松本駅アルプス口（西口）自転車駐車場,,,0263-24-1481,,大井さん
1484,749,2011,松本駅アルプス口（西口）自転車駐車場,,,0263-24-1481,,大井さん
1484,749,2012,松本駅アルプス口（西口）自転車駐車場,,,0263-24-1481,,大井さん
1484,749,2013,松本駅アルプス口（西口）自転車駐車場,,,0263-24-1481,,大井さん
1484,749,2014,松本駅アルプス口（西口）自転車駐車場,,,0263-24-1481,,大井さん
1485,396,2010,まつもと情報創造館,3901242,松本市和田字南西原4010-27,0263-48-7000,0263-48-7001,辺見さん
1485,396,2011,まつもと情報創造館,3901242,松本市和田字南西原4010-27,0263-48-7000,0263-48-7001,辺見さん
1485,396,2012,まつもと情報創造館,3901242,松本市和田字南西原4010-27,0263-48-7000,0263-48-7001,辺見さん
1485,396,2013,まつもと情報創造館,3901242,松本市和田字南西原4010-27,0263-48-7000,0263-48-7001,辺見さん
1485,396,2014,まつもと情報創造館,3901242,松本市和田字南西原4010-27,0263-48-7000,0263-48-7001,辺見さん
1486,110,2010,ＪＲ平田駅自由通路,3990015,長野県松本市平田西,0263-32-6200,0263-32-6006,柳沢　政利
1486,110,2011,ＪＲ平田駅自由通路,3990015,長野県松本市平田西,0263-32-6200,0263-32-6006,柳沢　政利
1486,110,2012,ＪＲ平田駅自由通路,3990015,長野県松本市平田西,0263-32-6200,0263-32-6006,柳沢　政利
1486,110,2013,ＪＲ平田駅自由通路,3990015,長野県松本市平田西,0263-32-6200,0263-32-6006,柳沢　政利
1486,110,2014,ＪＲ平田駅自由通路,3990015,長野県松本市平田西,0263-32-6200,0263-32-6006,柳沢　政利
1487,580,2010,特別養護老人ホームゆめの里朝日,3901104,長野県東筑摩郡朝日村古見２４２２－３,0263-40-3377,,武居事務長
1487,580,2011,特別養護老人ホームゆめの里朝日,3901104,長野県東筑摩郡朝日村古見２４２２－３,0263-40-3377,,武居事務長
1487,580,2012,特別養護老人ホームゆめの里朝日,3901104,長野県東筑摩郡朝日村古見２４２２－３,0263-40-3377,,武居事務長
1487,580,2013,特別養護老人ホームゆめの里朝日,3901104,長野県東筑摩郡朝日村古見２４２２－３,0263-40-3377,,武居事務長
1487,580,2014,特別養護老人ホームゆめの里朝日,3901104,長野県東筑摩郡朝日村古見２４２２－３,0263-40-3377,,武居事務長
1488,611,2010,信州文化フォーラム,3900821,長野県松本市筑摩１－２－１６,0263-28-8375,,川上くん
1488,611,2011,信州文化フォーラム,3900821,長野県松本市筑摩１－２－１６,0263-28-8375,,川上くん
1488,611,2012,信州文化フォーラム,3900821,長野県松本市筑摩１－２－１６,0263-28-8375,,川上くん
1488,611,2013,信州文化フォーラム,3900821,長野県松本市筑摩１－２－１６,0263-28-8375,,川上くん
1488,611,2014,信州文化フォーラム,3900821,長野県松本市筑摩１－２－１６,0263-28-8375,,川上くん
1489,981,2010,里山辺の杜,3900221,長野県松本市里山辺７６－１,0263-37-5670,0263-35-3060,泉山課長（岡村さん女性）
1489,981,2011,里山辺の杜,3900221,長野県松本市里山辺７６－１,0263-37-5670,0263-35-3060,泉山課長（岡村さん女性）
1489,981,2012,里山辺の杜,3900221,長野県松本市里山辺７６－１,0263-37-5670,0263-35-3060,泉山課長（岡村さん女性）
1489,981,2013,里山辺の杜,3900221,長野県松本市里山辺７６－１,0263-37-5670,0263-35-3060,泉山課長（岡村さん女性）
1489,981,2014,里山辺の杜,3900221,長野県松本市里山辺７６－１,0263-37-5670,0263-35-3060,泉山課長（岡村さん女性）
1490,274,2010,スポーツネットワーク　ＳＡＭ松本,3900851,長野県松本市島内５３０４－１,0263-47-0370,,百瀬室長
1490,274,2011,スポーツネットワーク　ＳＡＭ松本,3900851,長野県松本市島内５３０４－１,0263-47-0370,,百瀬室長
1490,274,2012,スポーツネットワーク　ＳＡＭ松本,3900851,長野県松本市島内５３０４－１,0263-47-0370,,百瀬室長
1490,274,2013,スポーツネットワーク　ＳＡＭ松本,3900851,長野県松本市島内５３０４－１,0263-47-0370,,百瀬室長
1490,274,2014,スポーツネットワーク　ＳＡＭ松本,3900851,長野県松本市島内５３０４－１,0263-47-0370,,百瀬室長
1491,982,2012,グレイス飯田,3900805,長野県松本市清水２－９－１４,0263-32-1322,,飯田社長
1492,681,2010,市重要文化財高橋家住宅,3900876,長野県松本市開智２－９－１０,0263-34-3000（内線２４７２）,,関さん
1492,681,2011,市重要文化財高橋家住宅,3900876,長野県松本市開智２－９－１０,0263-34-3000（内線２４７２）,,関さん
1492,681,2012,市重要文化財高橋家住宅,3900876,長野県松本市開智２－９－１０,0263-34-3000（内線２４７２）,,関さん
1492,681,2013,市重要文化財高橋家住宅,3900876,長野県松本市開智２－９－１０,0263-34-3000（内線２４７２）,,関さん
1492,681,2014,市重要文化財高橋家住宅,3900876,長野県松本市開智２－９－１０,0263-34-3000（内線２４７２）,,関さん
1494,983,2010,岡谷セントラルホテル,3940028,長野県岡谷市本町１－４－７,0266-23-2100,,末永支配人
1494,983,2011,岡谷セントラルホテル,3940028,長野県岡谷市本町１－４－７,0266-23-2100,,末永支配人
1494,983,2012,岡谷セントラルホテル,3940028,長野県岡谷市本町１－４－７,0266-23-2100,,末永支配人
1494,983,2013,岡谷セントラルホテル,3940028,長野県岡谷市本町１－４－７,0266-23-2100,,末永支配人
1494,983,2014,岡谷セントラルホテル,3940028,長野県岡谷市本町１－４－７,0266-23-2100,,末永支配人
1495,651,2010,松川村鈴の音ホール,3998501,北安曇郡松川村,,,
1495,651,2011,松川村鈴の音ホール,3998501,北安曇郡松川村,,,
1495,651,2012,松川村鈴の音ホール,3998501,北安曇郡松川村,,,
1495,651,2013,松川村鈴の音ホール,3998501,北安曇郡松川村,,,
1495,651,2014,松川村鈴の音ホール,3998501,北安曇郡松川村,,,
1497,984,2010,下小俣公民館,3990033,長野県松本市笹賀下小俣,090-4215-9102,,会計　柳沢さん
1497,984,2011,下小俣公民館,3990033,長野県松本市笹賀下小俣,090-4215-9102,,会計　柳沢さん
1497,984,2012,下小俣公民館,3990033,長野県松本市笹賀下小俣,090-4215-9102,,会計　柳沢さん
1497,984,2013,下小俣公民館,3990033,長野県松本市笹賀下小俣,090-4215-9102,,会計　柳沢さん
1497,984,2014,下小俣公民館,3990033,長野県松本市笹賀下小俣,090-4215-9102,,会計　柳沢さん
1498,985,2012,メゾンエクシード,3990744,長野県塩尻市大門５３－１,0263-52-0195,,赤津　英尚
1499,611,2010,野村医院,3980002,長野県大町市大町３５０２－２,025-269-1232,,大倉課長
1499,611,2011,野村医院,3980002,長野県大町市大町３５０２－２,025-269-1232,,大倉課長
1499,611,2012,野村医院,3980002,長野県大町市大町３５０２－２,025-269-1232,,大倉課長
1499,611,2013,野村医院,3980002,長野県大町市大町３５０２－２,025-269-1232,,大倉課長
1499,611,2014,野村医院,3980002,長野県大町市大町３５０２－２,025-269-1232,,大倉課長
1500,986,2010,ユウビル,3990022,長野県松本市松原４７－４,0263-86-6116,0263-86-6078,上杉　孝憲
1500,986,2011,ユウビル,3990022,長野県松本市松原４７－４,0263-86-6116,0263-86-6078,上杉　孝憲
1500,986,2012,ユウビル,3990022,長野県松本市松原４７－４,0263-86-6116,0263-86-6078,上杉　孝憲
1500,986,2013,ユウビル,3990022,長野県松本市松原４７－４,0263-86-6116,0263-86-6078,上杉　孝憲
1500,986,2014,ユウビル,3990022,長野県松本市松原４７－４,0263-86-6116,0263-86-6078,上杉　孝憲
1501,317,2010,株式会社ティアンドデイ,3900852,長野県松本市島立８１７－１,,,久保田部長
1501,317,2011,株式会社ティアンドデイ,3900852,長野県松本市島立８１７－１,,,久保田部長
1501,317,2012,株式会社ティアンドデイ,3900852,長野県松本市島立８１７－１,,,久保田部長
1501,317,2013,株式会社ティアンドデイ,3900852,長野県松本市島立８１７－１,,,久保田部長
1501,317,2014,株式会社ティアンドデイ,3900852,長野県松本市島立８１７－１,,,久保田部長
1502,519,2010,メゾン広丘Ａ・Ｂ棟,3990702,長野県塩尻市広丘野村２３２４,0263-86-2727,,三代澤　裕
1502,519,2011,メゾン広丘Ａ・Ｂ棟,3990702,長野県塩尻市広丘野村２３２４,0263-86-2727,,三代澤　裕
1502,519,2012,メゾン広丘Ａ・Ｂ棟,3990702,長野県塩尻市広丘野村２３２４,0263-86-2727,,三代澤　裕
1502,519,2013,メゾン広丘Ａ・Ｂ棟,3990702,長野県塩尻市広丘野村２３２４,0263-86-2727,,三代澤　裕
1502,519,2014,メゾン広丘Ａ・Ｂ棟,3990702,長野県塩尻市広丘野村２３２４,0263-86-2727,,三代澤　裕
1503,684,2010,パナソニックコンシューマーマーケティング㈱ＣＳ社　中部社,,,,,遠藤所長
1503,684,2011,パナソニックコンシューマーマーケティング㈱ＣＳ社　中部社,,,,,遠藤所長
1503,684,2012,パナソニックコンシューマーマーケティング㈱ＣＳ社　中部社,,,,,遠藤所長
1503,684,2013,パナソニックコンシューマーマーケティング㈱ＣＳ社　中部社,,,,,遠藤所長
1503,684,2014,パナソニックコンシューマーマーケティング㈱ＣＳ社　中部社,,,,,遠藤所長
1504,988,2010,みやばやしこどもクリニック,3900852,長野県松本市島立１７４８－２,0263-40-0208,0263-40-0207,宮林先生（女性）
1504,988,2011,みやばやしこどもクリニック,3900852,長野県松本市島立１７４８－２,0263-40-0208,0263-40-0207,宮林先生（女性）
1504,988,2012,みやばやしこどもクリニック,3900852,長野県松本市島立１７４８－２,0263-40-0208,0263-40-0207,宮林先生（女性）
1504,988,2013,みやばやしこどもクリニック,3900852,長野県松本市島立１７４８－２,0263-40-0208,0263-40-0207,宮林先生（女性）
1504,988,2014,みやばやしこどもクリニック,3900852,長野県松本市島立１７４８－２,0263-40-0208,0263-40-0207,宮林先生（女性）
1505,317,2010,しのざきこどもクリニック,3900313,長野県松本市岡田下岡田６－８,0263-45-5277,0263-45-5288,久保田部長
1505,317,2011,しのざきこどもクリニック,3900313,長野県松本市岡田下岡田６－８,0263-45-5277,0263-45-5288,久保田部長
1505,317,2012,しのざきこどもクリニック,3900313,長野県松本市岡田下岡田６－８,0263-45-5277,0263-45-5288,久保田部長
1505,317,2013,しのざきこどもクリニック,3900313,長野県松本市岡田下岡田６－８,0263-45-5277,0263-45-5288,久保田部長
1505,317,2014,しのざきこどもクリニック,3900313,長野県松本市岡田下岡田６－８,0263-45-5277,0263-45-5288,久保田部長
1506,989,2010,有限会社ワーク,3901301,長野県東筑摩郡山形村北竹原５６５９－１,0263-98-5501,0263-98-5661,金森さん
1506,989,2011,有限会社ワーク,3901301,長野県東筑摩郡山形村北竹原５６５９－１,0263-98-5501,0263-98-5661,金森さん
1506,989,2012,有限会社ワーク,3901301,長野県東筑摩郡山形村北竹原５６５９－１,0263-98-5501,0263-98-5661,金森さん
1506,989,2013,有限会社ワーク,3901301,長野県東筑摩郡山形村北竹原５６５９－１,0263-98-5501,0263-98-5661,金森さん
1506,989,2014,有限会社ワーク,3901301,長野県東筑摩郡山形村北竹原５６５９－１,0263-98-5501,0263-98-5661,金森さん
1508,317,2010,松本信用金庫　本店,3900873,長野県松本市丸の内１－１,0263-35-0001,,久保田部長
1508,317,2011,松本信用金庫　本店,3900873,長野県松本市丸の内１－１,0263-35-0001,,久保田部長
1508,317,2012,松本信用金庫　本店,3900873,長野県松本市丸の内１－１,0263-35-0001,,久保田部長
1508,317,2013,松本信用金庫　本店,3900873,長野県松本市丸の内１－１,0263-35-0001,,久保田部長
1508,317,2014,松本信用金庫　本店,3900873,長野県松本市丸の内１－１,0263-35-0001,,久保田部長
1509,990,2010,ヤマダドレス　本店,3900811,長野県松本市中央２－５－４,0263-33-8585,,熊谷さん
1509,990,2011,ヤマダドレス　本店,3900811,長野県松本市中央２－５－４,0263-33-8585,,熊谷さん
1509,990,2012,ヤマダドレス　本店,3900811,長野県松本市中央２－５－４,0263-33-8585,,熊谷さん
1509,990,2013,ヤマダドレス　本店,3900811,長野県松本市中央２－５－４,0263-33-8585,,熊谷さん
1509,990,2014,ヤマダドレス　本店,3900811,長野県松本市中央２－５－４,0263-33-8585,,熊谷さん
1510,990,2010,ヤマダドレス　ギャラリー,3900811,長野県松本市中央２－５－７,0263-33-8585,,熊谷さん
1510,990,2011,ヤマダドレス　ギャラリー,3900811,長野県松本市中央２－５－７,0263-33-8585,,熊谷さん
1510,990,2012,ヤマダドレス　ギャラリー,3900811,長野県松本市中央２－５－７,0263-33-8585,,熊谷さん
1510,990,2013,ヤマダドレス　ギャラリー,3900811,長野県松本市中央２－５－７,0263-33-8585,,熊谷さん
1510,990,2014,ヤマダドレス　ギャラリー,3900811,長野県松本市中央２－５－７,0263-33-8585,,熊谷さん
1511,317,2010,内川医院,3997102,長野県安曇野市明科中川手２２４３－１,0263-62-6336,,久保田部長
1511,317,2011,内川医院,3997102,長野県安曇野市明科中川手２２４３－１,0263-62-6336,,久保田部長
1511,317,2012,内川医院,3997102,長野県安曇野市明科中川手２２４３－１,0263-62-6336,,久保田部長
1511,317,2013,内川医院,3997102,長野県安曇野市明科中川手２２４３－１,0263-62-6336,,久保田部長
1511,317,2014,内川医院,3997102,長野県安曇野市明科中川手２２４３－１,0263-62-6336,,久保田部長
1512,317,2010,ＮＰＯ法人　アトリエＭＯＯ,3900303,長野県松本市浅間温泉3-13-15,0263-46-2203,,久保田部長
1512,317,2011,ＮＰＯ法人　アトリエＭＯＯ,3900303,長野県松本市浅間温泉3-13-15,0263-46-2203,,久保田部長
1512,317,2012,ＮＰＯ法人　アトリエＭＯＯ,3900303,長野県松本市浅間温泉3-13-15,0263-46-2203,,久保田部長
1512,317,2013,ＮＰＯ法人　アトリエＭＯＯ,3900303,長野県松本市浅間温泉3-13-15,0263-46-2203,,久保田部長
1512,317,2014,ＮＰＯ法人　アトリエＭＯＯ,3900303,長野県松本市浅間温泉3-13-15,0263-46-2203,,久保田部長
1513,937,2010,サンガーデン女鳥羽,3900806,長野県松本市女鳥羽３－３－５,,,鈴木　節子
1513,937,2011,サンガーデン女鳥羽,3900806,長野県松本市女鳥羽３－３－５,,,鈴木　節子
1513,937,2012,サンガーデン女鳥羽,3900806,長野県松本市女鳥羽３－３－５,,,鈴木　節子
1513,937,2013,サンガーデン女鳥羽,3900806,長野県松本市女鳥羽３－３－５,,,鈴木　節子
1513,937,2014,サンガーデン女鳥羽,3900806,長野県松本市女鳥羽３－３－５,,,鈴木　節子
1514,937,2010,女鳥羽コーポ,3900806,長野県松本市女鳥羽３－３－２７,,,鈴木　節子
1514,937,2011,女鳥羽コーポ,3900806,長野県松本市女鳥羽３－３－２７,,,鈴木　節子
1514,937,2012,女鳥羽コーポ,3900806,長野県松本市女鳥羽３－３－２７,,,鈴木　節子
1514,937,2013,女鳥羽コーポ,3900806,長野県松本市女鳥羽３－３－２７,,,鈴木　節子
1514,937,2014,女鳥羽コーポ,3900806,長野県松本市女鳥羽３－３－２７,,,鈴木　節子
1516,992,2010,グループホームすみか,3997418,長野県松本市反町７０７－１,0263-64-1270,,川久保さん
1516,992,2011,グループホームすみか,3997418,長野県松本市反町７０７－１,0263-64-1270,,川久保さん
1516,992,2012,グループホームすみか,3997418,長野県松本市反町７０７－１,0263-64-1270,,川久保さん
1516,992,2013,グループホームすみか,3997418,長野県松本市反町７０７－１,0263-64-1270,,川久保さん
1516,992,2014,グループホームすみか,3997418,長野県松本市反町７０７－１,0263-64-1270,,川久保さん
1517,993,2010,ロイヤルビル,3900807,長野県松本市城東１－３－２５,0263-72-4335,,福田　勝彦
1517,993,2011,ロイヤルビル,3900807,長野県松本市城東１－３－２５,0263-72-4335,,福田　勝彦
1517,993,2012,ロイヤルビル,3900807,長野県松本市城東１－３－２５,0263-72-4335,,福田　勝彦
1517,993,2013,ロイヤルビル,3900807,長野県松本市城東１－３－２５,0263-72-4335,,福田　勝彦
1517,993,2014,ロイヤルビル,3900807,長野県松本市城東１－３－２５,0263-72-4335,,福田　勝彦
1518,994,2012,藤中産業株式会社,3998204,長野県安曇野市豊科高家２３０３－４,0263-72-2672,,水島社長
1520,282,2010,ケアハウス　メディタウン　アベニュー,3900843,長野県松本市高宮南６－２５,0263-31-0061,0263-31-0063,杉本　一芳
1520,282,2011,ケアハウス　メディタウン　アベニュー,3900843,長野県松本市高宮南６－２５,0263-31-0061,0263-31-0063,杉本　一芳
1520,282,2012,ケアハウス　メディタウン　アベニュー,3900843,長野県松本市高宮南６－２５,0263-31-0061,0263-31-0063,杉本　一芳
1520,282,2013,ケアハウス　メディタウン　アベニュー,3900843,長野県松本市高宮南６－２５,0263-31-0061,0263-31-0063,杉本　一芳
1520,282,2014,ケアハウス　メディタウン　アベニュー,3900843,長野県松本市高宮南６－２５,0263-31-0061,0263-31-0063,杉本　一芳
1521,995,2012,とどろき歯科医院,3900303,長野県松本市浅間温泉１－１０－２５,0263-45-1181,0263-45-1183,轟院長
1522,579,2010,豊科劇場,3998205,長野県安曇野市豊科４３０３,0263-72-2096,,社長
1522,579,2011,豊科劇場,3998205,長野県安曇野市豊科４３０３,0263-72-2096,,社長
1522,579,2012,豊科劇場,3998205,長野県安曇野市豊科４３０３,0263-72-2096,,社長
1522,579,2013,豊科劇場,3998205,長野県安曇野市豊科４３０３,0263-72-2096,,社長
1522,579,2014,豊科劇場,3998205,長野県安曇野市豊科４３０３,0263-72-2096,,社長
1523,996,2010,あづみ野流通センター,3998301,長野県安曇野市穂高有明７３７８－１,0263-83-8632,0263-83-5172,園田課長
1523,996,2011,あづみ野流通センター,3998301,長野県安曇野市穂高有明７３７８－１,0263-83-8632,0263-83-5172,園田課長
1523,996,2012,あづみ野流通センター,3998301,長野県安曇野市穂高有明７３７８－１,0263-83-8632,0263-83-5172,園田課長
1523,996,2013,あづみ野流通センター,3998301,長野県安曇野市穂高有明７３７８－１,0263-83-8632,0263-83-5172,園田課長
1523,996,2014,あづみ野流通センター,3998301,長野県安曇野市穂高有明７３７８－１,0263-83-8632,0263-83-5172,園田課長
1524,997,2012,手芸の小島（丸山国芳様）,3900825,長野県松本市並柳２－９－１９,0263-25-1626,,丸山国芳
1525,998,2010,アネックス相生,3900303,長野県松本市浅間温泉１－１５－７,0263-46-2380,,三浦　亨
1525,998,2011,アネックス相生,3900303,長野県松本市浅間温泉１－１５－７,0263-46-2380,,三浦　亨
1525,998,2012,アネックス相生,3900303,長野県松本市浅間温泉１－１５－７,0263-46-2380,,三浦　亨
1525,998,2013,アネックス相生,3900303,長野県松本市浅間温泉１－１５－７,0263-46-2380,,三浦　亨
1525,998,2014,アネックス相生,3900303,長野県松本市浅間温泉１－１５－７,0263-46-2380,,三浦　亨
1526,998,2010,ファンテイン相生,3900303,長野県松本市浅間温泉３－１１－３,0263-46-2380,,三浦　亨
1526,998,2011,ファンテイン相生,3900303,長野県松本市浅間温泉３－１１－３,0263-46-2380,,三浦　亨
1526,998,2012,ファンテイン相生,3900303,長野県松本市浅間温泉３－１１－３,0263-46-2380,,三浦　亨
1526,998,2013,ファンテイン相生,3900303,長野県松本市浅間温泉３－１１－３,0263-46-2380,,三浦　亨
1526,998,2014,ファンテイン相生,3900303,長野県松本市浅間温泉３－１１－３,0263-46-2380,,三浦　亨
1530,999,2010,テスコム電機株式会社　旧松本工場,3900821,長野県松本市筑摩４－１－２０,0263-26-4870,0263-25-0808,松井係長（女性）
1530,999,2011,テスコム電機株式会社　旧松本工場,3900821,長野県松本市筑摩４－１－２０,0263-26-4870,0263-25-0808,松井係長（女性）
1530,999,2012,テスコム電機株式会社　旧松本工場,3900821,長野県松本市筑摩４－１－２０,0263-26-4870,0263-25-0808,松井係長（女性）
1530,999,2013,テスコム電機株式会社　旧松本工場,3900821,長野県松本市筑摩４－１－２０,0263-26-4870,0263-25-0808,松井係長（女性）
1530,999,2014,テスコム電機株式会社　旧松本工場,3900821,長野県松本市筑摩４－１－２０,0263-26-4870,0263-25-0808,松井係長（女性）
1532,999,2010,テスコム電機株式会社　商品センター,3900828,長野県松本市庄内２－６－２７,0263-26-4870,0263-25-0808,松井係長（女性）
1532,999,2011,テスコム電機株式会社　商品センター,3900828,長野県松本市庄内２－６－２７,0263-26-4870,0263-25-0808,松井係長（女性）
1532,999,2012,テスコム電機株式会社　商品センター,3900828,長野県松本市庄内２－６－２７,0263-26-4870,0263-25-0808,松井係長（女性）
1532,999,2013,テスコム電機株式会社　商品センター,3900828,長野県松本市庄内２－６－２７,0263-26-4870,0263-25-0808,松井係長（女性）
1532,999,2014,テスコム電機株式会社　商品センター,3900828,長野県松本市庄内２－６－２７,0263-26-4870,0263-25-0808,松井係長（女性）
1533,1000,2010,『ＮＰＯハートラインまつもと』ことぶき,3990011,長野県松本市寿北７－２３－１７,0263-86-8010,0263-86-8010,諏訪主任（女性）
1533,1000,2011,『ＮＰＯハートラインまつもと』ことぶき,3990011,長野県松本市寿北７－２３－１７,0263-86-8010,0263-86-8010,諏訪主任（女性）
1533,1000,2012,『ＮＰＯハートラインまつもと』ことぶき,3990011,長野県松本市寿北７－２３－１７,0263-86-8010,0263-86-8010,諏訪主任（女性）
1533,1000,2013,『ＮＰＯハートラインまつもと』ことぶき,3990011,長野県松本市寿北７－２３－１７,0263-86-8010,0263-86-8010,諏訪主任（女性）
1533,1000,2014,『ＮＰＯハートラインまつもと』ことぶき,3990011,長野県松本市寿北７－２３－１７,0263-86-8010,0263-86-8010,諏訪主任（女性）
1534,317,2010,パーラーＭＶＰ筑摩店,3900821,長野県松本市筑摩３－２９－１,0263-28-1616,,久保田部長
1534,317,2011,パーラーＭＶＰ筑摩店,3900821,長野県松本市筑摩３－２９－１,0263-28-1616,,久保田部長
1534,317,2012,パーラーＭＶＰ筑摩店,3900821,長野県松本市筑摩３－２９－１,0263-28-1616,,久保田部長
1534,317,2013,パーラーＭＶＰ筑摩店,3900821,長野県松本市筑摩３－２９－１,0263-28-1616,,久保田部長
1534,317,2014,パーラーＭＶＰ筑摩店,3900821,長野県松本市筑摩３－２９－１,0263-28-1616,,久保田部長
1535,1001,2012,メゾン巣山,3900805,長野県松本市清水２－１１－５３－３,0263-32-5669,,巣山　修作
1537,274,2010,神應透析クリニック,3900821,長野県松本市筑摩２－１７－５,0263-24-0852,0263-24-0876,植木課長（三協）
1537,274,2011,神應透析クリニック,3900821,長野県松本市筑摩２－１７－５,0263-24-0852,0263-24-0876,植木課長（三協）
1537,274,2012,神應透析クリニック,3900821,長野県松本市筑摩２－１７－５,0263-24-0852,0263-24-0876,植木課長（三協）
1537,274,2013,神應透析クリニック,3900821,長野県松本市筑摩２－１７－５,0263-24-0852,0263-24-0876,植木課長（三協）
1537,274,2014,神應透析クリニック,3900821,長野県松本市筑摩２－１７－５,0263-24-0852,0263-24-0876,植木課長（三協）
1538,1002,2010,エトワールハタ,3901401,長野県東筑摩郡波田町５７４７－１２,,,小川　瀇
1538,1002,2011,エトワールハタ,3901401,長野県東筑摩郡波田町５７４７－１２,,,小川　瀇
1538,1002,2012,エトワールハタ,3901401,長野県東筑摩郡波田町５７４７－１２,,,小川　瀇
1538,1002,2013,エトワールハタ,3901401,長野県東筑摩郡波田町５７４７－１２,,,小川　瀇
1538,1002,2014,エトワールハタ,3901401,長野県東筑摩郡波田町５７４７－１２,,,小川　瀇
1539,1003,2010,松本クリーンセンター,3900851,長野県松本市島内７５７６－１,0263-47-2079,0263-48-2685,金井補佐
1539,1003,2011,松本クリーンセンター,3900851,長野県松本市島内７５７６－１,0263-47-2079,0263-48-2685,金井補佐
1539,1003,2012,松本クリーンセンター,3900851,長野県松本市島内７５７６－１,0263-47-2079,0263-48-2685,金井補佐
1539,1003,2013,松本クリーンセンター,3900851,長野県松本市島内７５７６－１,0263-47-2079,0263-48-2685,金井補佐
1539,1003,2014,松本クリーンセンター,3900851,長野県松本市島内７５７６－１,0263-47-2079,0263-48-2685,金井補佐
1540,97,2012,ベルコリンＱｕｅｓｔ,3900861,長野県松本市蟻ケ崎３－７－５,0263-34-2820,,北原　嗣正
1541,97,2012,ベルコリン,3900861,長野県松本市蟻ケ崎３－７－５,0263-34-2820,,北原　嗣正
1543,1004,2010,まきば荘,3901520,長野県松本市安曇3957-4,0263-93-2540,,奥原　和満
1543,1004,2011,まきば荘,3901520,長野県松本市安曇3957-4,0263-93-2540,,奥原　和満
1543,1004,2012,まきば荘,3901520,長野県松本市安曇3957-4,0263-93-2540,,奥原　和満
1543,1004,2013,まきば荘,3901520,長野県松本市安曇3957-4,0263-93-2540,,奥原　和満
1543,1004,2014,まきば荘,3901520,長野県松本市安曇3957-4,0263-93-2540,,奥原　和満
1544,317,2010,安曇野市穂高交流学習センターみらい,3998303,長野県安曇野市穂高６７６５番地２,0263-81-3111,0263-82-0966,久保田部長
1544,317,2011,安曇野市穂高交流学習センターみらい,3998303,長野県安曇野市穂高６７６５番地２,0263-81-3111,0263-82-0966,久保田部長
1544,317,2012,安曇野市穂高交流学習センターみらい,3998303,長野県安曇野市穂高６７６５番地２,0263-81-3111,0263-82-0966,久保田部長
1544,317,2013,安曇野市穂高交流学習センターみらい,3998303,長野県安曇野市穂高６７６５番地２,0263-81-3111,0263-82-0966,久保田部長
1544,317,2014,安曇野市穂高交流学習センターみらい,3998303,長野県安曇野市穂高６７６５番地２,0263-81-3111,0263-82-0966,久保田部長
1545,274,2010,高松工業株式会社,3990033,長野県松本市笹賀７５７０－５,,,百瀬室長
1545,274,2011,高松工業株式会社,3990033,長野県松本市笹賀７５７０－５,,,百瀬室長
1545,274,2012,高松工業株式会社,3990033,長野県松本市笹賀７５７０－５,,,百瀬室長
1545,274,2013,高松工業株式会社,3990033,長野県松本市笹賀７５７０－５,,,百瀬室長
1545,274,2014,高松工業株式会社,3990033,長野県松本市笹賀７５７０－５,,,百瀬室長
1546,1005,2010,三才公民館,3900821,長野県松本市筑摩３－１５－９,,,古旗　清　町会長
1546,1005,2011,三才公民館,3900821,長野県松本市筑摩３－１５－９,,,古旗　清　町会長
1546,1005,2012,三才公民館,3900821,長野県松本市筑摩３－１５－９,,,古旗　清　町会長
1546,1005,2013,三才公民館,3900821,長野県松本市筑摩３－１５－９,,,古旗　清　町会長
1546,1005,2014,三才公民館,3900821,長野県松本市筑摩３－１５－９,,,古旗　清　町会長
1547,79,2012,きく蔵,3900874,長野県松本市大手４丁目７－１０,0263-36-3728,,各務　菊夫
1548,1006,2012,ＪＥＮＮＲ　ＡＰＰＥＡＲ,3901401,長野県東筑摩郡波田町５５０７,0263-92-2566,,百瀬　昭男
1549,1007,2010,こみや歯科医院,3900851,長野県松本市島内４９７－１,0263-47-7717,,野原院長
1549,1007,2011,こみや歯科医院,3900851,長野県松本市島内４９７－１,0263-47-7717,,野原院長
1549,1007,2012,こみや歯科医院,3900851,長野県松本市島内４９７－１,0263-47-7717,,野原院長
1549,1007,2013,こみや歯科医院,3900851,長野県松本市島内４９７－１,0263-47-7717,,野原院長
1549,1007,2014,こみや歯科医院,3900851,長野県松本市島内４９７－１,0263-47-7717,,野原院長
1550,948,2010,Ｉ．Ｃｉｔｙ　２１,3901301,長野県東筑摩郡山形村北野尻７９７７,0263-36-2118,0263-36-5211,小林課長
1550,948,2011,Ｉ．Ｃｉｔｙ　２１,3901301,長野県東筑摩郡山形村北野尻７９７７,0263-36-2118,0263-36-5211,小林課長
1550,948,2012,Ｉ．Ｃｉｔｙ　２１,3901301,長野県東筑摩郡山形村北野尻７９７７,0263-36-2118,0263-36-5211,小林課長
1550,948,2013,Ｉ．Ｃｉｔｙ　２１,3901301,長野県東筑摩郡山形村北野尻７９７７,0263-36-2118,0263-36-5211,小林課長
1550,948,2014,Ｉ．Ｃｉｔｙ　２１,3901301,長野県東筑摩郡山形村北野尻７９７７,0263-36-2118,0263-36-5211,小林課長
1551,948,2010,井上本店,3900815,長野県松本市深志２丁目３番１号,0263-36-2118,0263-36-5211,小林課長
1551,948,2011,井上本店,3900815,長野県松本市深志２丁目３番１号,0263-36-2118,0263-36-5211,小林課長
1551,948,2012,井上本店,3900815,長野県松本市深志２丁目３番１号,0263-36-2118,0263-36-5211,小林課長
1551,948,2013,井上本店,3900815,長野県松本市深志２丁目３番１号,0263-36-2118,0263-36-5211,小林課長
1551,948,2014,井上本店,3900815,長野県松本市深志２丁目３番１号,0263-36-2118,0263-36-5211,小林課長
1552,1008,2010,是空ビル,3900874,長野県松本市大手２丁目３１９－４２,090-2630-9397,,富田　秀則
1552,1008,2011,是空ビル,3900874,長野県松本市大手２丁目３１９－４２,090-2630-9397,,富田　秀則
1552,1008,2012,是空ビル,3900874,長野県松本市大手２丁目３１９－４２,090-2630-9397,,富田　秀則
1552,1008,2013,是空ビル,3900874,長野県松本市大手２丁目３１９－４２,090-2630-9397,,富田　秀則
1552,1008,2014,是空ビル,3900874,長野県松本市大手２丁目３１９－４２,090-2630-9397,,富田　秀則
1553,1009,2010,桃昌寺,3990023,松本市大字内田２８７２,,,
1553,1009,2011,桃昌寺,3990023,松本市大字内田２８７２,,,
1553,1009,2012,桃昌寺,3990023,松本市大字内田２８７２,,,
1553,1009,2013,桃昌寺,3990023,松本市大字内田２８７２,,,
1553,1009,2014,桃昌寺,3990023,松本市大字内田２８７２,,,
1554,1010,2010,ダスキン南松本支店,3900827,長野県松本市出川２－１－１,0263-25-6761,0263-25-3390,宮下社長
1554,1010,2011,ダスキン南松本支店,3900827,長野県松本市出川２－１－１,0263-25-6761,0263-25-3390,宮下社長
1554,1010,2012,ダスキン南松本支店,3900827,長野県松本市出川２－１－１,0263-25-6761,0263-25-3390,宮下社長
1554,1010,2013,ダスキン南松本支店,3900827,長野県松本市出川２－１－１,0263-25-6761,0263-25-3390,宮下社長
1554,1010,2014,ダスキン南松本支店,3900827,長野県松本市出川２－１－１,0263-25-6761,0263-25-3390,宮下社長
1555,1011,2012,徒士町アパルトメント,3900876,長野県松本市開智,0263-33-1390,,三村　洋
1556,611,2010,宮澤整形外科医院,3901241,長野県松本市新村１７０１－２,0263-48-5300,,宮澤先生
1556,611,2011,宮澤整形外科医院,3901241,長野県松本市新村１７０１－２,0263-48-5300,,宮澤先生
1556,611,2012,宮澤整形外科医院,3901241,長野県松本市新村１７０１－２,0263-48-5300,,宮澤先生
1556,611,2013,宮澤整形外科医院,3901241,長野県松本市新村１７０１－２,0263-48-5300,,宮澤先生
1556,611,2014,宮澤整形外科医院,3901241,長野県松本市新村１７０１－２,0263-48-5300,,宮澤先生
1557,274,2010,スポーツネットワーク　ＳＡＭ塩尻,3990706,長野県塩尻市広丘原新田９,0263-51-1919,,百瀬室長
1557,274,2011,スポーツネットワーク　ＳＡＭ塩尻,3990706,長野県塩尻市広丘原新田９,0263-51-1919,,百瀬室長
1557,274,2012,スポーツネットワーク　ＳＡＭ塩尻,3990706,長野県塩尻市広丘原新田９,0263-51-1919,,百瀬室長
1557,274,2013,スポーツネットワーク　ＳＡＭ塩尻,3990706,長野県塩尻市広丘原新田９,0263-51-1919,,百瀬室長
1557,274,2014,スポーツネットワーク　ＳＡＭ塩尻,3990706,長野県塩尻市広丘原新田９,0263-51-1919,,百瀬室長
1558,1012,2010,株式会社臨空モールド　松本工場,3901242,長野県松本市和田南西原4010-11,0263-48-2132,,原　広永
1558,1012,2011,株式会社臨空モールド　松本工場,3901242,長野県松本市和田南西原4010-11,0263-48-2132,,原　広永
1558,1012,2012,株式会社臨空モールド　松本工場,3901242,長野県松本市和田南西原4010-11,0263-48-2132,,原　広永
1558,1012,2013,株式会社臨空モールド　松本工場,3901242,長野県松本市和田南西原4010-11,0263-48-2132,,原　広永
1558,1012,2014,株式会社臨空モールド　松本工場,3901242,長野県松本市和田南西原4010-11,0263-48-2132,,原　広永
1560,1014,2010,かみむらクリニック,3990021,長野県松本市寿豊丘一本松５９５－１７,0263-85-7300,,上村先生
1560,1014,2011,かみむらクリニック,3990021,長野県松本市寿豊丘一本松５９５－１７,0263-85-7300,,上村先生
1560,1014,2012,かみむらクリニック,3990021,長野県松本市寿豊丘一本松５９５－１７,0263-85-7300,,上村先生
1560,1014,2013,かみむらクリニック,3990021,長野県松本市寿豊丘一本松５９５－１７,0263-85-7300,,上村先生
1560,1014,2014,かみむらクリニック,3990021,長野県松本市寿豊丘一本松５９５－１７,0263-85-7300,,上村先生
1561,948,2012,バーバーホラサワ,3900815,長野県松本市深志２－６－１０,0263-34-2407,,青山常務
1562,611,2010,三枝塗料株式会社,3901242,長野県松本市和田３９６７－３４,0263-7-3193,0263-47-7681,樋口課長
1562,611,2011,三枝塗料株式会社,3901242,長野県松本市和田３９６７－３４,0263-7-3193,0263-47-7681,樋口課長
1562,611,2012,三枝塗料株式会社,3901242,長野県松本市和田３９６７－３４,0263-7-3193,0263-47-7681,樋口課長
1562,611,2013,三枝塗料株式会社,3901242,長野県松本市和田３９６７－３４,0263-7-3193,0263-47-7681,樋口課長
1562,611,2014,三枝塗料株式会社,3901242,長野県松本市和田３９６７－３４,0263-7-3193,0263-47-7681,樋口課長
1563,1015,2011,小日向公民館,3900302,松本市三才山９３０,0263-46-1462,,赤羽　今朝男
1563,1015,2013,小日向公民館,3900302,松本市三才山９３０,0263-46-1462,,赤羽　今朝男
1566,537,2010,グランコート東和・安曇野,3998205,長野県安曇野市豊科４６２２-７,0261-22-2199,,河内社長
1566,537,2011,グランコート東和・安曇野,3998205,長野県安曇野市豊科４６２２-７,0261-22-2199,,河内社長
1566,537,2012,グランコート東和・安曇野,3998205,長野県安曇野市豊科４６２２-７,0261-22-2199,,河内社長
1566,537,2013,グランコート東和・安曇野,3998205,長野県安曇野市豊科４６２２-７,0261-22-2199,,河内社長
1566,537,2014,グランコート東和・安曇野,3998205,長野県安曇野市豊科４６２２-７,0261-22-2199,,河内社長
1567,1018,2010,ミナミビル,3900852,長野県松本市島立857-1,0263-47-0997,,吉澤　幸雄
1567,1018,2011,ミナミビル,3900852,長野県松本市島立857-1,0263-47-0997,,吉澤　幸雄
1567,1018,2012,ミナミビル,3900852,長野県松本市島立857-1,0263-47-0997,,吉澤　幸雄
1567,1018,2013,ミナミビル,3900852,長野県松本市島立857-1,0263-47-0997,,吉澤　幸雄
1567,1018,2014,ミナミビル,3900852,長野県松本市島立857-1,0263-47-0997,,吉澤　幸雄
1568,1019,2010,学校法人　才教学園,3990032,長野県松本市芳川村井町８６８－１,0263-58-0311,0263-58-0327,松山教頭・吉沢さん
1568,1019,2011,学校法人　才教学園,3990032,長野県松本市芳川村井町８６８－１,0263-58-0311,0263-58-0327,松山教頭・吉沢さん
1568,1019,2012,学校法人　才教学園,3990032,長野県松本市芳川村井町８６８－１,0263-58-0311,0263-58-0327,松山教頭・吉沢さん
1568,1019,2013,学校法人　才教学園,3990032,長野県松本市芳川村井町８６８－１,0263-58-0311,0263-58-0327,松山教頭・吉沢さん
1568,1019,2014,学校法人　才教学園,3990032,長野県松本市芳川村井町８６８－１,0263-58-0311,0263-58-0327,松山教頭・吉沢さん
1569,1020,2010,株式会社ディバイザー,3990033,長野県松本市笹賀７０７２－６,0263-86-8808,0263-86-8778,佐藤総務部長
1569,1020,2011,株式会社ディバイザー,3990033,長野県松本市笹賀７０７２－６,0263-86-8808,0263-86-8778,佐藤総務部長
1569,1020,2012,株式会社ディバイザー,3990033,長野県松本市笹賀７０７２－６,0263-86-8808,0263-86-8778,佐藤総務部長
1569,1020,2013,株式会社ディバイザー,3990033,長野県松本市笹賀７０７２－６,0263-86-8808,0263-86-8778,佐藤総務部長
1569,1020,2014,株式会社ディバイザー,3990033,長野県松本市笹賀７０７２－６,0263-86-8808,0263-86-8778,佐藤総務部長
1570,1021,2010,アールテックビル,3900852,長野県松本市島立堀米７９９番地１,0263-47-7466,0263-47-7467,財津事務局長
1570,1021,2011,アールテックビル,3900852,長野県松本市島立堀米７９９番地１,0263-47-7466,0263-47-7467,財津事務局長
1570,1021,2012,アールテックビル,3900852,長野県松本市島立堀米７９９番地１,0263-47-7466,0263-47-7467,財津事務局長
1570,1021,2013,アールテックビル,3900852,長野県松本市島立堀米７９９番地１,0263-47-7466,0263-47-7467,財津事務局長
1570,1021,2014,アールテックビル,3900852,長野県松本市島立堀米７９９番地１,0263-47-7466,0263-47-7467,財津事務局長
1571,1022,2010,医療法人　藤森医療財団　藤森病院,3900811,長野県松本市中央２丁目９番８号,0263-33-3672,0263-33-9998,西村事務長・小口課長
1571,1022,2011,医療法人　藤森医療財団　藤森病院,3900811,長野県松本市中央２丁目９番８号,0263-33-3672,0263-33-9998,西村事務長・小口課長
1571,1022,2012,医療法人　藤森医療財団　藤森病院,3900811,長野県松本市中央２丁目９番８号,0263-33-3672,0263-33-9998,西村事務長・小口課長
1571,1022,2013,医療法人　藤森医療財団　藤森病院,3900811,長野県松本市中央２丁目９番８号,0263-33-3672,0263-33-9998,西村事務長・小口課長
1571,1022,2014,医療法人　藤森医療財団　藤森病院,3900811,長野県松本市中央２丁目９番８号,0263-33-3672,0263-33-9998,西村事務長・小口課長
1572,1023,2010,有限会社　安曇野ゴルフ,3998205,長野県安曇野市豊科１０１８番地,0263-72-7575,0263-71-1055,小林社長
1572,1023,2011,有限会社　安曇野ゴルフ,3998205,長野県安曇野市豊科１０１８番地,0263-72-7575,0263-71-1055,小林社長
1572,1023,2012,有限会社　安曇野ゴルフ,3998205,長野県安曇野市豊科１０１８番地,0263-72-7575,0263-71-1055,小林社長
1572,1023,2013,有限会社　安曇野ゴルフ,3998205,長野県安曇野市豊科１０１８番地,0263-72-7575,0263-71-1055,小林社長
1572,1023,2014,有限会社　安曇野ゴルフ,3998205,長野県安曇野市豊科１０１８番地,0263-72-7575,0263-71-1055,小林社長
1573,1024,2010,株式会社カンノ　アルミニウム合金工場,3901242,長野県松本市和田南西原３９６７－４２,0263-47-7558,0263-47-7655,神農工場長
1573,1024,2011,株式会社カンノ　アルミニウム合金工場,3901242,長野県松本市和田南西原３９６７－４２,0263-47-7558,0263-47-7655,神農工場長
1573,1024,2012,株式会社カンノ　アルミニウム合金工場,3901242,長野県松本市和田南西原３９６７－４２,0263-47-7558,0263-47-7655,神農工場長
1573,1024,2013,株式会社カンノ　アルミニウム合金工場,3901242,長野県松本市和田南西原３９６７－４２,0263-47-7558,0263-47-7655,神農工場長
1573,1024,2014,株式会社カンノ　アルミニウム合金工場,3901242,長野県松本市和田南西原３９６７－４２,0263-47-7558,0263-47-7655,神農工場長
1576,317,2010,樹ビル,3900811,長野県松本市中央１－２７－２１,0263-46-0815,,久保田部長
1576,317,2011,樹ビル,3900811,長野県松本市中央１－２７－２１,0263-46-0815,,久保田部長
1576,317,2012,樹ビル,3900811,長野県松本市中央１－２７－２１,0263-46-0815,,久保田部長
1576,317,2013,樹ビル,3900811,長野県松本市中央１－２７－２１,0263-46-0815,,久保田部長
1576,317,2014,樹ビル,3900811,長野県松本市中央１－２７－２１,0263-46-0815,,久保田部長
1577,1006,2010,キャトルアピア,3900221,長野県松本市里山辺５１７９－３,0263-92-2566,,百瀬　昭男
1577,1006,2011,キャトルアピア,3900221,長野県松本市里山辺５１７９－３,0263-92-2566,,百瀬　昭男
1577,1006,2012,キャトルアピア,3900221,長野県松本市里山辺５１７９－３,0263-92-2566,,百瀬　昭男
1577,1006,2013,キャトルアピア,3900221,長野県松本市里山辺５１７９－３,0263-92-2566,,百瀬　昭男
1577,1006,2014,キャトルアピア,3900221,長野県松本市里山辺５１７９－３,0263-92-2566,,百瀬　昭男
1578,317,2010,サープラスＴＯＷ立沢,3900312,長野県松本市岡田松岡３４３－３,0263-46-0815,,久保田部長
1578,317,2011,サープラスＴＯＷ立沢,3900312,長野県松本市岡田松岡３４３－３,0263-46-0815,,久保田部長
1578,317,2012,サープラスＴＯＷ立沢,3900312,長野県松本市岡田松岡３４３－３,0263-46-0815,,久保田部長
1578,317,2013,サープラスＴＯＷ立沢,3900312,長野県松本市岡田松岡３４３－３,0263-46-0815,,久保田部長
1578,317,2014,サープラスＴＯＷ立沢,3900312,長野県松本市岡田松岡３４３－３,0263-46-0815,,久保田部長
1579,662,2010,こねこねハウス,3998303,安曇野市穂高３０２９－１,0263-82-0431,,猪股さん
1579,662,2011,こねこねハウス,3998303,安曇野市穂高３０２９－１,0263-82-0431,,猪股さん
1579,662,2012,こねこねハウス,3998303,安曇野市穂高３０２９－１,0263-82-0431,,猪股さん
1579,662,2013,こねこねハウス,3998303,安曇野市穂高３０２９－１,0263-82-0431,,猪股さん
1579,662,2014,こねこねハウス,3998303,安曇野市穂高３０２９－１,0263-82-0431,,猪股さん
1580,1026,2012,有限会社合津運輸　松川村倉庫,3998501,長野県北安曇郡松川村７００２－２２,0261-22-8341,0261-23-3533,合津社長
1581,1229,2010,得得うどん　南和田店,3901242,長野県松本市和田上西原４４６２,,,近藤さん
1581,1229,2011,得得うどん　南和田店,3901242,長野県松本市和田上西原４４６２,,,近藤さん
1581,1229,2012,得得うどん　南和田店,3901242,長野県松本市和田上西原４４６２,,,近藤さん
1581,1229,2013,得得うどん　南和田店,3901242,長野県松本市和田上西原４４６２,,,近藤さん
1581,1229,2014,得得うどん　南和田店,3901242,長野県松本市和田上西原４４６２,,,近藤さん
1582,1229,2010,得得うどん　豊科店,3998201,長野県安曇野市豊科南穂高５７８－１,,,近藤さん
1582,1229,2011,得得うどん　豊科店,3998201,長野県安曇野市豊科南穂高５７８－１,,,近藤さん
1582,1229,2012,得得うどん　豊科店,3998201,長野県安曇野市豊科南穂高５７８－１,,,近藤さん
1582,1229,2013,得得うどん　豊科店,3998201,長野県安曇野市豊科南穂高５７８－１,,,近藤さん
1582,1229,2014,得得うどん　豊科店,3998201,長野県安曇野市豊科南穂高５７８－１,,,近藤さん
1583,1028,2010,ラ・シェネガ　ワイズ店,3900874,長野県松本市大手２－２－５,0263-32-2557,0263-32-2510,神山社長
1583,1028,2011,ラ・シェネガ　ワイズ店,3900874,長野県松本市大手２－２－５,0263-32-2557,0263-32-2510,神山社長
1583,1028,2012,ラ・シェネガ　ワイズ店,3900874,長野県松本市大手２－２－５,0263-32-2557,0263-32-2510,神山社長
1583,1028,2013,ラ・シェネガ　ワイズ店,3900874,長野県松本市大手２－２－５,0263-32-2557,0263-32-2510,神山社長
1583,1028,2014,ラ・シェネガ　ワイズ店,3900874,長野県松本市大手２－２－５,0263-32-2557,0263-32-2510,神山社長
1585,1030,2010,食べ処飲み処柳ばし,3900828,長野県松本市庄内３－５－１,0263-25-4866,,丸山　知己
1585,1030,2011,食べ処飲み処柳ばし,3900828,長野県松本市庄内３－５－１,0263-25-4866,,丸山　知己
1585,1030,2012,食べ処飲み処柳ばし,3900828,長野県松本市庄内３－５－１,0263-25-4866,,丸山　知己
1585,1030,2013,食べ処飲み処柳ばし,3900828,長野県松本市庄内３－５－１,0263-25-4866,,丸山　知己
1585,1030,2014,食べ処飲み処柳ばし,3900828,長野県松本市庄内３－５－１,0263-25-4866,,丸山　知己
1586,1030,2010,サニーコート柳ばし,3900828,長野県松本市庄内３－５－４,0263-25-4866,,丸山　知己
1586,1030,2011,サニーコート柳ばし,3900828,長野県松本市庄内３－５－４,0263-25-4866,,丸山　知己
1586,1030,2012,サニーコート柳ばし,3900828,長野県松本市庄内３－５－４,0263-25-4866,,丸山　知己
1586,1030,2013,サニーコート柳ばし,3900828,長野県松本市庄内３－５－４,0263-25-4866,,丸山　知己
1586,1030,2014,サニーコート柳ばし,3900828,長野県松本市庄内３－５－４,0263-25-4866,,丸山　知己
1588,611,2010,池上百竹亭,3900873,長野県松本市丸の内１０－３１,,,樋口課長
1588,611,2011,池上百竹亭,3900873,長野県松本市丸の内１０－３１,,,樋口課長
1588,611,2012,池上百竹亭,3900873,長野県松本市丸の内１０－３１,,,樋口課長
1588,611,2013,池上百竹亭,3900873,長野県松本市丸の内１０－３１,,,樋口課長
1588,611,2014,池上百竹亭,3900873,長野県松本市丸の内１０－３１,,,樋口課長
1589,611,2010,松本市水防センター,3900864,長野県松本市宮渕本村１－１０,,,樋口課長
1589,611,2011,松本市水防センター,3900864,長野県松本市宮渕本村１－１０,,,樋口課長
1589,611,2012,松本市水防センター,3900864,長野県松本市宮渕本村１－１０,,,樋口課長
1589,611,2013,松本市水防センター,3900864,長野県松本市宮渕本村１－１０,,,樋口課長
1589,611,2014,松本市水防センター,3900864,長野県松本市宮渕本村１－１０,,,樋口課長
1590,1032,2010,株式会社水建,3990033,長野県松本市笹賀７０８５,0263-86-3381,0263-86-3374,百瀬部長
1590,1032,2011,株式会社水建,3990033,長野県松本市笹賀７０８５,0263-86-3381,0263-86-3374,百瀬部長
1590,1032,2012,株式会社水建,3990033,長野県松本市笹賀７０８５,0263-86-3381,0263-86-3374,百瀬部長
1590,1032,2013,株式会社水建,3990033,長野県松本市笹賀７０８５,0263-86-3381,0263-86-3374,百瀬部長
1590,1032,2014,株式会社水建,3990033,長野県松本市笹賀７０８５,0263-86-3381,0263-86-3374,百瀬部長
1591,1033,2010,中信測機株式会社,3900851,長野県松本市島内１６６６－４８９,0263-47-8510,0263-48-0590,青柳常務
1591,1033,2011,中信測機株式会社,3900851,長野県松本市島内１６６６－４８９,0263-47-8510,0263-48-0590,青柳常務
1591,1033,2012,中信測機株式会社,3900851,長野県松本市島内１６６６－４８９,0263-47-8510,0263-48-0590,青柳常務
1591,1033,2013,中信測機株式会社,3900851,長野県松本市島内１６６６－４８９,0263-47-8510,0263-48-0590,青柳常務
1591,1033,2014,中信測機株式会社,3900851,長野県松本市島内１６６６－４８９,0263-47-8510,0263-48-0590,青柳常務
1592,378,2010,ラフィーネ上田ＡＸＥ,3860018,長野県上田市常田２－２４８－１,,,紫芝
1592,378,2011,ラフィーネ上田ＡＸＥ,3860018,長野県上田市常田２－２４８－１,,,紫芝
1592,378,2012,ラフィーネ上田ＡＸＥ,3860018,長野県上田市常田２－２４８－１,,,紫芝
1592,378,2013,ラフィーネ上田ＡＸＥ,3860018,長野県上田市常田２－２４８－１,,,紫芝
1592,378,2014,ラフィーネ上田ＡＸＥ,3860018,長野県上田市常田２－２４８－１,,,紫芝
1593,219,2010,特別養護老人ホームちくまの,3901401,長野県東筑摩郡波田町６９１４－１,0263-92-8885,,米山さん
1593,219,2011,特別養護老人ホームちくまの,3901401,長野県東筑摩郡波田町６９１４－１,0263-92-8885,,米山さん
1593,219,2012,特別養護老人ホームちくまの,3901401,長野県東筑摩郡波田町６９１４－１,0263-92-8885,,米山さん
1593,219,2013,特別養護老人ホームちくまの,3901401,長野県東筑摩郡波田町６９１４－１,0263-92-8885,,米山さん
1593,219,2014,特別養護老人ホームちくまの,3901401,長野県東筑摩郡波田町６９１４－１,0263-92-8885,,米山さん
1594,1034,2010,株式会社あづみ野ビバレッジ　松川工場,3998501,長野県北安曇郡松川村７０６４番地２００,0263-83-8632,,園田課長
1594,1034,2011,株式会社あづみ野ビバレッジ　松川工場,3998501,長野県北安曇郡松川村７０６４番地２００,0263-83-8632,,園田課長
1594,1034,2012,株式会社あづみ野ビバレッジ　松川工場,3998501,長野県北安曇郡松川村７０６４番地２００,0263-83-8632,,園田課長
1594,1034,2013,株式会社あづみ野ビバレッジ　松川工場,3998501,長野県北安曇郡松川村７０６４番地２００,0263-83-8632,,園田課長
1594,1034,2014,株式会社あづみ野ビバレッジ　松川工場,3998501,長野県北安曇郡松川村７０６４番地２００,0263-83-8632,,園田課長
1595,1035,2010,グループホーム　よっこらしょ！,3998205,安曇野市豊科94-1,,,藤井　公貴
1595,1035,2011,グループホーム　よっこらしょ！,3998205,安曇野市豊科94-1,,,藤井　公貴
1595,1035,2012,グループホーム　よっこらしょ！,3998205,安曇野市豊科94-1,,,藤井　公貴
1595,1035,2013,グループホーム　よっこらしょ！,3998205,安曇野市豊科94-1,,,藤井　公貴
1595,1035,2014,グループホーム　よっこらしょ！,3998205,安曇野市豊科94-1,,,藤井　公貴
1596,1036,2010,ファインフーズ株式会社,3990000,長野県松本市梓川上野４１７－４,0263-78-6527,0263-78-6528,窪田部長
1596,1036,2011,ファインフーズ株式会社,3990000,長野県松本市梓川上野４１７－４,0263-78-6527,0263-78-6528,窪田部長
1596,1036,2012,ファインフーズ株式会社,3990000,長野県松本市梓川上野４１７－４,0263-78-6527,0263-78-6528,窪田部長
1596,1036,2013,ファインフーズ株式会社,3990000,長野県松本市梓川上野４１７－４,0263-78-6527,0263-78-6528,窪田部長
1596,1036,2014,ファインフーズ株式会社,3990000,長野県松本市梓川上野４１７－４,0263-78-6527,0263-78-6528,窪田部長
1598,1038,2010,株式会社信越リード,3990033,長野県松本市笹賀４３２６,0263-58-9082,,原社長
1598,1038,2011,株式会社信越リード,3990033,長野県松本市笹賀４３２６,0263-58-9082,,原社長
1598,1038,2012,株式会社信越リード,3990033,長野県松本市笹賀４３２６,0263-58-9082,,原社長
1598,1038,2013,株式会社信越リード,3990033,長野県松本市笹賀４３２６,0263-58-9082,,原社長
1598,1038,2014,株式会社信越リード,3990033,長野県松本市笹賀４３２６,0263-58-9082,,原社長
1600,1039,2010,シティ輿石,3900842,長野県松本市征矢野１－１０－５,,,長野ローズ
1600,1039,2011,シティ輿石,3900842,長野県松本市征矢野１－１０－５,,,長野ローズ
1600,1039,2012,シティ輿石,3900842,長野県松本市征矢野１－１０－５,,,長野ローズ
1600,1039,2013,シティ輿石,3900842,長野県松本市征矢野１－１０－５,,,長野ローズ
1600,1039,2014,シティ輿石,3900842,長野県松本市征矢野１－１０－５,,,長野ローズ
1601,1040,2010,パークハイツ島内,3900851,長野県松本市島内４１３９－１,,,長野ローズ
1601,1040,2011,パークハイツ島内,3900851,長野県松本市島内４１３９－１,,,長野ローズ
1601,1040,2012,パークハイツ島内,3900851,長野県松本市島内４１３９－１,,,長野ローズ
1601,1040,2013,パークハイツ島内,3900851,長野県松本市島内４１３９－１,,,長野ローズ
1601,1040,2014,パークハイツ島内,3900851,長野県松本市島内４１３９－１,,,長野ローズ
1602,1041,2010,甲　信,3900862,長野県松本市宮渕１－１－２２,0263-32-5113,,小林
1602,1041,2011,甲　信,3900862,長野県松本市宮渕１－１－２２,0263-32-5113,,小林
1602,1041,2012,甲　信,3900862,長野県松本市宮渕１－１－２２,0263-32-5113,,小林
1602,1041,2013,甲　信,3900862,長野県松本市宮渕１－１－２２,0263-32-5113,,小林
1602,1041,2014,甲　信,3900862,長野県松本市宮渕１－１－２２,0263-32-5113,,小林
1603,1042,2010,甲　信（松本ダンススクール）,3900862,長野県松本市宮渕１－１－２２,0263-34-4155,,甲信　小林
1603,1042,2011,甲　信（松本ダンススクール）,3900862,長野県松本市宮渕１－１－２２,0263-34-4155,,甲信　小林
1603,1042,2012,甲　信（松本ダンススクール）,3900862,長野県松本市宮渕１－１－２２,0263-34-4155,,甲信　小林
1603,1042,2013,甲　信（松本ダンススクール）,3900862,長野県松本市宮渕１－１－２２,0263-34-4155,,甲信　小林
1603,1042,2014,甲　信（松本ダンススクール）,3900862,長野県松本市宮渕１－１－２２,0263-34-4155,,甲信　小林
1604,1043,2010,炭火焼肉　牛角高宮店,3990835,長野県松本市高宮東１－３７,0263-28-4129,,所沢さん
1604,1043,2011,炭火焼肉　牛角高宮店,3990835,長野県松本市高宮東１－３７,0263-28-4129,,所沢さん
1604,1043,2012,炭火焼肉　牛角高宮店,3990835,長野県松本市高宮東１－３７,0263-28-4129,,所沢さん
1604,1043,2013,炭火焼肉　牛角高宮店,3990835,長野県松本市高宮東１－３７,0263-28-4129,,所沢さん
1604,1043,2014,炭火焼肉　牛角高宮店,3990835,長野県松本市高宮東１－３７,0263-28-4129,,所沢さん
1606,1044,2010,ラーメン屋きまぐれ八兵衛,3998201,長野県安曇野市豊科南穂高２７１－１４,0263-73-0408,,百瀬オーナー
1606,1044,2011,ラーメン屋きまぐれ八兵衛,3998201,長野県安曇野市豊科南穂高２７１－１４,0263-73-0408,,百瀬オーナー
1606,1044,2012,ラーメン屋きまぐれ八兵衛,3998201,長野県安曇野市豊科南穂高２７１－１４,0263-73-0408,,百瀬オーナー
1606,1044,2013,ラーメン屋きまぐれ八兵衛,3998201,長野県安曇野市豊科南穂高２７１－１４,0263-73-0408,,百瀬オーナー
1606,1044,2014,ラーメン屋きまぐれ八兵衛,3998201,長野県安曇野市豊科南穂高２７１－１４,0263-73-0408,,百瀬オーナー
1607,64,2010,ビッグエコーあづみ野穂高店,3998205,長野県安曇市豊科５４７８－６,,,中島
1607,64,2011,ビッグエコーあづみ野穂高店,3998205,長野県安曇市豊科５４７８－６,,,中島
1607,64,2012,ビッグエコーあづみ野穂高店,3998205,長野県安曇市豊科５４７８－６,,,中島
1607,64,2013,ビッグエコーあづみ野穂高店,3998205,長野県安曇市豊科５４７８－６,,,中島
1607,64,2014,ビッグエコーあづみ野穂高店,3998205,長野県安曇市豊科５４７８－６,,,中島
1608,936,2010,フレグランスパールＢ棟,3900221,長野県松本市里山辺西小松４２３５－４,0263-28-9087,,新井　東
1608,936,2011,フレグランスパールＢ棟,3900221,長野県松本市里山辺西小松４２３５－４,0263-28-9087,,新井　東
1608,936,2012,フレグランスパールＢ棟,3900221,長野県松本市里山辺西小松４２３５－４,0263-28-9087,,新井　東
1608,936,2013,フレグランスパールＢ棟,3900221,長野県松本市里山辺西小松４２３５－４,0263-28-9087,,新井　東
1608,936,2014,フレグランスパールＢ棟,3900221,長野県松本市里山辺西小松４２３５－４,0263-28-9087,,新井　東
1609,936,2010,フレグランスパールＡ棟,3900221,長野県松本市里山辺西小松４２２４－４,0263-28-9087,,阿部　悦子
1609,936,2011,フレグランスパールＡ棟,3900221,長野県松本市里山辺西小松４２２４－４,0263-28-9087,,阿部　悦子
1609,936,2012,フレグランスパールＡ棟,3900221,長野県松本市里山辺西小松４２２４－４,0263-28-9087,,阿部　悦子
1609,936,2013,フレグランスパールＡ棟,3900221,長野県松本市里山辺西小松４２２４－４,0263-28-9087,,阿部　悦子
1609,936,2014,フレグランスパールＡ棟,3900221,長野県松本市里山辺西小松４２２４－４,0263-28-9087,,阿部　悦子
1610,99,2010,新鮮市場　あづみ野,3998303,長野県安曇野市穂高７７０－３,0263-26-8233,,山本　博子
1610,99,2011,新鮮市場　あづみ野,3998303,長野県安曇野市穂高７７０－３,0263-26-8233,,山本　博子
1610,99,2012,新鮮市場　あづみ野,3998303,長野県安曇野市穂高７７０－３,0263-26-8233,,山本　博子
1610,99,2013,新鮮市場　あづみ野,3998303,長野県安曇野市穂高７７０－３,0263-26-8233,,山本　博子
1610,99,2014,新鮮市場　あづみ野,3998303,長野県安曇野市穂高７７０－３,0263-26-8233,,山本　博子
1611,637,2010,ツクイ塩尻,3990701,長野県塩尻市広丘吉田１０７１－６,0263-85-7807,,福島さん
1611,637,2011,ツクイ塩尻,3990701,長野県塩尻市広丘吉田１０７１－６,0263-85-7807,,福島さん
1611,637,2012,ツクイ塩尻,3990701,長野県塩尻市広丘吉田１０７１－６,0263-85-7807,,福島さん
1611,637,2013,ツクイ塩尻,3990701,長野県塩尻市広丘吉田１０７１－６,0263-85-7807,,福島さん
1611,637,2014,ツクイ塩尻,3990701,長野県塩尻市広丘吉田１０７１－６,0263-85-7807,,福島さん
1612,637,2010,ツクイ茅野,3910005,長野県茅野市仲町１５－６,0266-82-7801,0266-82-7802,大谷
1612,637,2011,ツクイ茅野,3910005,長野県茅野市仲町１５－６,0266-82-7801,0266-82-7802,大谷
1612,637,2012,ツクイ茅野,3910005,長野県茅野市仲町１５－６,0266-82-7801,0266-82-7802,大谷
1612,637,2013,ツクイ茅野,3910005,長野県茅野市仲町１５－６,0266-82-7801,0266-82-7802,大谷
1612,637,2014,ツクイ茅野,3910005,長野県茅野市仲町１５－６,0266-82-7801,0266-82-7802,大谷
1613,1045,2010,有限会社コサカタイヤ,3990033,長野県松本市笹賀５４６４番地１,0263-25-2313,0263-25-2342,小坂
1613,1045,2011,有限会社コサカタイヤ,3990033,長野県松本市笹賀５４６４番地１,0263-25-2313,0263-25-2342,小坂
1613,1045,2012,有限会社コサカタイヤ,3990033,長野県松本市笹賀５４６４番地１,0263-25-2313,0263-25-2342,小坂
1613,1045,2013,有限会社コサカタイヤ,3990033,長野県松本市笹賀５４６４番地１,0263-25-2313,0263-25-2342,小坂
1613,1045,2014,有限会社コサカタイヤ,3990033,長野県松本市笹賀５４６４番地１,0263-25-2313,0263-25-2342,小坂
1614,611,2010,サンタの創庫　塩尻北インター店,3990701,長野県塩尻市広丘吉田１１３８－１,0263-59-7177,0263-59-7277,伊藤くん
1614,611,2011,サンタの創庫　塩尻北インター店,3990701,長野県塩尻市広丘吉田１１３８－１,0263-59-7177,0263-59-7277,伊藤くん
1614,611,2012,サンタの創庫　塩尻北インター店,3990701,長野県塩尻市広丘吉田１１３８－１,0263-59-7177,0263-59-7277,伊藤くん
1614,611,2013,サンタの創庫　塩尻北インター店,3990701,長野県塩尻市広丘吉田１１３８－１,0263-59-7177,0263-59-7277,伊藤くん
1614,611,2014,サンタの創庫　塩尻北インター店,3990701,長野県塩尻市広丘吉田１１３８－１,0263-59-7177,0263-59-7277,伊藤くん
1615,637,2010,ツクイ伊那中央,3960015,長野県伊那市中央４９２０,0265-77-0732,,中井さん
1615,637,2011,ツクイ伊那中央,3960015,長野県伊那市中央４９２０,0265-77-0732,,中井さん
1615,637,2012,ツクイ伊那中央,3960015,長野県伊那市中央４９２０,0265-77-0732,,中井さん
1615,637,2013,ツクイ伊那中央,3960015,長野県伊那市中央４９２０,0265-77-0732,,中井さん
1615,637,2014,ツクイ伊那中央,3960015,長野県伊那市中央４９２０,0265-77-0732,,中井さん
1616,1046,2010,昭和電機産業株式会社　松本支店,3900848,長野県松本市両島７－１０,0263-27-0222,0263-27-0225,吉澤さん
1616,1046,2011,昭和電機産業株式会社　松本支店,3900848,長野県松本市両島７－１０,0263-27-0222,0263-27-0225,吉澤さん
1616,1046,2012,昭和電機産業株式会社　松本支店,3900848,長野県松本市両島７－１０,0263-27-0222,0263-27-0225,吉澤さん
1616,1046,2013,昭和電機産業株式会社　松本支店,3900848,長野県松本市両島７－１０,0263-27-0222,0263-27-0225,吉澤さん
1616,1046,2014,昭和電機産業株式会社　松本支店,3900848,長野県松本市両島７－１０,0263-27-0222,0263-27-0225,吉澤さん
1617,1047,2010,宗教法人　青原寺,3998301,長野県安曇野市穂高有明３４６１,0263-83-2823,,吉田様（奥さん）
1617,1047,2011,宗教法人　青原寺,3998301,長野県安曇野市穂高有明３４６１,0263-83-2823,,吉田様（奥さん）
1617,1047,2012,宗教法人　青原寺,3998301,長野県安曇野市穂高有明３４６１,0263-83-2823,,吉田様（奥さん）
1617,1047,2013,宗教法人　青原寺,3998301,長野県安曇野市穂高有明３４６１,0263-83-2823,,吉田様（奥さん）
1617,1047,2014,宗教法人　青原寺,3998301,長野県安曇野市穂高有明３４６１,0263-83-2823,,吉田様（奥さん）
1618,637,2010,ツクイ上田原,3861102,長野県上田市上田原１２２２－１４,0268-71-3385,0268-71-3387,小林さん
1618,637,2011,ツクイ上田原,3861102,長野県上田市上田原１２２２－１４,0268-71-3385,0268-71-3387,小林さん
1618,637,2012,ツクイ上田原,3861102,長野県上田市上田原１２２２－１４,0268-71-3385,0268-71-3387,小林さん
1618,637,2013,ツクイ上田原,3861102,長野県上田市上田原１２２２－１４,0268-71-3385,0268-71-3387,小林さん
1618,637,2014,ツクイ上田原,3861102,長野県上田市上田原１２２２－１４,0268-71-3385,0268-71-3387,小林さん
1619,1048,2010,ハイツ　サニーサイド,3900806,長野県松本市女鳥羽３－３－２５,0263-32-1455,,加藤　武男
1619,1048,2011,ハイツ　サニーサイド,3900806,長野県松本市女鳥羽３－３－２５,0263-32-1455,,加藤　武男
1619,1048,2012,ハイツ　サニーサイド,3900806,長野県松本市女鳥羽３－３－２５,0263-32-1455,,加藤　武男
1619,1048,2013,ハイツ　サニーサイド,3900806,長野県松本市女鳥羽３－３－２５,0263-32-1455,,加藤　武男
1619,1048,2014,ハイツ　サニーサイド,3900806,長野県松本市女鳥羽３－３－２５,0263-32-1455,,加藤　武男
1620,1049,2010,神田公民館,3900822,長野県松本市神田１－３７－９,0263-26-9081,,町会長　高橋　正治
1620,1049,2011,神田公民館,3900822,長野県松本市神田１－３７－９,0263-26-9081,,町会長　高橋　正治
1620,1049,2012,神田公民館,3900822,長野県松本市神田１－３７－９,0263-26-9081,,町会長　高橋　正治
1620,1049,2013,神田公民館,3900822,長野県松本市神田１－３７－９,0263-26-9081,,町会長　高橋　正治
1620,1049,2014,神田公民館,3900822,長野県松本市神田１－３７－９,0263-26-9081,,町会長　高橋　正治
1621,317,2010,ウエストビル,3900811,長野県松本市中央１－３－３,,,久保田次長
1621,317,2011,ウエストビル,3900811,長野県松本市中央１－３－３,,,久保田次長
1621,317,2012,ウエストビル,3900811,長野県松本市中央１－３－３,,,久保田次長
1621,317,2013,ウエストビル,3900811,長野県松本市中央１－３－３,,,久保田次長
1621,317,2014,ウエストビル,3900811,長野県松本市中央１－３－３,,,久保田次長
1622,1050,2011,プレジール百瀬,3900221,長野県松本市里山辺西小松４１８６－４,0263-33-0827,,百瀬　隆夫
1622,1050,2013,プレジール百瀬,3900221,長野県松本市里山辺西小松４１８６－４,0263-33-0827,,百瀬　隆夫
1623,1050,2011,セジュール大門,3990732,長野県塩尻市大門五番町１２－１５,0263-33-0827,,百瀬　隆夫
1623,1050,2013,セジュール大門,3990732,長野県塩尻市大門五番町１２－１５,0263-33-0827,,百瀬　隆夫
1624,1051,2010,穂高養生園,3998301,長野県安曇野市穂高有明７２５８－２０,0263-83-5260,,福田　俊作
1624,1051,2011,穂高養生園,3998301,長野県安曇野市穂高有明７２５８－２０,0263-83-5260,,福田　俊作
1624,1051,2012,穂高養生園,3998301,長野県安曇野市穂高有明７２５８－２０,0263-83-5260,,福田　俊作
1624,1051,2013,穂高養生園,3998301,長野県安曇野市穂高有明７２５８－２０,0263-83-5260,,福田　俊作
1624,1051,2014,穂高養生園,3998301,長野県安曇野市穂高有明７２５８－２０,0263-83-5260,,福田　俊作
1626,1053,2010,グランドスラム　トレイス,3900842,長野県松本市征矢野１－２－２２,0263-25-0304,0263-25-6422,胡桃沢　武久
1626,1053,2011,グランドスラム　トレイス,3900842,長野県松本市征矢野１－２－２２,0263-25-0304,0263-25-6422,胡桃沢　武久
1626,1053,2012,グランドスラム　トレイス,3900842,長野県松本市征矢野１－２－２２,0263-25-0304,0263-25-6422,胡桃沢　武久
1626,1053,2013,グランドスラム　トレイス,3900842,長野県松本市征矢野１－２－２２,0263-25-0304,0263-25-6422,胡桃沢　武久
1626,1053,2014,グランドスラム　トレイス,3900842,長野県松本市征矢野１－２－２２,0263-25-0304,0263-25-6422,胡桃沢　武久
1627,1054,2010,マンマ・ミーア,3900812,長野県松本市県１－１４９５－４,0263-32-1085,,増田　龍美
1627,1054,2011,マンマ・ミーア,3900812,長野県松本市県１－１４９５－４,0263-32-1085,,増田　龍美
1627,1054,2012,マンマ・ミーア,3900812,長野県松本市県１－１４９５－４,0263-32-1085,,増田　龍美
1627,1054,2013,マンマ・ミーア,3900812,長野県松本市県１－１４９５－４,0263-32-1085,,増田　龍美
1627,1054,2014,マンマ・ミーア,3900812,長野県松本市県１－１４９５－４,0263-32-1085,,増田　龍美
1628,937,2010,アークヒルズ元町,3900803,長野県松本市元町２－６－１１,0263-35-5680,,鈴木　節子
1628,937,2011,アークヒルズ元町,3900803,長野県松本市元町２－６－１１,0263-35-5680,,鈴木　節子
1628,937,2012,アークヒルズ元町,3900803,長野県松本市元町２－６－１１,0263-35-5680,,鈴木　節子
1628,937,2013,アークヒルズ元町,3900803,長野県松本市元町２－６－１１,0263-35-5680,,鈴木　節子
1628,937,2014,アークヒルズ元町,3900803,長野県松本市元町２－６－１１,0263-35-5680,,鈴木　節子
1629,1055,2010,あぐりす,3998211,長野県安曇野市堀金烏川５６９６－５,0263-71-1560,0263-71-1577,
1629,1055,2011,あぐりす,3998211,長野県安曇野市堀金烏川５６９６－５,0263-71-1560,0263-71-1577,
1629,1055,2012,あぐりす,3998211,長野県安曇野市堀金烏川５６９６－５,0263-71-1560,0263-71-1577,
1629,1055,2013,あぐりす,3998211,長野県安曇野市堀金烏川５６９６－５,0263-71-1560,0263-71-1577,
1629,1055,2014,あぐりす,3998211,長野県安曇野市堀金烏川５６９６－５,0263-71-1560,0263-71-1577,
1630,1056,2010,合資会社　昭和製材所,3901401,東筑摩郡波田町９８１７番地５,0263-92-2136,,深澤　優木
1630,1056,2011,合資会社　昭和製材所,3901401,東筑摩郡波田町９８１７番地５,0263-92-2136,,深澤　優木
1630,1056,2012,合資会社　昭和製材所,3901401,東筑摩郡波田町９８１７番地５,0263-92-2136,,深澤　優木
1630,1056,2013,合資会社　昭和製材所,3901401,東筑摩郡波田町９８１７番地５,0263-92-2136,,深澤　優木
1630,1056,2014,合資会社　昭和製材所,3901401,東筑摩郡波田町９８１７番地５,0263-92-2136,,深澤　優木
1631,1057,2010,せきクリニック,3900825,長野県松本市並柳２－１３－１,0263-24-0355,0263-24-036,関　学
1631,1057,2011,せきクリニック,3900825,長野県松本市並柳２－１３－１,0263-24-0355,0263-24-036,関　学
1631,1057,2012,せきクリニック,3900825,長野県松本市並柳２－１３－１,0263-24-0355,0263-24-036,関　学
1631,1057,2013,せきクリニック,3900825,長野県松本市並柳２－１３－１,0263-24-0355,0263-24-036,関　学
1631,1057,2014,せきクリニック,3900825,長野県松本市並柳２－１３－１,0263-24-0355,0263-24-036,関　学
1632,1058,2010,株式会社　銘林　松本営業所,3996461,長野県塩尻市宗賀桔梗ケ原７３－２２９,0263-54-9230,0263-54-9231,中嶋　広行
1632,1058,2011,株式会社　銘林　松本営業所,3996461,長野県塩尻市宗賀桔梗ケ原７３－２２９,0263-54-9230,0263-54-9231,中嶋　広行
1632,1058,2012,株式会社　銘林　松本営業所,3996461,長野県塩尻市宗賀桔梗ケ原７３－２２９,0263-54-9230,0263-54-9231,中嶋　広行
1632,1058,2013,株式会社　銘林　松本営業所,3996461,長野県塩尻市宗賀桔梗ケ原７３－２２９,0263-54-9230,0263-54-9231,中嶋　広行
1632,1058,2014,株式会社　銘林　松本営業所,3996461,長野県塩尻市宗賀桔梗ケ原７３－２２９,0263-54-9230,0263-54-9231,中嶋　広行
1633,1059,2010,松澤工務店株式会社,3900312,長野県松本市岡田松岡３３,0263-46-0527,,松澤さん
1633,1059,2011,松澤工務店株式会社,3900312,長野県松本市岡田松岡３３,0263-46-0527,,松澤さん
1633,1059,2012,松澤工務店株式会社,3900312,長野県松本市岡田松岡３３,0263-46-0527,,松澤さん
1633,1059,2013,松澤工務店株式会社,3900312,長野県松本市岡田松岡３３,0263-46-0527,,松澤さん
1633,1059,2014,松澤工務店株式会社,3900312,長野県松本市岡田松岡３３,0263-46-0527,,松澤さん
1634,1060,2010,長野県信用保証協会　伊那支店,3960015,長野県伊那市中央４６３４－１,0265-72-6148,0265-72-6150,有賀さん
1634,1060,2011,長野県信用保証協会　伊那支店,3960015,長野県伊那市中央４６３４－１,0265-72-6148,0265-72-6150,有賀さん
1634,1060,2012,長野県信用保証協会　伊那支店,3960015,長野県伊那市中央４６３４－１,0265-72-6148,0265-72-6150,有賀さん
1634,1060,2013,長野県信用保証協会　伊那支店,3960015,長野県伊那市中央４６３４－１,0265-72-6148,0265-72-6150,有賀さん
1634,1060,2014,長野県信用保証協会　伊那支店,3960015,長野県伊那市中央４６３４－１,0265-72-6148,0265-72-6150,有賀さん
1635,34,2010,ケアホーム　コスモスハウス,3998205,長野県安曇野市豊科４８６７－２,0263-34-4440,0263-34-4444,杉江　一彦
1635,34,2011,ケアホーム　コスモスハウス,3998205,長野県安曇野市豊科４８６７－２,0263-34-4440,0263-34-4444,杉江　一彦
1635,34,2012,ケアホーム　コスモスハウス,3998205,長野県安曇野市豊科４８６７－２,0263-34-4440,0263-34-4444,杉江　一彦
1635,34,2013,ケアホーム　コスモスハウス,3998205,長野県安曇野市豊科４８６７－２,0263-34-4440,0263-34-4444,杉江　一彦
1635,34,2014,ケアホーム　コスモスハウス,3998205,長野県安曇野市豊科４８６７－２,0263-34-4440,0263-34-4444,杉江　一彦
1636,1061,2010,新明和工業株式会社　松本営業所,3900843,長野県松本市高宮南７－２０,0263-25-1448,0263-26-0401,上條所長・赤羽さん
1636,1061,2011,新明和工業株式会社　松本営業所,3900843,長野県松本市高宮南７－２０,0263-25-1448,0263-26-0401,上條所長・赤羽さん
1636,1061,2012,新明和工業株式会社　松本営業所,3900843,長野県松本市高宮南７－２０,0263-25-1448,0263-26-0401,上條所長・赤羽さん
1636,1061,2013,新明和工業株式会社　松本営業所,3900843,長野県松本市高宮南７－２０,0263-25-1448,0263-26-0401,上條所長・赤羽さん
1636,1061,2014,新明和工業株式会社　松本営業所,3900843,長野県松本市高宮南７－２０,0263-25-1448,0263-26-0401,上條所長・赤羽さん
1637,960,2010,松本砂防事務所　元町事務所,3900803,長野県松本市元町１－８－２８,0263-33-1115,0263-33-6086,桜井さん　総務課
1637,960,2011,松本砂防事務所　元町事務所,3900803,長野県松本市元町１－８－２８,0263-33-1115,0263-33-6086,桜井さん　総務課
1637,960,2012,松本砂防事務所　元町事務所,3900803,長野県松本市元町１－８－２８,0263-33-1115,0263-33-6086,桜井さん　総務課
1637,960,2013,松本砂防事務所　元町事務所,3900803,長野県松本市元町１－８－２８,0263-33-1115,0263-33-6086,桜井さん　総務課
1637,960,2014,松本砂防事務所　元町事務所,3900803,長野県松本市元町１－８－２８,0263-33-1115,0263-33-6086,桜井さん　総務課
1639,1063,2010,有限会社ザウルス（オートシステム松本）,3900828,長野県松本市庄内３－１０－７,0263-28-6438,,山崎社長
1639,1063,2011,有限会社ザウルス（オートシステム松本）,3900828,長野県松本市庄内３－１０－７,0263-28-6438,,山崎社長
1639,1063,2012,有限会社ザウルス（オートシステム松本）,3900828,長野県松本市庄内３－１０－７,0263-28-6438,,山崎社長
1639,1063,2013,有限会社ザウルス（オートシステム松本）,3900828,長野県松本市庄内３－１０－７,0263-28-6438,,山崎社長
1639,1063,2014,有限会社ザウルス（オートシステム松本）,3900828,長野県松本市庄内３－１０－７,0263-28-6438,,山崎社長
1640,1064,2010,真宗大谷派　妙勝寺,3900811,長野県松本市中央４－９－１３,0263-32-5453,,石川
1640,1064,2011,真宗大谷派　妙勝寺,3900811,長野県松本市中央４－９－１３,0263-32-5453,,石川
1640,1064,2012,真宗大谷派　妙勝寺,3900811,長野県松本市中央４－９－１３,0263-32-5453,,石川
1640,1064,2013,真宗大谷派　妙勝寺,3900811,長野県松本市中央４－９－１３,0263-32-5453,,石川
1640,1064,2014,真宗大谷派　妙勝寺,3900811,長野県松本市中央４－９－１３,0263-32-5453,,石川
1641,1065,2010,炭火焼肉　太鼓門,3900825,長野県松本市並柳２－１５－２８,0263-24-0558,0263-28-6147,高橋　一郎
1641,1065,2011,炭火焼肉　太鼓門,3900825,長野県松本市並柳２－１５－２８,0263-24-0558,0263-28-6147,高橋　一郎
1641,1065,2012,炭火焼肉　太鼓門,3900825,長野県松本市並柳２－１５－２８,0263-24-0558,0263-28-6147,高橋　一郎
1641,1065,2013,炭火焼肉　太鼓門,3900825,長野県松本市並柳２－１５－２８,0263-24-0558,0263-28-6147,高橋　一郎
1641,1065,2014,炭火焼肉　太鼓門,3900825,長野県松本市並柳２－１５－２８,0263-24-0558,0263-28-6147,高橋　一郎
1643,274,2010,海幸の宴　松本店,3900825,長野県松本市並柳４－１－３８,0263-26-3399,,百瀬室長
1643,274,2011,海幸の宴　松本店,3900825,長野県松本市並柳４－１－３８,0263-26-3399,,百瀬室長
1643,274,2012,海幸の宴　松本店,3900825,長野県松本市並柳４－１－３８,0263-26-3399,,百瀬室長
1643,274,2013,海幸の宴　松本店,3900825,長野県松本市並柳４－１－３８,0263-26-3399,,百瀬室長
1643,274,2014,海幸の宴　松本店,3900825,長野県松本市並柳４－１－３８,0263-26-3399,,百瀬室長
1644,1067,2010,株式会社国吉　波田倉庫,3901401,長野県松本市波田下原９１７３－２,0263-40-3747,0263-40-3748,平澤さん
1644,1067,2011,株式会社国吉　波田倉庫,3901401,長野県松本市波田下原９１７３－２,0263-40-3747,0263-40-3748,平澤さん
1644,1067,2012,株式会社国吉　波田倉庫,3901401,長野県松本市波田下原９１７３－２,0263-40-3747,0263-40-3748,平澤さん
1644,1067,2013,株式会社国吉　波田倉庫,3901401,長野県松本市波田下原９１７３－２,0263-40-3747,0263-40-3748,平澤さん
1644,1067,2014,株式会社国吉　波田倉庫,3901401,長野県松本市波田下原９１７３－２,0263-40-3747,0263-40-3748,平澤さん
1645,1068,2010,Ｅｄｇｅ　ａｎｄ　Ｓｏｆａ,3900851,長野県松本市島内4179-1,0263-31-6183,,加藤さん
1645,1068,2011,Ｅｄｇｅ　ａｎｄ　Ｓｏｆａ,3900851,長野県松本市島内4179-1,0263-31-6183,,加藤さん
1645,1068,2012,Ｅｄｇｅ　ａｎｄ　Ｓｏｆａ,3900851,長野県松本市島内4179-1,0263-31-6183,,加藤さん
1645,1068,2013,Ｅｄｇｅ　ａｎｄ　Ｓｏｆａ,3900851,長野県松本市島内4179-1,0263-31-6183,,加藤さん
1645,1068,2014,Ｅｄｇｅ　ａｎｄ　Ｓｏｆａ,3900851,長野県松本市島内4179-1,0263-31-6183,,加藤さん
1646,89,2010,宮崎町・駒町公民館,3900875,長野県松本市城西１－４－１６,0263-35-4871,,須澤さん
1646,89,2011,宮崎町・駒町公民館,3900875,長野県松本市城西１－４－１６,0263-35-4871,,須澤さん
1646,89,2012,宮崎町・駒町公民館,3900875,長野県松本市城西１－４－１６,0263-35-4871,,須澤さん
1646,89,2013,宮崎町・駒町公民館,3900875,長野県松本市城西１－４－１６,0263-35-4871,,須澤さん
1646,89,2014,宮崎町・駒町公民館,3900875,長野県松本市城西１－４－１６,0263-35-4871,,須澤さん
1647,1069,2010,ピーチハイツ,3900877,長野県松本市沢村３－３４,0263-36-4725,,中條　孝志
1647,1069,2011,ピーチハイツ,3900877,長野県松本市沢村３－３４,0263-36-4725,,中條　孝志
1647,1069,2012,ピーチハイツ,3900877,長野県松本市沢村３－３４,0263-36-4725,,中條　孝志
1647,1069,2013,ピーチハイツ,3900877,長野県松本市沢村３－３４,0263-36-4725,,中條　孝志
1647,1069,2014,ピーチハイツ,3900877,長野県松本市沢村３－３４,0263-36-4725,,中條　孝志
1648,1070,2010,株式会社　丸五山形食品,3901301,長野県東筑摩郡山形村４７４８,0263-98-2312,0263-98-3011,塩原社長
1648,1070,2011,株式会社　丸五山形食品,3901301,長野県東筑摩郡山形村４７４８,0263-98-2312,0263-98-3011,塩原社長
1648,1070,2012,株式会社　丸五山形食品,3901301,長野県東筑摩郡山形村４７４８,0263-98-2312,0263-98-3011,塩原社長
1648,1070,2013,株式会社　丸五山形食品,3901301,長野県東筑摩郡山形村４７４８,0263-98-2312,0263-98-3011,塩原社長
1648,1070,2014,株式会社　丸五山形食品,3901301,長野県東筑摩郡山形村４７４８,0263-98-2312,0263-98-3011,塩原社長
1649,611,2010,学校法人外語学園　松本大学予備校　本校,3900814,長野県松本市本庄１－６－５,,,峯村主任
1649,611,2011,学校法人外語学園　松本大学予備校　本校,3900814,長野県松本市本庄１－６－５,,,峯村主任
1649,611,2012,学校法人外語学園　松本大学予備校　本校,3900814,長野県松本市本庄１－６－５,,,峯村主任
1649,611,2013,学校法人外語学園　松本大学予備校　本校,3900814,長野県松本市本庄１－６－５,,,峯村主任
1649,611,2014,学校法人外語学園　松本大学予備校　本校,3900814,長野県松本市本庄１－６－５,,,峯村主任
1650,611,2010,学校法人外語学園　松本大学予備校　駅前校,3900815,長野県松本市深志１－１－１０,,,峯村主任
1650,611,2011,学校法人外語学園　松本大学予備校　駅前校,3900815,長野県松本市深志１－１－１０,,,峯村主任
1650,611,2012,学校法人外語学園　松本大学予備校　駅前校,3900815,長野県松本市深志１－１－１０,,,峯村主任
1650,611,2013,学校法人外語学園　松本大学予備校　駅前校,3900815,長野県松本市深志１－１－１０,,,峯村主任
1650,611,2014,学校法人外語学園　松本大学予備校　駅前校,3900815,長野県松本市深志１－１－１０,,,峯村主任
1652,611,2010,メディア書店　松本店,3990014,長野県松本市平田東２－１８－１４,,,伊藤くん
1652,611,2011,メディア書店　松本店,3990014,長野県松本市平田東２－１８－１４,,,伊藤くん
1652,611,2012,メディア書店　松本店,3990014,長野県松本市平田東２－１８－１４,,,伊藤くん
1652,611,2013,メディア書店　松本店,3990014,長野県松本市平田東２－１８－１４,,,伊藤くん
1652,611,2014,メディア書店　松本店,3990014,長野県松本市平田東２－１８－１４,,,伊藤くん
1654,611,2010,三愛ロジスティクス株式会社　長野営業所,3990004,長野県松本市市場４－２０,,,伊藤
1654,611,2011,三愛ロジスティクス株式会社　長野営業所,3990004,長野県松本市市場４－２０,,,伊藤
1654,611,2012,三愛ロジスティクス株式会社　長野営業所,3990004,長野県松本市市場４－２０,,,伊藤
1654,611,2013,三愛ロジスティクス株式会社　長野営業所,3990004,長野県松本市市場４－２０,,,伊藤
1654,611,2014,三愛ロジスティクス株式会社　長野営業所,3990004,長野県松本市市場４－２０,,,伊藤
1655,1071,2010,株式会社デンセン松本営業所,3900847,長野県松本市笹部４－１１－９,0263-27-8833,0263-27-8877,徳永くん
1655,1071,2011,株式会社デンセン松本営業所,3900847,長野県松本市笹部４－１１－９,0263-27-8833,0263-27-8877,徳永くん
1655,1071,2012,株式会社デンセン松本営業所,3900847,長野県松本市笹部４－１１－９,0263-27-8833,0263-27-8877,徳永くん
1655,1071,2013,株式会社デンセン松本営業所,3900847,長野県松本市笹部４－１１－９,0263-27-8833,0263-27-8877,徳永くん
1655,1071,2014,株式会社デンセン松本営業所,3900847,長野県松本市笹部４－１１－９,0263-27-8833,0263-27-8877,徳永くん
1656,611,2010,ﾊｰﾄﾞｵﾌ･ｵﾌﾊｳｽ･ﾎﾋﾞｰｵﾌ･ｶﾞﾚｰｼﾞｵﾌ松本平田店,3990014,長野県松本市平田東２－２２－４,,,伊藤くん（セコムテクノ）
1656,611,2011,ﾊｰﾄﾞｵﾌ･ｵﾌﾊｳｽ･ﾎﾋﾞｰｵﾌ･ｶﾞﾚｰｼﾞｵﾌ松本平田店,3990014,長野県松本市平田東２－２２－４,,,伊藤くん（セコムテクノ）
1656,611,2012,ﾊｰﾄﾞｵﾌ･ｵﾌﾊｳｽ･ﾎﾋﾞｰｵﾌ･ｶﾞﾚｰｼﾞｵﾌ松本平田店,3990014,長野県松本市平田東２－２２－４,,,伊藤くん（セコムテクノ）
1656,611,2013,ﾊｰﾄﾞｵﾌ･ｵﾌﾊｳｽ･ﾎﾋﾞｰｵﾌ･ｶﾞﾚｰｼﾞｵﾌ松本平田店,3990014,長野県松本市平田東２－２２－４,,,伊藤くん（セコムテクノ）
1656,611,2014,ﾊｰﾄﾞｵﾌ･ｵﾌﾊｳｽ･ﾎﾋﾞｰｵﾌ･ｶﾞﾚｰｼﾞｵﾌ松本平田店,3990014,長野県松本市平田東２－２２－４,,,伊藤くん（セコムテクノ）
1657,1072,2010,養老乃瀧　筑摩店,3900821,長野県松本市筑摩４－１９－１,0263-25-0238,,三代澤社長
1657,1072,2011,養老乃瀧　筑摩店,3900821,長野県松本市筑摩４－１９－１,0263-25-0238,,三代澤社長
1657,1072,2012,養老乃瀧　筑摩店,3900821,長野県松本市筑摩４－１９－１,0263-25-0238,,三代澤社長
1657,1072,2013,養老乃瀧　筑摩店,3900821,長野県松本市筑摩４－１９－１,0263-25-0238,,三代澤社長
1657,1072,2014,養老乃瀧　筑摩店,3900821,長野県松本市筑摩４－１９－１,0263-25-0238,,三代澤社長
1658,601,2010,住まいとくらしの情報館　茅野,3910013,長野県茅野市宮川３８３３－４,0266-71-1877,,下里さん
1658,601,2011,住まいとくらしの情報館　茅野,3910013,長野県茅野市宮川３８３３－４,0266-71-1877,,下里さん
1658,601,2012,住まいとくらしの情報館　茅野,3910013,長野県茅野市宮川３８３３－４,0266-71-1877,,下里さん
1658,601,2013,住まいとくらしの情報館　茅野,3910013,長野県茅野市宮川３８３３－４,0266-71-1877,,下里さん
1658,601,2014,住まいとくらしの情報館　茅野,3910013,長野県茅野市宮川３８３３－４,0266-71-1877,,下里さん
1659,1073,2012,フォレストハイツ,3900851,長野県松本市島内１８６４－４,0263-32-0848,,大堀　茂
1660,1074,2010,株式会社ＡＩＤ穂高保養所研修センター,3998301,長野県安曇野市穂高有明７９９２－１,0263-78-8003,,伊藤　覚
1660,1074,2011,株式会社ＡＩＤ穂高保養所研修センター,3998301,長野県安曇野市穂高有明７９９２－１,0263-78-8003,,伊藤　覚
1660,1074,2012,株式会社ＡＩＤ穂高保養所研修センター,3998301,長野県安曇野市穂高有明７９９２－１,0263-78-8003,,伊藤　覚
1660,1074,2013,株式会社ＡＩＤ穂高保養所研修センター,3998301,長野県安曇野市穂高有明７９９２－１,0263-78-8003,,伊藤　覚
1660,1074,2014,株式会社ＡＩＤ穂高保養所研修センター,3998301,長野県安曇野市穂高有明７９９２－１,0263-78-8003,,伊藤　覚
1661,354,2010,山形村　ふれあいドーム,3901301,長野県東筑摩郡山形村２０５９－１,0263-98-3033,,村松　京子
1661,354,2011,山形村　ふれあいドーム,3901301,長野県東筑摩郡山形村２０５９－１,0263-98-3033,,村松　京子
1661,354,2012,山形村　ふれあいドーム,3901301,長野県東筑摩郡山形村２０５９－１,0263-98-3033,,村松　京子
1661,354,2013,山形村　ふれあいドーム,3901301,長野県東筑摩郡山形村２０５９－１,0263-98-3033,,村松　京子
1661,354,2014,山形村　ふれあいドーム,3901301,長野県東筑摩郡山形村２０５９－１,0263-98-3033,,村松　京子
1662,620,2010,保育所てくのん,3998204,長野県安曇野市高家５０９０－１,,,恩田　政利
1662,620,2011,保育所てくのん,3998204,長野県安曇野市高家５０９０－１,,,恩田　政利
1662,620,2012,保育所てくのん,3998204,長野県安曇野市高家５０９０－１,,,恩田　政利
1662,620,2013,保育所てくのん,3998204,長野県安曇野市高家５０９０－１,,,恩田　政利
1662,620,2014,保育所てくのん,3998204,長野県安曇野市高家５０９０－１,,,恩田　政利
1663,65,2010,グループホームこまくさ野村　宮ノ前,3990702,長野県塩尻市広丘野村字宮ノ前８５１－イ,0263-51-1128,,伊藤　大介
1663,65,2011,グループホームこまくさ野村　宮ノ前,3990702,長野県塩尻市広丘野村字宮ノ前８５１－イ,0263-51-1128,,伊藤　大介
1663,65,2012,グループホームこまくさ野村　宮ノ前,3990702,長野県塩尻市広丘野村字宮ノ前８５１－イ,0263-51-1128,,伊藤　大介
1663,65,2013,グループホームこまくさ野村　宮ノ前,3990702,長野県塩尻市広丘野村字宮ノ前８５１－イ,0263-51-1128,,伊藤　大介
1663,65,2014,グループホームこまくさ野村　宮ノ前,3990702,長野県塩尻市広丘野村字宮ノ前８５１－イ,0263-51-1128,,伊藤　大介
1664,1075,2010,波田２０区分館,3990000,長野県松本市波田５６１５,0263-92-3340,,西牧　利次
1664,1075,2011,波田２０区分館,3990000,長野県松本市波田５６１５,0263-92-3340,,西牧　利次
1664,1075,2012,波田２０区分館,3990000,長野県松本市波田５６１５,0263-92-3340,,西牧　利次
1664,1075,2013,波田２０区分館,3990000,長野県松本市波田５６１５,0263-92-3340,,西牧　利次
1664,1075,2014,波田２０区分館,3990000,長野県松本市波田５６１５,0263-92-3340,,西牧　利次
1666,1077,2010,ホテル　Ｋ　ＲＥＳＯＲＴ,3990032,長野県松本市芳川村井町新林２２０－８,0263-86-8831,,曹　美姫社長
1666,1077,2011,ホテル　Ｋ　ＲＥＳＯＲＴ,3990032,長野県松本市芳川村井町新林２２０－８,0263-86-8831,,曹　美姫社長
1666,1077,2012,ホテル　Ｋ　ＲＥＳＯＲＴ,3990032,長野県松本市芳川村井町新林２２０－８,0263-86-8831,,曹　美姫社長
1666,1077,2013,ホテル　Ｋ　ＲＥＳＯＲＴ,3990032,長野県松本市芳川村井町新林２２０－８,0263-86-8831,,曹　美姫社長
1666,1077,2014,ホテル　Ｋ　ＲＥＳＯＲＴ,3990032,長野県松本市芳川村井町新林２２０－８,0263-86-8831,,曹　美姫社長
1667,1078,2010,有限会社旭重機建設,3990033,長野県松本市笹賀５００－１０,0263-86-0123,,社長
1667,1078,2011,有限会社旭重機建設,3990033,長野県松本市笹賀５００－１０,0263-86-0123,,社長
1667,1078,2012,有限会社旭重機建設,3990033,長野県松本市笹賀５００－１０,0263-86-0123,,社長
1667,1078,2013,有限会社旭重機建設,3990033,長野県松本市笹賀５００－１０,0263-86-0123,,社長
1667,1078,2014,有限会社旭重機建設,3990033,長野県松本市笹賀５００－１０,0263-86-0123,,社長
1668,274,2010,特別養護老人ホーム四賀福寿荘,3997417,長野県松本市刈谷原町６１３,0263-64-2922,,百瀬常務
1668,274,2011,特別養護老人ホーム四賀福寿荘,3997417,長野県松本市刈谷原町６１３,0263-64-2922,,百瀬常務
1668,274,2012,特別養護老人ホーム四賀福寿荘,3997417,長野県松本市刈谷原町６１３,0263-64-2922,,百瀬常務
1668,274,2013,特別養護老人ホーム四賀福寿荘,3997417,長野県松本市刈谷原町６１３,0263-64-2922,,百瀬常務
1668,274,2014,特別養護老人ホーム四賀福寿荘,3997417,長野県松本市刈谷原町６１３,0263-64-2922,,百瀬常務
1669,944,2010,松本ひよこ第１・第２三郷ホーム,3998101,長野県安曇野市三郷明盛３８１－１,0263-47-6916,0263-47-6919,佐藤所長（戸部さん）
1669,944,2011,松本ひよこ第１・第２三郷ホーム,3998101,長野県安曇野市三郷明盛３８１－１,0263-47-6916,0263-47-6919,佐藤所長（戸部さん）
1669,944,2012,松本ひよこ第１・第２三郷ホーム,3998101,長野県安曇野市三郷明盛３８１－１,0263-47-6916,0263-47-6919,佐藤所長（戸部さん）
1669,944,2013,松本ひよこ第１・第２三郷ホーム,3998101,長野県安曇野市三郷明盛３８１－１,0263-47-6916,0263-47-6919,佐藤所長（戸部さん）
1669,944,2014,松本ひよこ第１・第２三郷ホーム,3998101,長野県安曇野市三郷明盛３８１－１,0263-47-6916,0263-47-6919,佐藤所長（戸部さん）
1670,1080,2010,穂高スイミングクラブ,3998301,長野県安曇野市穂高有明５７１８－９４,0263-83-3490,,中嶋さん
1670,1080,2011,穂高スイミングクラブ,3998301,長野県安曇野市穂高有明５７１８－９４,0263-83-3490,,中嶋さん
1670,1080,2012,穂高スイミングクラブ,3998301,長野県安曇野市穂高有明５７１８－９４,0263-83-3490,,中嶋さん
1670,1080,2013,穂高スイミングクラブ,3998301,長野県安曇野市穂高有明５７１８－９４,0263-83-3490,,中嶋さん
1670,1080,2014,穂高スイミングクラブ,3998301,長野県安曇野市穂高有明５７１８－９４,0263-83-3490,,中嶋さん
1671,1080,2010,ＰＡＲＫ　ＢＬＤＧ,3900811,長野県松本市中央１－１９－１５,0263-39-7350,0263-39-7351,芳原社長
1671,1080,2011,ＰＡＲＫ　ＢＬＤＧ,3900811,長野県松本市中央１－１９－１５,0263-39-7350,0263-39-7351,芳原社長
1671,1080,2012,ＰＡＲＫ　ＢＬＤＧ,3900811,長野県松本市中央１－１９－１５,0263-39-7350,0263-39-7351,芳原社長
1671,1080,2013,ＰＡＲＫ　ＢＬＤＧ,3900811,長野県松本市中央１－１９－１５,0263-39-7350,0263-39-7351,芳原社長
1671,1080,2014,ＰＡＲＫ　ＢＬＤＧ,3900811,長野県松本市中央１－１９－１５,0263-39-7350,0263-39-7351,芳原社長
1672,611,2010,株式会社伊東電機工作所,3960021,長野県伊那市伊那５０１７,0265-72-5208,,伊藤（セコムテクノ）
1672,611,2011,株式会社伊東電機工作所,3960021,長野県伊那市伊那５０１７,0265-72-5208,,伊藤（セコムテクノ）
1672,611,2012,株式会社伊東電機工作所,3960021,長野県伊那市伊那５０１７,0265-72-5208,,伊藤（セコムテクノ）
1672,611,2013,株式会社伊東電機工作所,3960021,長野県伊那市伊那５０１７,0265-72-5208,,伊藤（セコムテクノ）
1672,611,2014,株式会社伊東電機工作所,3960021,長野県伊那市伊那５０１７,0265-72-5208,,伊藤（セコムテクノ）
1673,1081,2010,東京電力株式会社　塩尻送電所,3990704,長野県塩尻市広丘郷原１０５３－２,0263-53-1614,,土木建築グループ　岩垂副長
1673,1081,2011,東京電力株式会社　塩尻送電所,3990704,長野県塩尻市広丘郷原１０５３－２,0263-53-1614,,土木建築グループ　岩垂副長
1673,1081,2012,東京電力株式会社　塩尻送電所,3990704,長野県塩尻市広丘郷原１０５３－２,0263-53-1614,,土木建築グループ　岩垂副長
1673,1081,2013,東京電力株式会社　塩尻送電所,3990704,長野県塩尻市広丘郷原１０５３－２,0263-53-1614,,土木建築グループ　岩垂副長
1673,1081,2014,東京電力株式会社　塩尻送電所,3990704,長野県塩尻市広丘郷原１０５３－２,0263-53-1614,,土木建築グループ　岩垂副長
1674,1081,2010,東京電力株式会社　松本電力所,3900811,長野県松本市中央４－１－１７,0263-33-0220,0263-34-3696,土木建築グループ　岩垂副長
1674,1081,2011,東京電力株式会社　松本電力所,3900811,長野県松本市中央４－１－１７,0263-33-0220,0263-34-3696,土木建築グループ　岩垂副長
1674,1081,2012,東京電力株式会社　松本電力所,3900811,長野県松本市中央４－１－１７,0263-33-0220,0263-34-3696,土木建築グループ　岩垂副長
1674,1081,2013,東京電力株式会社　松本電力所,3900811,長野県松本市中央４－１－１７,0263-33-0220,0263-34-3696,土木建築グループ　岩垂副長
1674,1081,2014,東京電力株式会社　松本電力所,3900811,長野県松本市中央４－１－１７,0263-33-0220,0263-34-3696,土木建築グループ　岩垂副長
1675,1082,2010,長野第一物流株式会社松本営業所,3990000,松本市野溝東１－１－４１,0263-27-1414,,古旗所長
1675,1082,2011,長野第一物流株式会社松本営業所,3990000,松本市野溝東１－１－４１,0263-27-1414,,古旗所長
1675,1082,2012,長野第一物流株式会社松本営業所,3990000,松本市野溝東１－１－４１,0263-27-1414,,古旗所長
1675,1082,2013,長野第一物流株式会社松本営業所,3990000,松本市野溝東１－１－４１,0263-27-1414,,古旗所長
1675,1082,2014,長野第一物流株式会社松本営業所,3990000,松本市野溝東１－１－４１,0263-27-1414,,古旗所長
1676,1083,2010,松本市南部屋内運動場・美須々屋内運動場,3900303,長野県松本市浅間温泉１－９－２,0263-46-6398,,小渕所長
1676,1083,2011,松本市南部屋内運動場・美須々屋内運動場,3900303,長野県松本市浅間温泉１－９－２,0263-46-6398,,小渕所長
1676,1083,2012,松本市南部屋内運動場・美須々屋内運動場,3900303,長野県松本市浅間温泉１－９－２,0263-46-6398,,小渕所長
1676,1083,2013,松本市南部屋内運動場・美須々屋内運動場,3900303,長野県松本市浅間温泉１－９－２,0263-46-6398,,小渕所長
1676,1083,2014,松本市南部屋内運動場・美須々屋内運動場,3900303,長野県松本市浅間温泉１－９－２,0263-46-6398,,小渕所長
1677,632,2010,障害者施設ママりお,3998302,長野県安曇野市穂高北穂高3000-1,0263-88-3351,,
1677,632,2011,障害者施設ママりお,3998302,長野県安曇野市穂高北穂高3000-1,0263-88-3351,,
1677,632,2012,障害者施設ママりお,3998302,長野県安曇野市穂高北穂高3000-1,0263-88-3351,,
1677,632,2013,障害者施設ママりお,3998302,長野県安曇野市穂高北穂高3000-1,0263-88-3351,,
1677,632,2014,障害者施設ママりお,3998302,長野県安曇野市穂高北穂高3000-1,0263-88-3351,,
1678,245,2010,松本市医師会　医療センター南分室,3990035,松本市大字芳川村井町字巾下１７０１－２、７３－１,0263-35-4997,0263-36-6309,百瀬副部長
1678,245,2011,松本市医師会　医療センター南分室,3990035,松本市大字芳川村井町字巾下１７０１－２、７３－１,0263-35-4997,0263-36-6309,百瀬副部長
1678,245,2012,松本市医師会　医療センター南分室,3990035,松本市大字芳川村井町字巾下１７０１－２、７３－１,0263-35-4997,0263-36-6309,百瀬副部長
1678,245,2013,松本市医師会　医療センター南分室,3990035,松本市大字芳川村井町字巾下１７０１－２、７３－１,0263-35-4997,0263-36-6309,百瀬副部長
1678,245,2014,松本市医師会　医療センター南分室,3990035,松本市大字芳川村井町字巾下１７０１－２、７３－１,0263-35-4997,0263-36-6309,百瀬副部長
1680,1084,2010,株式会社信州自然食品センター,3998204,長野県安曇野市豊科高家２２８７－１７,0263-72-1935,,
1680,1084,2011,株式会社信州自然食品センター,3998204,長野県安曇野市豊科高家２２８７－１７,0263-72-1935,,
1680,1084,2012,株式会社信州自然食品センター,3998204,長野県安曇野市豊科高家２２８７－１７,0263-72-1935,,
1680,1084,2013,株式会社信州自然食品センター,3998204,長野県安曇野市豊科高家２２８７－１７,0263-72-1935,,
1680,1084,2014,株式会社信州自然食品センター,3998204,長野県安曇野市豊科高家２２８７－１７,0263-72-1935,,
1681,611,2010,株式会社はしづめ,3990703,長野県塩尻市広丘高出１５８２－１,0263-52-1474,,伊藤さん
1681,611,2011,株式会社はしづめ,3990703,長野県塩尻市広丘高出１５８２－１,0263-52-1474,,伊藤さん
1681,611,2012,株式会社はしづめ,3990703,長野県塩尻市広丘高出１５８２－１,0263-52-1474,,伊藤さん
1681,611,2013,株式会社はしづめ,3990703,長野県塩尻市広丘高出１５８２－１,0263-52-1474,,伊藤さん
1681,611,2014,株式会社はしづめ,3990703,長野県塩尻市広丘高出１５８２－１,0263-52-1474,,伊藤さん
1682,1085,2010,生金ビル,3900811,長野県松本市中央２－９－１４,0263-33-6085,,三輪　昌子
1682,1085,2011,生金ビル,3900811,長野県松本市中央２－９－１４,0263-33-6085,,三輪　昌子
1682,1085,2012,生金ビル,3900811,長野県松本市中央２－９－１４,0263-33-6085,,三輪　昌子
1682,1085,2013,生金ビル,3900811,長野県松本市中央２－９－１４,0263-33-6085,,三輪　昌子
1682,1085,2014,生金ビル,3900811,長野県松本市中央２－９－１４,0263-33-6085,,三輪　昌子
1683,1086,2010,温心寮,3990000,長野県松本市波田６８５７,0263-92-1020,,
1683,1086,2011,温心寮,3990000,長野県松本市波田６８５７,0263-92-1020,,
1683,1086,2012,温心寮,3990000,長野県松本市波田６８５７,0263-92-1020,,
1683,1086,2013,温心寮,3990000,長野県松本市波田６８５７,0263-92-1020,,
1683,1086,2014,温心寮,3990000,長野県松本市波田６８５７,0263-92-1020,,
1684,1087,2010,藤ハイツ,3900846,長野県松本市南原１－６－１,0263-58-8271,,米山　満子
1684,1087,2011,藤ハイツ,3900846,長野県松本市南原１－６－１,0263-58-8271,,米山　満子
1684,1087,2012,藤ハイツ,3900846,長野県松本市南原１－６－１,0263-58-8271,,米山　満子
1684,1087,2013,藤ハイツ,3900846,長野県松本市南原１－６－１,0263-58-8271,,米山　満子
1684,1087,2014,藤ハイツ,3900846,長野県松本市南原１－６－１,0263-58-8271,,米山　満子
1685,1087,2010,フォーブル米山,3990033,長野県松本市笹賀３９６９－１,0263-58-8271,,米山　満子
1685,1087,2011,フォーブル米山,3990033,長野県松本市笹賀３９６９－１,0263-58-8271,,米山　満子
1685,1087,2012,フォーブル米山,3990033,長野県松本市笹賀３９６９－１,0263-58-8271,,米山　満子
1685,1087,2013,フォーブル米山,3990033,長野県松本市笹賀３９６９－１,0263-58-8271,,米山　満子
1685,1087,2014,フォーブル米山,3990033,長野県松本市笹賀３９６９－１,0263-58-8271,,米山　満子
1686,637,2010,総合福祉ツクイ飯田,3950003,長野県飯田市上郷別府３３２７－１１,0265-22-8194,0265-22-8295,桐生さん
1686,637,2011,総合福祉ツクイ飯田,3950003,長野県飯田市上郷別府３３２７－１１,0265-22-8194,0265-22-8295,桐生さん
1686,637,2012,総合福祉ツクイ飯田,3950003,長野県飯田市上郷別府３３２７－１１,0265-22-8194,0265-22-8295,桐生さん
1686,637,2013,総合福祉ツクイ飯田,3950003,長野県飯田市上郷別府３３２７－１１,0265-22-8194,0265-22-8295,桐生さん
1686,637,2014,総合福祉ツクイ飯田,3950003,長野県飯田市上郷別府３３２７－１１,0265-22-8194,0265-22-8295,桐生さん
1687,1088,2010,有限会社鉢伏ファーム,3990012,長野県松本市寿白瀬渕字堤地１３６１－１,0263-86-8433,0263-86-8648,橋倉社長
1687,1088,2011,有限会社鉢伏ファーム,3990012,長野県松本市寿白瀬渕字堤地１３６１－１,0263-86-8433,0263-86-8648,橋倉社長
1687,1088,2012,有限会社鉢伏ファーム,3990012,長野県松本市寿白瀬渕字堤地１３６１－１,0263-86-8433,0263-86-8648,橋倉社長
1687,1088,2013,有限会社鉢伏ファーム,3990012,長野県松本市寿白瀬渕字堤地１３６１－１,0263-86-8433,0263-86-8648,橋倉社長
1687,1088,2014,有限会社鉢伏ファーム,3990012,長野県松本市寿白瀬渕字堤地１３６１－１,0263-86-8433,0263-86-8648,橋倉社長
1688,611,2010,木祖産業協同組合　木工文化センター,3996201,長野県木曽郡木祖村薮原１８９－１,,,伊藤くん（セコムテクノ）
1688,611,2011,木祖産業協同組合　木工文化センター,3996201,長野県木曽郡木祖村薮原１８９－１,,,伊藤くん（セコムテクノ）
1688,611,2012,木祖産業協同組合　木工文化センター,3996201,長野県木曽郡木祖村薮原１８９－１,,,伊藤くん（セコムテクノ）
1688,611,2013,木祖産業協同組合　木工文化センター,3996201,長野県木曽郡木祖村薮原１８９－１,,,伊藤くん（セコムテクノ）
1688,611,2014,木祖産業協同組合　木工文化センター,3996201,長野県木曽郡木祖村薮原１８９－１,,,伊藤くん（セコムテクノ）
1689,612,2010,スタンダードスタイル,3990014,長野県松本市平田東３－１－１２,0263-57-7733,,高畑くん（ＡＬＳＯＫ）
1689,612,2011,スタンダードスタイル,3990014,長野県松本市平田東３－１－１２,0263-57-7733,,高畑くん（ＡＬＳＯＫ）
1689,612,2012,スタンダードスタイル,3990014,長野県松本市平田東３－１－１２,0263-57-7733,,高畑くん（ＡＬＳＯＫ）
1689,612,2013,スタンダードスタイル,3990014,長野県松本市平田東３－１－１２,0263-57-7733,,高畑くん（ＡＬＳＯＫ）
1689,612,2014,スタンダードスタイル,3990014,長野県松本市平田東３－１－１２,0263-57-7733,,高畑くん（ＡＬＳＯＫ）
1690,1089,2010,福田ハイツ,3900837,長野県松本市鎌田１－１６－１７,0263-25-7615,,横林　弘和
1690,1089,2011,福田ハイツ,3900837,長野県松本市鎌田１－１６－１７,0263-25-7615,,横林　弘和
1690,1089,2012,福田ハイツ,3900837,長野県松本市鎌田１－１６－１７,0263-25-7615,,横林　弘和
1690,1089,2013,福田ハイツ,3900837,長野県松本市鎌田１－１６－１７,0263-25-7615,,横林　弘和
1690,1089,2014,福田ハイツ,3900837,長野県松本市鎌田１－１６－１７,0263-25-7615,,横林　弘和
1691,590,2010,レジデンス渚,3900841,長野県松本市渚１－１－４２,0263-47-5364,,吉沢　弘
1691,590,2013,レジデンス渚,3900841,長野県松本市渚１－１－４２,0263-47-5364,,吉沢　弘
1692,976,2010,㈱関東甲信クボタ　豊丘営業所,3993202,長野県下伊那郡豊丘村神稲９２９８,0263-48-1234,,高坂　政博
1692,976,2011,㈱関東甲信クボタ　豊丘営業所,3993202,長野県下伊那郡豊丘村神稲９２９８,0263-48-1234,,高坂　政博
1692,976,2012,㈱関東甲信クボタ　豊丘営業所,3993202,長野県下伊那郡豊丘村神稲９２９８,0263-48-1234,,高坂　政博
1692,976,2013,㈱関東甲信クボタ　豊丘営業所,3993202,長野県下伊那郡豊丘村神稲９２９８,0263-48-1234,,高坂　政博
1692,976,2014,㈱関東甲信クボタ　豊丘営業所,3993202,長野県下伊那郡豊丘村神稲９２９８,0263-48-1234,,高坂　政博
1695,89,2010,松本市　今井地区福祉ひろば,3901131,長野県松本市今井２２３１－４,0263-50-3188,,上島部長
1695,89,2011,松本市　今井地区福祉ひろば,3901131,長野県松本市今井２２３１－４,0263-50-3188,,上島部長
1695,89,2012,松本市　今井地区福祉ひろば,3901131,長野県松本市今井２２３１－４,0263-50-3188,,上島部長
1695,89,2013,松本市　今井地区福祉ひろば,3901131,長野県松本市今井２２３１－４,0263-50-3188,,上島部長
1695,89,2014,松本市　今井地区福祉ひろば,3901131,長野県松本市今井２２３１－４,0263-50-3188,,上島部長
1696,89,2010,松本市　鎌田地区福祉ひろば,3900848,長野県松本市両島５－５０,0263-27-8168,,上島部長
1696,89,2011,松本市　鎌田地区福祉ひろば,3900848,長野県松本市両島５－５０,0263-27-8168,,上島部長
1696,89,2012,松本市　鎌田地区福祉ひろば,3900848,長野県松本市両島５－５０,0263-27-8168,,上島部長
1696,89,2013,松本市　鎌田地区福祉ひろば,3900848,長野県松本市両島５－５０,0263-27-8168,,上島部長
1696,89,2014,松本市　鎌田地区福祉ひろば,3900848,長野県松本市両島５－５０,0263-27-8168,,上島部長
1697,513,2010,清水ビル,3900811,長野県松本市中央３－８－２８,0263-32-2045,,岡本さん
1697,513,2011,清水ビル,3900811,長野県松本市中央３－８－２８,0263-32-2045,,岡本さん
1697,513,2012,清水ビル,3900811,長野県松本市中央３－８－２８,0263-32-2045,,岡本さん
1697,513,2013,清水ビル,3900811,長野県松本市中央３－８－２８,0263-32-2045,,岡本さん
1697,513,2014,清水ビル,3900811,長野県松本市中央３－８－２８,0263-32-2045,,岡本さん
1698,513,2010,双葉中央マンション,3900833,長野県松本市双葉１５－２８,,,岡本さん
1698,513,2011,双葉中央マンション,3900833,長野県松本市双葉１５－２８,,,岡本さん
1698,513,2012,双葉中央マンション,3900833,長野県松本市双葉１５－２８,,,岡本さん
1698,513,2013,双葉中央マンション,3900833,長野県松本市双葉１５－２８,,,岡本さん
1698,513,2014,双葉中央マンション,3900833,長野県松本市双葉１５－２８,,,岡本さん
1699,513,2010,第一双葉マンション,3900833,長野県松本市双葉,,,岡本さん
1699,513,2011,第一双葉マンション,3900833,長野県松本市双葉,,,岡本さん
1699,513,2012,第一双葉マンション,3900833,長野県松本市双葉,,,岡本さん
1699,513,2013,第一双葉マンション,3900833,長野県松本市双葉,,,岡本さん
1699,513,2014,第一双葉マンション,3900833,長野県松本市双葉,,,岡本さん
1700,61,2010,株式会社ＩＨＩターボ　和村寮,3995501,長野県木曽郡大桑村殿８７３－１,,,岩波さん
1700,61,2011,株式会社ＩＨＩターボ　和村寮,3995501,長野県木曽郡大桑村殿８７３－１,,,岩波さん
1700,61,2012,株式会社ＩＨＩターボ　和村寮,3995501,長野県木曽郡大桑村殿８７３－１,,,岩波さん
1700,61,2013,株式会社ＩＨＩターボ　和村寮,3995501,長野県木曽郡大桑村殿８７３－１,,,岩波さん
1700,61,2014,株式会社ＩＨＩターボ　和村寮,3995501,長野県木曽郡大桑村殿８７３－１,,,岩波さん
1702,1090,2010,もくりゅう館,3998102,長野県安曇野市三郷温4000,0263-77-2413,0263-77-2635,田中課長
1702,1090,2011,もくりゅう館,3998102,長野県安曇野市三郷温4000,0263-77-2413,0263-77-2635,田中課長
1702,1090,2012,もくりゅう館,3998102,長野県安曇野市三郷温4000,0263-77-2413,0263-77-2635,田中課長
1702,1090,2013,もくりゅう館,3998102,長野県安曇野市三郷温4000,0263-77-2413,0263-77-2635,田中課長
1702,1090,2014,もくりゅう館,3998102,長野県安曇野市三郷温4000,0263-77-2413,0263-77-2635,田中課長
1703,948,2010,深志神社梅風閣,3900815,長野県松本市深志３－７－４３,0263-32-6310,0263-32-7350,小林設備課長
1703,948,2011,深志神社梅風閣,3900815,長野県松本市深志３－７－４３,0263-32-6310,0263-32-7350,小林設備課長
1703,948,2012,深志神社梅風閣,3900815,長野県松本市深志３－７－４３,0263-32-6310,0263-32-7350,小林設備課長
1703,948,2013,深志神社梅風閣,3900815,長野県松本市深志３－７－４３,0263-32-6310,0263-32-7350,小林設備課長
1703,948,2014,深志神社梅風閣,3900815,長野県松本市深志３－７－４３,0263-32-6310,0263-32-7350,小林設備課長
1704,611,2010,明科陸運株式会社,3997103,長野県安曇野市明科光５３８－１,,,伊藤さん（セコムテクノ）
1704,611,2011,明科陸運株式会社,3997103,長野県安曇野市明科光５３８－１,,,伊藤さん（セコムテクノ）
1704,611,2012,明科陸運株式会社,3997103,長野県安曇野市明科光５３８－１,,,伊藤さん（セコムテクノ）
1704,611,2013,明科陸運株式会社,3997103,長野県安曇野市明科光５３８－１,,,伊藤さん（セコムテクノ）
1704,611,2014,明科陸運株式会社,3997103,長野県安曇野市明科光５３８－１,,,伊藤さん（セコムテクノ）
1705,1091,2010,まごのてイン井川城,3900831,長野県松本市井川城２－５－２,,,郷津先生
1705,1091,2011,まごのてイン井川城,3900831,長野県松本市井川城２－５－２,,,郷津先生
1705,1091,2012,まごのてイン井川城,3900831,長野県松本市井川城２－５－２,,,郷津先生
1705,1091,2013,まごのてイン井川城,3900831,長野県松本市井川城２－５－２,,,郷津先生
1705,1091,2014,まごのてイン井川城,3900831,長野県松本市井川城２－５－２,,,郷津先生
1706,611,2010,ひろ内科医院,3900303,長野県松本市浅間温泉１－１６－２６,,,伊藤くん
1706,611,2011,ひろ内科医院,3900303,長野県松本市浅間温泉１－１６－２６,,,伊藤くん
1706,611,2012,ひろ内科医院,3900303,長野県松本市浅間温泉１－１６－２６,,,伊藤くん
1706,611,2013,ひろ内科医院,3900303,長野県松本市浅間温泉１－１６－２６,,,伊藤くん
1706,611,2014,ひろ内科医院,3900303,長野県松本市浅間温泉１－１６－２６,,,伊藤くん
1708,1093,2010,柴田マンション,3900846,長野県松本市南原２－３－３,0261-22-2276,,柴田　賢治
1708,1093,2011,柴田マンション,3900846,長野県松本市南原２－３－３,0261-22-2276,,柴田　賢治
1708,1093,2012,柴田マンション,3900846,長野県松本市南原２－３－３,0261-22-2276,,柴田　賢治
1708,1093,2013,柴田マンション,3900846,長野県松本市南原２－３－３,0261-22-2276,,柴田　賢治
1708,1093,2014,柴田マンション,3900846,長野県松本市南原２－３－３,0261-22-2276,,柴田　賢治
1714,1095,2010,生活科学センター,3900802,長野県松本市旭２－１１－２０,0263-32-0276,0263-36-0665,滝澤事業部長
1714,1095,2011,生活科学センター,3900802,長野県松本市旭２－１１－２０,0263-32-0276,0263-36-0665,滝澤事業部長
1715,611,2010,カシヨ株式会社村山倉庫,3810011,長野県長野市村山３５０－１,,,伊藤くん
1715,611,2011,カシヨ株式会社村山倉庫,3810011,長野県長野市村山３５０－１,,,伊藤くん
1715,611,2012,カシヨ株式会社村山倉庫,3810011,長野県長野市村山３５０－１,,,伊藤くん
1715,611,2013,カシヨ株式会社村山倉庫,3810011,長野県長野市村山３５０－１,,,伊藤くん
1715,611,2014,カシヨ株式会社村山倉庫,3810011,長野県長野市村山３５０－１,,,伊藤くん
1717,317,2010,松本市　松原地区公民館,3990022,長野県松本市松原３９－１,,,久保田部長
1717,317,2011,松本市　松原地区公民館,3990022,長野県松本市松原３９－１,,,久保田部長
1717,317,2012,松本市　松原地区公民館,3990022,長野県松本市松原３９－１,,,久保田部長
1717,317,2013,松本市　松原地区公民館,3990022,長野県松本市松原３９－１,,,久保田部長
1717,317,2014,松本市　松原地区公民館,3990022,長野県松本市松原３９－１,,,久保田部長
1718,1096,2010,ファミリーマンション　紺屋,3900311,長野県松本市水汲２０－１,0263-46-0048,,小澤　喜代登
1718,1096,2011,ファミリーマンション　紺屋,3900311,長野県松本市水汲２０－１,0263-46-0048,,小澤　喜代登
1718,1096,2012,ファミリーマンション　紺屋,3900311,長野県松本市水汲２０－１,0263-46-0048,,小澤　喜代登
1718,1096,2013,ファミリーマンション　紺屋,3900311,長野県松本市水汲２０－１,0263-46-0048,,小澤　喜代登
1718,1096,2014,ファミリーマンション　紺屋,3900311,長野県松本市水汲２０－１,0263-46-0048,,小澤　喜代登
1719,1096,2010,フレンドリーハイツ　紺屋,3900311,長野県松本市水汲２５３－１,0263-46-0048,,小澤　喜代登
1719,1096,2011,フレンドリーハイツ　紺屋,3900311,長野県松本市水汲２５３－１,0263-46-0048,,小澤　喜代登
1719,1096,2012,フレンドリーハイツ　紺屋,3900311,長野県松本市水汲２５３－１,0263-46-0048,,小澤　喜代登
1719,1096,2013,フレンドリーハイツ　紺屋,3900311,長野県松本市水汲２５３－１,0263-46-0048,,小澤　喜代登
1719,1096,2014,フレンドリーハイツ　紺屋,3900311,長野県松本市水汲２５３－１,0263-46-0048,,小澤　喜代登
1720,590,2010,シャトワ荒町,3900221,長野県松本市里山辺３２００,,,滝沢　恵美子
1720,590,2013,シャトワ荒町,3900221,長野県松本市里山辺３２００,,,滝沢　恵美子
1721,1097,2010,メゾン・ドゥ・プリムール,3900312,長野県松本市岡田松岡７４－１,0263-35-7466,,立沢　紀六
1721,1097,2011,メゾン・ドゥ・プリムール,3900312,長野県松本市岡田松岡７４－１,0263-35-7466,,立沢　紀六
1721,1097,2012,メゾン・ドゥ・プリムール,3900312,長野県松本市岡田松岡７４－１,0263-35-7466,,立沢　紀六
1721,1097,2013,メゾン・ドゥ・プリムール,3900312,長野県松本市岡田松岡７４－１,0263-35-7466,,立沢　紀六
1721,1097,2014,メゾン・ドゥ・プリムール,3900312,長野県松本市岡田松岡７４－１,0263-35-7466,,立沢　紀六
1722,611,2010,メディアメガリサイクル館　中野店,3830015,長野県中野市吉田９－９,,,伊藤くん
1722,611,2011,メディアメガリサイクル館　中野店,3830015,長野県中野市吉田９－９,,,伊藤くん
1722,611,2012,メディアメガリサイクル館　中野店,3830015,長野県中野市吉田９－９,,,伊藤くん
1722,611,2013,メディアメガリサイクル館　中野店,3830015,長野県中野市吉田９－９,,,伊藤くん
1722,611,2014,メディアメガリサイクル館　中野店,3830015,長野県中野市吉田９－９,,,伊藤くん
1723,611,2010,メガリサイクル館　丹波島店,3812247,長野県長野市青木島２－１－７,,,伊藤くん
1723,611,2011,メガリサイクル館　丹波島店,3812247,長野県長野市青木島２－１－７,,,伊藤くん
1723,611,2012,メガリサイクル館　丹波島店,3812247,長野県長野市青木島２－１－７,,,伊藤くん
1723,611,2013,メガリサイクル館　丹波島店,3812247,長野県長野市青木島２－１－７,,,伊藤くん
1723,611,2014,メガリサイクル館　丹波島店,3812247,長野県長野市青木島２－１－７,,,伊藤くん
1728,611,2010,サンタの創庫　高森店,3993103,長野県下伊那郡高森町下市田１４５０－１,,,伊藤くん
1728,611,2011,サンタの創庫　高森店,3993103,長野県下伊那郡高森町下市田１４５０－１,,,伊藤くん
1728,611,2012,サンタの創庫　高森店,3993103,長野県下伊那郡高森町下市田１４５０－１,,,伊藤くん
1728,611,2013,サンタの創庫　高森店,3993103,長野県下伊那郡高森町下市田１４５０－１,,,伊藤くん
1728,611,2014,サンタの創庫　高森店,3993103,長野県下伊那郡高森町下市田１４５０－１,,,伊藤くん
1730,611,2010,メディア書店　稲田店,3810042,長野県長野市稲田２－２８－１７,,,伊藤くん
1730,611,2011,メディア書店　稲田店,3810042,長野県長野市稲田２－２８－１７,,,伊藤くん
1730,611,2012,メディア書店　稲田店,3810042,長野県長野市稲田２－２８－１７,,,伊藤くん
1730,611,2013,メディア書店　稲田店,3810042,長野県長野市稲田２－２８－１７,,,伊藤くん
1730,611,2014,メディア書店　稲田店,3810042,長野県長野市稲田２－２８－１７,,,伊藤くん
1731,611,2010,メディア書店　飯田高森店,3993102,長野県下伊那郡高森町吉田２１９１－１,,,伊藤くん
1731,611,2011,メディア書店　飯田高森店,3993102,長野県下伊那郡高森町吉田２１９１－１,,,伊藤くん
1731,611,2012,メディア書店　飯田高森店,3993102,長野県下伊那郡高森町吉田２１９１－１,,,伊藤くん
1731,611,2013,メディア書店　飯田高森店,3993102,長野県下伊那郡高森町吉田２１９１－１,,,伊藤くん
1731,611,2014,メディア書店　飯田高森店,3993102,長野県下伊那郡高森町吉田２１９１－１,,,伊藤くん
1732,611,2010,メディア書店　塩尻インター店,3990703,長野県塩尻市広丘高出１４８６－２３,,,伊藤くん
1732,611,2011,メディア書店　塩尻インター店,3990703,長野県塩尻市広丘高出１４８６－２３,,,伊藤くん
1732,611,2012,メディア書店　塩尻インター店,3990703,長野県塩尻市広丘高出１４８６－２３,,,伊藤くん
1732,611,2013,メディア書店　塩尻インター店,3990703,長野県塩尻市広丘高出１４８６－２３,,,伊藤くん
1732,611,2014,メディア書店　塩尻インター店,3990703,長野県塩尻市広丘高出１４８６－２３,,,伊藤くん
1733,611,2010,メディア書店　穂高店,3998303,長野県安曇野市穂高１４６６,,,伊藤くん
1733,611,2011,メディア書店　穂高店,3998303,長野県安曇野市穂高１４６６,,,伊藤くん
1733,611,2012,メディア書店　穂高店,3998303,長野県安曇野市穂高１４６６,,,伊藤くん
1733,611,2013,メディア書店　穂高店,3998303,長野県安曇野市穂高１４６６,,,伊藤くん
1733,611,2014,メディア書店　穂高店,3998303,長野県安曇野市穂高１４６６,,,伊藤くん
1734,611,2010,サンタの創庫　大町店,3980002,長野県大町市大町４４２６,,,伊藤くん
1734,611,2011,サンタの創庫　大町店,3980002,長野県大町市大町４４２６,,,伊藤くん
1734,611,2012,サンタの創庫　大町店,3980002,長野県大町市大町４４２６,,,伊藤くん
1734,611,2013,サンタの創庫　大町店,3980002,長野県大町市大町４４２６,,,伊藤くん
1734,611,2014,サンタの創庫　大町店,3980002,長野県大町市大町４４２６,,,伊藤くん
1735,611,2010,サンタの創庫　新中野店,3830015,長野県中野市吉田９－１,,,伊藤くん
1735,611,2011,サンタの創庫　新中野店,3830015,長野県中野市吉田９－１,,,伊藤くん
1735,611,2012,サンタの創庫　新中野店,3830015,長野県中野市吉田９－１,,,伊藤くん
1735,611,2013,サンタの創庫　新中野店,3830015,長野県中野市吉田９－１,,,伊藤くん
1735,611,2014,サンタの創庫　新中野店,3830015,長野県中野市吉田９－１,,,伊藤くん
1736,611,2010,メディアワールド　下諏訪店,3930045,長野県諏訪郡下諏訪町南四王６１４１－３,,,伊藤くん
1736,611,2011,メディアワールド　下諏訪店,3930045,長野県諏訪郡下諏訪町南四王６１４１－３,,,伊藤くん
1736,611,2012,メディアワールド　下諏訪店,3930045,長野県諏訪郡下諏訪町南四王６１４１－３,,,伊藤くん
1736,611,2013,メディアワールド　下諏訪店,3930045,長野県諏訪郡下諏訪町南四王６１４１－３,,,伊藤くん
1736,611,2014,メディアワールド　下諏訪店,3930045,長野県諏訪郡下諏訪町南四王６１４１－３,,,伊藤くん
1739,611,2010,メディア書店　アップルライン店,3810003,長野県長野市穂保７２７－１,,,伊藤くん
1739,611,2011,メディア書店　アップルライン店,3810003,長野県長野市穂保７２７－１,,,伊藤くん
1739,611,2012,メディア書店　アップルライン店,3810003,長野県長野市穂保７２７－１,,,伊藤くん
1739,611,2013,メディア書店　アップルライン店,3810003,長野県長野市穂保７２７－１,,,伊藤くん
1739,611,2014,メディア書店　アップルライン店,3810003,長野県長野市穂保７２７－１,,,伊藤くん
1740,611,2010,サンタの創庫　南バイパス家電館,3812205,長野県長野市青木島町大塚５９３,,,伊藤くん
1740,611,2011,サンタの創庫　南バイパス家電館,3812205,長野県長野市青木島町大塚５９３,,,伊藤くん
1740,611,2012,サンタの創庫　南バイパス家電館,3812205,長野県長野市青木島町大塚５９３,,,伊藤くん
1740,611,2013,サンタの創庫　南バイパス家電館,3812205,長野県長野市青木島町大塚５９３,,,伊藤くん
1740,611,2014,サンタの創庫　南バイパス家電館,3812205,長野県長野市青木島町大塚５９３,,,伊藤くん
1741,611,2010,サンタの創庫　長野南バイパス店,3812205,長野県長野市青木島町大塚５９３,,,伊藤くん
1741,611,2011,サンタの創庫　長野南バイパス店,3812205,長野県長野市青木島町大塚５９３,,,伊藤くん
1741,611,2012,サンタの創庫　長野南バイパス店,3812205,長野県長野市青木島町大塚５９３,,,伊藤くん
1741,611,2013,サンタの創庫　長野南バイパス店,3812205,長野県長野市青木島町大塚５９３,,,伊藤くん
1741,611,2014,サンタの創庫　長野南バイパス店,3812205,長野県長野市青木島町大塚５９３,,,伊藤くん
1749,611,2010,サンタの創庫　伊那店,3960021,長野県伊那市伊那御園双葉町７５,,,伊藤くん
1749,611,2011,サンタの創庫　伊那店,3960021,長野県伊那市伊那御園双葉町７５,,,伊藤くん
1749,611,2012,サンタの創庫　伊那店,3960021,長野県伊那市伊那御園双葉町７５,,,伊藤くん
1749,611,2013,サンタの創庫　伊那店,3960021,長野県伊那市伊那御園双葉町７５,,,伊藤くん
1749,611,2014,サンタの創庫　伊那店,3960021,長野県伊那市伊那御園双葉町７５,,,伊藤くん
1750,611,2010,サンタの創庫　オークション代行店,3810001,長野県長野市,,,伊藤くん
1750,611,2011,サンタの創庫　オークション代行店,3810001,長野県長野市,,,伊藤くん
1750,611,2012,サンタの創庫　オークション代行店,3810001,長野県長野市,,,伊藤くん
1750,611,2013,サンタの創庫　オークション代行店,3810001,長野県長野市,,,伊藤くん
1750,611,2014,サンタの創庫　オークション代行店,3810001,長野県長野市,,,伊藤くん
1752,1098,2010,フレグランス平田,3990014,長野県松本市平田東３－３５－９,0263-38-1539,,多田　和男
1752,1098,2011,フレグランス平田,3990014,長野県松本市平田東３－３５－９,0263-38-1539,,多田　和男
1752,1098,2012,フレグランス平田,3990014,長野県松本市平田東３－３５－９,0263-38-1539,,多田　和男
1752,1098,2013,フレグランス平田,3990014,長野県松本市平田東３－３５－９,0263-38-1539,,多田　和男
1752,1098,2014,フレグランス平田,3990014,長野県松本市平田東３－３５－９,0263-38-1539,,多田　和男
1753,1099,2010,しののめ玉成館,3990000,長野県松本市刈谷原町４９７,0263-64-3068,,大田町会長
1753,1099,2011,しののめ玉成館,3990000,長野県松本市刈谷原町４９７,0263-64-3068,,大田町会長
1753,1099,2012,しののめ玉成館,3990000,長野県松本市刈谷原町４９７,0263-64-3068,,大田町会長
1753,1099,2013,しののめ玉成館,3990000,長野県松本市刈谷原町４９７,0263-64-3068,,大田町会長
1753,1099,2014,しののめ玉成館,3990000,長野県松本市刈谷原町４９７,0263-64-3068,,大田町会長
1754,611,2010,上條耳鼻咽喉科,3990742,長野県塩尻市大門泉町８００－８,,,伊藤くん
1754,611,2011,上條耳鼻咽喉科,3990742,長野県塩尻市大門泉町８００－８,,,伊藤くん
1754,611,2012,上條耳鼻咽喉科,3990742,長野県塩尻市大門泉町８００－８,,,伊藤くん
1754,611,2013,上條耳鼻咽喉科,3990742,長野県塩尻市大門泉町８００－８,,,伊藤くん
1754,611,2014,上條耳鼻咽喉科,3990742,長野県塩尻市大門泉町８００－８,,,伊藤くん
1755,611,2010,有限会社スガワラ,3910012,長野県茅野市金沢７２７－１,,,伊藤くん
1755,611,2011,有限会社スガワラ,3910012,長野県茅野市金沢７２７－１,,,伊藤くん
1755,611,2012,有限会社スガワラ,3910012,長野県茅野市金沢７２７－１,,,伊藤くん
1755,611,2013,有限会社スガワラ,3910012,長野県茅野市金沢７２７－１,,,伊藤くん
1755,611,2014,有限会社スガワラ,3910012,長野県茅野市金沢７２７－１,,,伊藤くん
1756,1100,2010,石挽き十割そば穂高城,3998301,長野県安曇野市穂高有明２１７７－２３,0263-84-5100,0263-84-5101,佐野　洋志
1756,1100,2011,石挽き十割そば穂高城,3998301,長野県安曇野市穂高有明２１７７－２３,0263-84-5100,0263-84-5101,佐野　洋志
1756,1100,2012,石挽き十割そば穂高城,3998301,長野県安曇野市穂高有明２１７７－２３,0263-84-5100,0263-84-5101,佐野　洋志
1756,1100,2013,石挽き十割そば穂高城,3998301,長野県安曇野市穂高有明２１７７－２３,0263-84-5100,0263-84-5101,佐野　洋志
1756,1100,2014,石挽き十割そば穂高城,3998301,長野県安曇野市穂高有明２１７７－２３,0263-84-5100,0263-84-5101,佐野　洋志
1757,1101,2010,株式会社サンネットワークマエダ,3990006,長野県松本市野溝西３－１３－１７,0263-85-3200,0263-85-3233,宮澤　幸次
1757,1101,2011,株式会社サンネットワークマエダ,3990006,長野県松本市野溝西３－１３－１７,0263-85-3200,0263-85-3233,宮澤　幸次
1757,1101,2012,株式会社サンネットワークマエダ,3990006,長野県松本市野溝西３－１３－１７,0263-85-3200,0263-85-3233,宮澤　幸次
1757,1101,2013,株式会社サンネットワークマエダ,3990006,長野県松本市野溝西３－１３－１７,0263-85-3200,0263-85-3233,宮澤　幸次
1757,1101,2014,株式会社サンネットワークマエダ,3990006,長野県松本市野溝西３－１３－１７,0263-85-3200,0263-85-3233,宮澤　幸次
1758,755,2010,北部農業者トレーニングセンター,3999211,長野県北安曇郡白馬村,,,
1758,755,2011,北部農業者トレーニングセンター,3999211,長野県北安曇郡白馬村,,,
1758,755,2012,北部農業者トレーニングセンター,3999211,長野県北安曇郡白馬村,,,
1758,755,2013,北部農業者トレーニングセンター,3999211,長野県北安曇郡白馬村,,,
1758,755,2014,北部農業者トレーニングセンター,3999211,長野県北安曇郡白馬村,,,
1759,755,2010,白馬クロスカントリー競技場,3999211,長野県北安曇郡白馬村神城,,,
1759,755,2011,白馬クロスカントリー競技場,3999211,長野県北安曇郡白馬村神城,,,
1759,755,2012,白馬クロスカントリー競技場,3999211,長野県北安曇郡白馬村神城,,,
1759,755,2013,白馬クロスカントリー競技場,3999211,長野県北安曇郡白馬村神城,,,
1759,755,2014,白馬クロスカントリー競技場,3999211,長野県北安曇郡白馬村神城,,,
1760,1102,2010,白馬もみの木ホテル,3999211,長野県北安曇郡白馬村和田野,0261-72-5001,,丸山さん
1760,1102,2011,白馬もみの木ホテル,3999211,長野県北安曇郡白馬村和田野,0261-72-5001,,丸山さん
1760,1102,2012,白馬もみの木ホテル,3999211,長野県北安曇郡白馬村和田野,0261-72-5001,,丸山さん
1760,1102,2013,白馬もみの木ホテル,3999211,長野県北安曇郡白馬村和田野,0261-72-5001,,丸山さん
1760,1102,2014,白馬もみの木ホテル,3999211,長野県北安曇郡白馬村和田野,0261-72-5001,,丸山さん
1761,624,2010,トヨタ部品長野共販株式会社　伊那営業所,3993304,長野県下伊那郡松川町元大島５８７１－１,0265-34-0031,,原所長
1761,624,2011,トヨタ部品長野共販株式会社　伊那営業所,3993304,長野県下伊那郡松川町元大島５８７１－１,0265-34-0031,,原所長
1761,624,2012,トヨタ部品長野共販株式会社　伊那営業所,3993304,長野県下伊那郡松川町元大島５８７１－１,0265-34-0031,,原所長
1761,624,2013,トヨタ部品長野共販株式会社　伊那営業所,3993304,長野県下伊那郡松川町元大島５８７１－１,0265-34-0031,,原所長
1761,624,2014,トヨタ部品長野共販株式会社　伊那営業所,3993304,長野県下伊那郡松川町元大島５８７１－１,0265-34-0031,,原所長
1763,1103,2010,酒一番どんぺり,,安曇野市穂高有明10025,0263-83-7345,,丸山康富
1763,1103,2011,酒一番どんぺり,,安曇野市穂高有明10025,0263-83-7345,,丸山康富
1763,1103,2012,酒一番どんぺり,,安曇野市穂高有明10025,0263-83-7345,,丸山康富
1763,1103,2013,酒一番どんぺり,,安曇野市穂高有明10025,0263-83-7345,,丸山康富
1763,1103,2014,酒一番どんぺり,,安曇野市穂高有明10025,0263-83-7345,,丸山康富
1764,1104,2010,中華料理　楓林,3900827,長野県松本市出川３－１０－２０,0263-26-7865,,林　富美男
1764,1104,2011,中華料理　楓林,3900827,長野県松本市出川３－１０－２０,0263-26-7865,,林　富美男
1764,1104,2012,中華料理　楓林,3900827,長野県松本市出川３－１０－２０,0263-26-7865,,林　富美男
1764,1104,2013,中華料理　楓林,3900827,長野県松本市出川３－１０－２０,0263-26-7865,,林　富美男
1764,1104,2014,中華料理　楓林,3900827,長野県松本市出川３－１０－２０,0263-26-7865,,林　富美男
1765,912,2010,ロイヤルオートサービス松本村井店,3990032,長野県松本市芳川村井町３７－１,0263-58-0101,0263-57-7161,麻原店長
1765,912,2011,ロイヤルオートサービス松本村井店,3990032,長野県松本市芳川村井町３７－１,0263-58-0101,0263-57-7161,麻原店長
1765,912,2012,ロイヤルオートサービス松本村井店,3990032,長野県松本市芳川村井町３７－１,0263-58-0101,0263-57-7161,麻原店長
1765,912,2013,ロイヤルオートサービス松本村井店,3990032,長野県松本市芳川村井町３７－１,0263-58-0101,0263-57-7161,麻原店長
1765,912,2014,ロイヤルオートサービス松本村井店,3990032,長野県松本市芳川村井町３７－１,0263-58-0101,0263-57-7161,麻原店長
1766,1105,2010,ジブラルタ生命　松本中央ビル,,,,,宮本所長
1766,1105,2011,ジブラルタ生命　松本中央ビル,,,,,宮本所長
1766,1105,2012,ジブラルタ生命　松本中央ビル,,,,,宮本所長
1766,1105,2013,ジブラルタ生命　松本中央ビル,,,,,宮本所長
1766,1105,2014,ジブラルタ生命　松本中央ビル,,,,,宮本所長
1768,1106,2010,株式会社ヤマシタコーポレーション松本営業所　鎌田倉庫,3900837,長野県松本市鎌田１－１－１,0263-26-1000,0263-26-1428,小泉所長代理
1768,1106,2011,株式会社ヤマシタコーポレーション松本営業所　鎌田倉庫,3900837,長野県松本市鎌田１－１－１,0263-26-1000,0263-26-1428,小泉所長代理
1768,1106,2012,株式会社ヤマシタコーポレーション松本営業所　鎌田倉庫,3900837,長野県松本市鎌田１－１－１,0263-26-1000,0263-26-1428,小泉所長代理
1768,1106,2013,株式会社ヤマシタコーポレーション松本営業所　鎌田倉庫,3900837,長野県松本市鎌田１－１－１,0263-26-1000,0263-26-1428,小泉所長代理
1768,1106,2014,株式会社ヤマシタコーポレーション松本営業所　鎌田倉庫,3900837,長野県松本市鎌田１－１－１,0263-26-1000,0263-26-1428,小泉所長代理
1769,1107,2010,株式会社サンプロ,3990701,長野県塩尻市広丘吉田６６２－９,0263-85-4636,,山本さん
1769,1107,2011,株式会社サンプロ,3990701,長野県塩尻市広丘吉田６６２－９,0263-85-4636,,山本さん
1769,1107,2012,株式会社サンプロ,3990701,長野県塩尻市広丘吉田６６２－９,0263-85-4636,,山本さん
1769,1107,2013,株式会社サンプロ,3990701,長野県塩尻市広丘吉田６６２－９,0263-85-4636,,山本さん
1769,1107,2014,株式会社サンプロ,3990701,長野県塩尻市広丘吉田６６２－９,0263-85-4636,,山本さん
1770,961,2010,株式会社アイダエナジー５店舗,,,,,社長
1770,961,2011,株式会社アイダエナジー５店舗,,,,,社長
1770,961,2012,株式会社アイダエナジー５店舗,,,,,社長
1770,961,2013,株式会社アイダエナジー５店舗,,,,,社長
1770,961,2014,株式会社アイダエナジー５店舗,,,,,社長
1771,1108,2010,株式会社あずみ製作所　本社工場,3998205,長野県安曇野市豊科５２２８－６,0263-72-3147,,山田係長
1771,1108,2011,株式会社あずみ製作所　本社工場,3998205,長野県安曇野市豊科５２２８－６,0263-72-3147,,山田係長
1771,1108,2012,株式会社あずみ製作所　本社工場,3998205,長野県安曇野市豊科５２２８－６,0263-72-3147,,山田係長
1771,1108,2013,株式会社あずみ製作所　本社工場,3998205,長野県安曇野市豊科５２２８－６,0263-72-3147,,山田係長
1771,1108,2014,株式会社あずみ製作所　本社工場,3998205,長野県安曇野市豊科５２２８－６,0263-72-3147,,山田係長
1772,1108,2010,株式会社あずみ製作所　第２工場,3998205,長野県安曇野市豊科５２２８－６,0263-72-3147,,山田係長
1772,1108,2011,株式会社あずみ製作所　第２工場,3998205,長野県安曇野市豊科５２２８－６,0263-72-3147,,山田係長
1772,1108,2012,株式会社あずみ製作所　第２工場,3998205,長野県安曇野市豊科５２２８－６,0263-72-3147,,山田係長
1772,1108,2013,株式会社あずみ製作所　第２工場,3998205,長野県安曇野市豊科５２２８－６,0263-72-3147,,山田係長
1772,1108,2014,株式会社あずみ製作所　第２工場,3998205,長野県安曇野市豊科５２２８－６,0263-72-3147,,山田係長
1773,1108,2010,株式会社あずみ製作所　波田工場,3901401,長野県松本市波田古城４９８６－１,0263-92-4116,,山田係長
1773,1108,2011,株式会社あずみ製作所　波田工場,3901401,長野県松本市波田古城４９８６－１,0263-92-4116,,山田係長
1773,1108,2012,株式会社あずみ製作所　波田工場,3901401,長野県松本市波田古城４９８６－１,0263-92-4116,,山田係長
1773,1108,2013,株式会社あずみ製作所　波田工場,3901401,長野県松本市波田古城４９８６－１,0263-92-4116,,山田係長
1773,1108,2014,株式会社あずみ製作所　波田工場,3901401,長野県松本市波田古城４９８６－１,0263-92-4116,,山田係長
1774,611,2010,株式会社ウスダ製作所,3890512,長野県小県郡東部町滋野乙４０６３－１,0268-62-4533,,伊藤くん
1774,611,2011,株式会社ウスダ製作所,3890512,長野県小県郡東部町滋野乙４０６３－１,0268-62-4533,,伊藤くん
1774,611,2012,株式会社ウスダ製作所,3890512,長野県小県郡東部町滋野乙４０６３－１,0268-62-4533,,伊藤くん
1774,611,2013,株式会社ウスダ製作所,3890512,長野県小県郡東部町滋野乙４０６３－１,0268-62-4533,,伊藤くん
1774,611,2014,株式会社ウスダ製作所,3890512,長野県小県郡東部町滋野乙４０６３－１,0268-62-4533,,伊藤くん
1775,611,2010,三田歯科医院,3810202,長野県上高井郡小布施町福原１３８－１,,,伊藤くん
1775,611,2011,三田歯科医院,3810202,長野県上高井郡小布施町福原１３８－１,,,伊藤くん
1775,611,2012,三田歯科医院,3810202,長野県上高井郡小布施町福原１３８－１,,,伊藤くん
1775,611,2013,三田歯科医院,3810202,長野県上高井郡小布施町福原１３８－１,,,伊藤くん
1775,611,2014,三田歯科医院,3810202,長野県上高井郡小布施町福原１３８－１,,,伊藤くん
1776,1109,2010,山映閣,3900303,長野県松本市浅間温泉３－３３－１０,0263-46-8222,,
1776,1109,2011,山映閣,3900303,長野県松本市浅間温泉３－３３－１０,0263-46-8222,,
1776,1109,2012,山映閣,3900303,長野県松本市浅間温泉３－３３－１０,0263-46-8222,,
1776,1109,2013,山映閣,3900303,長野県松本市浅間温泉３－３３－１０,0263-46-8222,,
1776,1109,2014,山映閣,3900303,長野県松本市浅間温泉３－３３－１０,0263-46-8222,,
1777,948,2010,Ｋ＆Ｋ　ｂｕｉｌｄｉｎｇ,3900875,長野県松本市城西１－４－１５,,,青山常務
1777,948,2011,Ｋ＆Ｋ　ｂｕｉｌｄｉｎｇ,3900875,長野県松本市城西１－４－１５,,,青山常務
1777,948,2012,Ｋ＆Ｋ　ｂｕｉｌｄｉｎｇ,3900875,長野県松本市城西１－４－１５,,,青山常務
1777,948,2013,Ｋ＆Ｋ　ｂｕｉｌｄｉｎｇ,3900875,長野県松本市城西１－４－１５,,,青山常務
1777,948,2014,Ｋ＆Ｋ　ｂｕｉｌｄｉｎｇ,3900875,長野県松本市城西１－４－１５,,,青山常務
1779,1110,2010,鎌田スカイ,3900837,松本市鎌田２-３-３９,,,飯沼　秀明
1779,1110,2011,鎌田スカイ,3900837,松本市鎌田２-３-３９,,,飯沼　秀明
1779,1110,2012,鎌田スカイ,3900837,松本市鎌田２-３-３９,,,飯沼　秀明
1779,1110,2013,鎌田スカイ,3900837,松本市鎌田２-３-３９,,,飯沼　秀明
1779,1110,2014,鎌田スカイ,3900837,松本市鎌田２-３-３９,,,飯沼　秀明
1780,1110,2010,ハーモニー　フラット　♭,3990007,松本市石芝４-１-２５,,,飯沼　秀明
1780,1110,2011,ハーモニー　フラット　♭,3990007,松本市石芝４-１-２５,,,飯沼　秀明
1780,1110,2012,ハーモニー　フラット　♭,3990007,松本市石芝４-１-２５,,,飯沼　秀明
1780,1110,2013,ハーモニー　フラット　♭,3990007,松本市石芝４-１-２５,,,飯沼　秀明
1780,1110,2014,ハーモニー　フラット　♭,3990007,松本市石芝４-１-２５,,,飯沼　秀明
1781,1110,2010,ハーモニー　シャープ　♯,3990007,松本市石芝４-１-２５,,,飯沼　秀明
1781,1110,2011,ハーモニー　シャープ　♯,3990007,松本市石芝４-１-２５,,,飯沼　秀明
1781,1110,2012,ハーモニー　シャープ　♯,3990007,松本市石芝４-１-２５,,,飯沼　秀明
1781,1110,2013,ハーモニー　シャープ　♯,3990007,松本市石芝４-１-２５,,,飯沼　秀明
1781,1110,2014,ハーモニー　シャープ　♯,3990007,松本市石芝４-１-２５,,,飯沼　秀明
1782,581,2010,サンケイビル,3900833,長野県松本市双葉９－２８,0263-27-2156,,加藤さん
1782,581,2011,サンケイビル,3900833,長野県松本市双葉９－２８,0263-27-2156,,加藤さん
1782,581,2012,サンケイビル,3900833,長野県松本市双葉９－２８,0263-27-2156,,加藤さん
1782,581,2013,サンケイビル,3900833,長野県松本市双葉９－２８,0263-27-2156,,加藤さん
1782,581,2014,サンケイビル,3900833,長野県松本市双葉９－２８,0263-27-2156,,加藤さん
1784,611,2010,俺のステーキ ジョー松本あがた店,3900812,長野県松本市県１－１５１４－５,,,伊藤くん
1784,611,2011,俺のステーキ ジョー松本あがた店,3900812,長野県松本市県１－１５１４－５,,,伊藤くん
1784,611,2012,俺のステーキ ジョー松本あがた店,3900812,長野県松本市県１－１５１４－５,,,伊藤くん
1784,611,2013,俺のステーキ ジョー松本あがた店,3900812,長野県松本市県１－１５１４－５,,,伊藤くん
1784,611,2014,俺のステーキ ジョー松本あがた店,3900812,長野県松本市県１－１５１４－５,,,伊藤くん
1785,611,2010,株式会社甲府大一実業松本紙器工場,3900851,長野県松本市島内５５４０－１,,,伊藤くん
1785,611,2011,株式会社甲府大一実業松本紙器工場,3900851,長野県松本市島内５５４０－１,,,伊藤くん
1785,611,2012,株式会社甲府大一実業松本紙器工場,3900851,長野県松本市島内５５４０－１,,,伊藤くん
1785,611,2013,株式会社甲府大一実業松本紙器工場,3900851,長野県松本市島内５５４０－１,,,伊藤くん
1785,611,2014,株式会社甲府大一実業松本紙器工場,3900851,長野県松本市島内５５４０－１,,,伊藤くん
1786,1112,2010,富田振興センター,,安曇野市穂高有明富田4375-1,,,富田区長
1786,1112,2011,富田振興センター,,安曇野市穂高有明富田4375-1,,,富田区長
1786,1112,2012,富田振興センター,,安曇野市穂高有明富田4375-1,,,富田区長
1786,1112,2013,富田振興センター,,安曇野市穂高有明富田4375-1,,,富田区長
1786,1112,2014,富田振興センター,,安曇野市穂高有明富田4375-1,,,富田区長
1788,1113,2010,居食房　吉亭,3900303,長野県松本市浅間温泉３－３－２,0263-46-2378,,吉沢　恵子
1788,1113,2011,居食房　吉亭,3900303,長野県松本市浅間温泉３－３－２,0263-46-2378,,吉沢　恵子
1788,1113,2012,居食房　吉亭,3900303,長野県松本市浅間温泉３－３－２,0263-46-2378,,吉沢　恵子
1788,1113,2013,居食房　吉亭,3900303,長野県松本市浅間温泉３－３－２,0263-46-2378,,吉沢　恵子
1788,1113,2014,居食房　吉亭,3900303,長野県松本市浅間温泉３－３－２,0263-46-2378,,吉沢　恵子
1789,1114,2010,下二子公民館,3990033,長野県松本市笹賀５５２５－１,0263-26-4535,,大坪さん
1789,1114,2011,下二子公民館,3990033,長野県松本市笹賀５５２５－１,0263-26-4535,,大坪さん
1789,1114,2012,下二子公民館,3990033,長野県松本市笹賀５５２５－１,0263-26-4535,,大坪さん
1789,1114,2013,下二子公民館,3990033,長野県松本市笹賀５５２５－１,0263-26-4535,,大坪さん
1789,1114,2014,下二子公民館,3990033,長野県松本市笹賀５５２５－１,0263-26-4535,,大坪さん
1790,1115,2010,サンフォルテ,3998205,長野県安曇野市豊科３７８０－２,,,高木　太門
1790,1115,2011,サンフォルテ,3998205,長野県安曇野市豊科３７８０－２,,,高木　太門
1790,1115,2012,サンフォルテ,3998205,長野県安曇野市豊科３７８０－２,,,高木　太門
1790,1115,2013,サンフォルテ,3998205,長野県安曇野市豊科３７８０－２,,,高木　太門
1790,1115,2014,サンフォルテ,3998205,長野県安曇野市豊科３７８０－２,,,高木　太門
1791,1116,2010,コーポ信州,3900313,長野県松本市岡田下岡田１３５５－５,,,清野　富士雄
1791,1116,2011,コーポ信州,3900313,長野県松本市岡田下岡田１３５５－５,,,清野　富士雄
1791,1116,2012,コーポ信州,3900313,長野県松本市岡田下岡田１３５５－５,,,清野　富士雄
1791,1116,2013,コーポ信州,3900313,長野県松本市岡田下岡田１３５５－５,,,清野　富士雄
1791,1116,2014,コーポ信州,3900313,長野県松本市岡田下岡田１３５５－５,,,清野　富士雄
1792,317,2010,柿澤内科医院,3900861,長野県松本市蟻ケ崎４－４１０－１、４５１－１,,,久保田部長
1792,317,2011,柿澤内科医院,3900861,長野県松本市蟻ケ崎４－４１０－１、４５１－１,,,久保田部長
1792,317,2012,柿澤内科医院,3900861,長野県松本市蟻ケ崎４－４１０－１、４５１－１,,,久保田部長
1792,317,2013,柿澤内科医院,3900861,長野県松本市蟻ケ崎４－４１０－１、４５１－１,,,久保田部長
1792,317,2014,柿澤内科医院,3900861,長野県松本市蟻ケ崎４－４１０－１、４５１－１,,,久保田部長
1793,1117,2010,ＪＡ松本市　農協会館・国府町パーキング,3900815,長野県松本市深志２－１－１,,,
1793,1117,2011,ＪＡ松本市　農協会館・国府町パーキング,3900815,長野県松本市深志２－１－１,,,
1793,1117,2012,ＪＡ松本市　農協会館・国府町パーキング,3900815,長野県松本市深志２－１－１,,,
1793,1117,2013,ＪＡ松本市　農協会館・国府町パーキング,3900815,長野県松本市深志２－１－１,,,
1793,1117,2014,ＪＡ松本市　農協会館・国府町パーキング,3900815,長野県松本市深志２－１－１,,,
1794,1117,2010,ＪＡ松本市　南部事業所,3900827,長野県松本市出川１９３６,,,
1794,1117,2011,ＪＡ松本市　南部事業所,3900827,長野県松本市出川１９３６,,,
1794,1117,2012,ＪＡ松本市　南部事業所,3900827,長野県松本市出川１９３６,,,
1794,1117,2013,ＪＡ松本市　南部事業所,3900827,長野県松本市出川１９３６,,,
1794,1117,2014,ＪＡ松本市　南部事業所,3900827,長野県松本市出川１９３６,,,
1795,1117,2010,ＪＡ松本市　並柳洋菜センター,3900825,長野県松本市並柳１－５－１８,,,
1795,1117,2011,ＪＡ松本市　並柳洋菜センター,3900825,長野県松本市並柳１－５－１８,,,
1795,1117,2012,ＪＡ松本市　並柳洋菜センター,3900825,長野県松本市並柳１－５－１８,,,
1795,1117,2013,ＪＡ松本市　並柳洋菜センター,3900825,長野県松本市並柳１－５－１８,,,
1795,1117,2014,ＪＡ松本市　並柳洋菜センター,3900825,長野県松本市並柳１－５－１８,,,
1796,317,2010,土屋クリニック,3998204,長野県安曇野市豊科高家３５３１－１,0263-71-1811,,久保田部長
1796,317,2011,土屋クリニック,3998204,長野県安曇野市豊科高家３５３１－１,0263-71-1811,,久保田部長
1796,317,2012,土屋クリニック,3998204,長野県安曇野市豊科高家３５３１－１,0263-71-1811,,久保田部長
1796,317,2013,土屋クリニック,3998204,長野県安曇野市豊科高家３５３１－１,0263-71-1811,,久保田部長
1796,317,2014,土屋クリニック,3998204,長野県安曇野市豊科高家３５３１－１,0263-71-1811,,久保田部長
1798,590,2010,セジュールＭＯＭＯＳＥ,3900852,長野県松本市島立６２０－１,,,飯森さん
1798,590,2011,セジュールＭＯＭＯＳＥ,3900852,長野県松本市島立６２０－１,,,飯森さん
1798,590,2012,セジュールＭＯＭＯＳＥ,3900852,長野県松本市島立６２０－１,,,飯森さん
1798,590,2013,セジュールＭＯＭＯＳＥ,3900852,長野県松本市島立６２０－１,,,飯森さん
1798,590,2014,セジュールＭＯＭＯＳＥ,3900852,長野県松本市島立６２０－１,,,飯森さん
1799,317,2010,西電設工事株式会社,3900312,松本市岡田松岡139番地,0263-46-0815,,久保田部長
1799,317,2011,西電設工事株式会社,3900312,松本市岡田松岡139番地,0263-46-0815,,久保田部長
1799,317,2012,西電設工事株式会社,3900312,松本市岡田松岡139番地,0263-46-0815,,久保田部長
1799,317,2013,西電設工事株式会社,3900312,松本市岡田松岡139番地,0263-46-0815,,久保田部長
1799,317,2014,西電設工事株式会社,3900312,松本市岡田松岡139番地,0263-46-0815,,久保田部長
1800,611,2010,日野製薬株式会社,3996201,長野県木曽郡木祖村薮原１５９８,0264-36-3311,,伊藤くん
1800,611,2011,日野製薬株式会社,3996201,長野県木曽郡木祖村薮原１５９８,0264-36-3311,,伊藤くん
1800,611,2012,日野製薬株式会社,3996201,長野県木曽郡木祖村薮原１５９８,0264-36-3311,,伊藤くん
1800,611,2013,日野製薬株式会社,3996201,長野県木曽郡木祖村薮原１５９８,0264-36-3311,,伊藤くん
1800,611,2014,日野製薬株式会社,3996201,長野県木曽郡木祖村薮原１５９８,0264-36-3311,,伊藤くん
1801,611,2010,日野製薬株式会社王滝店,3970201,長野県木曽郡王滝村２１１－６,0264-36-3311,,伊藤くん
1801,611,2011,日野製薬株式会社王滝店,3970201,長野県木曽郡王滝村２１１－６,0264-36-3311,,伊藤くん
1801,611,2012,日野製薬株式会社王滝店,3970201,長野県木曽郡王滝村２１１－６,0264-36-3311,,伊藤くん
1801,611,2013,日野製薬株式会社王滝店,3970201,長野県木曽郡王滝村２１１－６,0264-36-3311,,伊藤くん
1801,611,2014,日野製薬株式会社王滝店,3970201,長野県木曽郡王滝村２１１－６,0264-36-3311,,伊藤くん
1802,611,2010,日野製薬株式会社里宮店,3970101,長野県木曽郡木曽町三岳３７９１－３,0264-36-3311,,伊藤くん
1802,611,2011,日野製薬株式会社里宮店,3970101,長野県木曽郡木曽町三岳３７９１－３,0264-36-3311,,伊藤くん
1802,611,2012,日野製薬株式会社里宮店,3970101,長野県木曽郡木曽町三岳３７９１－３,0264-36-3311,,伊藤くん
1802,611,2013,日野製薬株式会社里宮店,3970101,長野県木曽郡木曽町三岳３７９１－３,0264-36-3311,,伊藤くん
1802,611,2014,日野製薬株式会社里宮店,3970101,長野県木曽郡木曽町三岳３７９１－３,0264-36-3311,,伊藤くん
1803,317,2010,株式会社オーティーマシン,3901243,長野県松本市神林７１０７－４４,,,久保田部長
1803,317,2011,株式会社オーティーマシン,3901243,長野県松本市神林７１０７－４４,,,久保田部長
1803,317,2012,株式会社オーティーマシン,3901243,長野県松本市神林７１０７－４４,,,久保田部長
1803,317,2013,株式会社オーティーマシン,3901243,長野県松本市神林７１０７－４４,,,久保田部長
1803,317,2014,株式会社オーティーマシン,3901243,長野県松本市神林７１０７－４４,,,久保田部長
1804,1067,2010,株式会社国吉　松本倉庫,3901242,長野県松本市和田４０１０－１１,0263-40-37470263-40-3748,,平澤さん
1804,1067,2011,株式会社国吉　松本倉庫,3901242,長野県松本市和田４０１０－１１,0263-40-37470263-40-3748,,平澤さん
1804,1067,2012,株式会社国吉　松本倉庫,3901242,長野県松本市和田４０１０－１１,0263-40-37470263-40-3748,,平澤さん
1804,1067,2013,株式会社国吉　松本倉庫,3901242,長野県松本市和田４０１０－１１,0263-40-37470263-40-3748,,平澤さん
1804,1067,2014,株式会社国吉　松本倉庫,3901242,長野県松本市和田４０１０－１１,0263-40-37470263-40-3748,,平澤さん
1805,1118,2010,株式会社タカノ書店,3900811,長野県松本市中央１－１６－１,0263-32-0062,,高野さん
1805,1118,2013,株式会社タカノ書店,3900811,長野県松本市中央１－１６－１,0263-32-0062,,高野さん
1806,941,2010,第１コーポかどや,3990015,長野県松本市平田西１－１－１８,0263-25-8777,,降旗　信行
1806,941,2011,第１コーポかどや,3990015,長野県松本市平田西１－１－１８,0263-25-8777,,降旗　信行
1806,941,2012,第１コーポかどや,3990015,長野県松本市平田西１－１－１８,0263-25-8777,,降旗　信行
1806,941,2013,第１コーポかどや,3990015,長野県松本市平田西１－１－１８,0263-25-8777,,降旗　信行
1806,941,2014,第１コーポかどや,3990015,長野県松本市平田西１－１－１８,0263-25-8777,,降旗　信行
1807,1043,2010,アコモ・ウエスト　№１,,松本市浅間温泉１－３３－２９,,,鈴木克彦
1807,1043,2011,アコモ・ウエスト　№１,,松本市浅間温泉１－３３－２９,,,鈴木克彦
1807,1043,2012,アコモ・ウエスト　№１,,松本市浅間温泉１－３３－２９,,,鈴木克彦
1807,1043,2013,アコモ・ウエスト　№１,,松本市浅間温泉１－３３－２９,,,鈴木克彦
1807,1043,2014,アコモ・ウエスト　№１,,松本市浅間温泉１－３３－２９,,,鈴木克彦
1808,1120,2010,里菓抄　まる山,3998301,安曇野市穂高有明１００１１－１,0263-83-7315,,丸山明男
1808,1120,2011,里菓抄　まる山,3998301,安曇野市穂高有明１００１１－１,0263-83-7315,,丸山明男
1808,1120,2012,里菓抄　まる山,3998301,安曇野市穂高有明１００１１－１,0263-83-7315,,丸山明男
1808,1120,2013,里菓抄　まる山,3998301,安曇野市穂高有明１００１１－１,0263-83-7315,,丸山明男
1808,1120,2014,里菓抄　まる山,3998301,安曇野市穂高有明１００１１－１,0263-83-7315,,丸山明男
1809,813,2010,サンエスポア,3900848,長野県松本市両島７－８,,,
1809,813,2011,サンエスポア,3900848,長野県松本市両島７－８,,,
1809,813,2012,サンエスポア,3900848,長野県松本市両島７－８,,,
1809,813,2013,サンエスポア,3900848,長野県松本市両島７－８,,,
1809,813,2014,サンエスポア,3900848,長野県松本市両島７－８,,,
1810,813,2010,早川ハイツＡ・Ｂ棟,3900221,長野県松本市里山辺１６５３－１,,,
1810,813,2011,早川ハイツＡ・Ｂ棟,3900221,長野県松本市里山辺１６５３－１,,,
1810,813,2012,早川ハイツＡ・Ｂ棟,3900221,長野県松本市里山辺１６５３－１,,,
1810,813,2013,早川ハイツＡ・Ｂ棟,3900221,長野県松本市里山辺１６５３－１,,,
1810,813,2014,早川ハイツＡ・Ｂ棟,3900221,長野県松本市里山辺１６５３－１,,,
1811,611,2010,メガトン書店　塩尻店,3990701,長野県塩尻市広丘吉田１００４－２,0263-86-9531,,伊藤くん
1811,611,2011,メガトン書店　塩尻店,3990701,長野県塩尻市広丘吉田１００４－２,0263-86-9531,,伊藤くん
1811,611,2012,メガトン書店　塩尻店,3990701,長野県塩尻市広丘吉田１００４－２,0263-86-9531,,伊藤くん
1811,611,2013,メガトン書店　塩尻店,3990701,長野県塩尻市広丘吉田１００４－２,0263-86-9531,,伊藤くん
1811,611,2014,メガトン書店　塩尻店,3990701,長野県塩尻市広丘吉田１００４－２,0263-86-9531,,伊藤くん
1812,1121,2010,リンナイ株式会社松本営業所,3900835,長野県松本市高宮東４－３,0263-25-2316,,三井さん
1812,1121,2011,リンナイ株式会社松本営業所,3900835,長野県松本市高宮東４－３,0263-25-2316,,三井さん
1812,1121,2012,リンナイ株式会社松本営業所,3900835,長野県松本市高宮東４－３,0263-25-2316,,三井さん
1812,1121,2013,リンナイ株式会社松本営業所,3900835,長野県松本市高宮東４－３,0263-25-2316,,三井さん
1812,1121,2014,リンナイ株式会社松本営業所,3900835,長野県松本市高宮東４－３,0263-25-2316,,三井さん
1813,611,2010,有限会社縄文自動車,3990033,長野県松本市笹賀６０１６－２,,,川上くん
1813,611,2011,有限会社縄文自動車,3990033,長野県松本市笹賀６０１６－２,,,川上くん
1813,611,2012,有限会社縄文自動車,3990033,長野県松本市笹賀６０１６－２,,,川上くん
1813,611,2013,有限会社縄文自動車,3990033,長野県松本市笹賀６０１６－２,,,川上くん
1813,611,2014,有限会社縄文自動車,3990033,長野県松本市笹賀６０１６－２,,,川上くん
1814,611,2010,信濃ワイン株式会社,3996462,長野県塩尻市洗馬７８３,0263-52-2581,,伊藤くん
1814,611,2011,信濃ワイン株式会社,3996462,長野県塩尻市洗馬７８３,0263-52-2581,,伊藤くん
1814,611,2012,信濃ワイン株式会社,3996462,長野県塩尻市洗馬７８３,0263-52-2581,,伊藤くん
1814,611,2013,信濃ワイン株式会社,3996462,長野県塩尻市洗馬７８３,0263-52-2581,,伊藤くん
1814,611,2014,信濃ワイン株式会社,3996462,長野県塩尻市洗馬７８３,0263-52-2581,,伊藤くん
1818,1122,2010,ラッズウイング,3900305,長野県松本市惣社６０２－１,,,西沢さん
1818,1122,2011,ラッズウイング,3900305,長野県松本市惣社６０２－１,,,西沢さん
1818,1122,2012,ラッズウイング,3900305,長野県松本市惣社６０２－１,,,西沢さん
1818,1122,2013,ラッズウイング,3900305,長野県松本市惣社６０２－１,,,西沢さん
1818,1122,2014,ラッズウイング,3900305,長野県松本市惣社６０２－１,,,西沢さん
1819,611,2010,株式会社フロンティア・スピリット本社,3901242,長野県松本市和田４７０９,,,伊藤くん
1819,611,2011,株式会社フロンティア・スピリット本社,3901242,長野県松本市和田４７０９,,,伊藤くん
1819,611,2012,株式会社フロンティア・スピリット本社,3901242,長野県松本市和田４７０９,,,伊藤くん
1819,611,2013,株式会社フロンティア・スピリット本社,3901242,長野県松本市和田４７０９,,,伊藤くん
1819,611,2014,株式会社フロンティア・スピリット本社,3901242,長野県松本市和田４７０９,,,伊藤くん
1820,611,2010,株式会社フロンティア・スピリット貸店舗（清水口建設）,3901242,長野県松本市和田４７０９,,,伊藤くん
1820,611,2011,株式会社フロンティア・スピリット貸店舗（清水口建設）,3901242,長野県松本市和田４７０９,,,伊藤くん
1820,611,2012,株式会社フロンティア・スピリット貸店舗（清水口建設）,3901242,長野県松本市和田４７０９,,,伊藤くん
1820,611,2013,株式会社フロンティア・スピリット貸店舗（清水口建設）,3901242,長野県松本市和田４７０９,,,伊藤くん
1820,611,2014,株式会社フロンティア・スピリット貸店舗（清水口建設）,3901242,長野県松本市和田４７０９,,,伊藤くん
1821,166,2010,マツノ電器.有限会社,3900813,長野県松本市埋橋2-4-10,0263-32-5540,,松野　陞
1821,166,2011,マツノ電器.有限会社,3900813,長野県松本市埋橋2-4-10,0263-32-5540,,松野　陞
1821,166,2012,マツノ電器.有限会社,3900813,長野県松本市埋橋2-4-10,0263-32-5540,,松野　陞
1821,166,2013,マツノ電器.有限会社,3900813,長野県松本市埋橋2-4-10,0263-32-5540,,松野　陞
1821,166,2014,マツノ電器.有限会社,3900813,長野県松本市埋橋2-4-10,0263-32-5540,,松野　陞
1822,1123,2010,田中電子,3998501,北安曇郡松川村細野5651-64,0261-62-0054,0261-62-0054,田中利二
1822,1123,2011,田中電子,3998501,北安曇郡松川村細野5651-64,0261-62-0054,0261-62-0054,田中利二
1822,1123,2012,田中電子,3998501,北安曇郡松川村細野5651-64,0261-62-0054,0261-62-0054,田中利二
1822,1123,2013,田中電子,3998501,北安曇郡松川村細野5651-64,0261-62-0054,0261-62-0054,田中利二
1822,1123,2014,田中電子,3998501,北安曇郡松川村細野5651-64,0261-62-0054,0261-62-0054,田中利二
1823,1124,2010,大恵山無量寺,3990000,長野県松本市会田３１１１,0263-64-2481,,熊谷　道応（住職）
1823,1124,2011,大恵山無量寺,3990000,長野県松本市会田３１１１,0263-64-2481,,熊谷　道応（住職）
1823,1124,2012,大恵山無量寺,3990000,長野県松本市会田３１１１,0263-64-2481,,熊谷　道応（住職）
1823,1124,2013,大恵山無量寺,3990000,長野県松本市会田３１１１,0263-64-2481,,熊谷　道応（住職）
1823,1124,2014,大恵山無量寺,3990000,長野県松本市会田３１１１,0263-64-2481,,熊谷　道応（住職）
1825,1126,2010,熊谷歯科医院,3900875,長野県松本市城西２－１－４,0263-34-2611,,熊谷様
1825,1126,2011,熊谷歯科医院,3900875,長野県松本市城西２－１－４,0263-34-2611,,熊谷様
1825,1126,2012,熊谷歯科医院,3900875,長野県松本市城西２－１－４,0263-34-2611,,熊谷様
1825,1126,2013,熊谷歯科医院,3900875,長野県松本市城西２－１－４,0263-34-2611,,熊谷様
1825,1126,2014,熊谷歯科医院,3900875,長野県松本市城西２－１－４,0263-34-2611,,熊谷様
1826,1127,2010,唐沢内科医院,3900875,長野県松本市城西２－２－２６,,,唐沢　博之
1826,1127,2011,唐沢内科医院,3900875,長野県松本市城西２－２－２６,,,唐沢　博之
1826,1127,2012,唐沢内科医院,3900875,長野県松本市城西２－２－２６,,,唐沢　博之
1826,1127,2013,唐沢内科医院,3900875,長野県松本市城西２－２－２６,,,唐沢　博之
1826,1127,2014,唐沢内科医院,3900875,長野県松本市城西２－２－２６,,,唐沢　博之
1827,612,2010,日本コマック株式会社　本社、輸入建材センター,3901243,長野県松本市神林７１０７－５０,0263-40-2380,,佐藤さん（ＡＬＳＯＫ）
1827,612,2011,日本コマック株式会社　本社、輸入建材センター,3901243,長野県松本市神林７１０７－５０,0263-40-2380,,佐藤さん（ＡＬＳＯＫ）
1827,612,2012,日本コマック株式会社　本社、輸入建材センター,3901243,長野県松本市神林７１０７－５０,0263-40-2380,,佐藤さん（ＡＬＳＯＫ）
1827,612,2013,日本コマック株式会社　本社、輸入建材センター,3901243,長野県松本市神林７１０７－５０,0263-40-2380,,佐藤さん（ＡＬＳＯＫ）
1827,612,2014,日本コマック株式会社　本社、輸入建材センター,3901243,長野県松本市神林７１０７－５０,0263-40-2380,,佐藤さん（ＡＬＳＯＫ）
1828,1128,2010,しなのポリマー株式会社　角前分室,3990702,長野県塩尻市広丘野村１８１０,,,
1828,1128,2011,しなのポリマー株式会社　角前分室,3990702,長野県塩尻市広丘野村１８１０,,,
1828,1128,2012,しなのポリマー株式会社　角前分室,3990702,長野県塩尻市広丘野村１８１０,,,
1828,1128,2013,しなのポリマー株式会社　角前分室,3990702,長野県塩尻市広丘野村１８１０,,,
1828,1128,2014,しなのポリマー株式会社　角前分室,3990702,長野県塩尻市広丘野村１８１０,,,
1830,10,2010,ジブラルタ生命　飯田支部,,,,,
1830,10,2011,ジブラルタ生命　飯田支部,,,,,
1830,10,2012,ジブラルタ生命　飯田支部,,,,,
1830,10,2013,ジブラルタ生命　飯田支部,,,,,
1830,10,2014,ジブラルタ生命　飯田支部,,,,,
1831,1129,2010,紺谷泌尿器科クリニック,3990015,長野県松本市平田西１－３１－２,0263-85-0200,0263-85-0212,紺谷先生
1831,1129,2011,紺谷泌尿器科クリニック,3990015,長野県松本市平田西１－３１－２,0263-85-0200,0263-85-0212,紺谷先生
1831,1129,2012,紺谷泌尿器科クリニック,3990015,長野県松本市平田西１－３１－２,0263-85-0200,0263-85-0212,紺谷先生
1831,1129,2013,紺谷泌尿器科クリニック,3990015,長野県松本市平田西１－３１－２,0263-85-0200,0263-85-0212,紺谷先生
1831,1129,2014,紺谷泌尿器科クリニック,3990015,長野県松本市平田西１－３１－２,0263-85-0200,0263-85-0212,紺谷先生
1832,1130,2010,みやいりクリニック,3900831,長野県松本市井川城２－１６－１２,0263-31-3838,,宮入先生
1832,1130,2011,みやいりクリニック,3900831,長野県松本市井川城２－１６－１２,0263-31-3838,,宮入先生
1832,1130,2012,みやいりクリニック,3900831,長野県松本市井川城２－１６－１２,0263-31-3838,,宮入先生
1832,1130,2013,みやいりクリニック,3900831,長野県松本市井川城２－１６－１２,0263-31-3838,,宮入先生
1832,1130,2014,みやいりクリニック,3900831,長野県松本市井川城２－１６－１２,0263-31-3838,,宮入先生
1833,1131,2010,松本市寿台公民館,3990021,長野県松本市寿豊丘６４９－１,,,
1833,1131,2011,松本市寿台公民館,3990021,長野県松本市寿豊丘６４９－１,,,
1833,1131,2012,松本市寿台公民館,3990021,長野県松本市寿豊丘６４９－１,,,
1833,1131,2013,松本市寿台公民館,3990021,長野県松本市寿豊丘６４９－１,,,
1833,1131,2014,松本市寿台公民館,3990021,長野県松本市寿豊丘６４９－１,,,
1834,1132,2010,宇部三菱セメント㈱松本サービスステーション,3990014,松本市平田東１-２０-８,0263-25-6610,,鳴澤光一
1834,1132,2011,宇部三菱セメント㈱松本サービスステーション,3990014,松本市平田東１-２０-８,0263-25-6610,,鳴澤光一
1834,1132,2012,宇部三菱セメント㈱松本サービスステーション,3990014,松本市平田東１-２０-８,0263-25-6610,,鳴澤光一
1834,1132,2013,宇部三菱セメント㈱松本サービスステーション,3990014,松本市平田東１-２０-８,0263-25-6610,,鳴澤光一
1834,1132,2014,宇部三菱セメント㈱松本サービスステーション,3990014,松本市平田東１-２０-８,0263-25-6610,,鳴澤光一
1835,944,2010,波田しなのハイツ,3901401,長野県松本市波田４４１７－７,,,宮澤さん
1835,944,2011,波田しなのハイツ,3901401,長野県松本市波田４４１７－７,,,宮澤さん
1835,944,2012,波田しなのハイツ,3901401,長野県松本市波田４４１７－７,,,宮澤さん
1835,944,2013,波田しなのハイツ,3901401,長野県松本市波田４４１７－７,,,宮澤さん
1835,944,2014,波田しなのハイツ,3901401,長野県松本市波田４４１７－７,,,宮澤さん
1836,948,2010,スカイコート旭,3900802,長野県松本市旭２丁目３－１１,,,青山常務
1836,948,2011,スカイコート旭,3900802,長野県松本市旭２丁目３－１１,,,青山常務
1836,948,2012,スカイコート旭,3900802,長野県松本市旭２丁目３－１１,,,青山常務
1836,948,2013,スカイコート旭,3900802,長野県松本市旭２丁目３－１１,,,青山常務
1836,948,2014,スカイコート旭,3900802,長野県松本市旭２丁目３－１１,,,青山常務
1837,378,2010,サンライズ北深志,3900872,長野県松本市北深志３－２－１３,,,山崎さん
1837,378,2011,サンライズ北深志,3900872,長野県松本市北深志３－２－１３,,,山崎さん
1837,378,2012,サンライズ北深志,3900872,長野県松本市北深志３－２－１３,,,山崎さん
1837,378,2013,サンライズ北深志,3900872,長野県松本市北深志３－２－１３,,,山崎さん
1837,378,2014,サンライズ北深志,3900872,長野県松本市北深志３－２－１３,,,山崎さん
1838,937,2010,ハイシティ田町,3900872,長野県松本市北深志１－５－３０,,,鈴木　節子
1838,937,2011,ハイシティ田町,3900872,長野県松本市北深志１－５－３０,,,鈴木　節子
1838,937,2012,ハイシティ田町,3900872,長野県松本市北深志１－５－３０,,,鈴木　節子
1838,937,2013,ハイシティ田町,3900872,長野県松本市北深志１－５－３０,,,鈴木　節子
1838,937,2014,ハイシティ田町,3900872,長野県松本市北深志１－５－３０,,,鈴木　節子
1839,1133,2010,岩原ビル,3900815,長野県松本市深志２－２－５,0263-38-7730,,岩原先生
1839,1133,2011,岩原ビル,3900815,長野県松本市深志２－２－５,0263-38-7730,,岩原先生
1839,1133,2012,岩原ビル,3900815,長野県松本市深志２－２－５,0263-38-7730,,岩原先生
1839,1133,2013,岩原ビル,3900815,長野県松本市深志２－２－５,0263-38-7730,,岩原先生
1839,1133,2014,岩原ビル,3900815,長野県松本市深志２－２－５,0263-38-7730,,岩原先生
1840,611,2010,松田・南信株式会社　松本支店,3900834,長野県松本市高宮中,,,川上さん
1840,611,2011,松田・南信株式会社　松本支店,3900834,長野県松本市高宮中,,,川上さん
1840,611,2012,松田・南信株式会社　松本支店,3900834,長野県松本市高宮中,,,川上さん
1840,611,2013,松田・南信株式会社　松本支店,3900834,長野県松本市高宮中,,,川上さん
1840,611,2014,松田・南信株式会社　松本支店,3900834,長野県松本市高宮中,,,川上さん
1841,1134,2010,長野県信連　松本寮,3900305,長野県松本市惣社６１９－４,0263-35-3135,0263-35-2721,神林さん
1841,1134,2011,長野県信連　松本寮,3900305,長野県松本市惣社６１９－４,0263-35-3135,0263-35-2721,神林さん
1841,1134,2012,長野県信連　松本寮,3900305,長野県松本市惣社６１９－４,0263-35-3135,0263-35-2721,神林さん
1841,1134,2013,長野県信連　松本寮,3900305,長野県松本市惣社６１９－４,0263-35-3135,0263-35-2721,神林さん
1841,1134,2014,長野県信連　松本寮,3900305,長野県松本市惣社６１９－４,0263-35-3135,0263-35-2721,神林さん
1842,376,2010,えんぱーく,3990736,長野県塩尻市大門一番町１２－１２,0263-53-3350,0263-53-3362,張替さん
1842,376,2011,えんぱーく,3990736,長野県塩尻市大門一番町１２－１２,0263-53-3350,0263-53-3362,張替さん
1842,376,2012,えんぱーく,3990736,長野県塩尻市大門一番町１２－１２,0263-53-3350,0263-53-3362,張替さん
1842,376,2013,えんぱーく,3990736,長野県塩尻市大門一番町１２－１２,0263-53-3350,0263-53-3362,張替さん
1842,376,2014,えんぱーく,3990736,長野県塩尻市大門一番町１２－１２,0263-53-3350,0263-53-3362,張替さん
1843,630,2010,株式会社環境技術センター　事業本部,3990033,長野県松本市大字笹賀５６５２番地１６９,0263-27-1606,,勝野　宗一
1843,630,2011,株式会社環境技術センター　事業本部,3990033,長野県松本市大字笹賀５６５２番地１６９,0263-27-1606,,勝野　宗一
1843,630,2012,株式会社環境技術センター　事業本部,3990033,長野県松本市大字笹賀５６５２番地１６９,0263-27-1606,,勝野　宗一
1843,630,2013,株式会社環境技術センター　事業本部,3990033,長野県松本市大字笹賀５６５２番地１６９,0263-27-1606,,勝野　宗一
1843,630,2014,株式会社環境技術センター　事業本部,3990033,長野県松本市大字笹賀５６５２番地１６９,0263-27-1606,,勝野　宗一
1844,1135,2010,ふじさわ山荘,3900222,長野県松本市入山辺三城８９６１,,,望月一将（専務）
1844,1135,2011,ふじさわ山荘,3900222,長野県松本市入山辺三城８９６１,,,望月一将（専務）
1844,1135,2012,ふじさわ山荘,3900222,長野県松本市入山辺三城８９６１,,,望月一将（専務）
1844,1135,2013,ふじさわ山荘,3900222,長野県松本市入山辺三城８９６１,,,望月一将（専務）
1844,1135,2014,ふじさわ山荘,3900222,長野県松本市入山辺三城８９６１,,,望月一将（専務）
1845,1136,2010,宙和第一ビル２階（呑み喰い屋　傾奇者）,3900811,長野県松本市中央１－２－１１,0263-28-7118,0263-28-7119,
1845,1136,2011,宙和第一ビル２階（呑み喰い屋　傾奇者）,3900811,長野県松本市中央１－２－１１,0263-28-7118,0263-28-7119,
1845,1136,2012,宙和第一ビル２階（呑み喰い屋　傾奇者）,3900811,長野県松本市中央１－２－１１,0263-28-7118,0263-28-7119,
1845,1136,2013,宙和第一ビル２階（呑み喰い屋　傾奇者）,3900811,長野県松本市中央１－２－１１,0263-28-7118,0263-28-7119,
1845,1136,2014,宙和第一ビル２階（呑み喰い屋　傾奇者）,3900811,長野県松本市中央１－２－１１,0263-28-7118,0263-28-7119,
1846,948,2010,目黒区立八ヶ岳林間学園,4070301,山梨県北杜市高根町清里字念場原３５４５,0551-48-2031,0551-48-2031,青山常務
1846,948,2011,目黒区立八ヶ岳林間学園,4070301,山梨県北杜市高根町清里字念場原３５４５,0551-48-2031,0551-48-2031,青山常務
1846,948,2012,目黒区立八ヶ岳林間学園,4070301,山梨県北杜市高根町清里字念場原３５４５,0551-48-2031,0551-48-2031,青山常務
1846,948,2013,目黒区立八ヶ岳林間学園,4070301,山梨県北杜市高根町清里字念場原３５４５,0551-48-2031,0551-48-2031,青山常務
1846,948,2014,目黒区立八ヶ岳林間学園,4070301,山梨県北杜市高根町清里字念場原３５４５,0551-48-2031,0551-48-2031,青山常務
1847,1137,2010,株式会社三栄産業山形倉庫,3901301,長野県東筑摩郡山形村４０８７－３,0263-27-2828,0263-27-2720,金原　秀男社長
1847,1137,2011,株式会社三栄産業山形倉庫,3901301,長野県東筑摩郡山形村４０８７－３,0263-27-2828,0263-27-2720,金原　秀男社長
1847,1137,2012,株式会社三栄産業山形倉庫,3901301,長野県東筑摩郡山形村４０８７－３,0263-27-2828,0263-27-2720,金原　秀男社長
1847,1137,2013,株式会社三栄産業山形倉庫,3901301,長野県東筑摩郡山形村４０８７－３,0263-27-2828,0263-27-2720,金原　秀男社長
1847,1137,2014,株式会社三栄産業山形倉庫,3901301,長野県東筑摩郡山形村４０８７－３,0263-27-2828,0263-27-2720,金原　秀男社長
1848,699,2010,ケアホームきずな,3990021,長野県松本市寿豊丘６４２-２,,,金沢　洋一
1848,699,2011,ケアホームきずな,3990021,長野県松本市寿豊丘６４２-２,,,金沢　洋一
1848,699,2012,ケアホームきずな,3990021,長野県松本市寿豊丘６４２-２,,,金沢　洋一
1848,699,2013,ケアホームきずな,3990021,長野県松本市寿豊丘６４２-２,,,金沢　洋一
1848,699,2014,ケアホームきずな,3990021,長野県松本市寿豊丘６４２-２,,,金沢　洋一
1849,1108,2011,株式会社あずみ製作所　筑北工場,3997601,長野県東筑摩郡筑北村上原３８３６－１,0263-66-2602,,前山工場長
1849,1108,2012,株式会社あずみ製作所　筑北工場,3997601,長野県東筑摩郡筑北村上原３８３６－１,0263-66-2602,,前山工場長
1849,1108,2013,株式会社あずみ製作所　筑北工場,3997601,長野県東筑摩郡筑北村上原３８３６－１,0263-66-2602,,前山工場長
1849,1108,2014,株式会社あずみ製作所　筑北工場,3997601,長野県東筑摩郡筑北村上原３８３６－１,0263-66-2602,,前山工場長
1850,1138,2010,株式会社ミナトヤ,,塩尻市大門泉町13-10,0263-52-3131,,葛原守久
1851,1139,2011,デイホーム楓,3998102,長野県安曇野市三郷温３３９９－３,0263-77-9290,0263-77-9299,安澤さん
1851,1139,2012,デイホーム楓,3998102,長野県安曇野市三郷温３３９９－３,0263-77-9290,0263-77-9299,安澤さん
1851,1139,2013,デイホーム楓,3998102,長野県安曇野市三郷温３３９９－３,0263-77-9290,0263-77-9299,安澤さん
1851,1139,2014,デイホーム楓,3998102,長野県安曇野市三郷温３３９９－３,0263-77-9290,0263-77-9299,安澤さん
1852,948,2010,荒川区立清里高原ロッジ清里高原少年自然の家,4070301,山梨県北杜市高根町清里３５４５－５,0551-48-2295,,青山部長
1853,948,2011,荒川区立清里高原ロッジ清里高原少年自然の家.,4070301,山梨県北杜市高根町清里３５４５－５,0551-48-2295,,青山常務
1853,948,2012,荒川区立清里高原ロッジ清里高原少年自然の家.,4070301,山梨県北杜市高根町清里３５４５－５,0551-48-2295,,青山常務
1853,948,2013,荒川区立清里高原ロッジ清里高原少年自然の家.,4070301,山梨県北杜市高根町清里３５４５－５,0551-48-2295,,青山常務
1853,948,2014,荒川区立清里高原ロッジ清里高原少年自然の家.,4070301,山梨県北杜市高根町清里３５４５－５,0551-48-2295,,青山常務
1854,1140,2010,モルトクリエンテ　ビル,3900847,長野県松本市笹部２－１０－２３,,,社長
1855,1140,2010,松島電気工事株式会社社屋,3900846,長野県松本市南原１－１９－５,0263-25-2335,0263-25-2945,社長
1856,1140,2011,モルトクリエンテ　ビル.,3900847,長野県松本市笹部２－１０－２３,,,社長
1856,1140,2012,モルトクリエンテ　ビル.,3900847,長野県松本市笹部２－１０－２３,,,社長
1856,1140,2013,モルトクリエンテ　ビル.,3900847,長野県松本市笹部２－１０－２３,,,社長
1856,1140,2014,モルトクリエンテ　ビル.,3900847,長野県松本市笹部２－１０－２３,,,社長
1857,1140,2011,松島電気工事株式会社社屋.,3900846,長野県松本市南原１－１９－５,0263-25-2335,0263-25-2945,社長
1857,1140,2012,松島電気工事株式会社社屋.,3900846,長野県松本市南原１－１９－５,0263-25-2335,0263-25-2945,社長
1857,1140,2013,松島電気工事株式会社社屋.,3900846,長野県松本市南原１－１９－５,0263-25-2335,0263-25-2945,社長
1857,1140,2014,松島電気工事株式会社社屋.,3900846,長野県松本市南原１－１９－５,0263-25-2335,0263-25-2945,社長
1858,1141,2011,安曇野市堀金学校給食センター,3998211,長野県安曇野市堀金烏川３０００,,,
1858,1141,2012,安曇野市堀金学校給食センター,3998211,長野県安曇野市堀金烏川３０００,,,
1858,1141,2013,安曇野市堀金学校給食センター,3998211,長野県安曇野市堀金烏川３０００,,,
1858,1141,2014,安曇野市堀金学校給食センター,3998211,長野県安曇野市堀金烏川３０００,,,
1859,1141,2011,安曇野市堀金除雪基地,3998211,長野県安曇野市堀金烏川２０４７－５,,,
1859,1141,2012,安曇野市堀金除雪基地,3998211,長野県安曇野市堀金烏川２０４７－５,,,
1859,1141,2013,安曇野市堀金除雪基地,3998211,長野県安曇野市堀金烏川２０４７－５,,,
1859,1141,2014,安曇野市堀金除雪基地,3998211,長野県安曇野市堀金烏川２０４７－５,,,
1860,1141,2011,安曇野市堀金公民館・民俗資料館,3998211,長野県安曇野市堀金烏川２７５３,,,
1860,1141,2012,安曇野市堀金公民館・民俗資料館,3998211,長野県安曇野市堀金烏川２７５３,,,
1860,1141,2013,安曇野市堀金公民館・民俗資料館,3998211,長野県安曇野市堀金烏川２７５３,,,
1860,1141,2014,安曇野市堀金公民館・民俗資料館,3998211,長野県安曇野市堀金烏川２７５３,,,
1861,1141,2011,安曇野市堀金総合体育館,3998211,長野県安曇野市堀金烏川２６６２,,,
1861,1141,2012,安曇野市堀金総合体育館,3998211,長野県安曇野市堀金烏川２６６２,,,
1861,1141,2013,安曇野市堀金総合体育館,3998211,長野県安曇野市堀金烏川２６６２,,,
1861,1141,2014,安曇野市堀金総合体育館,3998211,長野県安曇野市堀金烏川２６６２,,,
1862,1141,2011,安曇野市堀金総合運動場,3998212,長野県安曇野市堀金三田３５７０－１,,,
1862,1141,2012,安曇野市堀金総合運動場,3998212,長野県安曇野市堀金三田３５７０－１,,,
1862,1141,2013,安曇野市堀金総合運動場,3998212,長野県安曇野市堀金三田３５７０－１,,,
1862,1141,2014,安曇野市堀金総合運動場,3998212,長野県安曇野市堀金三田３５７０－１,,,
1863,1141,2011,安曇野市堀金多目的屋内運動場（堀金常念ドーム）,3998211,長野県安曇野市堀金烏川２６９７－１,,,
1863,1141,2012,安曇野市堀金多目的屋内運動場（堀金常念ドーム）,3998211,長野県安曇野市堀金烏川２６９７－１,,,
1863,1141,2013,安曇野市堀金多目的屋内運動場（堀金常念ドーム）,3998211,長野県安曇野市堀金烏川２６９７－１,,,
1863,1141,2014,安曇野市堀金多目的屋内運動場（堀金常念ドーム）,3998211,長野県安曇野市堀金烏川２６９７－１,,,
1864,1141,2011,安曇野市堀金人権教育集会場,3998211,長野県安曇野市堀金烏川下堀４２１４－４,,,
1864,1141,2012,安曇野市堀金人権教育集会場,3998211,長野県安曇野市堀金烏川下堀４２１４－４,,,
1864,1141,2013,安曇野市堀金人権教育集会場,3998211,長野県安曇野市堀金烏川下堀４２１４－４,,,
1864,1141,2014,安曇野市堀金人権教育集会場,3998211,長野県安曇野市堀金烏川下堀４２１４－４,,,
1865,1141,2011,安曇野市堀金総合支所,3998211,長野県安曇野市堀金烏川２７５０－１,,,
1865,1141,2012,安曇野市堀金総合支所,3998211,長野県安曇野市堀金烏川２７５０－１,,,
1865,1141,2013,安曇野市堀金総合支所,3998211,長野県安曇野市堀金烏川２７５０－１,,,
1865,1141,2014,安曇野市堀金総合支所,3998211,長野県安曇野市堀金烏川２７５０－１,,,
1866,1141,2011,安曇野市堀金憩いの里うらら,3998211,長野県安曇野市堀金烏川２１３２－４,,,
1866,1141,2012,安曇野市堀金憩いの里うらら,3998211,長野県安曇野市堀金烏川２１３２－４,,,
1866,1141,2013,安曇野市堀金憩いの里うらら,3998211,長野県安曇野市堀金烏川２１３２－４,,,
1866,1141,2014,安曇野市堀金憩いの里うらら,3998211,長野県安曇野市堀金烏川２１３２－４,,,
1867,1141,2011,安曇野市立堀金中学校,3998211,長野県安曇野市堀金烏川２１２６,,,
1867,1141,2012,安曇野市立堀金中学校,3998211,長野県安曇野市堀金烏川２１２６,,,
1867,1141,2013,安曇野市立堀金中学校,3998211,長野県安曇野市堀金烏川２１２６,,,
1867,1141,2014,安曇野市立堀金中学校,3998211,長野県安曇野市堀金烏川２１２６,,,
1868,1141,2011,安曇野市立堀金小学校,3998211,長野県安曇野市堀金烏川３０００,,,
1868,1141,2012,安曇野市立堀金小学校,3998211,長野県安曇野市堀金烏川３０００,,,
1868,1141,2013,安曇野市立堀金小学校,3998211,長野県安曇野市堀金烏川３０００,,,
1868,1141,2014,安曇野市立堀金小学校,3998211,長野県安曇野市堀金烏川３０００,,,
1869,1141,2011,安曇野市堀金教職員住宅,3998211,長野県安曇野市堀金烏川２３７４,,,
1869,1141,2012,安曇野市堀金教職員住宅,3998211,長野県安曇野市堀金烏川２３７４,,,
1869,1141,2013,安曇野市堀金教職員住宅,3998211,長野県安曇野市堀金烏川２３７４,,,
1869,1141,2014,安曇野市堀金教職員住宅,3998211,長野県安曇野市堀金烏川２３７４,,,
1870,1141,2011,安曇野市立堀金保育園,3998211,長野県安曇野市堀金烏川２２８０,,,
1870,1141,2012,安曇野市立堀金保育園,3998211,長野県安曇野市堀金烏川２２８０,,,
1870,1141,2013,安曇野市立堀金保育園,3998211,長野県安曇野市堀金烏川２２８０,,,
1870,1141,2014,安曇野市立堀金保育園,3998211,長野県安曇野市堀金烏川２２８０,,,
1872,1141,2011,安曇野市営三田団地Ａ棟,3998212,長野県安曇野市堀金三田１１５３－２,,,
1872,1141,2012,安曇野市営三田団地Ａ棟,3998212,長野県安曇野市堀金三田１１５３－２,,,
1872,1141,2013,安曇野市営三田団地Ａ棟,3998212,長野県安曇野市堀金三田１１５３－２,,,
1872,1141,2014,安曇野市営三田団地Ａ棟,3998212,長野県安曇野市堀金三田１１５３－２,,,
1873,1141,2011,安曇野市営三田団地Ｂ棟,3998212,長野県安曇野市堀金三田１１５３－２,,,
1873,1141,2012,安曇野市営三田団地Ｂ棟,3998212,長野県安曇野市堀金三田１１５３－２,,,
1873,1141,2013,安曇野市営三田団地Ｂ棟,3998212,長野県安曇野市堀金三田１１５３－２,,,
1873,1141,2014,安曇野市営三田団地Ｂ棟,3998212,長野県安曇野市堀金三田１１５３－２,,,
1874,1141,2011,安曇野市営三田団地Ｃ棟,3998212,長野県安曇野市堀金三田１１５３－２,,,
1874,1141,2012,安曇野市営三田団地Ｃ棟,3998212,長野県安曇野市堀金三田１１５３－２,,,
1874,1141,2013,安曇野市営三田団地Ｃ棟,3998212,長野県安曇野市堀金三田１１５３－２,,,
1874,1141,2014,安曇野市営三田団地Ｃ棟,3998212,長野県安曇野市堀金三田１１５３－２,,,
1875,1141,2011,安曇野市営三田団地Ｄ棟,3998212,長野県安曇野市堀金三田１１５３－２,,,
1875,1141,2012,安曇野市営三田団地Ｄ棟,3998212,長野県安曇野市堀金三田１１５３－２,,,
1875,1141,2013,安曇野市営三田団地Ｄ棟,3998212,長野県安曇野市堀金三田１１５３－２,,,
1875,1141,2014,安曇野市営三田団地Ｄ棟,3998212,長野県安曇野市堀金三田１１５３－２,,,
1877,612,2011,株式会社セリア　茅野店,3910013,長野県茅野市宮川４２３６－１,,,
1877,612,2012,株式会社セリア　茅野店,3910013,長野県茅野市宮川４２３６－１,,,
1877,612,2013,株式会社セリア　茅野店,3910013,長野県茅野市宮川４２３６－１,,,
1877,612,2014,株式会社セリア　茅野店,3910013,長野県茅野市宮川４２３６－１,,,
1878,317,2011,松本トンネル,,,,,久保田部長
1878,317,2012,松本トンネル,,,,,久保田部長
1878,317,2013,松本トンネル,,,,,久保田部長
1878,317,2014,松本トンネル,,,,,久保田部長
1879,611,2010,株式会社シガリオあづみ野研究工場,3998103,長野県安曇野市三郷小倉４１４４,,,川上くん
1880,611,2011,株式会社シガリオあづみ野研究工場.,3998103,長野県安曇野市三郷小倉４１４４,,,川上くん
1880,611,2012,株式会社シガリオあづみ野研究工場.,3998103,長野県安曇野市三郷小倉４１４４,,,川上くん
1880,611,2013,株式会社シガリオあづみ野研究工場.,3998103,長野県安曇野市三郷小倉４１４４,,,川上くん
1880,611,2014,株式会社シガリオあづみ野研究工場.,3998103,長野県安曇野市三郷小倉４１４４,,,川上くん
1884,1142,2010,穂高ハートクリニック,3998301,長野県安曇野市穂高有明9394-1,0263-50-6731,0263-50-6732,太田院長
1885,1142,2011,穂高ハートクリニック.,3998301,長野県安曇野市穂高有明9394-1,0263-50-6731,0263-50-6732,太田院長
1885,1142,2012,穂高ハートクリニック.,3998301,長野県安曇野市穂高有明9394-1,0263-50-6731,0263-50-6732,太田院長
1885,1142,2013,穂高ハートクリニック.,3998301,長野県安曇野市穂高有明9394-1,0263-50-6731,0263-50-6732,太田院長
1885,1142,2014,穂高ハートクリニック.,3998301,長野県安曇野市穂高有明9394-1,0263-50-6731,0263-50-6732,太田院長
1888,579,2010,アビタ　マルヤマ,3998205,安曇野市豊科４３０９－２,,,社長
1889,579,2011,アビタ　マルヤマ.,3998205,安曇野市豊科４３０９－２,,,社長
1889,579,2012,アビタ　マルヤマ.,3998205,安曇野市豊科４３０９－２,,,社長
1889,579,2013,アビタ　マルヤマ.,3998205,安曇野市豊科４３０９－２,,,社長
1889,579,2014,アビタ　マルヤマ.,3998205,安曇野市豊科４３０９－２,,,社長
1890,612,2011,株式会社ダイシン,3990711,長野県塩尻市片丘今泉９８２８－１５,0263-53-4411,0263-53-4412,佐藤（ＡＬＳＯＫ）
1890,612,2012,株式会社ダイシン,3990711,長野県塩尻市片丘今泉９８２８－１５,0263-53-4411,0263-53-4412,佐藤（ＡＬＳＯＫ）
1890,612,2013,株式会社ダイシン,3990711,長野県塩尻市片丘今泉９８２８－１５,0263-53-4411,0263-53-4412,佐藤（ＡＬＳＯＫ）
1890,612,2014,株式会社ダイシン,3990711,長野県塩尻市片丘今泉９８２８－１５,0263-53-4411,0263-53-4412,佐藤（ＡＬＳＯＫ）
1894,1143,2011,中信平二期農業水利事業　中央管理所.,3901701,長野県松本市梓川倭４２５２,,,丸山さん
1894,1143,2012,中信平二期農業水利事業　中央管理所.,3901701,長野県松本市梓川倭４２５２,,,丸山さん
1894,1143,2013,中信平二期農業水利事業　中央管理所.,3901701,長野県松本市梓川倭４２５２,,,丸山さん
1894,1143,2014,中信平二期農業水利事業　中央管理所.,3901701,長野県松本市梓川倭４２５２,,,丸山さん
1895,1144,2011,地域在宅医療支援センター塩尻,3990745,長野県塩尻市大門桔梗ケ原７９－２,,,施設・設備グループ　瀧川さん
1895,1144,2012,地域在宅医療支援センター塩尻,3990745,長野県塩尻市大門桔梗ケ原７９－２,,,施設・設備グループ　瀧川さん
1895,1144,2013,地域在宅医療支援センター塩尻,3990745,長野県塩尻市大門桔梗ケ原７９－２,,,施設・設備グループ　瀧川さん
1895,1144,2014,地域在宅医療支援センター塩尻,3990745,長野県塩尻市大門桔梗ケ原７９－２,,,施設・設備グループ　瀧川さん
1896,1145,2011,有限会社中信保健企画　職員寮,3900831,長野県松本市井川城３－１１－８,0263-35-7347,0263-37-5562,赤坂専務
1896,1145,2012,有限会社中信保健企画　職員寮,3900831,長野県松本市井川城３－１１－８,0263-35-7347,0263-37-5562,赤坂専務
1896,1145,2013,有限会社中信保健企画　職員寮,3900831,長野県松本市井川城３－１１－８,0263-35-7347,0263-37-5562,赤坂専務
1896,1145,2014,有限会社中信保健企画　職員寮,3900831,長野県松本市井川城３－１１－８,0263-35-7347,0263-37-5562,赤坂専務
1897,1146,2011,こもれびはうす　きたくり,3900852,長野県松本市島立３９９８－７,0263-40-0166,02633-40-0168,百瀬　社長
1897,1146,2012,こもれびはうす　きたくり,3900852,長野県松本市島立３９９８－７,0263-40-0166,02633-40-0168,百瀬　社長
1897,1146,2013,こもれびはうす　きたくり,3900852,長野県松本市島立３９９８－７,0263-40-0166,02633-40-0168,百瀬　社長
1897,1146,2014,こもれびはうす　きたくり,3900852,長野県松本市島立３９９８－７,0263-40-0166,02633-40-0168,百瀬　社長
1898,611,2011,ポレスター下諏訪,3930000,長野県諏訪郡下諏訪町４７１０－１,,,伊藤くん
1898,611,2012,ポレスター下諏訪,3930000,長野県諏訪郡下諏訪町４７１０－１,,,伊藤くん
1898,611,2013,ポレスター下諏訪,3930000,長野県諏訪郡下諏訪町４７１０－１,,,伊藤くん
1898,611,2014,ポレスター下諏訪,3930000,長野県諏訪郡下諏訪町４７１０－１,,,伊藤くん
1899,1147,2011,サンビレッジＡ・Ｂ・Ｃ棟,3900831,長野県松本市井川城３－１－２７,0263-26-0179,,島崎　義晴
1899,1147,2012,サンビレッジＡ・Ｂ・Ｃ棟,3900831,長野県松本市井川城３－１－２７,0263-26-0179,,島崎　義晴
1899,1147,2013,サンビレッジＡ・Ｂ・Ｃ棟,3900831,長野県松本市井川城３－１－２７,0263-26-0179,,島崎　義晴
1899,1147,2014,サンビレッジＡ・Ｂ・Ｃ棟,3900831,長野県松本市井川城３－１－２７,0263-26-0179,,島崎　義晴
1900,1148,2011,阿南自動車株式会社　豊科営業所配送センター,3998201,長野県安曇野市豊科南穂高６２７,0263-73-6100,0263-73-6111,山谷さん
1900,1148,2012,阿南自動車株式会社　豊科営業所配送センター,3998201,長野県安曇野市豊科南穂高６２７,0263-73-6100,0263-73-6111,山谷さん
1900,1148,2013,阿南自動車株式会社　豊科営業所配送センター,3998201,長野県安曇野市豊科南穂高６２７,0263-73-6100,0263-73-6111,山谷さん
1900,1148,2014,阿南自動車株式会社　豊科営業所配送センター,3998201,長野県安曇野市豊科南穂高６２７,0263-73-6100,0263-73-6111,山谷さん
1901,376,2011,グレイスフル日義,3996101,長野県木曽郡木曽町日義２７５２－１,0264-26-1211,0264-26-2680,張替課長
1901,376,2012,グレイスフル日義,3996101,長野県木曽郡木曽町日義２７５２－１,0264-26-1211,0264-26-2680,張替課長
1901,376,2013,グレイスフル日義,3996101,長野県木曽郡木曽町日義２７５２－１,0264-26-1211,0264-26-2680,張替課長
1901,376,2014,グレイスフル日義,3996101,長野県木曽郡木曽町日義２７５２－１,0264-26-1211,0264-26-2680,張替課長
1902,376,2011,グレイスフル木曽,3970001,長野県木曽郡木曽町福島２７８１,0263-21-1351,,張替課長
1902,376,2012,グレイスフル木曽,3970001,長野県木曽郡木曽町福島２７８１,0263-21-1351,,張替課長
1902,376,2013,グレイスフル木曽,3970001,長野県木曽郡木曽町福島２７８１,0263-21-1351,,張替課長
1902,376,2014,グレイスフル木曽,3970001,長野県木曽郡木曽町福島２７８１,0263-21-1351,,張替課長
1903,274,2011,山形村農業　エポック館,3901301,長野県東筑摩郡山形村２０２５－１,,,百瀬常務
1903,274,2012,山形村農業　エポック館,3901301,長野県東筑摩郡山形村２０２５－１,,,百瀬常務
1903,274,2013,山形村農業　エポック館,3901301,長野県東筑摩郡山形村２０２５－１,,,百瀬常務
1903,274,2014,山形村農業　エポック館,3901301,長野県東筑摩郡山形村２０２５－１,,,百瀬常務
1904,274,2011,ＳＡＭ中央スイミングスクール,3900825,長野県松本市並柳３－１３－５,,,百瀬常務
1904,274,2012,ＳＡＭ中央スイミングスクール,3900825,長野県松本市並柳３－１３－５,,,百瀬常務
1904,274,2013,ＳＡＭ中央スイミングスクール,3900825,長野県松本市並柳３－１３－５,,,百瀬常務
1904,274,2014,ＳＡＭ中央スイミングスクール,3900825,長野県松本市並柳３－１３－５,,,百瀬常務
1905,274,2011,山形村役場本庁舎,3901301,長野県東筑摩郡山形村２０３０－１,0263-98-3111,0263-98-3078,百瀬常務
1905,274,2012,山形村役場本庁舎,3901301,長野県東筑摩郡山形村２０３０－１,0263-98-3111,0263-98-3078,百瀬常務
1905,274,2013,山形村役場本庁舎,3901301,長野県東筑摩郡山形村２０３０－１,0263-98-3111,0263-98-3078,百瀬常務
1905,274,2014,山形村役場本庁舎,3901301,長野県東筑摩郡山形村２０３０－１,0263-98-3111,0263-98-3078,百瀬常務
1906,274,2011,特別養護老人ホーム　ピアやまがた,3901301,長野県東筑摩郡山形村４６９９－１,0263-98-3888,,百瀬常務
1906,274,2012,特別養護老人ホーム　ピアやまがた,3901301,長野県東筑摩郡山形村４６９９－１,0263-98-3888,,百瀬常務
1906,274,2013,特別養護老人ホーム　ピアやまがた,3901301,長野県東筑摩郡山形村４６９９－１,0263-98-3888,,百瀬常務
1906,274,2014,特別養護老人ホーム　ピアやまがた,3901301,長野県東筑摩郡山形村４６９９－１,0263-98-3888,,百瀬常務
1907,274,2011,安曇野高橋節郎記念美術館,3998302,長野県安曇野市穂高北穂高４０８－１,0263-81-3030,,百瀬常務
1907,274,2012,安曇野高橋節郎記念美術館,3998302,長野県安曇野市穂高北穂高４０８－１,0263-81-3030,,百瀬常務
1907,274,2013,安曇野高橋節郎記念美術館,3998302,長野県安曇野市穂高北穂高４０８－１,0263-81-3030,,百瀬常務
1907,274,2014,安曇野高橋節郎記念美術館,3998302,長野県安曇野市穂高北穂高４０８－１,0263-81-3030,,百瀬常務
1908,274,2011,安曇野市穂高陶芸会館,3998303,長野県安曇野市穂高８４１４－１７,0263-82-6750,,百瀬常務
1908,274,2012,安曇野市穂高陶芸会館,3998303,長野県安曇野市穂高８４１４－１７,0263-82-6750,,百瀬常務
1908,274,2013,安曇野市穂高陶芸会館,3998303,長野県安曇野市穂高８４１４－１７,0263-82-6750,,百瀬常務
1908,274,2014,安曇野市穂高陶芸会館,3998303,長野県安曇野市穂高８４１４－１７,0263-82-6750,,百瀬常務
1909,274,2011,安曇野市西穂高保育園,3998304,長野県安曇野市穂高柏原５２１７,,,百瀬常務
1909,274,2012,安曇野市西穂高保育園,3998304,長野県安曇野市穂高柏原５２１７,,,百瀬常務
1909,274,2013,安曇野市西穂高保育園,3998304,長野県安曇野市穂高柏原５２１７,,,百瀬常務
1909,274,2014,安曇野市西穂高保育園,3998304,長野県安曇野市穂高柏原５２１７,,,百瀬常務
1910,1149,2011,有限会社勝野木工,3998601,長野県北安曇郡池田町池田２７１３－４８,0261-62-4010,,勝野社長
1910,1149,2012,有限会社勝野木工,3998601,長野県北安曇郡池田町池田２７１３－４８,0261-62-4010,,勝野社長
1910,1149,2013,有限会社勝野木工,3998601,長野県北安曇郡池田町池田２７１３－４８,0261-62-4010,,勝野社長
1910,1149,2014,有限会社勝野木工,3998601,長野県北安曇郡池田町池田２７１３－４８,0261-62-4010,,勝野社長
1911,611,2011,タマホーム松本支店,3900835,長野県松本市高宮東１９８－１１,,,川上くん
1911,611,2012,タマホーム松本支店,3900835,長野県松本市高宮東１９８－１１,,,川上くん
1911,611,2013,タマホーム松本支店,3900835,長野県松本市高宮東１９８－１１,,,川上くん
1911,611,2014,タマホーム松本支店,3900835,長野県松本市高宮東１９８－１１,,,川上くん
1912,1150,2011,ユニキャリア健康保険組合穂高山荘,3998301,長野県安曇野市穂高有明８７７－８２,0263-83-4240,0263-84-4525,中田さん
1912,1150,2012,ユニキャリア健康保険組合穂高山荘,3998301,長野県安曇野市穂高有明８７７－８２,0263-83-4240,0263-84-4525,中田さん
1912,1150,2013,ユニキャリア健康保険組合穂高山荘,3998301,長野県安曇野市穂高有明８７７－８２,0263-83-4240,0263-84-4525,中田さん
1912,1150,2014,ユニキャリア健康保険組合穂高山荘,3998301,長野県安曇野市穂高有明８７７－８２,0263-83-4240,0263-84-4525,中田さん
1913,1151,2011,大同生命松本ビル,3900814,長野県松本市本庄１－３－１０,0263-39-4270,,西垣さん
1913,1151,2014,大同生命松本ビル,3900814,長野県松本市本庄１－３－１０,0263-39-4270,,西垣さん
1914,274,2011,株式会社エイコー,3900851,長野県松本市島内３３１４,,,百瀬常務
1914,274,2012,株式会社エイコー,3900851,長野県松本市島内３３１４,,,百瀬常務
1914,274,2013,株式会社エイコー,3900851,長野県松本市島内３３１４,,,百瀬常務
1914,274,2014,株式会社エイコー,3900851,長野県松本市島内３３１４,,,百瀬常務
1915,727,2011,丸屋家具,3990701,長野県塩尻市広丘吉田６６４－１,0263-57-4556,,熊谷専務
1915,727,2012,丸屋家具,3990701,長野県塩尻市広丘吉田６６４－１,0263-57-4556,,熊谷専務
1915,727,2013,丸屋家具,3990701,長野県塩尻市広丘吉田６６４－１,0263-57-4556,,熊谷専務
1915,727,2014,丸屋家具,3990701,長野県塩尻市広丘吉田６６４－１,0263-57-4556,,熊谷専務
1916,1152,2011,唐沢歯科医院,3901131,長野県松本市今井８０９０－２,,,
1916,1152,2012,唐沢歯科医院,3901131,長野県松本市今井８０９０－２,,,
1916,1152,2013,唐沢歯科医院,3901131,長野県松本市今井８０９０－２,,,
1916,1152,2014,唐沢歯科医院,3901131,長野県松本市今井８０９０－２,,,
1917,948,2011,株式会社ウィルトス　本社ビル,3900814,長野県松本市本庄１-１-１３,0263-36-2118,0263-36-5211,青山常務
1917,948,2012,株式会社ウィルトス　本社ビル,3900814,長野県松本市本庄１-１-１３,0263-36-2118,0263-36-5211,青山常務
1917,948,2013,株式会社ウィルトス　本社ビル,3900814,長野県松本市本庄１-１-１３,0263-36-2118,0263-36-5211,青山常務
1917,948,2014,株式会社ウィルトス　本社ビル,3900814,長野県松本市本庄１-１-１３,0263-36-2118,0263-36-5211,青山常務
1918,948,2011,環境未来株式会社分析センター,3901104,長野県東筑摩郡朝日村古見３７５７－１,0263-99-1811,0263-99-1822,青山常務
1918,948,2012,環境未来株式会社分析センター,3901104,長野県東筑摩郡朝日村古見３７５７－１,0263-99-1811,0263-99-1822,青山常務
1918,948,2013,環境未来株式会社分析センター,3901104,長野県東筑摩郡朝日村古見３７５７－１,0263-99-1811,0263-99-1822,青山常務
1918,948,2014,環境未来株式会社分析センター,3901104,長野県東筑摩郡朝日村古見３７５７－１,0263-99-1811,0263-99-1822,青山常務
1919,274,2011,穂苅整形外科リウマチクリニック,3990702,長野県塩尻市広丘野村２０５４－６,,,百瀬常務
1919,274,2012,穂苅整形外科リウマチクリニック,3990702,長野県塩尻市広丘野村２０５４－６,,,百瀬常務
1919,274,2013,穂苅整形外科リウマチクリニック,3990702,長野県塩尻市広丘野村２０５４－６,,,百瀬常務
1919,274,2014,穂苅整形外科リウマチクリニック,3990702,長野県塩尻市広丘野村２０５４－６,,,百瀬常務
1920,64,2011,ビッグエコー松本並柳店,3900825,長野県松本市並柳２－１５－１,,,中島次長
1920,64,2012,ビッグエコー松本並柳店,3900825,長野県松本市並柳２－１５－１,,,中島次長
1920,64,2013,ビッグエコー松本並柳店,3900825,長野県松本市並柳２－１５－１,,,中島次長
1920,64,2014,ビッグエコー松本並柳店,3900825,長野県松本市並柳２－１５－１,,,中島次長
1921,612,2011,山﨑建設株式会社第二機材倉庫,3997104,長野県安曇野市明科七貴７９９０,0263-62-2239,,轟さん（ＡＬＳＯＫ）
1921,612,2012,山﨑建設株式会社第二機材倉庫,3997104,長野県安曇野市明科七貴７９９０,0263-62-2239,,轟さん（ＡＬＳＯＫ）
1921,612,2013,山﨑建設株式会社第二機材倉庫,3997104,長野県安曇野市明科七貴７９９０,0263-62-2239,,轟さん（ＡＬＳＯＫ）
1921,612,2014,山﨑建設株式会社第二機材倉庫,3997104,長野県安曇野市明科七貴７９９０,0263-62-2239,,轟さん（ＡＬＳＯＫ）
1922,1154,2011,ハイツ井川城,3900831,長野県松本市井川城２－３－４０,,,武田　好兼
1922,1154,2012,ハイツ井川城,3900831,長野県松本市井川城２－３－４０,,,武田　好兼
1922,1154,2013,ハイツ井川城,3900831,長野県松本市井川城２－３－４０,,,武田　好兼
1922,1154,2014,ハイツ井川城,3900831,長野県松本市井川城２－３－４０,,,武田　好兼
1923,1154,2011,シャトレ井川城,3900831,長野県松本市井川城２－５－１５,,,武田　康家
1923,1154,2012,シャトレ井川城,3900831,長野県松本市井川城２－５－１５,,,武田　康家
1923,1154,2013,シャトレ井川城,3900831,長野県松本市井川城２－５－１５,,,武田　康家
1923,1154,2014,シャトレ井川城,3900831,長野県松本市井川城２－５－１５,,,武田　康家
1924,1156,2011,株式会社トーヨータイヤジャパン　長野営業所,3800911,長野市大字稲葉２５５５-２,026-227-0334,,
1924,1156,2012,株式会社トーヨータイヤジャパン　長野営業所,3800911,長野市大字稲葉２５５５-２,026-227-0334,,
1924,1156,2013,株式会社トーヨータイヤジャパン　長野営業所,3800911,長野市大字稲葉２５５５-２,026-227-0334,,
1924,1156,2014,株式会社トーヨータイヤジャパン　長野営業所,3800911,長野市大字稲葉２５５５-２,026-227-0334,,
1925,1157,2011,株式会社トーヨータイヤジャパン　伊那営業所,3960022,伊那市御園９５－１,0265-78-6894,,
1925,1157,2012,株式会社トーヨータイヤジャパン　伊那営業所,3960022,伊那市御園９５－１,0265-78-6894,,
1925,1157,2013,株式会社トーヨータイヤジャパン　伊那営業所,3960022,伊那市御園９５－１,0265-78-6894,,
1925,1157,2014,株式会社トーヨータイヤジャパン　伊那営業所,3960022,伊那市御園９５－１,0265-78-6894,,
1926,1158,2011,株式会社トーヨータイヤジャパン　飯田営業所,3950151,飯田市北方１７７－１,0265-24-3318,,
1926,1158,2012,株式会社トーヨータイヤジャパン　飯田営業所,3950151,飯田市北方１７７－１,0265-24-3318,,
1926,1158,2013,株式会社トーヨータイヤジャパン　飯田営業所,3950151,飯田市北方１７７－１,0265-24-3318,,
1926,1158,2014,株式会社トーヨータイヤジャパン　飯田営業所,3950151,飯田市北方１７７－１,0265-24-3318,,
1927,611,2011,有限会社春日ビル,3900815,長野県松本市深志１－４－８,,,川上くん
1927,611,2012,有限会社春日ビル,3900815,長野県松本市深志１－４－８,,,川上くん
1927,611,2013,有限会社春日ビル,3900815,長野県松本市深志１－４－８,,,川上くん
1927,611,2014,有限会社春日ビル,3900815,長野県松本市深志１－４－８,,,川上くん
1928,1159,2011,サニータウン　表藤,3990026,長野県松本市寿中１－２５－２３,,,後藤　和子
1928,1159,2012,サニータウン　表藤,3990026,長野県松本市寿中１－２５－２３,,,後藤　和子
1928,1159,2013,サニータウン　表藤,3990026,長野県松本市寿中１－２５－２３,,,後藤　和子
1928,1159,2014,サニータウン　表藤,3990026,長野県松本市寿中１－２５－２３,,,後藤　和子
1929,948,2011,株式会社ピレネ,3900815,長野県松本市深志２－１－１７,,,青山常務
1929,948,2012,株式会社ピレネ,3900815,長野県松本市深志２－１－１７,,,青山常務
1929,948,2013,株式会社ピレネ,3900815,長野県松本市深志２－１－１７,,,青山常務
1929,948,2014,株式会社ピレネ,3900815,長野県松本市深志２－１－１７,,,青山常務
1930,1160,2011,株式会社京屋松本店,3990005,長野県松本市野溝木工１－２－３１,0263-26-8651,,山川さん
1930,1160,2012,株式会社京屋松本店,3990005,長野県松本市野溝木工１－２－３１,0263-26-8651,,山川さん
1930,1160,2013,株式会社京屋松本店,3990005,長野県松本市野溝木工１－２－３１,0263-26-8651,,山川さん
1930,1160,2014,株式会社京屋松本店,3990005,長野県松本市野溝木工１－２－３１,0263-26-8651,,山川さん
1931,612,2011,昭和建物株式会社南松本昭和ビル,3900832,長野県松本市南松本２－７－３０,,,吉岡さん（ＡＬＳＯＫ）
1931,612,2012,昭和建物株式会社南松本昭和ビル,3900832,長野県松本市南松本２－７－３０,,,吉岡さん（ＡＬＳＯＫ）
1931,612,2013,昭和建物株式会社南松本昭和ビル,3900832,長野県松本市南松本２－７－３０,,,吉岡さん（ＡＬＳＯＫ）
1931,612,2014,昭和建物株式会社南松本昭和ビル,3900832,長野県松本市南松本２－７－３０,,,吉岡さん（ＡＬＳＯＫ）
1932,1161,2011,メガネストアー大町店,3980002,長野県大町市大町２９５９－４,0261-26-4008,0261-26-4008,酒井店長
1932,1161,2012,メガネストアー大町店,3980002,長野県大町市大町２９５９－４,0261-26-4008,0261-26-4008,酒井店長
1932,1161,2013,メガネストアー大町店,3980002,長野県大町市大町２９５９－４,0261-26-4008,0261-26-4008,酒井店長
1932,1161,2014,メガネストアー大町店,3980002,長野県大町市大町２９５９－４,0261-26-4008,0261-26-4008,酒井店長
1933,1162,2011,道の駅　寄って停まつかわ,,北安曇郡松川村5375-1,,,
1933,1162,2012,道の駅　寄って停まつかわ,,北安曇郡松川村5375-1,,,
1933,1162,2013,道の駅　寄って停まつかわ,,北安曇郡松川村5375-1,,,
1933,1162,2014,道の駅　寄って停まつかわ,,北安曇郡松川村5375-1,,,
1934,1163,2011,ヤマカ精工株式会社,3990033,長野県松本市笹賀５６５２－１００,0263-25-0881,0263-26-6777,百瀬社長
1934,1163,2012,ヤマカ精工株式会社,3990033,長野県松本市笹賀５６５２－１００,0263-25-0881,0263-26-6777,百瀬社長
1934,1163,2013,ヤマカ精工株式会社,3990033,長野県松本市笹賀５６５２－１００,0263-25-0881,0263-26-6777,百瀬社長
1934,1163,2014,ヤマカ精工株式会社,3990033,長野県松本市笹賀５６５２－１００,0263-25-0881,0263-26-6777,百瀬社長
1935,89,2011,赤羽ビル,3900815,長野県松本市深志１－３－２１,,,長崎くん
1935,89,2012,赤羽ビル,3900815,長野県松本市深志１－３－２１,,,長崎くん
1935,89,2013,赤羽ビル,3900815,長野県松本市深志１－３－２１,,,長崎くん
1935,89,2014,赤羽ビル,3900815,長野県松本市深志１－３－２１,,,長崎くん
1936,1164,2011,曹洞宗　天久山　自性院,3900822,長野県松本市神田１－２４－１６,0263-26-0399,,鳥羽　弘純
1936,1164,2012,曹洞宗　天久山　自性院,3900822,長野県松本市神田１－２４－１６,0263-26-0399,,鳥羽　弘純
1936,1164,2013,曹洞宗　天久山　自性院,3900822,長野県松本市神田１－２４－１６,0263-26-0399,,鳥羽　弘純
1936,1164,2014,曹洞宗　天久山　自性院,3900822,長野県松本市神田１－２４－１６,0263-26-0399,,鳥羽　弘純
1938,1165,2011,マンションＭＩＹＡＮＯＵＥ,3900804,長野県松本市横田４－５－２７,0263-46-1815,,荒井　民男
1938,1165,2012,マンションＭＩＹＡＮＯＵＥ,3900804,長野県松本市横田４－５－２７,0263-46-1815,,荒井　民男
1938,1165,2013,マンションＭＩＹＡＮＯＵＥ,3900804,長野県松本市横田４－５－２７,0263-46-1815,,荒井　民男
1938,1165,2014,マンションＭＩＹＡＮＯＵＥ,3900804,長野県松本市横田４－５－２７,0263-46-1815,,荒井　民男
1939,611,2011,株式会社フロンティア・スピリット今井工場,3901131,長野県松本市今井４９５７,,,川上くん
1939,611,2012,株式会社フロンティア・スピリット今井工場,3901131,長野県松本市今井４９５７,,,川上くん
1939,611,2013,株式会社フロンティア・スピリット今井工場,3901131,長野県松本市今井４９５７,,,川上くん
1939,611,2014,株式会社フロンティア・スピリット今井工場,3901131,長野県松本市今井４９５７,,,川上くん
1940,990,2011,ベルワールド　ヤマダ,3900811,長野県松本市中央２－３－２３,0263-33-8585,,熊谷さん
1940,990,2012,ベルワールド　ヤマダ,3900811,長野県松本市中央２－３－２３,0263-33-8585,,熊谷さん
1940,990,2013,ベルワールド　ヤマダ,3900811,長野県松本市中央２－３－２３,0263-33-8585,,熊谷さん
1940,990,2014,ベルワールド　ヤマダ,3900811,長野県松本市中央２－３－２３,0263-33-8585,,熊谷さん
1942,1006,2011,サンクアピア,3901401,長野県松本市波田５５０７,0263-92-2566,,百瀬　昭男
1942,1006,2012,サンクアピア,3901401,長野県松本市波田５５０７,0263-92-2566,,百瀬　昭男
1942,1006,2013,サンクアピア,3901401,長野県松本市波田５５０７,0263-92-2566,,百瀬　昭男
1942,1006,2014,サンクアピア,3901401,長野県松本市波田５５０７,0263-92-2566,,百瀬　昭男
1943,948,2011,ヒュッテ不思議童子,3901611,長野県松本市奈川高原,0263-79-2922,0263-79-2858,青山常務
1943,948,2012,ヒュッテ不思議童子,3901611,長野県松本市奈川高原,0263-79-2922,0263-79-2858,青山常務
1943,948,2013,ヒュッテ不思議童子,3901611,長野県松本市奈川高原,0263-79-2922,0263-79-2858,青山常務
1943,948,2014,ヒュッテ不思議童子,3901611,長野県松本市奈川高原,0263-79-2922,0263-79-2858,青山常務
1944,317,2011,こばやしクリニック,3901701,長野県松本市梓川倭２２４３２,,,久保田部長
1944,317,2012,こばやしクリニック,3901701,長野県松本市梓川倭２２４３２,,,久保田部長
1944,317,2013,こばやしクリニック,3901701,長野県松本市梓川倭２２４３２,,,久保田部長
1944,317,2014,こばやしクリニック,3901701,長野県松本市梓川倭２２４３２,,,久保田部長
1945,34,2011,ホテル　あずみイン,3998205,長野県安曇野市豊科下鳥羽１７８６－６,0263-73-7888,,杉江　一彦
1945,34,2012,ホテル　あずみイン,3998205,長野県安曇野市豊科下鳥羽１７８６－６,0263-73-7888,,杉江　一彦
1945,34,2013,ホテル　あずみイン,3998205,長野県安曇野市豊科下鳥羽１７８６－６,0263-73-7888,,杉江　一彦
1945,34,2014,ホテル　あずみイン,3998205,長野県安曇野市豊科下鳥羽１７８６－６,0263-73-7888,,杉江　一彦
1946,612,2011,株式会社エア・ウォーター農園　安曇野菜園ＡＢ棟,3998102,長野県安曇野市三郷温６２００,,,轟さん（ＡＬＳＯＫ）
1946,612,2012,株式会社エア・ウォーター農園　安曇野菜園ＡＢ棟,3998102,長野県安曇野市三郷温６２００,,,轟さん（ＡＬＳＯＫ）
1946,612,2013,株式会社エア・ウォーター農園　安曇野菜園ＡＢ棟,3998102,長野県安曇野市三郷温６２００,,,轟さん（ＡＬＳＯＫ）
1946,612,2014,株式会社エア・ウォーター農園　安曇野菜園ＡＢ棟,3998102,長野県安曇野市三郷温６２００,,,轟さん（ＡＬＳＯＫ）
1947,612,2011,株式会社エア・ウォーター農園　安曇野菜園Ｃ棟,3998102,長野県安曇野市三郷温６２００,,,轟さん（ＡＬＳＯＫ）
1947,612,2012,株式会社エア・ウォーター農園　安曇野菜園Ｃ棟,3998102,長野県安曇野市三郷温６２００,,,轟さん（ＡＬＳＯＫ）
1947,612,2013,株式会社エア・ウォーター農園　安曇野菜園Ｃ棟,3998102,長野県安曇野市三郷温６２００,,,轟さん（ＡＬＳＯＫ）
1947,612,2014,株式会社エア・ウォーター農園　安曇野菜園Ｃ棟,3998102,長野県安曇野市三郷温６２００,,,轟さん（ＡＬＳＯＫ）
1948,654,2011,長野県松本あさひ学園,3900802,長野県松本市旭２－１１－３０,0263-27-9558,0263-27-9560,西澤さん
1948,654,2012,長野県松本あさひ学園,3900802,長野県松本市旭２－１１－３０,0263-27-9558,0263-27-9560,西澤さん
1948,654,2013,長野県松本あさひ学園,3900802,長野県松本市旭２－１１－３０,0263-27-9558,0263-27-9560,西澤さん
1948,654,2014,長野県松本あさひ学園,3900802,長野県松本市旭２－１１－３０,0263-27-9558,0263-27-9560,西澤さん
1949,1166,2011,株式会社サトウ,3990006,長野県松本市野溝西２－１１－２４,0263-29-2310,0263-29-1310,工場長
1949,1166,2012,株式会社サトウ,3990006,長野県松本市野溝西２－１１－２４,0263-29-2310,0263-29-1310,工場長
1949,1166,2013,株式会社サトウ,3990006,長野県松本市野溝西２－１１－２４,0263-29-2310,0263-29-1310,工場長
1949,1166,2014,株式会社サトウ,3990006,長野県松本市野溝西２－１１－２４,0263-29-2310,0263-29-1310,工場長
1950,948,2011,ヴィラ安曇野,3900816,長野県松本市中条１４－２１,,,青山常務
1950,948,2012,ヴィラ安曇野,3900816,長野県松本市中条１４－２１,,,青山常務
1950,948,2013,ヴィラ安曇野,3900816,長野県松本市中条１４－２１,,,青山常務
1950,948,2014,ヴィラ安曇野,3900816,長野県松本市中条１４－２１,,,青山常務
1951,1167,2011,コンチェルトＭ,3901243,長野県松本市神林２１８０－１,,,丸山　正登
1951,1167,2012,コンチェルトＭ,3901243,長野県松本市神林２１８０－１,,,丸山　正登
1951,1167,2013,コンチェルトＭ,3901243,長野県松本市神林２１８０－１,,,丸山　正登
1951,1167,2014,コンチェルトＭ,3901243,長野県松本市神林２１８０－１,,,丸山　正登
1952,891,2011,コーポ中川,3900312,長野県松本市岡田松岡６７,0263-46-6428,,中川　精一
1952,891,2012,コーポ中川,3900312,長野県松本市岡田松岡６７,0263-46-6428,,中川　精一
1952,891,2013,コーポ中川,3900312,長野県松本市岡田松岡６７,0263-46-6428,,中川　精一
1952,891,2014,コーポ中川,3900312,長野県松本市岡田松岡６７,0263-46-6428,,中川　精一
1953,637,2011,ツクイ岡谷,3940028,長野県岡谷市本町1-7-21,0266-21-1320,0266-21-1321,黒堂玲子
1953,637,2012,ツクイ岡谷,3940028,長野県岡谷市本町1-7-21,0266-21-1320,0266-21-1321,黒堂玲子
1953,637,2013,ツクイ岡谷,3940028,長野県岡谷市本町1-7-21,0266-21-1320,0266-21-1321,黒堂玲子
1953,637,2014,ツクイ岡谷,3940028,長野県岡谷市本町1-7-21,0266-21-1320,0266-21-1321,黒堂玲子
1954,77,2011,株式会社ケーツー長野センター,3888004,長野県長野市篠ノ井会８５２－１,026-290-7884,,大和　祐二
1954,77,2012,株式会社ケーツー長野センター,3888004,長野県長野市篠ノ井会８５２－１,026-290-7884,,大和　祐二
1954,77,2013,株式会社ケーツー長野センター,3888004,長野県長野市篠ノ井会８５２－１,026-290-7884,,大和　祐二
1954,77,2014,株式会社ケーツー長野センター,3888004,長野県長野市篠ノ井会８５２－１,026-290-7884,,大和　祐二
1955,960,2011,松本砂防事務所　大所中継所,3999601,長野県北安曇郡小谷村北小谷９９１８－１,0263-33-1115,0263-33-6086,桜井さん　総務課
1955,960,2012,松本砂防事務所　大所中継所,3999601,長野県北安曇郡小谷村北小谷９９１８－１,0263-33-1115,0263-33-6086,桜井さん　総務課
1955,960,2013,松本砂防事務所　大所中継所,3999601,長野県北安曇郡小谷村北小谷９９１８－１,0263-33-1115,0263-33-6086,桜井さん　総務課
1955,960,2014,松本砂防事務所　大所中継所,3999601,長野県北安曇郡小谷村北小谷９９１８－１,0263-33-1115,0263-33-6086,桜井さん　総務課
1956,960,2011,松本砂防事務所　上高地防災情報管理センター,3900000,長野県松本市上高地国有林４４６８,0263-33-1115,0263-33-6086,桜井さん　総務課
1956,960,2012,松本砂防事務所　上高地防災情報管理センター,3900000,長野県松本市上高地国有林４４６８,0263-33-1115,0263-33-6086,桜井さん　総務課
1956,960,2013,松本砂防事務所　上高地防災情報管理センター,3900000,長野県松本市上高地国有林４４６８,0263-33-1115,0263-33-6086,桜井さん　総務課
1956,960,2014,松本砂防事務所　上高地防災情報管理センター,3900000,長野県松本市上高地国有林４４６８,0263-33-1115,0263-33-6086,桜井さん　総務課
1957,274,2011,しらゆり内科・循環器科クリニック,3900305,長野県松本市惣社４９７－３９,,,百瀬常務
1957,274,2012,しらゆり内科・循環器科クリニック,3900305,長野県松本市惣社４９７－３９,,,百瀬常務
1957,274,2013,しらゆり内科・循環器科クリニック,3900305,長野県松本市惣社４９７－３９,,,百瀬常務
1957,274,2014,しらゆり内科・循環器科クリニック,3900305,長野県松本市惣社４９７－３９,,,百瀬常務
1958,1168,2011,合名会社千筋屋,3900828,松本市庄内２-５-３７,0263-26-4836,,西口賢一
1958,1168,2012,合名会社千筋屋,3900828,松本市庄内２-５-３７,0263-26-4836,,西口賢一
1958,1168,2013,合名会社千筋屋,3900828,松本市庄内２-５-３７,0263-26-4836,,西口賢一
1958,1168,2014,合名会社千筋屋,3900828,松本市庄内２-５-３７,0263-26-4836,,西口賢一
1959,1169,2011,伊那宝石株式会社,3960021,長野県伊那市伊那５０５６－１,0265-72-2249,,松村　稔
1959,1169,2012,伊那宝石株式会社,3960021,長野県伊那市伊那５０５６－１,0265-72-2249,,松村　稔
1959,1169,2013,伊那宝石株式会社,3960021,長野県伊那市伊那５０５６－１,0265-72-2249,,松村　稔
1959,1169,2014,伊那宝石株式会社,3960021,長野県伊那市伊那５０５６－１,0265-72-2249,,松村　稔
1960,317,2011,株式会社アクティオ松本営業所,3900852,長野県松本市島立２１２７－１,0263-40-1870,0263-40-1871,久保田部長
1960,317,2012,株式会社アクティオ松本営業所,3900852,長野県松本市島立２１２７－１,0263-40-1870,0263-40-1871,久保田部長
1960,317,2013,株式会社アクティオ松本営業所,3900852,長野県松本市島立２１２７－１,0263-40-1870,0263-40-1871,久保田部長
1960,317,2014,株式会社アクティオ松本営業所,3900852,長野県松本市島立２１２７－１,0263-40-1870,0263-40-1871,久保田部長
1961,317,2011,株式会社アクティオ穂高営業所,3998301,長野県安曇野市穂高有明１８２２－１,0263-83-6456,0263-83-6457,久保田部長
1961,317,2012,株式会社アクティオ穂高営業所,3998301,長野県安曇野市穂高有明１８２２－１,0263-83-6456,0263-83-6457,久保田部長
1961,317,2013,株式会社アクティオ穂高営業所,3998301,長野県安曇野市穂高有明１８２２－１,0263-83-6456,0263-83-6457,久保田部長
1961,317,2014,株式会社アクティオ穂高営業所,3998301,長野県安曇野市穂高有明１８２２－１,0263-83-6456,0263-83-6457,久保田部長
1962,317,2011,アルト　フォレスタ,3900814,長野県松本市本庄１－１－１７,,,久保田部長
1962,317,2012,アルト　フォレスタ,3900814,長野県松本市本庄１－１－１７,,,久保田部長
1962,317,2013,アルト　フォレスタ,3900814,長野県松本市本庄１－１－１７,,,久保田部長
1962,317,2014,アルト　フォレスタ,3900814,長野県松本市本庄１－１－１７,,,久保田部長
1963,1170,2011,ヤシマモータース,3900805,長野県松本市清水１－２－１１,0263-32-2324,0263-32-2390,岡里社長
1963,1170,2012,ヤシマモータース,3900805,長野県松本市清水１－２－１１,0263-32-2324,0263-32-2390,岡里社長
1963,1170,2013,ヤシマモータース,3900805,長野県松本市清水１－２－１１,0263-32-2324,0263-32-2390,岡里社長
1963,1170,2014,ヤシマモータース,3900805,長野県松本市清水１－２－１１,0263-32-2324,0263-32-2390,岡里社長
1964,1090,2011,もくりゅう館　別棟,3998102,長野県安曇野市三郷温4000,0263-77-2413,0263-77-2635,田中課長
1964,1090,2012,もくりゅう館　別棟,3998102,長野県安曇野市三郷温4000,0263-77-2413,0263-77-2635,田中課長
1964,1090,2013,もくりゅう館　別棟,3998102,長野県安曇野市三郷温4000,0263-77-2413,0263-77-2635,田中課長
1964,1090,2014,もくりゅう館　別棟,3998102,長野県安曇野市三郷温4000,0263-77-2413,0263-77-2635,田中課長
1965,294,2011,ＣＥＮＴＵＲＹビル,3900811,長野県松本市中央１－４－１４,0263-32-7623,,蟻川さん
1965,294,2012,ＣＥＮＴＵＲＹビル,3900811,長野県松本市中央１－４－１４,0263-32-7623,,蟻川さん
1965,294,2013,ＣＥＮＴＵＲＹビル,3900811,長野県松本市中央１－４－１４,0263-32-7623,,蟻川さん
1965,294,2014,ＣＥＮＴＵＲＹビル,3900811,長野県松本市中央１－４－１４,0263-32-7623,,蟻川さん
1966,1171,2011,相互金属株式会社,3901242,長野県松本市和田南西原３９６７－４０,0263-47-9660,0263-47-9663,大村所長
1966,1171,2012,相互金属株式会社,3901242,長野県松本市和田南西原３９６７－４０,0263-47-9660,0263-47-9663,大村所長
1966,1171,2013,相互金属株式会社,3901242,長野県松本市和田南西原３９６７－４０,0263-47-9660,0263-47-9663,大村所長
1966,1171,2014,相互金属株式会社,3901242,長野県松本市和田南西原３９６７－４０,0263-47-9660,0263-47-9663,大村所長
1967,317,2011,株式会社長野技研,3901241,長野県松本市新村２３２６,0263-47-7677,,久保田部長
1967,317,2012,株式会社長野技研,3901241,長野県松本市新村２３２６,0263-47-7677,,久保田部長
1967,317,2013,株式会社長野技研,3901241,長野県松本市新村２３２６,0263-47-7677,,久保田部長
1967,317,2014,株式会社長野技研,3901241,長野県松本市新村２３２６,0263-47-7677,,久保田部長
1968,1172,2011,プリムローズ　カクショー,3900804,長野県松本市横田１－２３－１,,,輿　司郎
1968,1172,2012,プリムローズ　カクショー,3900804,長野県松本市横田１－２３－１,,,輿　司郎
1968,1172,2013,プリムローズ　カクショー,3900804,長野県松本市横田１－２３－１,,,輿　司郎
1968,1172,2014,プリムローズ　カクショー,3900804,長野県松本市横田１－２３－１,,,輿　司郎
1969,611,2011,ダンロップタイヤ関東株式会社　松本営業所,3990033,長野県松本市笹賀７６７５－１,,,伊藤くん
1969,611,2012,ダンロップタイヤ関東株式会社　松本営業所,3990033,長野県松本市笹賀７６７５－１,,,伊藤くん
1969,611,2013,ダンロップタイヤ関東株式会社　松本営業所,3990033,長野県松本市笹賀７６７５－１,,,伊藤くん
1969,611,2014,ダンロップタイヤ関東株式会社　松本営業所,3990033,長野県松本市笹賀７６７５－１,,,伊藤くん
1970,1173,2011,株式会社シンコー,3998204,長野県安曇野市豊科高家６６６１－１,0263-72-8933,,鶴見社長
1970,1173,2012,株式会社シンコー,3998204,長野県安曇野市豊科高家６６６１－１,0263-72-8933,,鶴見社長
1970,1173,2013,株式会社シンコー,3998204,長野県安曇野市豊科高家６６６１－１,0263-72-8933,,鶴見社長
1970,1173,2014,株式会社シンコー,3998204,長野県安曇野市豊科高家６６６１－１,0263-72-8933,,鶴見社長
1971,1174,2011,アンソレイエ　Ａ棟Ｂ棟,3900221,長野県松本市里山辺４２１４,0263-35-0607,,小口　俊二
1971,1174,2012,アンソレイエ　Ａ棟Ｂ棟,3900221,長野県松本市里山辺４２１４,0263-35-0607,,小口　俊二
1971,1174,2013,アンソレイエ　Ａ棟Ｂ棟,3900221,長野県松本市里山辺４２１４,0263-35-0607,,小口　俊二
1971,1174,2014,アンソレイエ　Ａ棟Ｂ棟,3900221,長野県松本市里山辺４２１４,0263-35-0607,,小口　俊二
1972,1174,2011,ベルヴィラージュＡ棟Ｂ棟,3900221,長野県松本市里山辺４０８６－１,0263-35-0607,,小口　俊二
1972,1174,2012,ベルヴィラージュＡ棟Ｂ棟,3900221,長野県松本市里山辺４０８６－１,0263-35-0607,,小口　俊二
1972,1174,2013,ベルヴィラージュＡ棟Ｂ棟,3900221,長野県松本市里山辺４０８６－１,0263-35-0607,,小口　俊二
1972,1174,2014,ベルヴィラージュＡ棟Ｂ棟,3900221,長野県松本市里山辺４０８６－１,0263-35-0607,,小口　俊二
1973,1175,2011,南浅間ガーデン,3900306,長野県松本市南浅間５０６－３,090-4461-4869,,秋山　誠
1973,1175,2012,南浅間ガーデン,3900306,長野県松本市南浅間５０６－３,090-4461-4869,,秋山　誠
1973,1175,2013,南浅間ガーデン,3900306,長野県松本市南浅間５０６－３,090-4461-4869,,秋山　誠
1973,1175,2014,南浅間ガーデン,3900306,長野県松本市南浅間５０６－３,090-4461-4869,,秋山　誠
1974,317,2011,さがみや泌尿器科クリニック,3900871,長野県松本市桐３－４－１０,,,久保田部長
1974,317,2012,さがみや泌尿器科クリニック,3900871,長野県松本市桐３－４－１０,,,久保田部長
1974,317,2013,さがみや泌尿器科クリニック,3900871,長野県松本市桐３－４－１０,,,久保田部長
1974,317,2014,さがみや泌尿器科クリニック,3900871,長野県松本市桐３－４－１０,,,久保田部長
1976,611,2011,虹の村診療所,3998301,長野県安曇野市穂高有明７６０７－３,,,伊藤くん
1976,611,2012,虹の村診療所,3998301,長野県安曇野市穂高有明７６０７－３,,,伊藤くん
1976,611,2013,虹の村診療所,3998301,長野県安曇野市穂高有明７６０７－３,,,伊藤くん
1976,611,2014,虹の村診療所,3998301,長野県安曇野市穂高有明７６０７－３,,,伊藤くん
1977,317,2011,宜保内科消化器・肝臓内科クリニック,3990036,松本市村井町南１－３４－２０,0263-57-6060,0263-57-6676,久保田部長
1977,317,2012,宜保内科消化器・肝臓内科クリニック,3990036,松本市村井町南１－３４－２０,0263-57-6060,0263-57-6676,久保田部長
1977,317,2013,宜保内科消化器・肝臓内科クリニック,3990036,松本市村井町南１－３４－２０,0263-57-6060,0263-57-6676,久保田部長
1977,317,2014,宜保内科消化器・肝臓内科クリニック,3990036,松本市村井町南１－３４－２０,0263-57-6060,0263-57-6676,久保田部長
1978,912,2011,ロイヤルオートサービス松本渚店,3900841,長野県松本市渚２丁目４９１５－１　４９１７－２,,,
1978,912,2012,ロイヤルオートサービス松本渚店,3900841,長野県松本市渚２丁目４９１５－１　４９１７－２,,,
1978,912,2013,ロイヤルオートサービス松本渚店,3900841,長野県松本市渚２丁目４９１５－１　４９１７－２,,,
1978,912,2014,ロイヤルオートサービス松本渚店,3900841,長野県松本市渚２丁目４９１５－１　４９１７－２,,,
1979,673,2011,南信ヤクルト販売㈱安曇野中央サービスセンター,3998303,長野県安曇野市穂高８０９－７,0263-82-6925,,多田さん
1979,673,2012,南信ヤクルト販売㈱安曇野中央サービスセンター,3998303,長野県安曇野市穂高８０９－７,0263-82-6925,,多田さん
1979,673,2013,南信ヤクルト販売㈱安曇野中央サービスセンター,3998303,長野県安曇野市穂高８０９－７,0263-82-6925,,多田さん
1979,673,2014,南信ヤクルト販売㈱安曇野中央サービスセンター,3998303,長野県安曇野市穂高８０９－７,0263-82-6925,,多田さん
1980,1177,2011,しなの液酸株式会社本社工場,3990000,長野県松本市梓川倭４０００－１,0263-76-1248,,木下工場長
1980,1177,2012,しなの液酸株式会社本社工場,3990000,長野県松本市梓川倭４０００－１,0263-76-1248,,木下工場長
1980,1177,2013,しなの液酸株式会社本社工場,3990000,長野県松本市梓川倭４０００－１,0263-76-1248,,木下工場長
1980,1177,2014,しなの液酸株式会社本社工場,3990000,長野県松本市梓川倭４０００－１,0263-76-1248,,木下工場長
1981,1178,2011,グループホームかたくり,3998211,長野県安曇野市堀金烏川５４６４－３,0263-71-2448,0263-71-2455,吉田副施設長（女性）
1981,1178,2012,グループホームかたくり,3998211,長野県安曇野市堀金烏川５４６４－３,0263-71-2448,0263-71-2455,吉田副施設長（女性）
1981,1178,2013,グループホームかたくり,3998211,長野県安曇野市堀金烏川５４６４－３,0263-71-2448,0263-71-2455,吉田副施設長（女性）
1981,1178,2014,グループホームかたくり,3998211,長野県安曇野市堀金烏川５４６４－３,0263-71-2448,0263-71-2455,吉田副施設長（女性）
1982,891,2011,さくら食堂,3900304,長野県松本市大村４６２－５,0263-46-4660,,笠原さん
1982,891,2012,さくら食堂,3900304,長野県松本市大村４６２－５,0263-46-4660,,笠原さん
1982,891,2013,さくら食堂,3900304,長野県松本市大村４６２－５,0263-46-4660,,笠原さん
1982,891,2014,さくら食堂,3900304,長野県松本市大村４６２－５,0263-46-4660,,笠原さん
1983,612,2011,昭和建物株式会社南松本営業所,3900832,長野県松本市南松本２－７－３０,,,吉岡さん（ＡＬＳＯＫ）
1983,612,2012,昭和建物株式会社南松本営業所,3900832,長野県松本市南松本２－７－３０,,,吉岡さん（ＡＬＳＯＫ）
1983,612,2013,昭和建物株式会社南松本営業所,3900832,長野県松本市南松本２－７－３０,,,吉岡さん（ＡＬＳＯＫ）
1983,612,2014,昭和建物株式会社南松本営業所,3900832,長野県松本市南松本２－７－３０,,,吉岡さん（ＡＬＳＯＫ）
1984,1179,2011,サラーム征矢野,,松本市征矢野2-4-27,,,走川昌明
1984,1179,2012,サラーム征矢野,,松本市征矢野2-4-27,,,走川昌明
1984,1179,2013,サラーム征矢野,,松本市征矢野2-4-27,,,走川昌明
1984,1179,2014,サラーム征矢野,,松本市征矢野2-4-27,,,走川昌明
1985,1180,2011,墨の芸術館　淡香苑,3990000,松本市波田６３１,0263-92-2855,,牛丸あつ子
1985,1180,2012,墨の芸術館　淡香苑,3990000,松本市波田６３１,0263-92-2855,,牛丸あつ子
1985,1180,2013,墨の芸術館　淡香苑,3990000,松本市波田６３１,0263-92-2855,,牛丸あつ子
1985,1180,2014,墨の芸術館　淡香苑,3990000,松本市波田６３１,0263-92-2855,,牛丸あつ子
1986,1181,2011,ブリヂストンタイヤ長野販売株式会社,3990031,長野県松本市芳川小屋７番地６,0263-88-3355,0263-88-3759,寺畑課長
1986,1181,2012,ブリヂストンタイヤ長野販売株式会社,3990031,長野県松本市芳川小屋７番地６,0263-88-3355,0263-88-3759,寺畑課長
1986,1181,2013,ブリヂストンタイヤ長野販売株式会社,3990031,長野県松本市芳川小屋７番地６,0263-88-3355,0263-88-3759,寺畑課長
1986,1181,2014,ブリヂストンタイヤ長野販売株式会社,3990031,長野県松本市芳川小屋７番地６,0263-88-3355,0263-88-3759,寺畑課長
1987,611,2011,珈琲哲学　松本店,3990032,長野県松本市村井町西２－１－３５,0263-85-3456,,伊藤くん
1987,611,2012,珈琲哲学　松本店,3990032,長野県松本市村井町西２－１－３５,0263-85-3456,,伊藤くん
1987,611,2013,珈琲哲学　松本店,3990032,長野県松本市村井町西２－１－３５,0263-85-3456,,伊藤くん
1987,611,2014,珈琲哲学　松本店,3990032,長野県松本市村井町西２－１－３５,0263-85-3456,,伊藤くん
1988,611,2011,珈琲哲学　あづみ野店,3998205,長野県安曇野市豊科２６３７－４,0263-73-0606,,伊藤くん
1988,611,2012,珈琲哲学　あづみ野店,3998205,長野県安曇野市豊科２６３７－４,0263-73-0606,,伊藤くん
1988,611,2013,珈琲哲学　あづみ野店,3998205,長野県安曇野市豊科２６３７－４,0263-73-0606,,伊藤くん
1988,611,2014,珈琲哲学　あづみ野店,3998205,長野県安曇野市豊科２６３７－４,0263-73-0606,,伊藤くん
1989,611,2011,安曇野ストレスケアクリニック,3998301,長野県安曇野市穂高有明９９８０－１,,,伊藤くん
1989,611,2012,安曇野ストレスケアクリニック,3998301,長野県安曇野市穂高有明９９８０－１,,,伊藤くん
1989,611,2013,安曇野ストレスケアクリニック,3998301,長野県安曇野市穂高有明９９８０－１,,,伊藤くん
1989,611,2014,安曇野ストレスケアクリニック,3998301,長野県安曇野市穂高有明９９８０－１,,,伊藤くん
1990,673,2011,南信ヤクルト販売株式会社　倉庫,3990005,長野県松本市野溝木工１－６－１９,,,
1990,673,2012,南信ヤクルト販売株式会社　倉庫,3990005,長野県松本市野溝木工１－６－１９,,,
1990,673,2013,南信ヤクルト販売株式会社　倉庫,3990005,長野県松本市野溝木工１－６－１９,,,
1990,673,2014,南信ヤクルト販売株式会社　倉庫,3990005,長野県松本市野溝木工１－６－１９,,,
1991,611,2011,メガトン書店　梓川店,3901701,長野県松本市梓川倭１７１０－１,,,伊藤くん
1991,611,2012,メガトン書店　梓川店,3901701,長野県松本市梓川倭１７１０－１,,,伊藤くん
1991,611,2013,メガトン書店　梓川店,3901701,長野県松本市梓川倭１７１０－１,,,伊藤くん
1991,611,2014,メガトン書店　梓川店,3901701,長野県松本市梓川倭１７１０－１,,,伊藤くん
1992,489,2011,総合営業部中南信支社,3994511,上伊那郡南箕輪村字沖川原６１６０－５,0265-74-7161,0265-74-7610,福沢支社長
1992,489,2012,総合営業部中南信支社,3994511,上伊那郡南箕輪村字沖川原６１６０－５,0265-74-7161,0265-74-7610,福沢支社長
1992,489,2013,総合営業部中南信支社,3994511,上伊那郡南箕輪村字沖川原６１６０－５,0265-74-7161,0265-74-7610,福沢支社長
1992,489,2014,総合営業部中南信支社,3994511,上伊那郡南箕輪村字沖川原６１６０－５,0265-74-7161,0265-74-7610,福沢支社長
1993,612,2011,社会福祉法人サン・ビジョン　グレイスフル箕輪,3994601,長野県上伊那郡箕輪町中箕輪６０６５,,,黒澤くんＡＬＳＯＫ
1993,612,2012,社会福祉法人サン・ビジョン　グレイスフル箕輪,3994601,長野県上伊那郡箕輪町中箕輪６０６５,,,黒澤くんＡＬＳＯＫ
1993,612,2013,社会福祉法人サン・ビジョン　グレイスフル箕輪,3994601,長野県上伊那郡箕輪町中箕輪６０６５,,,黒澤くんＡＬＳＯＫ
1993,612,2014,社会福祉法人サン・ビジョン　グレイスフル箕輪,3994601,長野県上伊那郡箕輪町中箕輪６０６５,,,黒澤くんＡＬＳＯＫ
1995,612,2011,社会福祉法人サン・ビジョン　第２グレイスフル辰野,3990425,長野県上伊那郡辰野町樋口５４５－１,,,黒澤くんＡＬＳＯＫ
1995,612,2012,社会福祉法人サン・ビジョン　第２グレイスフル辰野,3990425,長野県上伊那郡辰野町樋口５４５－１,,,黒澤くんＡＬＳＯＫ
1995,612,2013,社会福祉法人サン・ビジョン　第２グレイスフル辰野,3990425,長野県上伊那郡辰野町樋口５４５－１,,,黒澤くんＡＬＳＯＫ
1995,612,2014,社会福祉法人サン・ビジョン　第２グレイスフル辰野,3990425,長野県上伊那郡辰野町樋口５４５－１,,,黒澤くんＡＬＳＯＫ
1996,612,2011,社会福祉法人サン・ビジョン　第２グレイスフル岡谷,3940003,長野県岡谷市加茂町３－７６９３－１,,,黒澤くん
1996,612,2012,社会福祉法人サン・ビジョン　第２グレイスフル岡谷,3940003,長野県岡谷市加茂町３－７６９３－１,,,黒澤くん
1996,612,2013,社会福祉法人サン・ビジョン　第２グレイスフル岡谷,3940003,長野県岡谷市加茂町３－７６９３－１,,,黒澤くん
1996,612,2014,社会福祉法人サン・ビジョン　第２グレイスフル岡谷,3940003,長野県岡谷市加茂町３－７６９３－１,,,黒澤くん
1997,1182,2011,スターゼン販売㈱松本営業所,,,,,
1997,1182,2012,スターゼン販売㈱松本営業所,,,,,
1997,1182,2013,スターゼン販売㈱松本営業所,,,,,
1997,1182,2014,スターゼン販売㈱松本営業所,,,,,
1998,611,2011,グループホーム　パノパノ,3900877,長野県松本市沢村１－７－６,,,伊藤くん
1998,611,2012,グループホーム　パノパノ,3900877,長野県松本市沢村１－７－６,,,伊藤くん
1998,611,2013,グループホーム　パノパノ,3900877,長野県松本市沢村１－７－６,,,伊藤くん
1998,611,2014,グループホーム　パノパノ,3900877,長野県松本市沢村１－７－６,,,伊藤くん
1999,1183,2011,ムラカミビル,3900811,長野県松本市中央１－１１－２５,0263-36-7052,,村上社長
1999,1183,2012,ムラカミビル,3900811,長野県松本市中央１－１１－２５,0263-36-7052,,村上社長
1999,1183,2013,ムラカミビル,3900811,長野県松本市中央１－１１－２５,0263-36-7052,,村上社長
1999,1183,2014,ムラカミビル,3900811,長野県松本市中央１－１１－２５,0263-36-7052,,村上社長
2000,1144,2011,慈泉会　本部ビル,3900814,長野県松本市本庄２－１０－２１,,,施設・設備グループ　瀧川さん
2000,1144,2012,慈泉会　本部ビル,3900814,長野県松本市本庄２－１０－２１,,,施設・設備グループ　瀧川さん
2000,1144,2013,慈泉会　本部ビル,3900814,長野県松本市本庄２－１０－２１,,,施設・設備グループ　瀧川さん
2000,1144,2014,慈泉会　本部ビル,3900814,長野県松本市本庄２－１０－２１,,,施設・設備グループ　瀧川さん
2001,1184,2011,エンパイヤ自動車株式会社,3990006,長野県松本市野溝西１－１０－２２,0263-25-4601,0263-25-4618,田中所長
2001,1184,2012,エンパイヤ自動車株式会社,3990006,長野県松本市野溝西１－１０－２２,0263-25-4601,0263-25-4618,田中所長
2001,1184,2013,エンパイヤ自動車株式会社,3990006,長野県松本市野溝西１－１０－２２,0263-25-4601,0263-25-4618,田中所長
2001,1184,2014,エンパイヤ自動車株式会社,3990006,長野県松本市野溝西１－１０－２２,0263-25-4601,0263-25-4618,田中所長
2004,1185,2011,牧尾ダム管理所,3970101,長野県木曽郡三岳村７６９６－１,,,四方さん・菅原さん
2004,1185,2012,牧尾ダム管理所,3970101,長野県木曽郡三岳村７６９６－１,,,四方さん・菅原さん
2004,1185,2013,牧尾ダム管理所,3970101,長野県木曽郡三岳村７６９６－１,,,四方さん・菅原さん
2004,1185,2014,牧尾ダム管理所,3970101,長野県木曽郡三岳村７６９６－１,,,四方さん・菅原さん
2005,1186,2011,有限会社サンデン精機,3998202,長野県安曇野市豊科光１６８２－１,0263-71-4012,0263-73-8324,塩原社長
2005,1186,2012,有限会社サンデン精機,3998202,長野県安曇野市豊科光１６８２－１,0263-71-4012,0263-73-8324,塩原社長
2005,1186,2013,有限会社サンデン精機,3998202,長野県安曇野市豊科光１６８２－１,0263-71-4012,0263-73-8324,塩原社長
2005,1186,2014,有限会社サンデン精機,3998202,長野県安曇野市豊科光１６８２－１,0263-71-4012,0263-73-8324,塩原社長
2006,612,2011,黒岩工業,3998301,長野県安曇野市穂高有明６０１５－１,0263-83-8201,,古越ＡＬＳＯＫ
2006,612,2012,黒岩工業,3998301,長野県安曇野市穂高有明６０１５－１,0263-83-8201,,古越ＡＬＳＯＫ
2006,612,2013,黒岩工業,3998301,長野県安曇野市穂高有明６０１５－１,0263-83-8201,,古越ＡＬＳＯＫ
2006,612,2014,黒岩工業,3998301,長野県安曇野市穂高有明６０１５－１,0263-83-8201,,古越ＡＬＳＯＫ
2007,1187,2011,清水ハウス,3900805,長野県松本市清水２－６－２０,0263-36-4852,,折井　源治
2007,1187,2014,清水ハウス,3900805,長野県松本市清水２－６－２０,0263-36-4852,,折井　源治
2008,181,2011,南信酪農業協同組合下伊那事業所,3993103,長野県下伊那郡高森町下市田２０５７－１,,,西村様
2008,181,2012,南信酪農業協同組合下伊那事業所,3993103,長野県下伊那郡高森町下市田２０５７－１,,,西村様
2008,181,2013,南信酪農業協同組合下伊那事業所,3993103,長野県下伊那郡高森町下市田２０５７－１,,,西村様
2008,181,2014,南信酪農業協同組合下伊那事業所,3993103,長野県下伊那郡高森町下市田２０５７－１,,,西村様
2009,1188,2011,田中製氷冷凍株式会社　市場工場,3990004,長野県松本市市場９－３０,0263-25-3103,,吉沢工場長
2009,1188,2012,田中製氷冷凍株式会社　市場工場,3990004,長野県松本市市場９－３０,0263-25-3103,,吉沢工場長
2009,1188,2013,田中製氷冷凍株式会社　市場工場,3990004,長野県松本市市場９－３０,0263-25-3103,,吉沢工場長
2009,1188,2014,田中製氷冷凍株式会社　市場工場,3990004,長野県松本市市場９－３０,0263-25-3103,,吉沢工場長
2010,1189,2011,大泉寺,3970101,長野県木曽郡木曽町三岳６３５３,0264-46-2064,,小島　宗徳
2010,1189,2012,大泉寺,3970101,長野県木曽郡木曽町三岳６３５３,0264-46-2064,,小島　宗徳
2010,1189,2013,大泉寺,3970101,長野県木曽郡木曽町三岳６３５３,0264-46-2064,,小島　宗徳
2010,1189,2014,大泉寺,3970101,長野県木曽郡木曽町三岳６３５３,0264-46-2064,,小島　宗徳
2011,1190,2011,株式会社オーヤマ精工,3998302,長野県安曇野市穂高北穂高１７１７－１,0263-81-1881,,大熊社長
2011,1190,2012,株式会社オーヤマ精工,3998302,長野県安曇野市穂高北穂高１７１７－１,0263-81-1881,,大熊社長
2011,1190,2013,株式会社オーヤマ精工,3998302,長野県安曇野市穂高北穂高１７１７－１,0263-81-1881,,大熊社長
2011,1190,2014,株式会社オーヤマ精工,3998302,長野県安曇野市穂高北穂高１７１７－１,0263-81-1881,,大熊社長
2013,1191,2011,けやき歯科,3998211,長野県安曇野市堀金烏川５０２８,0263-72-7272,,先生
2013,1191,2012,けやき歯科,3998211,長野県安曇野市堀金烏川５０２８,0263-72-7272,,先生
2013,1191,2013,けやき歯科,3998211,長野県安曇野市堀金烏川５０２８,0263-72-7272,,先生
2013,1191,2014,けやき歯科,3998211,長野県安曇野市堀金烏川５０２８,0263-72-7272,,先生
2014,1192,2011,パインヒル,3900312,長野県松本市岡田松岡１６３－５,0263-46-2143,,松沢今朝美
2014,1192,2012,パインヒル,3900312,長野県松本市岡田松岡１６３－５,0263-46-2143,,松沢今朝美
2014,1192,2013,パインヒル,3900312,長野県松本市岡田松岡１６３－５,0263-46-2143,,松沢今朝美
2014,1192,2014,パインヒル,3900312,長野県松本市岡田松岡１６３－５,0263-46-2143,,松沢今朝美
2015,1193,2011,平成ハイツ,3900803,長野県松本市元町３－３－１５,0263-35-4423,,吉田　誠
2015,1193,2014,平成ハイツ,3900803,長野県松本市元町３－３－１５,0263-35-4423,,吉田　誠
2016,1194,2011,（有）ｼｰﾋﾟｰﾜｲSAN一日市場新聞販売,3998101,長野県安曇野市三郷明盛４５３８,0263-77-8787,0263-77-8785,矢崎代表
2016,1194,2012,（有）ｼｰﾋﾟｰﾜｲSAN一日市場新聞販売,3998101,長野県安曇野市三郷明盛４５３８,0263-77-8787,0263-77-8785,矢崎代表
2016,1194,2013,（有）ｼｰﾋﾟｰﾜｲSAN一日市場新聞販売,3998101,長野県安曇野市三郷明盛４５３８,0263-77-8787,0263-77-8785,矢崎代表
2016,1194,2014,（有）ｼｰﾋﾟｰﾜｲSAN一日市場新聞販売,3998101,長野県安曇野市三郷明盛４５３８,0263-77-8787,0263-77-8785,矢崎代表
2017,1195,2011,松田工業,3998103,長野県安曇野市三郷小倉１２１７－２,0263-76-4147,,
2017,1195,2012,松田工業,3998103,長野県安曇野市三郷小倉１２１７－２,0263-76-4147,,
2017,1195,2013,松田工業,3998103,長野県安曇野市三郷小倉１２１７－２,0263-76-4147,,
2017,1195,2014,松田工業,3998103,長野県安曇野市三郷小倉１２１７－２,0263-76-4147,,
2018,662,2011,安曇野市穂高農産物処理加工施設,3998303,長野県安曇野市穂高５７９４,0263-81-5656,,臼井さん
2018,662,2012,安曇野市穂高農産物処理加工施設,3998303,長野県安曇野市穂高５７９４,0263-81-5656,,臼井さん
2018,662,2013,安曇野市穂高農産物処理加工施設,3998303,長野県安曇野市穂高５７９４,0263-81-5656,,臼井さん
2018,662,2014,安曇野市穂高農産物処理加工施設,3998303,長野県安曇野市穂高５７９４,0263-81-5656,,臼井さん
2019,1196,2011,株式会社日本ケーブル　社宅,3812246,長野県長野市丹波島３,026-241-2833,,秋葉さん
2019,1196,2012,株式会社日本ケーブル　社宅,3812246,長野県長野市丹波島３,026-241-2833,,秋葉さん
2019,1196,2013,株式会社日本ケーブル　社宅,3812246,長野県長野市丹波島３,026-241-2833,,秋葉さん
2019,1196,2014,株式会社日本ケーブル　社宅,3812246,長野県長野市丹波島３,026-241-2833,,秋葉さん
2020,1197,2011,明科北村集会場,3997103,長野県安曇野市明科光２６６,0263-62-2781,,宮嶋様
2020,1197,2012,明科北村集会場,3997103,長野県安曇野市明科光２６６,0263-62-2781,,宮嶋様
2020,1197,2013,明科北村集会場,3997103,長野県安曇野市明科光２６６,0263-62-2781,,宮嶋様
2020,1197,2014,明科北村集会場,3997103,長野県安曇野市明科光２６６,0263-62-2781,,宮嶋様
2021,1198,2011,株式会社安曇野肉のマルト　有明店,3998301,長野県安曇野市穂高有明１００１１－１,0263-83-7222,0263-83-7229,望月相談役
2021,1198,2012,株式会社安曇野肉のマルト　有明店,3998301,長野県安曇野市穂高有明１００１１－１,0263-83-7222,0263-83-7229,望月相談役
2021,1198,2013,株式会社安曇野肉のマルト　有明店,3998301,長野県安曇野市穂高有明１００１１－１,0263-83-7222,0263-83-7229,望月相談役
2021,1198,2014,株式会社安曇野肉のマルト　有明店,3998301,長野県安曇野市穂高有明１００１１－１,0263-83-7222,0263-83-7229,望月相談役
2022,1199,2011,シティーハウス清水Ａ棟・Ｂ棟,3900805,長野県松本市清水２－１１－４０,0263-35-0307,,田中　喜佐登
2022,1199,2012,シティーハウス清水Ａ棟・Ｂ棟,3900805,長野県松本市清水２－１１－４０,0263-35-0307,,田中　喜佐登
2022,1199,2013,シティーハウス清水Ａ棟・Ｂ棟,3900805,長野県松本市清水２－１１－４０,0263-35-0307,,田中　喜佐登
2022,1199,2014,シティーハウス清水Ａ棟・Ｂ棟,3900805,長野県松本市清水２－１１－４０,0263-35-0307,,田中　喜佐登
2023,1200,2011,松物商事有限会社,3901301,長野県東筑摩郡山形村４０８７－１,0263-97-3161,,北原社長
2023,1200,2014,松物商事有限会社,3901301,長野県東筑摩郡山形村４０８７－１,0263-97-3161,,北原社長
2024,274,2011,中原テナントビル,3900871,長野県松本市桐２－２－２５,,,百瀬常務
2024,274,2012,中原テナントビル,3900871,長野県松本市桐２－２－２５,,,百瀬常務
2024,274,2013,中原テナントビル,3900871,長野県松本市桐２－２－２５,,,百瀬常務
2024,274,2014,中原テナントビル,3900871,長野県松本市桐２－２－２５,,,百瀬常務
2025,274,2011,センターフィールド,3900311,長野県松本市水汲４５－１,,,百瀬常務
2025,274,2012,センターフィールド,3900311,長野県松本市水汲４５－１,,,百瀬常務
2025,274,2013,センターフィールド,3900311,長野県松本市水汲４５－１,,,百瀬常務
2025,274,2014,センターフィールド,3900311,長野県松本市水汲４５－１,,,百瀬常務
2026,1201,2011,井門泌尿器科医院,3900852,長野県松本市島立１１２０－１８,0263-48-2455,0263-47-3951,井門院長
2026,1201,2012,井門泌尿器科医院,3900852,長野県松本市島立１１２０－１８,0263-48-2455,0263-47-3951,井門院長
2026,1201,2013,井門泌尿器科医院,3900852,長野県松本市島立１１２０－１８,0263-48-2455,0263-47-3951,井門院長
2026,1201,2014,井門泌尿器科医院,3900852,長野県松本市島立１１２０－１８,0263-48-2455,0263-47-3951,井門院長
2027,1202,2011,安曇野市営住宅追分団地,3998302,長野県安曇野市穂高北穂高２９４７－２,,,アイダエナジー本社
2027,1202,2012,安曇野市営住宅追分団地,3998302,長野県安曇野市穂高北穂高２９４７－２,,,アイダエナジー本社
2027,1202,2013,安曇野市営住宅追分団地,3998302,長野県安曇野市穂高北穂高２９４７－２,,,アイダエナジー本社
2027,1202,2014,安曇野市営住宅追分団地,3998302,長野県安曇野市穂高北穂高２９４７－２,,,アイダエナジー本社
2028,1203,2011,有限会社宮坂電子　第二工場,3998101,長野県安曇野市三郷明盛２３９６,0263-76-4310,0263-76-4311,丸山さん
2028,1203,2012,有限会社宮坂電子　第二工場,3998101,長野県安曇野市三郷明盛２３９６,0263-76-4310,0263-76-4311,丸山さん
2028,1203,2013,有限会社宮坂電子　第二工場,3998101,長野県安曇野市三郷明盛２３９６,0263-76-4310,0263-76-4311,丸山さん
2028,1203,2014,有限会社宮坂電子　第二工場,3998101,長野県安曇野市三郷明盛２３９６,0263-76-4310,0263-76-4311,丸山さん
2029,1204,2011,コーポ　フルマヤ,3990705,長野県塩尻市広丘堅石１２１－１８,0263-52-2233,,古厩　進
2029,1204,2012,コーポ　フルマヤ,3990705,長野県塩尻市広丘堅石１２１－１８,0263-52-2233,,古厩　進
2029,1204,2013,コーポ　フルマヤ,3990705,長野県塩尻市広丘堅石１２１－１８,0263-52-2233,,古厩　進
2029,1204,2014,コーポ　フルマヤ,3990705,長野県塩尻市広丘堅石１２１－１８,0263-52-2233,,古厩　進
2030,1006,2011,ジュネアピア,3990000,長野県松本市波田５５０７,0263-92-2566,,百瀬　昭男
2030,1006,2012,ジュネアピア,3990000,長野県松本市波田５５０７,0263-92-2566,,百瀬　昭男
2030,1006,2013,ジュネアピア,3990000,長野県松本市波田５５０７,0263-92-2566,,百瀬　昭男
2030,1006,2014,ジュネアピア,3990000,長野県松本市波田５５０７,0263-92-2566,,百瀬　昭男
2031,579,2011,新屋コミュニティーセンター,3998201,長野県安曇野市豊科南穂高３０７５,,,
2031,579,2012,新屋コミュニティーセンター,3998201,長野県安曇野市豊科南穂高３０７５,,,
2031,579,2013,新屋コミュニティーセンター,3998201,長野県安曇野市豊科南穂高３０７５,,,
2031,579,2014,新屋コミュニティーセンター,3998201,長野県安曇野市豊科南穂高３０７５,,,
2032,579,2011,株式会社　松澤電気,3998211,長野県安曇野市堀金烏川３１２２－３,,,
2032,579,2012,株式会社　松澤電気,3998211,長野県安曇野市堀金烏川３１２２－３,,,
2032,579,2013,株式会社　松澤電気,3998211,長野県安曇野市堀金烏川３１２２－３,,,
2032,579,2014,株式会社　松澤電気,3998211,長野県安曇野市堀金烏川３１２２－３,,,
2033,1205,2011,野口公民館,3901131,長野県松本市今井６３８１－４,,,桜井様
2033,1205,2012,野口公民館,3901131,長野県松本市今井６３８１－４,,,桜井様
2033,1205,2013,野口公民館,3901131,長野県松本市今井６３８１－４,,,桜井様
2033,1205,2014,野口公民館,3901131,長野県松本市今井６３８１－４,,,桜井様
2034,1206,2011,千代田ハイツ,3900814,長野県松本市本庄２－１０－１０,0263-32-0906,,土屋　伊久雄
2034,1206,2012,千代田ハイツ,3900814,長野県松本市本庄２－１０－１０,0263-32-0906,,土屋　伊久雄
2034,1206,2013,千代田ハイツ,3900814,長野県松本市本庄２－１０－１０,0263-32-0906,,土屋　伊久雄
2034,1206,2014,千代田ハイツ,3900814,長野県松本市本庄２－１０－１０,0263-32-0906,,土屋　伊久雄
2035,612,2011,あかはね内科・神経内科医院,3901243,長野県松本市神林３５６１－１１,,,笠原さんＡＬＳＯＫ
2035,612,2012,あかはね内科・神経内科医院,3901243,長野県松本市神林３５６１－１１,,,笠原さんＡＬＳＯＫ
2035,612,2013,あかはね内科・神経内科医院,3901243,長野県松本市神林３５６１－１１,,,笠原さんＡＬＳＯＫ
2035,612,2014,あかはね内科・神経内科医院,3901243,長野県松本市神林３５６１－１１,,,笠原さんＡＬＳＯＫ
2036,948,2012,ＡＢＣ松本白板店,3900863,長野県松本市白板１－１－１４,0263-36-2118,0263-36-5211,青山常務
2036,948,2013,ＡＢＣ松本白板店,3900863,長野県松本市白板１－１－１４,0263-36-2118,0263-36-5211,青山常務
2036,948,2014,ＡＢＣ松本白板店,3900863,長野県松本市白板１－１－１４,0263-36-2118,0263-36-5211,青山常務
2037,948,2012,ｃｏｎｇｌｏＭビル,3900815,長野県松本市深志１－３－１１,0263-36-2118,0263-36-5211,青山常務
2037,948,2013,ｃｏｎｇｌｏＭビル,3900815,長野県松本市深志１－３－１１,0263-36-2118,0263-36-5211,青山常務
2037,948,2014,ｃｏｎｇｌｏＭビル,3900815,長野県松本市深志１－３－１１,0263-36-2118,0263-36-5211,青山常務
2040,274,2012,安曇野市北部学校給食センター,3998303,長野県安曇野市穂高９７４７番地,0263-35-3322,0263-35-3323,山﨑部長
2040,274,2013,安曇野市北部学校給食センター,3998303,長野県安曇野市穂高９７４７番地,0263-35-3322,0263-35-3323,山﨑部長
2040,274,2014,安曇野市北部学校給食センター,3998303,長野県安曇野市穂高９７４７番地,0263-35-3322,0263-35-3323,山﨑部長
2041,755,2012,ウイング２１.,3999301,北安曇郡白馬村北城２０６６,0261-72-8770,0261-72-8771,
2041,755,2013,ウイング２１.,3999301,北安曇郡白馬村北城２０６６,0261-72-8770,0261-72-8771,
2041,755,2014,ウイング２１.,3999301,北安曇郡白馬村北城２０６６,0261-72-8770,0261-72-8771,
2043,1207,2012,民宿　ごほーでん,3998303,長野県安曇野市穂高３５８０－１,0263-82-6820,0263-82-2811,水口社長
2043,1207,2013,民宿　ごほーでん,3998303,長野県安曇野市穂高３５８０－１,0263-82-6820,0263-82-2811,水口社長
2043,1207,2014,民宿　ごほーでん,3998303,長野県安曇野市穂高３５８０－１,0263-82-6820,0263-82-2811,水口社長
2044,940,2012,株式会社木下工業　本社社屋,3995502,長野県木曽郡大桑村須原１２２９－１,0264-55-3111,0264-55-2289,木下社長
2044,940,2013,株式会社木下工業　本社社屋,3995502,長野県木曽郡大桑村須原１２２９－１,0264-55-3111,0264-55-2289,木下社長
2044,940,2014,株式会社木下工業　本社社屋,3995502,長野県木曽郡大桑村須原１２２９－１,0264-55-3111,0264-55-2289,木下社長
2045,870,2011,富士電機健康保険組合　体育館.,3900821,長野県松本市筑摩４－３－３７,0263-25-0129,0263-27-0879,
2046,870,2012,富士電機健康保険組合　体育館,3900821,長野県松本市筑摩４－３－３７,0263-25-0129,0263-27-0879,
2046,870,2013,富士電機健康保険組合　体育館,3900821,長野県松本市筑摩４－３－３７,0263-25-0129,0263-27-0879,
2046,870,2014,富士電機健康保険組合　体育館,3900821,長野県松本市筑摩４－３－３７,0263-25-0129,0263-27-0879,
2047,612,2012,本庄ビル,3900814,長野県松本市本庄１－１３－１１,,,業務課　黒澤
2047,612,2013,本庄ビル,3900814,長野県松本市本庄１－１３－１１,,,業務課　黒澤
2047,612,2014,本庄ビル,3900814,長野県松本市本庄１－１３－１１,,,業務課　黒澤
2048,612,2012,株式会社シンケン本社及び倉庫,3900828,長野県松本市庄内３－４－３９,,,業務課　黒澤
2048,612,2013,株式会社シンケン本社及び倉庫,3900828,長野県松本市庄内３－４－３９,,,業務課　黒澤
2048,612,2014,株式会社シンケン本社及び倉庫,3900828,長野県松本市庄内３－４－３９,,,業務課　黒澤
2049,612,2012,富士電機パワーセミコンダクタ㈱大町工場,3980002,長野県大町市大町白塩町１２１８,,,業務課　黒澤
2049,612,2013,富士電機パワーセミコンダクタ㈱大町工場,3980002,長野県大町市大町白塩町１２１８,,,業務課　黒澤
2049,612,2014,富士電機パワーセミコンダクタ㈱大町工場,3980002,長野県大町市大町白塩町１２１８,,,業務課　黒澤
2050,612,2012,昭和建物株式会社　松本駅前ビル,3900815,長野県松本市深志１－２－１１,,,業務課　黒澤
2050,612,2013,昭和建物株式会社　松本駅前ビル,3900815,長野県松本市深志１－２－１１,,,業務課　黒澤
2050,612,2014,昭和建物株式会社　松本駅前ビル,3900815,長野県松本市深志１－２－１１,,,業務課　黒澤
2051,612,2012,松本ハイランド農業協同組合　聖南支所,3997501,長野県東筑摩郡本城村西条３４１６－１,,,業務課　黒澤
2051,612,2013,松本ハイランド農業協同組合　聖南支所,3997501,長野県東筑摩郡本城村西条３４１６－１,,,業務課　黒澤
2051,612,2014,松本ハイランド農業協同組合　聖南支所,3997501,長野県東筑摩郡本城村西条３４１６－１,,,業務課　黒澤
2052,612,2012,松本ﾊｲﾗﾝﾄﾞ農業協同組合　ＪＡ松本ﾊｲﾗﾝﾄﾞ坂北地域交流ｾﾝﾀｰ,3997601,長野県東筑摩郡坂北村坂北２２２３－１,,,業務課　黒澤
2052,612,2013,松本ﾊｲﾗﾝﾄﾞ農業協同組合　ＪＡ松本ﾊｲﾗﾝﾄﾞ坂北地域交流ｾﾝﾀｰ,3997601,長野県東筑摩郡坂北村坂北２２２３－１,,,業務課　黒澤
2052,612,2014,松本ﾊｲﾗﾝﾄﾞ農業協同組合　ＪＡ松本ﾊｲﾗﾝﾄﾞ坂北地域交流ｾﾝﾀｰ,3997601,長野県東筑摩郡坂北村坂北２２２３－１,,,業務課　黒澤
2053,612,2012,松本ハイランド農業協同組合　旧坂北支所倉庫,3997601,長野県東筑摩郡坂北村坂北長田４５０６－１,,,業務課　黒澤
2053,612,2013,松本ハイランド農業協同組合　旧坂北支所倉庫,3997601,長野県東筑摩郡坂北村坂北長田４５０６－１,,,業務課　黒澤
2053,612,2014,松本ハイランド農業協同組合　旧坂北支所倉庫,3997601,長野県東筑摩郡坂北村坂北長田４５０６－１,,,業務課　黒澤
2054,612,2012,大東レジデンス深志,3900815,長野県松本市深志２－５－１３,,,業務課　黒澤
2054,612,2013,大東レジデンス深志,3900815,長野県松本市深志２－５－１３,,,業務課　黒澤
2054,612,2014,大東レジデンス深志,3900815,長野県松本市深志２－５－１３,,,業務課　黒澤
2056,612,2012,松本ハイランド農業協同組合　明科支所,3997102,長野県東筑摩郡明科町中川手３７９１－３,,,業務課　黒澤
2056,612,2013,松本ハイランド農業協同組合　明科支所,3997102,長野県東筑摩郡明科町中川手３７９１－３,,,業務課　黒澤
2056,612,2014,松本ハイランド農業協同組合　明科支所,3997102,長野県東筑摩郡明科町中川手３７９１－３,,,業務課　黒澤
2057,612,2012,松本ハイランド農業協同組合　生坂支所,3997201,長野県東筑摩郡生坂村６２６３,,,業務課　黒澤
2057,612,2013,松本ハイランド農業協同組合　生坂支所,3997201,長野県東筑摩郡生坂村６２６３,,,業務課　黒澤
2057,612,2014,松本ハイランド農業協同組合　生坂支所,3997201,長野県東筑摩郡生坂村６２６３,,,業務課　黒澤
2058,612,2012,松本ハイランド農業協同組合　明科支所旧七貴出張所,3997104,長野県東筑摩郡明科七貴４６７１,,,業務課　黒澤
2058,612,2013,松本ハイランド農業協同組合　明科支所旧七貴出張所,3997104,長野県東筑摩郡明科七貴４６７１,,,業務課　黒澤
2058,612,2014,松本ハイランド農業協同組合　明科支所旧七貴出張所,3997104,長野県東筑摩郡明科七貴４６７１,,,業務課　黒澤
2059,612,2012,松本ハイランド農業協同組合　あぐり資材センター川手,3997104,長野県東筑摩郡明科町七貴８５３９－１,,,業務課　黒澤
2059,612,2013,松本ハイランド農業協同組合　あぐり資材センター川手,3997104,長野県東筑摩郡明科町七貴８５３９－１,,,業務課　黒澤
2059,612,2014,松本ハイランド農業協同組合　あぐり資材センター川手,3997104,長野県東筑摩郡明科町七貴８５３９－１,,,業務課　黒澤
2060,1208,2012,長野県機械金属健康保険組合,3900874,長野県松本市大手３－６－２０,0263-32-1878,0263-33-4124,鳥羽事務長
2060,1208,2013,長野県機械金属健康保険組合,3900874,長野県松本市大手３－６－２０,0263-32-1878,0263-33-4124,鳥羽事務長
2060,1208,2014,長野県機械金属健康保険組合,3900874,長野県松本市大手３－６－２０,0263-32-1878,0263-33-4124,鳥羽事務長
2061,1209,2012,Ｍ＆Ｍサービス株式会社　長野工場,3998301,長野県安曇野市穂高有明１４７０－３,0263-87-3642,0263-87-3643,新田主任
2061,1209,2013,Ｍ＆Ｍサービス株式会社　長野工場,3998301,長野県安曇野市穂高有明１４７０－３,0263-87-3642,0263-87-3643,新田主任
2061,1209,2014,Ｍ＆Ｍサービス株式会社　長野工場,3998301,長野県安曇野市穂高有明１４７０－３,0263-87-3642,0263-87-3643,新田主任
2062,612,2012,グリーン長野農業協同組合　大岡支所,3812703,長野県長野市大岡乙３６７,,,業務課　黒澤
2062,612,2013,グリーン長野農業協同組合　大岡支所,3812703,長野県長野市大岡乙３６７,,,業務課　黒澤
2062,612,2014,グリーン長野農業協同組合　大岡支所,3812703,長野県長野市大岡乙３６７,,,業務課　黒澤
2063,612,2012,グリーン長野農業協同組合　塩崎支所,3888014,長野県長野市篠ノ井塩崎３３７１,,,業務課　黒澤
2063,612,2013,グリーン長野農業協同組合　塩崎支所,3888014,長野県長野市篠ノ井塩崎３３７１,,,業務課　黒澤
2063,612,2014,グリーン長野農業協同組合　塩崎支所,3888014,長野県長野市篠ノ井塩崎３３７１,,,業務課　黒澤
2064,612,2012,グリーン長野農業協同組合　塩崎集荷場,3888014,長野県長野市篠ノ井塩崎四之宮３７５１－１,,,業務課　黒澤
2064,612,2013,グリーン長野農業協同組合　塩崎集荷場,3888014,長野県長野市篠ノ井塩崎四之宮３７５１－１,,,業務課　黒澤
2064,612,2014,グリーン長野農業協同組合　塩崎集荷場,3888014,長野県長野市篠ノ井塩崎四之宮３７５１－１,,,業務課　黒澤
2065,612,2012,グリーン長野農業協同組合　くらしのセンター,3888013,長野県長野市みこと川３７,,,業務課　黒澤
2065,612,2013,グリーン長野農業協同組合　くらしのセンター,3888013,長野県長野市みこと川３７,,,業務課　黒澤
2065,612,2014,グリーン長野農業協同組合　くらしのセンター,3888013,長野県長野市みこと川３７,,,業務課　黒澤
2066,612,2012,グリーン長野農業協同組合　西寺尾西支所,3888019,長野県長野市篠ノ井杵淵２０２－１,,,業務課　黒澤
2066,612,2013,グリーン長野農業協同組合　西寺尾西支所,3888019,長野県長野市篠ノ井杵淵２０２－１,,,業務課　黒澤
2066,612,2014,グリーン長野農業協同組合　西寺尾西支所,3888019,長野県長野市篠ノ井杵淵２０２－１,,,業務課　黒澤
2067,612,2012,グリーン長野農業協同組合　信里支所,3888016,長野県長野市篠ノ井有旅１１９２－１,,,業務課　黒澤
2067,612,2013,グリーン長野農業協同組合　信里支所,3888016,長野県長野市篠ノ井有旅１１９２－１,,,業務課　黒澤
2067,612,2014,グリーン長野農業協同組合　信里支所,3888016,長野県長野市篠ノ井有旅１１９２－１,,,業務課　黒澤
2068,612,2012,グリーン長野農業協同組合　南長野公園前セルフ給油所,3812221,長野県長野市川中島町御厨字坪之内２２３７－１,,,業務課　黒澤
2068,612,2013,グリーン長野農業協同組合　南長野公園前セルフ給油所,3812221,長野県長野市川中島町御厨字坪之内２２３７－１,,,業務課　黒澤
2068,612,2014,グリーン長野農業協同組合　南長野公園前セルフ給油所,3812221,長野県長野市川中島町御厨字坪之内２２３７－１,,,業務課　黒澤
2069,612,2012,グリーン長野農業協同組合　篠ノ井農業機械センター,3888006,長野県長野市篠ノ井御幣川池田１０６７－２,,,業務課　黒澤
2069,612,2013,グリーン長野農業協同組合　篠ノ井農業機械センター,3888006,長野県長野市篠ノ井御幣川池田１０６７－２,,,業務課　黒澤
2069,612,2014,グリーン長野農業協同組合　篠ノ井農業機械センター,3888006,長野県長野市篠ノ井御幣川池田１０６７－２,,,業務課　黒澤
2070,612,2012,グリーン長野農業協同組合　中央施設園芸流通センター,3888006,長野県長野市篠ノ井御幣川１０６７－５,,,業務課　黒澤
2070,612,2013,グリーン長野農業協同組合　中央施設園芸流通センター,3888006,長野県長野市篠ノ井御幣川１０６７－５,,,業務課　黒澤
2070,612,2014,グリーン長野農業協同組合　中央施設園芸流通センター,3888006,長野県長野市篠ノ井御幣川１０６７－５,,,業務課　黒澤
2071,612,2012,グリーン長野農業協同組合　東部青果物流センター,3888002,長野県長野市篠ノ井東福寺１９４０－１,,,業務課　黒澤
2071,612,2013,グリーン長野農業協同組合　東部青果物流センター,3888002,長野県長野市篠ノ井東福寺１９４０－１,,,業務課　黒澤
2071,612,2014,グリーン長野農業協同組合　東部青果物流センター,3888002,長野県長野市篠ノ井東福寺１９４０－１,,,業務課　黒澤
2072,612,2012,グリーン長野農業協同組合　オートパル篠ノ井,3888006,長野県長野市篠ノ井御幣川字池田１０６７,,,業務課　黒澤
2072,612,2013,グリーン長野農業協同組合　オートパル篠ノ井,3888006,長野県長野市篠ノ井御幣川字池田１０６７,,,業務課　黒澤
2072,612,2014,グリーン長野農業協同組合　オートパル篠ノ井,3888006,長野県長野市篠ノ井御幣川字池田１０６７,,,業務課　黒澤
2073,612,2012,グリーン長野農業協同組合　共和支所,3812225,長野県長野市篠ノ井岡田１１４７－５,,,業務課　黒澤
2073,612,2013,グリーン長野農業協同組合　共和支所,3812225,長野県長野市篠ノ井岡田１１４７－５,,,業務課　黒澤
2073,612,2014,グリーン長野農業協同組合　共和支所,3812225,長野県長野市篠ノ井岡田１１４７－５,,,業務課　黒澤
2074,612,2012,グリーン長野農業協同組合　きのこ種菌センター,3812235,長野県長野市篠ノ井小松原字前河原２３７１,,,業務課　黒澤
2074,612,2013,グリーン長野農業協同組合　きのこ種菌センター,3812235,長野県長野市篠ノ井小松原字前河原２３７１,,,業務課　黒澤
2074,612,2014,グリーン長野農業協同組合　きのこ種菌センター,3812235,長野県長野市篠ノ井小松原字前河原２３７１,,,業務課　黒澤
2075,612,2012,グリーン長野農業協同組合　川柳支所,3888012,長野県長野市篠ノ井二ツ柳６４５,,,業務課　黒澤
2075,612,2013,グリーン長野農業協同組合　川柳支所,3888012,長野県長野市篠ノ井二ツ柳６４５,,,業務課　黒澤
2075,612,2014,グリーン長野農業協同組合　川柳支所,3888012,長野県長野市篠ノ井二ツ柳６４５,,,業務課　黒澤
2076,612,2012,グリーン長野農業協同組合　西部青果物流センター,3888015,長野県長野市篠ノ井石川下沖４８１－１,,,業務課　黒澤
2076,612,2013,グリーン長野農業協同組合　西部青果物流センター,3888015,長野県長野市篠ノ井石川下沖４８１－１,,,業務課　黒澤
2076,612,2014,グリーン長野農業協同組合　西部青果物流センター,3888015,長野県長野市篠ノ井石川下沖４８１－１,,,業務課　黒澤
2077,612,2012,グリーン長野農業協同組合　西部給油所,3888015,長野県長野市篠ノ井石川下沖４６２－１,,,業務課　黒澤
2077,612,2013,グリーン長野農業協同組合　西部給油所,3888015,長野県長野市篠ノ井石川下沖４６２－１,,,業務課　黒澤
2077,612,2014,グリーン長野農業協同組合　西部給油所,3888015,長野県長野市篠ノ井石川下沖４６２－１,,,業務課　黒澤
2078,612,2012,グリーン長野農業協同組合　篠ノ井東支所,3888002,長野県長野市篠ノ井東福寺１８２３－１,,,業務課　黒澤
2078,612,2013,グリーン長野農業協同組合　篠ノ井東支所,3888002,長野県長野市篠ノ井東福寺１８２３－１,,,業務課　黒澤
2078,612,2014,グリーン長野農業協同組合　篠ノ井東支所,3888002,長野県長野市篠ノ井東福寺１８２３－１,,,業務課　黒澤
2079,612,2012,㈱東京堂朝日村流通センター　（５号棟）,3901104,長野県東筑摩郡朝日村古見３６２３,,,業務課　黒澤
2079,612,2013,㈱東京堂朝日村流通センター　（５号棟）,3901104,長野県東筑摩郡朝日村古見３６２３,,,業務課　黒澤
2079,612,2014,㈱東京堂朝日村流通センター　（５号棟）,3901104,長野県東筑摩郡朝日村古見３６２３,,,業務課　黒澤
2080,612,2012,㈱東京堂朝日村流通センター　（１号棟～４号棟）,3901100,長野県東筑摩郡朝日村下古見２５５０,,,業務課　黒澤
2080,612,2013,㈱東京堂朝日村流通センター　（１号棟～４号棟）,3901100,長野県東筑摩郡朝日村下古見２５５０,,,業務課　黒澤
2080,612,2014,㈱東京堂朝日村流通センター　（１号棟～４号棟）,3901100,長野県東筑摩郡朝日村下古見２５５０,,,業務課　黒澤
2081,612,2012,㈱東京堂ＡＲＣバリューデリバリーセンター　（６号棟）,3901101,長野県東筑摩郡朝日村西洗馬原新田１１３１－３,,,業務課　黒澤
2081,612,2013,㈱東京堂ＡＲＣバリューデリバリーセンター　（６号棟）,3901101,長野県東筑摩郡朝日村西洗馬原新田１１３１－３,,,業務課　黒澤
2081,612,2014,㈱東京堂ＡＲＣバリューデリバリーセンター　（６号棟）,3901101,長野県東筑摩郡朝日村西洗馬原新田１１３１－３,,,業務課　黒澤
2082,865,2012,上條耳鼻咽喉科医院.,3900843,長野県松本市高宮南８－８,,,
2082,865,2013,上條耳鼻咽喉科医院.,3900843,長野県松本市高宮南８－８,,,
2082,865,2014,上條耳鼻咽喉科医院.,3900843,長野県松本市高宮南８－８,,,
2083,612,2012,グリーン長野農業協同組合　村山出張所,3888017,長野県長野市篠ノ井山布施８５３０－１,,,業務課　黒澤
2083,612,2013,グリーン長野農業協同組合　村山出張所,3888017,長野県長野市篠ノ井山布施８５３０－１,,,業務課　黒澤
2083,612,2014,グリーン長野農業協同組合　村山出張所,3888017,長野県長野市篠ノ井山布施８５３０－１,,,業務課　黒澤
2084,612,2012,わかばレディス＆マタニティクリニック,3900303,長野県松本市浅間温泉１－２４－５,,,業務課　黒澤
2084,612,2013,わかばレディス＆マタニティクリニック,3900303,長野県松本市浅間温泉１－２４－５,,,業務課　黒澤
2084,612,2014,わかばレディス＆マタニティクリニック,3900303,長野県松本市浅間温泉１－２４－５,,,業務課　黒澤
2085,612,2012,株式会社シンケン　長野支店,3812247,長野県長野市青木島蓮池乙１１５,,,業務課　黒澤
2085,612,2013,株式会社シンケン　長野支店,3812247,長野県長野市青木島蓮池乙１１５,,,業務課　黒澤
2085,612,2014,株式会社シンケン　長野支店,3812247,長野県長野市青木島蓮池乙１１５,,,業務課　黒澤
2087,612,2012,ビーム電子工業株式会社,3901242,長野県松本市和田南西原３９６７－３６,,,業務課　黒澤
2087,612,2013,ビーム電子工業株式会社,3901242,長野県松本市和田南西原３９６７－３６,,,業務課　黒澤
2087,612,2014,ビーム電子工業株式会社,3901242,長野県松本市和田南西原３９６７－３６,,,業務課　黒澤
2088,1210,2012,第一イワサビル,3990746,長野県塩尻市大門並木町６－１,,,岩佐社長
2088,1210,2013,第一イワサビル,3990746,長野県塩尻市大門並木町６－１,,,岩佐社長
2088,1210,2014,第一イワサビル,3990746,長野県塩尻市大門並木町６－１,,,岩佐社長
2089,1210,2012,第二イワサビル,3990737,長野県塩尻市大門八番町５－１３,,,岩佐社長
2089,1210,2013,第二イワサビル,3990737,長野県塩尻市大門八番町５－１３,,,岩佐社長
2089,1210,2014,第二イワサビル,3990737,長野県塩尻市大門八番町５－１３,,,岩佐社長
2090,1210,2012,第三イワサビル,3990736,長野県塩尻市大門一番町１４－１,,,岩佐社長
2090,1210,2013,第三イワサビル,3990736,長野県塩尻市大門一番町１４－１,,,岩佐社長
2090,1210,2014,第三イワサビル,3990736,長野県塩尻市大門一番町１４－１,,,岩佐社長
2091,1210,2012,第１２イワサビル（ＤＳＫパーソナルスクール上田校）,3860012,長野県上田市中央１－４－７,0268-25-0059,,岩佐社長
2091,1210,2013,第１２イワサビル（ＤＳＫパーソナルスクール上田校）,3860012,長野県上田市中央１－４－７,0268-25-0059,,岩佐社長
2091,1210,2014,第１２イワサビル（ＤＳＫパーソナルスクール上田校）,3860012,長野県上田市中央１－４－７,0268-25-0059,,岩佐社長
2092,1211,2012,松本中川病院,3990006,長野県松本市野溝西２－３－１６,0263-28-5500,0263-28-5625,施設田中さん
2092,1211,2013,松本中川病院,3990006,長野県松本市野溝西２－３－１６,0263-28-5500,0263-28-5625,施設田中さん
2092,1211,2014,松本中川病院,3990006,長野県松本市野溝西２－３－１６,0263-28-5500,0263-28-5625,施設田中さん
2093,1212,2012,名糖運輸株式会社千曲物流センター,3870001,長野県千曲市雨宮起返中ノ割２１５４－１,,,遠藤センター長
2093,1212,2013,名糖運輸株式会社千曲物流センター,3870001,長野県千曲市雨宮起返中ノ割２１５４－１,,,遠藤センター長
2093,1212,2014,名糖運輸株式会社千曲物流センター,3870001,長野県千曲市雨宮起返中ノ割２１５４－１,,,遠藤センター長
2094,178,2012,通いのかいご　やすら木の家トムテ,3900852,長野県松本市島立２０２６－１２,0263-47-2310,0263-47-2201,深澤様
2094,178,2013,通いのかいご　やすら木の家トムテ,3900852,長野県松本市島立２０２６－１２,0263-47-2310,0263-47-2201,深澤様
2094,178,2014,通いのかいご　やすら木の家トムテ,3900852,長野県松本市島立２０２６－１２,0263-47-2310,0263-47-2201,深澤様
2095,1213,2012,名鉄自動車整備株式会社松本支店木曽工場,3970001,長野県木曽郡木曽町福島１２００－１,0264-22-2285,,
2095,1213,2013,名鉄自動車整備株式会社松本支店木曽工場,3970001,長野県木曽郡木曽町福島１２００－１,0264-22-2285,,
2095,1213,2014,名鉄自動車整備株式会社松本支店木曽工場,3970001,長野県木曽郡木曽町福島１２００－１,0264-22-2285,,
2096,611,2012,株式会社フロンティア・スピリット　ＴＯＷＮＹフロンティア,3900851,長野県松本市島内４６２１,,,伊藤くん
2096,611,2013,株式会社フロンティア・スピリット　ＴＯＷＮＹフロンティア,3900851,長野県松本市島内４６２１,,,伊藤くん
2096,611,2014,株式会社フロンティア・スピリット　ＴＯＷＮＹフロンティア,3900851,長野県松本市島内４６２１,,,伊藤くん
2097,1214,2012,リゾートハウス　クラーレット,3998305,長野県安曇野市穂高牧２３５４－１,0263-83-5515,,社長
2097,1214,2013,リゾートハウス　クラーレット,3998305,長野県安曇野市穂高牧２３５４－１,0263-83-5515,,社長
2097,1214,2014,リゾートハウス　クラーレット,3998305,長野県安曇野市穂高牧２３５４－１,0263-83-5515,,社長
2099,1216,2012,ホテル大手,3900874,長野県松本市大手２－１－１,,,太田　美保子
2099,1216,2013,ホテル大手,3900874,長野県松本市大手２－１－１,,,太田　美保子
2099,1216,2014,ホテル大手,3900874,長野県松本市大手２－１－１,,,太田　美保子
2101,1217,2012,丸大食品株式会社穂高保養所,3998305,長野県安曇野市穂高牧２２３０－４,090-9397-9188,,矢下さん　
2101,1217,2013,丸大食品株式会社穂高保養所,3998305,長野県安曇野市穂高牧２２３０－４,090-9397-9188,,矢下さん　
2101,1217,2014,丸大食品株式会社穂高保養所,3998305,長野県安曇野市穂高牧２２３０－４,090-9397-9188,,矢下さん　
2102,612,2012,株式会社エスビーケイ　長野工場,3997701,長野県東筑摩郡麻績村麻４５４８,0263-67-4444,,業務課　黒澤
2102,612,2013,株式会社エスビーケイ　長野工場,3997701,長野県東筑摩郡麻績村麻４５４８,0263-67-4444,,業務課　黒澤
2102,612,2014,株式会社エスビーケイ　長野工場,3997701,長野県東筑摩郡麻績村麻４５４８,0263-67-4444,,業務課　黒澤
2104,1219,2012,あおぞら産婦人科,3998204,長野県安曇野市豊科高家４９１５,0263-71-4915,050-7577-4125,院長
2104,1219,2013,あおぞら産婦人科,3998204,長野県安曇野市豊科高家４９１５,0263-71-4915,050-7577-4125,院長
2104,1219,2014,あおぞら産婦人科,3998204,長野県安曇野市豊科高家４９１５,0263-71-4915,050-7577-4125,院長
2106,1221,2012,原田アパート,3900312,長野県松本市岡田松岡２６６－３,,,上野　晴信
2106,1221,2013,原田アパート,3900312,長野県松本市岡田松岡２６６－３,,,上野　晴信
2106,1221,2014,原田アパート,3900312,長野県松本市岡田松岡２６６－３,,,上野　晴信
2107,611,2012,有限会社熊井製作所,3990702,長野県塩尻市広丘野村角前１９４８,0263-52-1824,,
2107,611,2013,有限会社熊井製作所,3990702,長野県塩尻市広丘野村角前１９４８,0263-52-1824,,
2107,611,2014,有限会社熊井製作所,3990702,長野県塩尻市広丘野村角前１９４８,0263-52-1824,,
2108,611,2012,有限会社熊井製作所　片丘棟,3990711,長野県塩尻市片丘１０５５０－１,,,伊藤くん
2108,611,2013,有限会社熊井製作所　片丘棟,3990711,長野県塩尻市片丘１０５５０－１,,,伊藤くん
2108,611,2014,有限会社熊井製作所　片丘棟,3990711,長野県塩尻市片丘１０５５０－１,,,伊藤くん
2109,1222,2012,ザ・ダイソー梓川店,3901701,長野県松本市梓川村倭３２２－１,0263-78-7236,,
2109,1222,2013,ザ・ダイソー梓川店,3901701,長野県松本市梓川村倭３２２－１,0263-78-7236,,
2109,1222,2014,ザ・ダイソー梓川店,3901701,長野県松本市梓川村倭３２２－１,0263-78-7236,,
2110,1222,2012,ザ・ダイソー下諏訪店,3930087,長野県諏訪郡下諏訪町西鷹野町４６２８－７,0266-26-4131,,
2110,1222,2013,ザ・ダイソー下諏訪店,3930087,長野県諏訪郡下諏訪町西鷹野町４６２８－７,0266-26-4131,,
2110,1222,2014,ザ・ダイソー下諏訪店,3930087,長野県諏訪郡下諏訪町西鷹野町４６２８－７,0266-26-4131,,
2111,1222,2012,ザ・ダイソー伊那北店,3994511,長野県上伊那郡南箕輪村字清水町７２９３,0265-77-2381,,
2111,1222,2013,ザ・ダイソー伊那北店,3994511,長野県上伊那郡南箕輪村字清水町７２９３,0265-77-2381,,
2111,1222,2014,ザ・ダイソー伊那北店,3994511,長野県上伊那郡南箕輪村字清水町７２９３,0265-77-2381,,
2112,611,2012,ノバビル,3900815,長野県松本市深志１－２－８,0263-35-2395,,伊藤くん
2112,611,2013,ノバビル,3900815,長野県松本市深志１－２－８,0263-35-2395,,伊藤くん
2112,611,2014,ノバビル,3900815,長野県松本市深志１－２－８,0263-35-2395,,伊藤くん
2114,1223,2012,リトルベア並柳,3900825,長野県松本市並柳２－１５－３１,,,岩本さん
2114,1223,2013,リトルベア並柳,3900825,長野県松本市並柳２－１５－３１,,,岩本さん
2114,1223,2014,リトルベア並柳,3900825,長野県松本市並柳２－１５－３１,,,岩本さん
2115,1224,2012,株式会社クラヤシキ製作所,3990702,長野県塩尻市広丘野村角前工業団地１８０６,0263-54-4775,0263-52-8571,小松社長
2115,1224,2013,株式会社クラヤシキ製作所,3990702,長野県塩尻市広丘野村角前工業団地１８０６,0263-54-4775,0263-52-8571,小松社長
2115,1224,2014,株式会社クラヤシキ製作所,3990702,長野県塩尻市広丘野村角前工業団地１８０６,0263-54-4775,0263-52-8571,小松社長
2120,967,2012,昭和産業株式会社松本工場,3990014,長野県松本市平田東１－２０－１９,0263-58-5451,0263-58-3984,萩原部長
2120,967,2013,昭和産業株式会社松本工場,3990014,長野県松本市平田東１－２０－１９,0263-58-5451,0263-58-3984,萩原部長
2120,967,2014,昭和産業株式会社松本工場,3990014,長野県松本市平田東１－２０－１９,0263-58-5451,0263-58-3984,萩原部長
2121,1229,2012,得得うどん　松本並柳店,3900827,長野県松本市出川３－１０－１５,0263-88-8819,,近藤　三平
2121,1229,2013,得得うどん　松本並柳店,3900827,長野県松本市出川３－１０－１５,0263-88-8819,,近藤　三平
2121,1229,2014,得得うどん　松本並柳店,3900827,長野県松本市出川３－１０－１５,0263-88-8819,,近藤　三平
2122,612,2012,社会福祉法人サン・ビジョン　グレイスフル箕輪（特養棟）,3994601,長野県上伊那郡箕輪町中箕輪６０６５,,,黒澤くんＡＬＳＯＫ
2122,612,2013,社会福祉法人サン・ビジョン　グレイスフル箕輪（特養棟）,3994601,長野県上伊那郡箕輪町中箕輪６０６５,,,黒澤くんＡＬＳＯＫ
2122,612,2014,社会福祉法人サン・ビジョン　グレイスフル箕輪（特養棟）,3994601,長野県上伊那郡箕輪町中箕輪６０６５,,,黒澤くんＡＬＳＯＫ
2123,611,2012,魚民　岡谷ホルモン　おいで屋,3940028,長野県岡谷市本町３－１－３,,,伊藤くん
2123,611,2013,魚民　岡谷ホルモン　おいで屋,3940028,長野県岡谷市本町３－１－３,,,伊藤くん
2123,611,2014,魚民　岡谷ホルモン　おいで屋,3940028,長野県岡谷市本町３－１－３,,,伊藤くん
2124,611,2012,千年の宴・魚民　茅野市役所前店,3910002,長野県茅野市塚原２－２－７,,,伊藤くん
2124,611,2013,千年の宴・魚民　茅野市役所前店,3910002,長野県茅野市塚原２－２－７,,,伊藤くん
2124,611,2014,千年の宴・魚民　茅野市役所前店,3910002,長野県茅野市塚原２－２－７,,,伊藤くん
2125,611,2012,笑笑　塩尻大門一番町店,3990736,長野県塩尻市大門一番町６－５,,,伊藤くん
2125,611,2013,笑笑　塩尻大門一番町店,3990736,長野県塩尻市大門一番町６－５,,,伊藤くん
2125,611,2014,笑笑　塩尻大門一番町店,3990736,長野県塩尻市大門一番町６－５,,,伊藤くん
2126,611,2012,魚民　松本東口駅前店,3900811,長野県松本市中央１－１３－２,,,伊藤くん
2126,611,2013,魚民　松本東口駅前店,3900811,長野県松本市中央１－１３－２,,,伊藤くん
2126,611,2014,魚民　松本東口駅前店,3900811,長野県松本市中央１－１３－２,,,伊藤くん
2127,10,2012,サントーア松本横田,3900804,長野県松本市横田２－９－１,,,小林主任
2127,10,2013,サントーア松本横田,3900804,長野県松本市横田２－９－１,,,小林主任
2127,10,2014,サントーア松本横田,3900804,長野県松本市横田２－９－１,,,小林主任
2128,611,2012,医療法人社団　玉井会　玉井医院　通所リハビリテーションひろば,3997701,長野県東筑摩郡麻績村麻４２１９,,,伊藤くん
2128,611,2013,医療法人社団　玉井会　玉井医院　通所リハビリテーションひろば,3997701,長野県東筑摩郡麻績村麻４２１９,,,伊藤くん
2128,611,2014,医療法人社団　玉井会　玉井医院　通所リハビリテーションひろば,3997701,長野県東筑摩郡麻績村麻４２１９,,,伊藤くん
2129,611,2012,フォーエルイオンタウン松本店,3990032,長野県松本市芳川村井町１２２５－３,,,伊藤くん
2129,611,2013,フォーエルイオンタウン松本店,3990032,長野県松本市芳川村井町１２２５－３,,,伊藤くん
2129,611,2014,フォーエルイオンタウン松本店,3990032,長野県松本市芳川村井町１２２５－３,,,伊藤くん
2130,1230,2012,浄土宗　林昌寺,3900806,長野県松本市女鳥羽１－９－１,0263-32-1163,,川上住職
2130,1230,2013,浄土宗　林昌寺,3900806,長野県松本市女鳥羽１－９－１,0263-32-1163,,川上住職
2130,1230,2014,浄土宗　林昌寺,3900806,長野県松本市女鳥羽１－９－１,0263-32-1163,,川上住職
2131,110,2012,ＪＲ松本駅自由通路,3900815,長野県松本市深志１－１－１,,,柳沢さん
2131,110,2013,ＪＲ松本駅自由通路,3900815,長野県松本市深志１－１－１,,,柳沢さん
2131,110,2014,ＪＲ松本駅自由通路,3900815,長野県松本市深志１－１－１,,,柳沢さん
2132,1231,2012,株式会社イトウ,3998303,長野県安曇野市穂高４４８６－８,0263-82-2018,0263-82-7958,小宮山さん
2132,1231,2013,株式会社イトウ,3998303,長野県安曇野市穂高４４８６－８,0263-82-2018,0263-82-7958,小宮山さん
2132,1231,2014,株式会社イトウ,3998303,長野県安曇野市穂高４４８６－８,0263-82-2018,0263-82-7958,小宮山さん
2133,1232,2012,株式会社高原ベジフル,3901101,長野県東筑摩郡朝日村西洗馬１１８５－１,0263-99-3752,0263-99-3754,白井社長
2133,1232,2013,株式会社高原ベジフル,3901101,長野県東筑摩郡朝日村西洗馬１１８５－１,0263-99-3752,0263-99-3754,白井社長
2133,1232,2014,株式会社高原ベジフル,3901101,長野県東筑摩郡朝日村西洗馬１１８５－１,0263-99-3752,0263-99-3754,白井社長
2134,1233,2012,医療法人つづく歯科医院,3990701,長野県塩尻市広丘吉田２９０２－９,0263-86-3388,,都築先生
2134,1233,2013,医療法人つづく歯科医院,3990701,長野県塩尻市広丘吉田２９０２－９,0263-86-3388,,都築先生
2134,1233,2014,医療法人つづく歯科医院,3990701,長野県塩尻市広丘吉田２９０２－９,0263-86-3388,,都築先生
2136,1234,2012,ひだまりの家,3901102,長野県東筑摩郡朝日村小野沢字村前２４７－１,,,くれぬまさん
2136,1234,2013,ひだまりの家,3901102,長野県東筑摩郡朝日村小野沢字村前２４７－１,,,くれぬまさん
2136,1234,2014,ひだまりの家,3901102,長野県東筑摩郡朝日村小野沢字村前２４７－１,,,くれぬまさん
2137,1235,2012,株式会社　峯建工,3990701,長野県塩尻市広丘吉田３８４－２,0263-86-7772,0263-86-7773,北澤社長
2138,433,2012,株式会社ＴＢ企画,3901241,長野県松本市新村２９１０,0263-47-1865,,野口　勇
2138,433,2013,株式会社ＴＢ企画,3901241,長野県松本市新村２９１０,0263-47-1865,,野口　勇
2138,433,2014,株式会社ＴＢ企画,3901241,長野県松本市新村２９１０,0263-47-1865,,野口　勇
2139,1236,2012,プレアデスコート大門,3990736,長野県塩尻市大門一番町９－１５,0263-31-5013,0263-31-5117,澤田社長
2139,1236,2013,プレアデスコート大門,3990736,長野県塩尻市大門一番町９－１５,0263-31-5013,0263-31-5117,澤田社長
2139,1236,2014,プレアデスコート大門,3990736,長野県塩尻市大門一番町９－１５,0263-31-5013,0263-31-5117,澤田社長
2140,976,2012,㈱関東甲信クボタ　新村倉庫,3901241,長野県松本市新村９０３－４,,,総務部　経理課　長島さん
2140,976,2013,㈱関東甲信クボタ　新村倉庫,3901241,長野県松本市新村９０３－４,,,総務部　経理課　長島さん
2140,976,2014,㈱関東甲信クボタ　新村倉庫,3901241,長野県松本市新村９０３－４,,,総務部　経理課　長島さん
2141,1237,2012,住宅型有料老人ホーム　おひさま松原台,3990022,長野県松本市松原４１－１１,0263-87-6590,0263-87-6591,雪村施設長
2141,1237,2013,住宅型有料老人ホーム　おひさま松原台,3990022,長野県松本市松原４１－１１,0263-87-6590,0263-87-6591,雪村施設長
2141,1237,2014,住宅型有料老人ホーム　おひさま松原台,3990022,長野県松本市松原４１－１１,0263-87-6590,0263-87-6591,雪村施設長
2142,274,2012,大池内科クリニック,3990033,長野県松本市笹賀３９６７－５,,,山﨑部長
2142,274,2013,大池内科クリニック,3990033,長野県松本市笹賀３９６７－５,,,山﨑部長
2142,274,2014,大池内科クリニック,3990033,長野県松本市笹賀３９６７－５,,,山﨑部長
2143,1238,2012,信州金熊温泉　明日香荘,3997301,長野県大町市八坂１１６０,0261-26-2301,,高橋支配人
2143,1238,2013,信州金熊温泉　明日香荘,3997301,長野県大町市八坂１１６０,0261-26-2301,,高橋支配人
2143,1238,2014,信州金熊温泉　明日香荘,3997301,長野県大町市八坂１１６０,0261-26-2301,,高橋支配人
2144,589,2012,二代目丸源　松本高宮店,3900834,長野県松本市高宮中１０４－１,0263-32-8350,0263-36-5234,高砂専務
2144,589,2013,二代目丸源　松本高宮店,3900834,長野県松本市高宮中１０４－１,0263-32-8350,0263-36-5234,高砂専務
2144,589,2014,二代目丸源　松本高宮店,3900834,長野県松本市高宮中１０４－１,0263-32-8350,0263-36-5234,高砂専務
2145,611,2012,マツモト産業株式会社松本営業所,3990033,長野県松本市笹賀８０４７,,,伊藤くん
2145,611,2013,マツモト産業株式会社松本営業所,3990033,長野県松本市笹賀８０４７,,,伊藤くん
2145,611,2014,マツモト産業株式会社松本営業所,3990033,長野県松本市笹賀８０４７,,,伊藤くん
2146,1010,2012,有限会社ＭＩＳＳ,3990001,長野県松本市宮田２７－９,0263-24-3150,,
2146,1010,2013,有限会社ＭＩＳＳ,3990001,長野県松本市宮田２７－９,0263-24-3150,,
2146,1010,2014,有限会社ＭＩＳＳ,3990001,長野県松本市宮田２７－９,0263-24-3150,,
2147,1239,2012,藤田金属株式会社松本コイルセンター,3901242,長野県松本市和田３９６７－３８,0263-47-9555,,古沢さん
2147,1239,2013,藤田金属株式会社松本コイルセンター,3901242,長野県松本市和田３９６７－３８,0263-47-9555,,古沢さん
2147,1239,2014,藤田金属株式会社松本コイルセンター,3901242,長野県松本市和田３９６７－３８,0263-47-9555,,古沢さん
2149,948,2012,長野１１３７ビル,3800821,長野県長野市上千歳町１１３７－２３,,,青山常務
2149,948,2013,長野１１３７ビル,3800821,長野県長野市上千歳町１１３７－２３,,,青山常務
2149,948,2014,長野１１３７ビル,3800821,長野県長野市上千歳町１１３７－２３,,,青山常務
2150,1240,2012,埴生の宿,3900821,長野県松本市筑摩３－３６－２０,0263-28-1201,,
2150,1240,2013,埴生の宿,3900821,長野県松本市筑摩３－３６－２０,0263-28-1201,,
2150,1240,2014,埴生の宿,3900821,長野県松本市筑摩３－３６－２０,0263-28-1201,,
2151,317,2012,ＡＤスクウェア,3900852,長野県松本市島立字小梓１１３２－３２,,,久保田次長
2151,317,2013,ＡＤスクウェア,3900852,長野県松本市島立字小梓１１３２－３２,,,久保田次長
2151,317,2014,ＡＤスクウェア,3900852,長野県松本市島立字小梓１１３２－３２,,,久保田次長
2152,1241,2012,有限会社寿昇運,3990701,長野県塩尻市広丘吉田６７０－１,0263-58-9334,0263-58-9332,赤羽　昇
2153,1242,2012,株式会社寿バイオ,3990701,長野県塩尻市広丘吉田６７０－１,0263-58-9334,0263-58-9332,赤羽　時江
2154,1243,2012,宮の前ハイツ　むらせ,3900303,長野県松本市浅間温泉３－２３－１３,0263-46-0451,,村瀬　泰子
2155,1244,2012,見岳荘,3998211,長野県安曇野市堀金烏川３６８－１,0263-88-3681,,山田社長
2155,1244,2013,見岳荘,3998211,長野県安曇野市堀金烏川３６８－１,0263-88-3681,,山田社長
2155,1244,2014,見岳荘,3998211,長野県安曇野市堀金烏川３６８－１,0263-88-3681,,山田社長
2156,1245,2012,ケアビレッジ銀乃扇,3810031,長野県長野市西尾張部１０８９－８,026-225-9811,026-225-9815,小嶋施設長
2156,1245,2013,ケアビレッジ銀乃扇,3810031,長野県長野市西尾張部１０８９－８,026-225-9811,026-225-9815,小嶋施設長
2156,1245,2014,ケアビレッジ銀乃扇,3810031,長野県長野市西尾張部１０８９－８,026-225-9811,026-225-9815,小嶋施設長
2157,865,2012,サニーハイツ,3900312,長野県松本市岡田松岡１４６－１,,,柴田社長
2157,865,2013,サニーハイツ,3900312,長野県松本市岡田松岡１４６－１,,,柴田社長
2157,865,2014,サニーハイツ,3900312,長野県松本市岡田松岡１４６－１,,,柴田社長
2158,1246,2012,葦　笛,3900874,長野県松本市大手２－６－２０,0263-32-9328,,山口　富士子
2158,1246,2013,葦　笛,3900874,長野県松本市大手２－６－２０,0263-32-9328,,山口　富士子
2158,1246,2014,葦　笛,3900874,長野県松本市大手２－６－２０,0263-32-9328,,山口　富士子
2159,1247,2012,有限会社桝匠　波田営業所,3990000,長野県松本市波田２９５１－２５,0263-50-8986,,奥原社長
2159,1247,2013,有限会社桝匠　波田営業所,3990000,長野県松本市波田２９５１－２５,0263-50-8986,,奥原社長
2159,1247,2014,有限会社桝匠　波田営業所,3990000,長野県松本市波田２９５１－２５,0263-50-8986,,奥原社長
2160,612,2012,松本ハイランド農業協同組合　ファーマーズガーデンあかしな,3997104,長野県安曇野市明科七貴５８５６－３,0263-62-1230,,業務課　黒澤
2160,612,2013,松本ハイランド農業協同組合　ファーマーズガーデンあかしな,3997104,長野県安曇野市明科七貴５８５６－３,0263-62-1230,,業務課　黒澤
2160,612,2014,松本ハイランド農業協同組合　ファーマーズガーデンあかしな,3997104,長野県安曇野市明科七貴５８５６－３,0263-62-1230,,業務課　黒澤
2161,612,2012,松本ハイランド農業協同組合　㈱協同機械化センター筑北支店,3997702,長野県東筑摩郡麻績村日４５０６,0263-67-2081,,業務課　黒澤
2161,612,2013,松本ハイランド農業協同組合　㈱協同機械化センター筑北支店,3997702,長野県東筑摩郡麻績村日４５０６,0263-67-2081,,業務課　黒澤
2161,612,2014,松本ハイランド農業協同組合　㈱協同機械化センター筑北支店,3997702,長野県東筑摩郡麻績村日４５０６,0263-67-2081,,業務課　黒澤
2162,612,2012,松本ハイランド農業協同組合　聖南給油所,3997501,長野県東筑摩郡本城村西条３４０６,,,業務課　黒澤
2162,612,2013,松本ハイランド農業協同組合　聖南給油所,3997501,長野県東筑摩郡本城村西条３４０６,,,業務課　黒澤
2162,612,2014,松本ハイランド農業協同組合　聖南給油所,3997501,長野県東筑摩郡本城村西条３４０６,,,業務課　黒澤
2164,1248,2012,公園通りビル,3900811,長野県松本市中央１－１０－３４,0263-33-8545,0263-33-8546,管財課　松田課長
2164,1248,2013,公園通りビル,3900811,長野県松本市中央１－１０－３４,0263-33-8545,0263-33-8546,管財課　松田課長
2164,1248,2014,公園通りビル,3900811,長野県松本市中央１－１０－３４,0263-33-8545,0263-33-8546,管財課　松田課長
2182,891,2012,ハウス　ア　ラ　イ,3900304,長野県松本市大村５５０－１,,,
2182,891,2013,ハウス　ア　ラ　イ,3900304,長野県松本市大村５５０－１,,,
2182,891,2014,ハウス　ア　ラ　イ,3900304,長野県松本市大村５５０－１,,,
2183,891,2012,ハウス　ア　ラ　イⅡ,3900304,長野県松本市大村１０７４,,,
2183,891,2013,ハウス　ア　ラ　イⅡ,3900304,長野県松本市大村１０７４,,,
2183,891,2014,ハウス　ア　ラ　イⅡ,3900304,長野県松本市大村１０７４,,,
2184,891,2012,ハウス　ア　ラ　イⅢ,3900304,長野県松本市大村１０３３,,,
2184,891,2013,ハウス　ア　ラ　イⅢ,3900304,長野県松本市大村１０３３,,,
2184,891,2014,ハウス　ア　ラ　イⅢ,3900304,長野県松本市大村１０３３,,,
2185,1165,2012,アプリコット,3900304,長野県松本市大村３０６－１,,,荒井　民男
2185,1165,2013,アプリコット,3900304,長野県松本市大村３０６－１,,,荒井　民男
2185,1165,2014,アプリコット,3900304,長野県松本市大村３０６－１,,,荒井　民男
2187,518,2012,株式会社角藤　旧仙台銘板松本営業所,3990005,長野県松本市野溝木工１－２－１７,,,小林　和人
2187,518,2013,株式会社角藤　旧仙台銘板松本営業所,3990005,長野県松本市野溝木工１－２－１７,,,小林　和人
2187,518,2014,株式会社角藤　旧仙台銘板松本営業所,3990005,長野県松本市野溝木工１－２－１７,,,小林　和人
2188,611,2012,倉科医院,3900874,長野県松本市大手２－９－１６,,,伊藤くん
2188,611,2013,倉科医院,3900874,長野県松本市大手２－９－１６,,,伊藤くん
2188,611,2014,倉科医院,3900874,長野県松本市大手２－９－１６,,,伊藤くん
2191,611,2012,裏川眼科,3990033,長野県松本市笹賀５５１６－１,,,伊藤くん
2191,611,2013,裏川眼科,3990033,長野県松本市笹賀５５１６－１,,,伊藤くん
2191,611,2014,裏川眼科,3990033,長野県松本市笹賀５５１６－１,,,伊藤くん
2192,1043,2012,炭火焼肉　牛角塩尻店,3990702,長野県塩尻市広丘野村１０７０－１,,,所沢さん
2192,1043,2013,炭火焼肉　牛角塩尻店,3990702,長野県塩尻市広丘野村１０７０－１,,,所沢さん
2192,1043,2014,炭火焼肉　牛角塩尻店,3990702,長野県塩尻市広丘野村１０７０－１,,,所沢さん
2193,1231,2012,株式会社イトウ　事務所・倉庫,3998303,長野県安曇野市穂高４４８１－１,0263-82-2018,,小宮山さん
2193,1231,2013,株式会社イトウ　事務所・倉庫,3998303,長野県安曇野市穂高４４８１－１,0263-82-2018,,小宮山さん
2193,1231,2014,株式会社イトウ　事務所・倉庫,3998303,長野県安曇野市穂高４４８１－１,0263-82-2018,,小宮山さん
2194,611,2012,タカラスタンダード株式会社松本営業所,3990005,長野県松本市野溝木工２－６－２５,,,伊藤くん
2194,611,2013,タカラスタンダード株式会社松本営業所,3990005,長野県松本市野溝木工２－６－２５,,,伊藤くん
2194,611,2014,タカラスタンダード株式会社松本営業所,3990005,長野県松本市野溝木工２－６－２５,,,伊藤くん
2195,1249,2012,林ビル,3900828,長野県松本市庄内２－６－１２,0263-32-5757,,林さん
2195,1249,2013,林ビル,3900828,長野県松本市庄内２－６－１２,0263-32-5757,,林さん
2195,1249,2014,林ビル,3900828,長野県松本市庄内２－６－１２,0263-32-5757,,林さん
2196,612,2012,株式会社シンケン　伊那営業所　倉庫,3994511,長野県上伊那郡南箕輪村字大芝原５５３３－１５１,,,業務課　黒澤
2196,612,2013,株式会社シンケン　伊那営業所　倉庫,3994511,長野県上伊那郡南箕輪村字大芝原５５３３－１５１,,,業務課　黒澤
2196,612,2014,株式会社シンケン　伊那営業所　倉庫,3994511,長野県上伊那郡南箕輪村字大芝原５５３３－１５１,,,業務課　黒澤
2197,1250,2012,朝日生命保険相互会社　上田中央営業所,3860025,長野県上田市天神１－３－１９,0268-22-0390,,所長
2197,1250,2013,朝日生命保険相互会社　上田中央営業所,3860025,長野県上田市天神１－３－１９,0268-22-0390,,所長
2197,1250,2014,朝日生命保険相互会社　上田中央営業所,3860025,長野県上田市天神１－３－１９,0268-22-0390,,所長
2198,1250,2012,朝日生命保険相互会社　小諸営業所,3840012,長野県小諸市南町１－２－２７,0267-22-0093,,所長
2198,1250,2013,朝日生命保険相互会社　小諸営業所,3840012,長野県小諸市南町１－２－２７,0267-22-0093,,所長
2198,1250,2014,朝日生命保険相互会社　小諸営業所,3840012,長野県小諸市南町１－２－２７,0267-22-0093,,所長
2199,1250,2012,朝日生命保険相互会社　千曲出張所,3870006,長野県千曲市粟佐字南沖１６１４－４,026-273-3350,,所長
2199,1250,2013,朝日生命保険相互会社　千曲出張所,3870006,長野県千曲市粟佐字南沖１６１４－４,026-273-3350,,所長
2199,1250,2014,朝日生命保険相互会社　千曲出張所,3870006,長野県千曲市粟佐字南沖１６１４－４,026-273-3350,,所長
2200,1250,2012,朝日生命保険相互会社　伊那営業所,3960026,長野県伊那市西町４８６３,0265-72-2246,,所長
2200,1250,2013,朝日生命保険相互会社　伊那営業所,3960026,長野県伊那市西町４８６３,0265-72-2246,,所長
2200,1250,2014,朝日生命保険相互会社　伊那営業所,3960026,長野県伊那市西町４８６３,0265-72-2246,,所長
2201,1250,2012,朝日生命保険相互会社　飯田中央営業所,3950043,長野県飯田市通り町４－７,0265-23-6857,,所長
2201,1250,2013,朝日生命保険相互会社　飯田中央営業所,3950043,長野県飯田市通り町４－７,0265-23-6857,,所長
2201,1250,2014,朝日生命保険相互会社　飯田中央営業所,3950043,長野県飯田市通り町４－７,0265-23-6857,,所長
2202,1250,2012,朝日生命保険相互会社　南松本営業所,3900833,長野県松本市双葉１８－１９,0263-25-8428,,所長
2202,1250,2013,朝日生命保険相互会社　南松本営業所,3900833,長野県松本市双葉１８－１９,0263-25-8428,,所長
2202,1250,2014,朝日生命保険相互会社　南松本営業所,3900833,長野県松本市双葉１８－１９,0263-25-8428,,所長
2203,1250,2012,朝日生命保険相互会社　諏訪営業所,3920027,長野県諏訪市湖岸通り２－１２－１０,0266-52-0677,,所長
2203,1250,2013,朝日生命保険相互会社　諏訪営業所,3920027,長野県諏訪市湖岸通り２－１２－１０,0266-52-0677,,所長
2203,1250,2014,朝日生命保険相互会社　諏訪営業所,3920027,長野県諏訪市湖岸通り２－１２－１０,0266-52-0677,,所長
2204,1250,2012,朝日生命保険相互会社　大町新出張所　,3980000,長野県大町市大町上仲町２５２７－２,0261-22-1695,,所長
2204,1250,2013,朝日生命保険相互会社　大町新出張所　,3980000,長野県大町市大町上仲町２５２７－２,0261-22-1695,,所長
2204,1250,2014,朝日生命保険相互会社　大町新出張所　,3980000,長野県大町市大町上仲町２５２７－２,0261-22-1695,,所長
2205,1250,2012,朝日生命保険相互会社　蟻ヶ崎社宅,,,,,総務部長
2205,1250,2013,朝日生命保険相互会社　蟻ヶ崎社宅,,,,,総務部長
2205,1250,2014,朝日生命保険相互会社　蟻ヶ崎社宅,,,,,総務部長
2206,1251,2012,クリーンコスモ姫川,3999422,長野県北安曇郡小谷村千国乙７２７６,,,
2206,1251,2013,クリーンコスモ姫川,3999422,長野県北安曇郡小谷村千国乙７２７６,,,
2206,1251,2014,クリーンコスモ姫川,3999422,長野県北安曇郡小谷村千国乙７２７６,,,
2207,274,2012,安曇野市文化財収蔵センター,3998303,長野県安曇野市穂高５８３６,,,山﨑部長
2207,274,2013,安曇野市文化財収蔵センター,3998303,長野県安曇野市穂高５８３６,,,山﨑部長
2207,274,2014,安曇野市文化財収蔵センター,3998303,長野県安曇野市穂高５８３６,,,山﨑部長
2208,791,2012,中華　天天食堂村井店,3990036,長野県松本市村井町南２－１５－２３,0263-85-3388,0263-85-3387,山本さん
2208,791,2013,中華　天天食堂村井店,3990036,長野県松本市村井町南２－１５－２３,0263-85-3388,0263-85-3387,山本さん
2208,791,2014,中華　天天食堂村井店,3990036,長野県松本市村井町南２－１５－２３,0263-85-3388,0263-85-3387,山本さん
2209,1222,2012,ザ・ダイソー松本南店,3900825,長野県松本市並柳１－３－３,0263-29-3990,,
2209,1222,2013,ザ・ダイソー松本南店,3900825,長野県松本市並柳１－３－３,0263-29-3990,,
2209,1222,2014,ザ・ダイソー松本南店,3900825,長野県松本市並柳１－３－３,0263-29-3990,,
2210,1252,2012,伊藤ビル,3900815,長野県松本市深志２－１－２,026-224-5971,,高村社長
2210,1252,2013,伊藤ビル,3900815,長野県松本市深志２－１－２,026-224-5971,,高村社長
2210,1252,2014,伊藤ビル,3900815,長野県松本市深志２－１－２,026-224-5971,,高村社長
2211,1253,2012,ハイツ新井,3900813,長野県松本市埋橋２－９－１４,,,新井　悟
2211,1253,2013,ハイツ新井,3900813,長野県松本市埋橋２－９－１４,,,新井　悟
2211,1253,2014,ハイツ新井,3900813,長野県松本市埋橋２－９－１４,,,新井　悟
2212,579,2012,有限会社ホテル紫山荘,3998205,長野県安曇野市豊科４３０１,0263-72-2548,0263-72-2545,
2212,579,2013,有限会社ホテル紫山荘,3998205,長野県安曇野市豊科４３０１,0263-72-2548,0263-72-2545,
2212,579,2014,有限会社ホテル紫山荘,3998205,長野県安曇野市豊科４３０１,0263-72-2548,0263-72-2545,
2213,1254,2012,焼肉　海州,3900832,長野県松本市南松本１－３－１０,0263-29-3939,,呉　敏郎
2213,1254,2013,焼肉　海州,3900832,長野県松本市南松本１－３－１０,0263-29-3939,,呉　敏郎
2213,1254,2014,焼肉　海州,3900832,長野県松本市南松本１－３－１０,0263-29-3939,,呉　敏郎
2214,1255,2012,アメニティナガタ,3990023,長野県松本市内田６１－１２,0263-57-3103,,中島社長
2214,1255,2013,アメニティナガタ,3990023,長野県松本市内田６１－１２,0263-57-3103,,中島社長
2214,1255,2014,アメニティナガタ,3990023,長野県松本市内田６１－１２,0263-57-3103,,中島社長
2215,1255,2012,メゾン百瀬,3990701,長野県塩尻市広丘吉田５２－２,0263-58-1348,,中島社長
2215,1255,2013,メゾン百瀬,3990701,長野県塩尻市広丘吉田５２－２,0263-58-1348,,中島社長
2215,1255,2014,メゾン百瀬,3990701,長野県塩尻市広丘吉田５２－２,0263-58-1348,,中島社長
2216,1256,2012,杉野建築店,3901301,長野県東筑摩郡山形村４２２１６,,,新井社長
2216,1256,2013,杉野建築店,3901301,長野県東筑摩郡山形村４２２１６,,,新井社長
2216,1256,2014,杉野建築店,3901301,長野県東筑摩郡山形村４２２１６,,,新井社長
2217,611,2012,ダンロップタイヤ関東株式会社　塩尻倉庫,3990703,長野県塩尻市広丘高出１７８１－１,,,伊藤くん
2217,611,2013,ダンロップタイヤ関東株式会社　塩尻倉庫,3990703,長野県塩尻市広丘高出１７８１－１,,,伊藤くん
2217,611,2014,ダンロップタイヤ関東株式会社　塩尻倉庫,3990703,長野県塩尻市広丘高出１７８１－１,,,伊藤くん
2218,1257,2012,たつのパークホテル,3990425,長野県上伊那郡辰野町樋口２３９６－２０,,,白尾社長
2218,1257,2013,たつのパークホテル,3990425,長野県上伊那郡辰野町樋口２３９６－２０,,,白尾社長
2218,1257,2014,たつのパークホテル,3990425,長野県上伊那郡辰野町樋口２３９６－２０,,,白尾社長
2219,948,2012,アルパインロッヂ,3901513,長野県松本市安曇4306-4,,,青山常務
2219,948,2013,アルパインロッヂ,3901513,長野県松本市安曇4306-4,,,青山常務
2219,948,2014,アルパインロッヂ,3901513,長野県松本市安曇4306-4,,,青山常務
2220,948,2012,ノーススターアウトドアアドベンチャー,3901513,長野県松本市安曇4306,,,青山常務
2220,948,2013,ノーススターアウトドアアドベンチャー,3901513,長野県松本市安曇4306,,,青山常務
2220,948,2014,ノーススターアウトドアアドベンチャー,3901513,長野県松本市安曇4306,,,青山常務
2226,1258,2012,神宮寺マンション,3900303,長野県松本市浅間温泉３－２２－３３,,,久保田　宗孝
2226,1258,2013,神宮寺マンション,3900303,長野県松本市浅間温泉３－２２－３３,,,久保田　宗孝
2226,1258,2014,神宮寺マンション,3900303,長野県松本市浅間温泉３－２２－３３,,,久保田　宗孝
2227,1259,2012,ゆり産婦人科医院,3990027,長野県松本市寿南１－２３－４,0263-85-0555,0263-85-0666,院長
2227,1259,2013,ゆり産婦人科医院,3990027,長野県松本市寿南１－２３－４,0263-85-0555,0263-85-0666,院長
2227,1259,2014,ゆり産婦人科医院,3990027,長野県松本市寿南１－２３－４,0263-85-0555,0263-85-0666,院長
2228,89,2012,富国物産株式会社松本支店,3990014,長野県松本市平田東３－６－５,,,
2228,89,2013,富国物産株式会社松本支店,3990014,長野県松本市平田東３－６－５,,,
2228,89,2014,富国物産株式会社松本支店,3990014,長野県松本市平田東３－６－５,,,
2229,317,2012,日建リース工業株式会社長野支店,3997104,長野県安曇野市明科七貴４６２５－２,0263-62-5600,,
2229,317,2013,日建リース工業株式会社長野支店,3997104,長野県安曇野市明科七貴４６２５－２,0263-62-5600,,
2229,317,2014,日建リース工業株式会社長野支店,3997104,長野県安曇野市明科七貴４６２５－２,0263-62-5600,,
2231,612,2013,中村内科小児科医院,3900827,長野県松本市出川１９－５,0263-25-5763,,
2231,612,2014,中村内科小児科医院,3900827,長野県松本市出川１９－５,0263-25-5763,,
2232,611,2013,タカラスタンダード㈱飯田営業所,3950152,長野県飯田市育良町１－１７－１６,,,伊藤くん
2232,611,2014,タカラスタンダード㈱飯田営業所,3950152,長野県飯田市育良町１－１７－１６,,,伊藤くん
2233,626,2013,有料老人ホーム　ケアホーム　内田,3990023,長野県松本市内田７４３－２５,,,
2233,626,2014,有料老人ホーム　ケアホーム　内田,3990023,長野県松本市内田７４３－２５,,,
2234,611,2013,ポレスター諏訪湖岸通り弐番館,3920027,長野県諏訪市湖岸通り４－１０－１９,,,川上くん
2234,611,2014,ポレスター諏訪湖岸通り弐番館,3920027,長野県諏訪市湖岸通り４－１０－１９,,,川上くん
2235,1260,2013,ＡＢＣ松本白板店,3900863,長野県松本市白板１－１－１４,,,店長
2235,1260,2014,ＡＢＣ松本白板店,3900863,長野県松本市白板１－１－１４,,,店長
2236,1261,2013,ケアヒルズＭＩＲＩＥ若槻,3810084,長野県長野市若槻東条１１７４－２,026-262-1969,,防火管理者　清水さん
2236,1261,2014,ケアヒルズＭＩＲＩＥ若槻,3810084,長野県長野市若槻東条１１７４－２,026-262-1969,,防火管理者　清水さん
2237,1261,2013,ケアヒルズＭＩＲＩＥかわい,3800913,長野県長野市川合新田字村前１４９１－１,026-214-8858,,防火管理者　永井さん
2237,1261,2014,ケアヒルズＭＩＲＩＥかわい,3800913,長野県長野市川合新田字村前１４９１－１,026-214-8858,,防火管理者　永井さん
2238,1262,2013,安曇野警察署,3998205,長野県安曇野市豊科５７０４－２,0263-72-0110,,会計課根橋さん
2238,1262,2014,安曇野警察署,3998205,長野県安曇野市豊科５７０４－２,0263-72-0110,,会計課根橋さん
2239,611,2013,㈱マツモトキヨシ甲信越販売　ファミリードラッグ岡谷店,3940021,長野県岡谷市郷田１－７－４０８,,,伊藤くん
2239,611,2014,㈱マツモトキヨシ甲信越販売　ファミリードラッグ岡谷店,3940021,長野県岡谷市郷田１－７－４０８,,,伊藤くん
2240,611,2013,㈱マツモトキヨシ甲信越販売　本部,3940002,長野県岡谷市赤羽１－４－１８,,,伊藤くん
2240,611,2014,㈱マツモトキヨシ甲信越販売　本部,3940002,長野県岡谷市赤羽１－４－１８,,,伊藤くん
2241,611,2013,㈱マツモトキヨシ甲信越販売　ファミリー薬局,3940035,長野県岡谷市天竜町３－５２２１－１,,,伊藤くん
2241,611,2014,㈱マツモトキヨシ甲信越販売　ファミリー薬局,3940035,長野県岡谷市天竜町３－５２２１－１,,,伊藤くん
2242,611,2013,㈱マツモトキヨシ甲信越販売ドラッグストア　マツモトキヨシ上原店,3910001,長野県茅野市ちの２４３－７,,,伊藤くん
2242,611,2014,㈱マツモトキヨシ甲信越販売ドラッグストア　マツモトキヨシ上原店,3910001,長野県茅野市ちの２４３－７,,,伊藤くん
2243,611,2013,㈱マツモトキヨシ甲信越販売　赤沼ファミリー薬局,3920012,長野県諏訪市四賀赤沼１６２５,,,伊藤くん
2243,611,2014,㈱マツモトキヨシ甲信越販売　赤沼ファミリー薬局,3920012,長野県諏訪市四賀赤沼１６２５,,,伊藤くん
2244,611,2013,㈱マツモトキヨシ甲信越販売ドラッグストア　マツモトキヨシ長峰店,3910013,長野県茅野市宮川１１３５９－１,,,伊藤くん
2244,611,2014,㈱マツモトキヨシ甲信越販売ドラッグストア　マツモトキヨシ長峰店,3910013,長野県茅野市宮川１１３５９－１,,,伊藤くん
2245,611,2013,㈱マツモトキヨシ甲信越販売ドラッグストア　マツモトキヨシ大和店,3920027,長野県諏訪市湖岸通り２－３０５－１,,,伊藤くん
2245,611,2014,㈱マツモトキヨシ甲信越販売ドラッグストア　マツモトキヨシ大和店,3920027,長野県諏訪市湖岸通り２－３０５－１,,,伊藤くん
2246,611,2013,㈱マツモトキヨシ甲信越販売ドラッグストア　マツモトキヨシそうざ店,3900305,長野県松本市惣社５１４－１,,,伊藤くん
2246,611,2014,㈱マツモトキヨシ甲信越販売ドラッグストア　マツモトキヨシそうざ店,3900305,長野県松本市惣社５１４－１,,,伊藤くん
2247,611,2013,㈱マツモトキヨシ甲信越販売　ドラッグストア　マツモトキヨシ寿店,3990026,長野県松本市寿中１－１４－７,,,伊藤くん
2247,611,2014,㈱マツモトキヨシ甲信越販売　ドラッグストア　マツモトキヨシ寿店,3990026,長野県松本市寿中１－１４－７,,,伊藤くん
2248,611,2013,㈱マツモトキヨシ甲信越販売ドラッグストアマツモトキヨシつかま店,3900821,長野県松本市筑摩３－２８－３,,,伊藤くん
2248,611,2014,㈱マツモトキヨシ甲信越販売ドラッグストアマツモトキヨシつかま店,3900821,長野県松本市筑摩３－２８－３,,,伊藤くん
2249,611,2013,㈱マツモトキヨシ甲信越販売ドラッグストアマツモトキヨシ南松本店,3900843,長野県松本市高宮南１－２６,,,伊藤くん
2249,611,2014,㈱マツモトキヨシ甲信越販売ドラッグストアマツモトキヨシ南松本店,3900843,長野県松本市高宮南１－２６,,,伊藤くん
2250,611,2013,㈱マツモトキヨシ甲信越販売　ファミリードラッグ岡谷若宮店,3940032,長野県岡谷市若宮１－３－２３,,,伊藤くん
2250,611,2014,㈱マツモトキヨシ甲信越販売　ファミリードラッグ岡谷若宮店,3940032,長野県岡谷市若宮１－３－２３,,,伊藤くん
2251,611,2013,㈱マツモトキヨシ甲信越販売ﾄﾞﾗｯｸﾞｽﾄｱﾏﾂﾓﾄｷﾖｼあづみの堀金店,3998211,長野県安曇野市堀金烏川５０５２－１,,,伊藤くん
2251,611,2014,㈱マツモトキヨシ甲信越販売ﾄﾞﾗｯｸﾞｽﾄｱﾏﾂﾓﾄｷﾖｼあづみの堀金店,3998211,長野県安曇野市堀金烏川５０５２－１,,,伊藤くん
2252,611,2013,㈱マツモトキヨシ甲信越販売　ファミリードラッグ富士見店,3990214,長野県諏訪郡富士見町落合１０７７８－９,,,伊藤くん
2252,611,2014,㈱マツモトキヨシ甲信越販売　ファミリードラッグ富士見店,3990214,長野県諏訪郡富士見町落合１０７７８－９,,,伊藤くん
2253,611,2013,㈱青五　ﾀﾞｲｿｰ＆ｱｵﾔﾏ100YENPLAZA松本高宮店,3900834,長野県松本市高宮中２－２,,,伊藤くん
2253,611,2014,㈱青五　ﾀﾞｲｿｰ＆ｱｵﾔﾏ100YENPLAZA松本高宮店,3900834,長野県松本市高宮中２－２,,,伊藤くん
2254,611,2013,ＧＥヘルスケア・ジャパン株式会社,3900831,長野県松本市井川城３－１０－６,,,伊藤くん
2254,611,2014,ＧＥヘルスケア・ジャパン株式会社,3900831,長野県松本市井川城３－１０－６,,,伊藤くん
2255,611,2013,有限会社ｂｕｏｎｏ！安曇野工場,3998204,長野県安曇野市豊科高家２２８７－３１,,,伊藤くん
2255,611,2014,有限会社ｂｕｏｎｏ！安曇野工場,3998204,長野県安曇野市豊科高家２２８７－３１,,,伊藤くん
2257,231,2013,ニチコン製箔株式会社　大町工場　大町寮,3980002,長野県大町市大町２８２７－１,,,幅さん
2257,231,2014,ニチコン製箔株式会社　大町工場　大町寮,3980002,長野県大町市大町２８２７－１,,,幅さん
2258,317,2013,征矢野ふくとく園,3900842,長野県松本市征矢野１－６－３３－３,0263-88-7090,0263-88-7108,久保田次長
2258,317,2014,征矢野ふくとく園,3900842,長野県松本市征矢野１－６－３３－３,0263-88-7090,0263-88-7108,久保田次長
2259,311,2013,松商学園高等学校　向上合宿所,3900821,長野県松本市筑摩３－１３－１,,,
2259,311,2014,松商学園高等学校　向上合宿所,3900821,長野県松本市筑摩３－１３－１,,,
2260,948,2013,ニュー東京　三郷店,3998102,長野県安曇野市三郷温２７１４－１,0263-77-8662,,宮澤課長
2260,948,2014,ニュー東京　三郷店,3998102,長野県安曇野市三郷温２７１４－１,0263-77-8662,,宮澤課長
2261,1263,2013,介護付有料老人ホーム　ケイエス神林,3901243,長野県松本市神林１５００－１,0263-85-1195,,服部社長
2261,1263,2014,介護付有料老人ホーム　ケイエス神林,3901243,長野県松本市神林１５００－１,0263-85-1195,,服部社長
2262,64,2013,祭一丁&ビッグエコー大さじ小さじ店,3950002,長野県飯田市上郷飯沼３６３０－１,,,中島さん
2262,64,2014,祭一丁&ビッグエコー大さじ小さじ店,3950002,長野県飯田市上郷飯沼３６３０－１,,,中島さん
2263,189,2013,ＪＩＮＯＳ塩尻北店,3990701,長野県塩尻市広丘吉田６４８－７,,,青木さん
2263,189,2014,ＪＩＮＯＳ塩尻北店,3990701,長野県塩尻市広丘吉田６４８－７,,,青木さん
2264,99,2013,ホテル　モンターニュ松本,3900817,長野県松本市巾上３－２,,,
2264,99,2014,ホテル　モンターニュ松本,3900817,長野県松本市巾上３－２,,,
2265,611,2013,有限会社五味クリーニング工場,3940021,長野県岡谷市郷田２－７－９,,,伊藤くん
2265,611,2014,有限会社五味クリーニング工場,3940021,長野県岡谷市郷田２－７－９,,,伊藤くん
2266,727,2013,殺生ヒュッテ,3901516,長野県松本市安曇上高地国有林１０５ハ林小班,,,
2266,727,2014,殺生ヒュッテ,3901516,長野県松本市安曇上高地国有林１０５ハ林小班,,,
2267,1264,2013,宮川きのこ工場,3997501,長野県東筑摩郡本城村西条１７３２,0263-66-2727,,宮川　恵
2267,1264,2014,宮川きのこ工場,3997501,長野県東筑摩郡本城村西条１７３２,0263-66-2727,,宮川　恵
2268,1265,2013,月の蕎麦,3900314,長野県松本市岡田伊深６２９,0263-46-4787,,西村　健三
2268,1265,2014,月の蕎麦,3900314,長野県松本市岡田伊深６２９,0263-46-4787,,西村　健三
2269,1266,2013,サンライフ伊藤,3900805,長野県松本市清水１－８－２,0263-35-9228,,伊藤　千代美
2269,1266,2014,サンライフ伊藤,3900805,長野県松本市清水１－８－２,0263-35-9228,,伊藤　千代美
2270,1267,2013,クボタパルデンス,3990000,長野県松本市野溝東１－６－１８,0263-26-0888,,窪田　智美
2270,1267,2014,クボタパルデンス,3990000,長野県松本市野溝東１－６－１８,0263-26-0888,,窪田　智美
2271,611,2013,北澤美術館　本館棟,3920027,長野県諏訪市湖岸通り１－１３－２８,0266-58-6000,0266-58-6008,川上くん
2271,611,2014,北澤美術館　本館棟,3920027,長野県諏訪市湖岸通り１－１３－２８,0266-58-6000,0266-58-6008,川上くん
2272,611,2013,北澤美術館　収蔵庫棟,3920027,長野県諏訪市湖岸通り１－２０８－３２,0266-58-6000,0266-58-6008,川上くん
2272,611,2014,北澤美術館　収蔵庫棟,3920027,長野県諏訪市湖岸通り１－２０８－３２,0266-58-6000,0266-58-6008,川上くん
2273,1268,2013,有限会社オリイ,3990702,長野県塩尻市広丘野村１９５８,0263-53-5320,,協伸電業（百瀬氏）
2273,1268,2014,有限会社オリイ,3990702,長野県塩尻市広丘野村１９５８,0263-53-5320,,協伸電業（百瀬氏）
2274,1269,2013,長野県貨物株式会社,3901301,長野県東筑摩郡山形村５５８３－１,0263-98-3963,0263-98-3967,大野田社長
2274,1269,2014,長野県貨物株式会社,3901301,長野県東筑摩郡山形村５５８３－１,0263-98-3963,0263-98-3967,大野田社長
2275,1270,2013,ボルボ・カーズ長野,3812215,長野県長野市稲里町中氷鉋４１５－１,026-284-1781,026-286-2494,支店長
2275,1270,2014,ボルボ・カーズ長野,3812215,長野県長野市稲里町中氷鉋４１５－１,026-284-1781,026-286-2494,支店長
2276,1270,2013,オートギャラリー長野,3812217,長野県長野市稲里町中央４－１６－１７,026-283-9110,026-285-7377,支店長
2276,1270,2014,オートギャラリー長野,3812217,長野県長野市稲里町中央４－１６－１７,026-283-9110,026-285-7377,支店長
2277,1270,2013,フィアット・アルファロメオ長野,3812215,長野県長野市稲里町中氷鉋４５７,026-285-6688,026-285-7377,支店長
2277,1270,2014,フィアット・アルファロメオ長野,3812215,長野県長野市稲里町中氷鉋４５７,026-285-6688,026-285-7377,支店長
2278,1178,2013,グループホームあやめ,3997701,長野県東筑摩郡麻績村麻叶里３６１２,0263-87-3066,,吉田副施設長（女性）
2278,1178,2014,グループホームあやめ,3997701,長野県東筑摩郡麻績村麻叶里３６１２,0263-87-3066,,吉田副施設長（女性）
2279,1271,2013,くら寿司松本南店,3990014,長野県松本市平田東３－１５－６,,,店長
2279,1271,2014,くら寿司松本南店,3990014,長野県松本市平田東３－１５－６,,,店長
2282,1272,2013,あんずの木,3998102,長野県安曇野市三郷温２９９－１,0263-50-7780,0263-50-7782,古畑理事長
2282,1272,2014,あんずの木,3998102,長野県安曇野市三郷温２９９－１,0263-50-7780,0263-50-7782,古畑理事長
2283,1273,2013,太洋白馬ハイツ,3999301,長野県北安曇郡白馬村北城５８２３－１,0261-72-4125,,塩島さん
2283,1273,2014,太洋白馬ハイツ,3999301,長野県北安曇郡白馬村北城５８２３－１,0261-72-4125,,塩島さん
2284,1274,2013,白馬アルプスホテル,3999422,長野県北安曇郡小谷村千国乙,0261-82-2811,0261-82-2823,支配人
2284,1274,2014,白馬アルプスホテル,3999422,長野県北安曇郡小谷村千国乙,0261-82-2811,0261-82-2823,支配人
2285,1275,2013,南信酪農業協同組合,3900837,長野県松本市鎌田２－１－１,0263-25-1700,,
2285,1275,2014,南信酪農業協同組合,3900837,長野県松本市鎌田２－１－１,0263-25-1700,,
2286,1276,2013,塩尻市辰野町中学校組合　両小野中学校,,塩尻市大字北小野１３３８９番地,0266-46-2597,,
2286,1276,2014,塩尻市辰野町中学校組合　両小野中学校,,塩尻市大字北小野１３３８９番地,0266-46-2597,,
2287,1276,2013,塩尻市立　塩尻西小学校,3990732,長野県塩尻市大門五番町５－４－５５,0263-52-0147,,
2287,1276,2014,塩尻市立　塩尻西小学校,3990732,長野県塩尻市大門五番町５－４－５５,0263-52-0147,,
2288,1276,2013,塩尻市立　塩尻中学校,3990713,長野県塩尻市大小屋６１番地,0263-51-1617,,
2288,1276,2014,塩尻市立　塩尻中学校,3990713,長野県塩尻市大小屋６１番地,0263-51-1617,,
2289,1276,2013,塩尻市立　塩尻東小学校,3990712,長野県塩尻市塩尻町４２７番地,0263-52-0315,,
2289,1276,2014,塩尻市立　塩尻東小学校,3990712,長野県塩尻市塩尻町４２７番地,0263-52-0315,,
2290,1276,2013,塩尻市立　吉田小学校,3990701,長野県塩尻市広丘吉田１０９７－２,0263-58-0753,,
2290,1276,2014,塩尻市立　吉田小学校,3990701,長野県塩尻市広丘吉田１０９７－２,0263-58-0753,,
2291,1276,2013,塩尻市立　桔梗小学校,3990703,長野県塩尻市広丘高出１４８６－１９３,0263-52-3977,,
2291,1276,2014,塩尻市立　桔梗小学校,3990703,長野県塩尻市広丘高出１４８６－１９３,0263-52-3977,,
2292,1276,2013,塩尻市立　丘中学校,3990702,長野県塩尻市広丘野村１３０２,0263-52-8973,,
2292,1276,2014,塩尻市立　丘中学校,3990702,長野県塩尻市広丘野村１３０２,0263-52-8973,,
2293,1276,2013,塩尻市立　広丘小学校,3990706,長野県塩尻市広丘原新田１１６,0263-52-0742,,
2293,1276,2014,塩尻市立　広丘小学校,3990706,長野県塩尻市広丘原新田１１６,0263-52-0742,,
2294,1276,2013,塩尻市立　広陵中学校,3990705,長野県塩尻市広丘堅石４５７－１,0263-53-3537,,
2294,1276,2014,塩尻市立　広陵中学校,3990705,長野県塩尻市広丘堅石４５７－１,0263-53-3537,,
2295,1276,2013,塩尻市立　宗賀小学校,3996461,長野県塩尻市宗賀２６４６番地,0263-52-1002,,
2295,1276,2014,塩尻市立　宗賀小学校,3996461,長野県塩尻市宗賀２６４６番地,0263-52-1002,,
2296,1276,2013,塩尻市立　西部中学校,3996461,長野県塩尻市宗賀１４６１－２,0263-54-2489,,
2296,1276,2014,塩尻市立　西部中学校,3996461,長野県塩尻市宗賀１４６１－２,0263-54-2489,,
2297,1276,2013,塩尻市立　洗馬小学校,3996462,長野県塩尻市洗馬２５４５番地,0263-52-0072,,
2297,1276,2014,塩尻市立　洗馬小学校,3996462,長野県塩尻市洗馬２５４５番地,0263-52-0072,,
2298,1276,2013,塩尻市立　楢川小学校,3996302,長野県塩尻市木曽平沢１４５１－１３８,0264-34-2004,,
2298,1276,2014,塩尻市立　楢川小学校,3996302,長野県塩尻市木曽平沢１４５１－１３８,0264-34-2004,,
2299,1276,2013,塩尻市立　楢川中学校,3996303,長野県塩尻市奈良井１０３７－３,0264-34-2242,,
2299,1276,2014,塩尻市立　楢川中学校,3996303,長野県塩尻市奈良井１０３７－３,0264-34-2242,,
2300,1276,2013,塩尻市立　片丘小学校,3990711,長野県塩尻市片丘５３６６番地,0263-52-1606,,
2300,1276,2014,塩尻市立　片丘小学校,3990711,長野県塩尻市片丘５３６６番地,0263-52-1606,,
2301,1276,2013,片丘児童館・片丘トレーニングセンター,3990711,長野県塩尻市片丘５３６６番地,,,
2301,1276,2014,片丘児童館・片丘トレーニングセンター,3990711,長野県塩尻市片丘５３６６番地,,,
2302,651,2013,松川村立松川中学校,3998501,長野県北安曇郡松川村,,,
2302,651,2014,松川村立松川中学校,3998501,長野県北安曇郡松川村,,,
2303,35,2013,メゾン浅間,3900303,長野県松本市浅間温泉３－１４－１,0263-46-5055,,
2303,35,2014,メゾン浅間,3900303,長野県松本市浅間温泉３－１４－１,0263-46-5055,,
2304,611,2013,セコム上信越株式会社　伊那営業所,3960015,長野県伊那市中央区本通り４８１１－１２,0265-78-1164,,伊藤くん
2304,611,2014,セコム上信越株式会社　伊那営業所,3960015,長野県伊那市中央区本通り４８１１－１２,0265-78-1164,,伊藤くん
2305,611,2013,スバル信州株式会社松本村井店,3990035,長野県松本市芳川村井町北２－８－４０,0263-58-2242,,伊藤くん
2305,611,2014,スバル信州株式会社松本村井店,3990035,長野県松本市芳川村井町北２－８－４０,0263-58-2242,,伊藤くん
2306,611,2013,スバル信州株式会社諏訪店,3920012,長野県諏訪市四賀９４１－１,0266-52-0533,,伊藤くん
2306,611,2014,スバル信州株式会社諏訪店,3920012,長野県諏訪市四賀９４１－１,0266-52-0533,,伊藤くん
2307,611,2013,スバル信州株式会社伊那店,3994431,長野県伊那市西春近２４３８－１,0265-72-6135,,伊藤くん
2307,611,2014,スバル信州株式会社伊那店,3994431,長野県伊那市西春近２４３８－１,0265-72-6135,,伊藤くん
2308,611,2013,サンテインおたり,3999421,長野県北安曇郡小谷村中小谷丙２５０４－９,0261-82-2228,,伊藤くん
2308,611,2014,サンテインおたり,3999421,長野県北安曇郡小谷村中小谷丙２５０４－９,0261-82-2228,,伊藤くん
2309,611,2013,道の駅おたり,3999601,長野県北安曇郡小谷村北小谷１８６１－１,0261-71-6000,,伊藤くん
2309,611,2014,道の駅おたり,3999601,長野県北安曇郡小谷村北小谷１８６１－１,0261-71-6000,,伊藤くん
2310,611,2013,雨飾荘,3999511,長野県北安曇郡小谷村中土１８９２６－１,,,伊藤くん
2310,611,2014,雨飾荘,3999511,長野県北安曇郡小谷村中土１８９２６－１,,,伊藤くん
2311,611,2013,栂池自然園　栂池山荘,3999422,長野県北安曇郡小谷村千国乙１２８８３－１,,,伊藤くん
2311,611,2014,栂池自然園　栂池山荘,3999422,長野県北安曇郡小谷村千国乙１２８８３－１,,,伊藤くん
2312,611,2013,栂池自然園　栂池ビジターセンター,3999422,長野県北安曇郡小谷村千国乙１２８８３－１,,,伊藤くん
2312,611,2014,栂池自然園　栂池ビジターセンター,3999422,長野県北安曇郡小谷村千国乙１２８８３－１,,,伊藤くん
2313,611,2013,早稲田大学　神の田圃ヒュッテ,3999422,長野県北安曇郡小谷村千国乙１２８３０,,,伊藤くん
2313,611,2014,早稲田大学　神の田圃ヒュッテ,3999422,長野県北安曇郡小谷村千国乙１２８３０,,,伊藤くん
2314,612,2013,鳥蔵別邸　東屋,3800831,長野県長野市東町１０４番,,,轟さん
2314,612,2014,鳥蔵別邸　東屋,3800831,長野県長野市東町１０４番,,,轟さん
2316,1278,2013,明盛電子工業,3998101,長野県安曇野市三郷明盛２９６４－１,0263-87-8120,0263-87-8121,梅田さん
2316,1278,2014,明盛電子工業,3998101,長野県安曇野市三郷明盛２９６４－１,0263-87-8120,0263-87-8121,梅田さん
2317,1279,2013,パレーシャル赤津他２件,3990701,長野県塩尻市広丘吉田１２－２,,,赤津　誠内
2317,1279,2014,パレーシャル赤津他２件,3990701,長野県塩尻市広丘吉田１２－２,,,赤津　誠内
2318,178,2013,やすら木の家「しろのにし」北棟,3900875,長野県松本市城西１－４－５,0263-36-6877,,深澤さん
2318,178,2014,やすら木の家「しろのにし」北棟,3900875,長野県松本市城西１－４－５,0263-36-6877,,深澤さん
2319,178,2013,やすら木の家「しろのにし」南棟,3900875,長野県松本市城西１－４－５,0263-36-6877,,深澤さん
2319,178,2014,やすら木の家「しろのにし」南棟,3900875,長野県松本市城西１－４－５,0263-36-6877,,深澤さん
2320,1117,2013,ＪＡ松本市　会館,3900815,長野県松本市深志２－１－１,,,
2320,1117,2014,ＪＡ松本市　会館,3900815,長野県松本市深志２－１－１,,,
2321,948,2013,合同会社浅間温泉開発　星野リゾート　界　松本,3900303,長野県松本市浅間温泉３－４－９,0263-46-1150,,青山常務
2321,948,2014,合同会社浅間温泉開発　星野リゾート　界　松本,3900303,長野県松本市浅間温泉３－４－９,0263-46-1150,,青山常務
2322,1280,2013,新生テクノス株式会社　木曽福島営業所,3970001,長野県木曽郡木曽福島町１９５０－１,0264-24-3620,0264-24-3626,所長
2322,1280,2014,新生テクノス株式会社　木曽福島営業所,3970001,長野県木曽郡木曽福島町１９５０－１,0264-24-3620,0264-24-3626,所長
2323,274,2013,安曇野市碌山公園　研成ホール,3998303,長野県安曇野市穂高５６１３－１,0263-82-0769,,山﨑部長
2323,274,2014,安曇野市碌山公園　研成ホール,3998303,長野県安曇野市穂高５６１３－１,0263-82-0769,,山﨑部長
2324,999,2013,テスコム電機株式会社,3901242,長野県松本市和田４２１７－１,,,工場長
2324,999,2014,テスコム電機株式会社,3901242,長野県松本市和田４２１７－１,,,工場長
2325,164,2013,有料老人ホーム　ローズガーデン,3990037,松本市村井町西２－１６－２,0263-57-4012,,
2325,164,2014,有料老人ホーム　ローズガーデン,3990037,松本市村井町西２－１６－２,0263-57-4012,,
2326,612,2013,㈱東京堂ＡＲＣバリューデリバリーセンター　（７号棟）,3901101,長野県東筑摩郡朝日村西洗馬原新田１１３１－３,,,業務課　春日山
2326,612,2014,㈱東京堂ＡＲＣバリューデリバリーセンター　（７号棟）,3901101,長野県東筑摩郡朝日村西洗馬原新田１１３１－３,,,業務課　春日山
2327,373,2013,松商学園高等学校　源智寮,3900811,長野県松本市中央３－８－３,,,伊藤さん
2327,373,2014,松商学園高等学校　源智寮,3900811,長野県松本市中央３－８－３,,,伊藤さん
2328,1281,2013,大栄産業株式会社,3990000,長野県松本市波田２９５１－３７,0263-92-5051,,羽山さん
2329,611,2013,情熱家族　飯田店,3950805,長野県飯田市鼎一色３８８－１,0265-21-6050,,伊藤くん
2329,611,2014,情熱家族　飯田店,3950805,長野県飯田市鼎一色３８８－１,0265-21-6050,,伊藤くん
2330,611,2013,情熱家族　座光寺店,3950001,長野県飯田市座光寺３８５０,0265-56-2211,,伊藤くん
2330,611,2014,情熱家族　座光寺店,3950001,長野県飯田市座光寺３８５０,0265-56-2211,,伊藤くん
2331,1282,2013,野澤公民館,3998102,長野県安曇野市三郷温７８９－２,,,松村　浄
2331,1282,2014,野澤公民館,3998102,長野県安曇野市三郷温７８９－２,,,松村　浄
2332,611,2013,ダンロップタイヤ関東株式会社　伊那配送センター,3960000,長野県伊那市山寺１５７１番地,,,川上くん
2332,611,2014,ダンロップタイヤ関東株式会社　伊那配送センター,3960000,長野県伊那市山寺１５７１番地,,,川上くん
2333,611,2013,株式会社東京ウェルズ松本事業所,3901132,長野県松本市空港東８９５３－５,,,伊藤くん
2333,611,2014,株式会社東京ウェルズ松本事業所,3901132,長野県松本市空港東８９５３－５,,,伊藤くん
2334,590,2013,昭和開発ビル,3900877,松本市沢村2-15-23,0263-34-1421,,宮下さん
2334,590,2014,昭和開発ビル,3900877,松本市沢村2-15-23,0263-34-1421,,宮下さん
2335,1283,2013,ヴィラ・クレアーレ,3900305,長野県松本市惣社１０４８－１他三筆,,,
2335,1283,2014,ヴィラ・クレアーレ,3900305,長野県松本市惣社１０４８－１他三筆,,,
2336,637,2013,ツクイ飯田白山デイサービス,3950076,長野県飯田市白山町３－１２－９,,,宮澤さん
2336,637,2014,ツクイ飯田白山デイサービス,3950076,長野県飯田市白山町３－１２－９,,,宮澤さん
2337,1284,2013,株式会社日伸音波製作所.,3900851,長野県松本市島内４１７２－１,0263-40-1400,0263-40-1410,大熊部長
2338,1248,2013,千歳橋ビル,3900811,長野県松本市中央２－２－１,0263-33-8545,0263-33-8546,管財課　松田課長
2338,1248,2014,千歳橋ビル,3900811,長野県松本市中央２－２－１,0263-33-8545,0263-33-8546,管財課　松田課長
2339,990,2013,ヤマダドレス　本町ビル,3900811,長野県松本市中央２－５－２,,,熊谷さん
2339,990,2014,ヤマダドレス　本町ビル,3900811,長野県松本市中央２－５－２,,,熊谷さん
2340,1285,2013,県設計ビル,3900813,長野県松本市埋橋１－１－６,0263-36-5537,,品澤さん
2340,1285,2014,県設計ビル,3900813,長野県松本市埋橋１－１－６,0263-36-5537,,品澤さん
2341,1286,2013,コージィ　クロッシング,3900872,長野県松本市北深志３－１０－３２,,,辻　喜夫
2342,539,2013,株式会社サイベックコーポレーション夢工場,3990704,長野県塩尻市広丘郷原字南原９４８－１,0263-53-5500,0263-53-5100,白井　靖信
2342,539,2014,株式会社サイベックコーポレーション夢工場,3990704,長野県塩尻市広丘郷原字南原９４８－１,0263-53-5500,0263-53-5100,白井　靖信
2343,1211,2013,サービス付き高齢者向け住宅　悠庵,3990006,長野県松本市野溝西２－３－２３,0263-24-1060,,
2343,1211,2014,サービス付き高齢者向け住宅　悠庵,3990006,長野県松本市野溝西２－３－２３,0263-24-1060,,
2344,274,2013,本庄プラザビル,3900814,長野県松本市本庄１－１－１７,,,百瀬常務
2344,274,2014,本庄プラザビル,3900814,長野県松本市本庄１－１－１７,,,百瀬常務
2345,1287,2013,シンコール株式会社松本営業所,3990033,長野県松本市笹賀７６００－３２,0263-86-5000,0263-86-5711,岩井所長
2345,1287,2014,シンコール株式会社松本営業所,3990033,長野県松本市笹賀７６００－３２,0263-86-5000,0263-86-5711,岩井所長
2346,562,2013,株式会社ぶどうの郷山辺　農産物直売所,3900222,長野県松本市入山辺1315-2,0263-32-3644,,
2346,562,2014,株式会社ぶどうの郷山辺　農産物直売所,3900222,長野県松本市入山辺1315-2,0263-32-3644,,
2347,1288,2013,宮島耳鼻咽喉科医院,3998205,長野県安曇野市豊科４９２７－２,0263-72-2424,0263-72-9343,宮島先生
2347,1288,2014,宮島耳鼻咽喉科医院,3998205,長野県安曇野市豊科４９２７－２,0263-72-2424,0263-72-9343,宮島先生
2348,1289,2013,コーポあさま寿　Ａ棟・Ｂ棟,3900313,長野県松本市岡田下岡田２４５－１,0263-46-1006,,深井　壽一
2348,1289,2014,コーポあさま寿　Ａ棟・Ｂ棟,3900313,長野県松本市岡田下岡田２４５－１,0263-46-1006,,深井　壽一
2349,1290,2013,酒楽ビル,3900811,長野県松本市中央１－４－２,0263-35-3766,,磯尾社長
2349,1290,2014,酒楽ビル,3900811,長野県松本市中央１－４－２,0263-35-3766,,磯尾社長
2350,1291,2013,株式会社アルプスウェイ　長野センター,3870007,長野県千曲市屋代中島３０７５－１,026-273-8250,026-272-7691,野嶋所長
2350,1291,2014,株式会社アルプスウェイ　長野センター,3870007,長野県千曲市屋代中島３０７５－１,026-273-8250,026-272-7691,野嶋所長
2351,513,2013,ロンサール竹渕,,,,,田中常務
2351,513,2014,ロンサール竹渕,,,,,田中常務
2352,948,2013,大東プラザニュー伊勢町,3900811,長野県松本市中央１－２－７,,,青山常務
2352,948,2014,大東プラザニュー伊勢町,3900811,長野県松本市中央１－２－７,,,青山常務
2353,1292,2013,株式会社エーワンオートイワセ　本社サービスセンター,3900833,長野県松本市双葉１８－２,0263-27-2269,,名取さん
2353,1292,2014,株式会社エーワンオートイワセ　本社サービスセンター,3900833,長野県松本市双葉１８－２,0263-27-2269,,名取さん
2354,612,2013,油　家,3900814,長野県松本市本庄１－１４－５,,,ＡＬＳＯＫ笠原
2354,612,2014,油　家,3900814,長野県松本市本庄１－１４－５,,,ＡＬＳＯＫ笠原
2355,1117,2013,株式会社コタケ開智橋店,3900811,長野県松本市中央１－２２－７,0263-32-2213,,鳥羽社長
2355,1117,2014,株式会社コタケ開智橋店,3900811,長野県松本市中央１－２２－７,0263-32-2213,,鳥羽社長
2356,1293,2013,太田皮膚科クリニック,3998211,長野県安曇野市堀金烏川５０２６－６,0263-31-6363,,事務　太田さん
2356,1293,2014,太田皮膚科クリニック,3998211,長野県安曇野市堀金烏川５０２６－６,0263-31-6363,,事務　太田さん
2357,858,2013,ヴィラハイランド,3998303,長野県安曇野市穂高5947,090-8943-5201,,等々力　強・充
2357,858,2014,ヴィラハイランド,3998303,長野県安曇野市穂高5947,090-8943-5201,,等々力　強・充
2358,940,2013,株式会社ウッドアールオオクワ,3995502,長野県木曽郡大桑村須原１３６７－１,0264-55-3111,,木下社長
2358,940,2014,株式会社ウッドアールオオクワ,3995502,長野県木曽郡大桑村須原１３６７－１,0264-55-3111,,木下社長
2359,1294,2013,波田２３区公民館,3990000,長野県松本市波田１０１２５－３,0263-92-3059,,加藤　明
2359,1294,2014,波田２３区公民館,3990000,長野県松本市波田１０１２５－３,0263-92-3059,,加藤　明
2360,1295,2013,ＣＯＯの家　長野塩尻店,3990742,長野県塩尻市大門泉町１２００－２,,,梶間さん
2360,1295,2014,ＣＯＯの家　長野塩尻店,3990742,長野県塩尻市大門泉町１２００－２,,,梶間さん
2361,1296,2013,山本耳鼻咽喉科,3998303,長野県安曇野市穂高９８４－２,0263-82-7525,,山本先生
2361,1296,2014,山本耳鼻咽喉科,3998303,長野県安曇野市穂高９８４－２,0263-82-7525,,山本先生
2362,1297,2013,三沢医院,3900812,長野県松本市県２－４－７,0263-32-6706,,三沢さん
2362,1297,2014,三沢医院,3900812,長野県松本市県２－４－７,0263-32-6706,,三沢さん
2363,732,2013,マクサー電機株式会社　倉庫,3997702,長野県東筑摩郡麻績村日４９４５－１,0263-67-2246,,宮澤　与志人
2363,732,2014,マクサー電機株式会社　倉庫,3997702,長野県東筑摩郡麻績村日４９４５－１,0263-67-2246,,宮澤　与志人
2364,1298,2013,株式会社安曇野ミネラルウォーター,3998301,長野県安曇野市穂高有明５９４５－１００,0263-88-8810,,松山さん
2364,1298,2014,株式会社安曇野ミネラルウォーター,3998301,長野県安曇野市穂高有明５９４５－１００,0263-88-8810,,松山さん
2365,579,2013,水宗園　安曇野工場,3998204,長野県安曇野市豊科高家２２８７－３０,0263-72-2730,,赤羽正光
2365,579,2014,水宗園　安曇野工場,3998204,長野県安曇野市豊科高家２２８７－３０,0263-72-2730,,赤羽正光
2366,912,2013,ロイヤルカーステーション佐久インター店,3850023,長野県佐久市岩村田北１－１４－１,0267-66-3655,0267-66-3656,百本さん
2366,912,2014,ロイヤルカーステーション佐久インター店,3850023,長野県佐久市岩村田北１－１４－１,0267-66-3655,0267-66-3656,百本さん
2367,912,2013,ロイヤルカーステーション長野柳原39.8専門店,3810012,長野県長野市柳原２０２３－１,026-217-7839,026-217-7864,今井さん
2367,912,2014,ロイヤルカーステーション長野柳原39.8専門店,3810012,長野県長野市柳原２０２３－１,026-217-7839,026-217-7864,今井さん
2368,912,2013,ロイヤルオートサービス須坂店（車検のコバック須坂店）,3820000,長野県須坂市小山蒔田２５２９－５,026-214-5700,,岸田さん
2368,912,2014,ロイヤルオートサービス須坂店（車検のコバック須坂店）,3820000,長野県須坂市小山蒔田２５２９－５,026-214-5700,,岸田さん
2369,1299,2013,株式会社エム・ケー・ケー本社ビル,3900851,長野県松本市島内３４４３－１３,0263-47-9955,0263-47-0514,井上さん
2369,1299,2014,株式会社エム・ケー・ケー本社ビル,3900851,長野県松本市島内３４４３－１３,0263-47-9955,0263-47-0514,井上さん
2370,235,2013,ニチエイ本店ビル,3900832,長野県松本市南松本１－２－２７,,,
2370,235,2014,ニチエイ本店ビル,3900832,長野県松本市南松本１－２－２７,,,
2371,990,2013,ヤマダドレス　川中島店,3812221,長野県長野市川中島町御厨１０２８－５,026-283-3363,,涌井さん
2371,990,2014,ヤマダドレス　川中島店,3812221,長野県長野市川中島町御厨１０２８－５,026-283-3363,,涌井さん
2372,1300,2013,久保田建設工業株式会社,3997702,長野県東筑摩郡麻績村日５１１３,0263-67-2080,,久保田さん
2372,1300,2014,久保田建設工業株式会社,3997702,長野県東筑摩郡麻績村日５１１３,0263-67-2080,,久保田さん
2373,611,2013,ワークマン松本笹賀店,3990033,長野県松本市笹賀６５３１－６５,,,伊藤くん
2373,611,2014,ワークマン松本笹賀店,3990033,長野県松本市笹賀６５３１－６５,,,伊藤くん
2374,611,2013,ワークマン伊那箕輪店,3994601,長野県上伊那郡箕輪町中箕輪１１４０７－１,,,伊藤くん
2374,611,2014,ワークマン伊那箕輪店,3994601,長野県上伊那郡箕輪町中箕輪１１４０７－１,,,伊藤くん
2375,1301,2013,株式会社　山都　倉庫,3998301,長野県南安曇郡穂高町有明４４２７－１,0263-88-6604,,石田社長
2375,1301,2014,株式会社　山都　倉庫,3998301,長野県南安曇郡穂高町有明４４２７－１,0263-88-6604,,石田社長
2376,513,2013,アクアランド茅野：アクアランド茅野カルチャーセンター,3910001,長野県茅野市ちの上原２６３,,,田中常務
2376,513,2014,アクアランド茅野：アクアランド茅野カルチャーセンター,3910001,長野県茅野市ちの上原２６３,,,田中常務
2377,513,2013,金沢温泉　金鶏の湯,3910012,長野県茅野市金沢２３１６－１,,,田中常務
2377,513,2014,金沢温泉　金鶏の湯,3910012,長野県茅野市金沢２３１６－１,,,田中常務
2378,513,2013,尖石温泉　縄文の湯,3910213,長野県茅野市豊平４７３４－７８２１,,,田中常務
2378,513,2014,尖石温泉　縄文の湯,3910213,長野県茅野市豊平４７３４－７８２１,,,田中常務
2379,546,2013,有限会社マルダイ電子工業　本社,3990706,塩尻市大字広丘原新田３１５番地,0263-54-4535,,大槻　和人
2379,546,2014,有限会社マルダイ電子工業　本社,3990706,塩尻市大字広丘原新田３１５番地,0263-54-4535,,大槻　和人
2380,1302,2013,あづみ野建設労働組合,3998212,長野県安曇野市堀金三田９２８－１,0263-72-2744,,
2380,1302,2014,あづみ野建設労働組合,3998212,長野県安曇野市堀金三田９２８－１,0263-72-2744,,
2381,513,2013,東急ハーヴェストクラブ旧軽井沢,3890102,長野県北佐久郡軽井沢町軽井沢１１７８－４９３,0267-41-3000,0267-41-3003,田中常務
2381,513,2014,東急ハーヴェストクラブ旧軽井沢,3890102,長野県北佐久郡軽井沢町軽井沢１１７８－４９３,0267-41-3000,0267-41-3003,田中常務
2382,868,2013,アトリュウムビル,3900811,長野県松本市中央２－３－２３,,,
2382,868,2014,アトリュウムビル,3900811,長野県松本市中央２－３－２３,,,
2383,611,2013,フィッシングジャンボ　松本インター店,3900852,長野県松本市島立３０４－７,,,伊藤くん
2383,611,2014,フィッシングジャンボ　松本インター店,3900852,長野県松本市島立３０４－７,,,伊藤くん
2384,912,2013,車検のコバック　松本梓橋店,3900851,長野県松本市島内１６６６－６５６,0263-40-2511,,麻原さん
2384,912,2014,車検のコバック　松本梓橋店,3900851,長野県松本市島内１６６６－６５６,0263-40-2511,,麻原さん
2385,1303,2013,有限会社ニチボ,3997702,長野県東筑摩郡麻績村日１０４６,0263-67-4570,0263-67-4540,勝野
2385,1303,2014,有限会社ニチボ,3997702,長野県東筑摩郡麻績村日１０４６,0263-67-4570,0263-67-4540,勝野
2386,1304,2013,コーポ　サークルワン,3990703,長野県塩尻市広丘高出２０１９,,,腰原　実
2386,1304,2014,コーポ　サークルワン,3990703,長野県塩尻市広丘高出２０１９,,,腰原　実
2387,1305,2013,ラシュレ白金,3998205,長野県安曇野市豊科２１８８－４,0263-72-0934,,小林　美代子
2387,1305,2014,ラシュレ白金,3998205,長野県安曇野市豊科２１８８－４,0263-72-0934,,小林　美代子
2388,513,2013,ベルビア茅野駅前ビル,3910001,長野県茅野市ちの３５０２－１,0266-72-0794,,田中常務
2388,513,2014,ベルビア茅野駅前ビル,3910001,長野県茅野市ちの３５０２－１,0266-72-0794,,田中常務
2389,513,2013,ベルビア茅野市営地下駐車場,3910001,長野県茅野市ちの３５０２－１,0266-72-0794,,田中常務
2389,513,2014,ベルビア茅野市営地下駐車場,3910001,長野県茅野市ちの３５０２－１,0266-72-0794,,田中常務
2390,513,2013,富士見町コミュニティ・プラザ,3990211,長野県諏訪郡富士見町富士見３５９７－１,0266-62-7900,,田中常務
2390,513,2014,富士見町コミュニティ・プラザ,3990211,長野県諏訪郡富士見町富士見３５９７－１,0266-62-7900,,田中常務
2391,513,2013,ビックウィーク蓼科,3910301,長野県茅野市北山字鹿山４０２６－２,0266-60-2774,,田中常務
2391,513,2014,ビックウィーク蓼科,3910301,長野県茅野市北山字鹿山４０２６－２,0266-60-2774,,田中常務
2392,294,2013,リッツパレス,3900852,長野県松本市島立６３８,0263-50-6628,,蟻川さん
2392,294,2014,リッツパレス,3900852,長野県松本市島立６３８,0263-50-6628,,蟻川さん
2393,1306,2013,きまはち商店,3990000,長野県松本市村井町２－９２１－７,,,百瀬
2393,1306,2014,きまはち商店,3990000,長野県松本市村井町２－９２１－７,,,百瀬
2394,129,2013,株式会社マル井第２工場,3998205,長野県安曇野市豊科４９３２,,,
2394,129,2014,株式会社マル井第２工場,3998205,長野県安曇野市豊科４９３２,,,
2395,1307,2013,寿小池町会　放送設備,3990024,長野県松本市寿小赤,,,町会長
2396,912,2013,(有)タカノ自動車センター,3910003,長野県茅野市本町６－１４,0266-72-3546,0266-72-0507,渡邊さん
2396,912,2014,(有)タカノ自動車センター,3910003,長野県茅野市本町６－１４,0266-72-3546,0266-72-0507,渡邊さん
2397,513,2013,ベルジューレ軽井沢,3890102,長野県北佐久郡軽井沢町軽井沢１１４６－１,0267-41-2390,,田中常務
2397,513,2014,ベルジューレ軽井沢,3890102,長野県北佐久郡軽井沢町軽井沢１１４６－１,0267-41-2390,,田中常務
2398,513,2013,横河ブリッジ南蓼荘,3910213,長野県茅野市豊平字東獄の内古田山７７０２,0266-76-2105,,田中常務
2398,513,2014,横河ブリッジ南蓼荘,3910213,長野県茅野市豊平字東獄の内古田山７７０２,0266-76-2105,,田中常務
2399,513,2013,ロイヤルヴァンベール蓼科,3910301,長野県茅野市北山字南山栗平ﾖﾘ三室大萱迄４０３５－２２５８,0266-67-5941,,田中常務
2399,513,2014,ロイヤルヴァンベール蓼科,3910301,長野県茅野市北山字南山栗平ﾖﾘ三室大萱迄４０３５－２２５８,0266-67-5941,,田中常務
2400,513,2013,自動車振興会健康保険組合　ビュートピア蓼科,3910301,長野県茅野市北山４０３５－２７１４,0266-67-6930,,田中常務
2400,513,2014,自動車振興会健康保険組合　ビュートピア蓼科,3910301,長野県茅野市北山４０３５－２７１４,0266-67-6930,,田中常務
2401,294,2013,リッツガーデン島立Ａ棟Ｂ棟Ｃ棟,3900852,長野県松本市島立６４２,,,蟻川さん
2401,294,2014,リッツガーデン島立Ａ棟Ｂ棟Ｃ棟,3900852,長野県松本市島立６４２,,,蟻川さん
2402,1308,2013,下宿　寺沢,3900303,長野県松本市浅間温泉１－１６－１６,0263-46-5105,,寺沢　昭
2402,1308,2014,下宿　寺沢,3900303,長野県松本市浅間温泉１－１６－１６,0263-46-5105,,寺沢　昭
2403,513,2013,シェーンベルク蓼科,3910301,長野県茅野市北山南山栗平４０３５－６,0266-67-6264,,田中常務
2403,513,2014,シェーンベルク蓼科,3910301,長野県茅野市北山南山栗平４０３５－６,0266-67-6264,,田中常務
2404,513,2013,康耀堂美術館,3910213,長野県茅野市豊平字東獄４７３４－２１５,0266-71-6811,,田中常務
2404,513,2014,康耀堂美術館,3910213,長野県茅野市豊平字東獄４７３４－２１５,0266-71-6811,,田中常務
2405,513,2013,東急ハーヴェストクラブ旧軽井沢アネックス,3890102,長野県北佐久郡軽井沢町軽井沢１１７８－４９３,0267-41-3000,,田中常務
2405,513,2014,東急ハーヴェストクラブ旧軽井沢アネックス,3890102,長野県北佐久郡軽井沢町軽井沢１１７８－４９３,0267-41-3000,,田中常務
2406,513,2013,望岳の湯,3910011,長野県茅野市玉川６１５４－１,0266-82-8833,,田中常務
2406,513,2014,望岳の湯,3910011,長野県茅野市玉川６１５４－１,0266-82-8833,,田中常務
2407,513,2013,三菱重工健保組合蓼科高原荘,3910301,長野県茅野市北山字南山栗平４０３５－２６２８,0266-67-6838,,田中常務
2407,513,2014,三菱重工健保組合蓼科高原荘,3910301,長野県茅野市北山字南山栗平４０３５－２６２８,0266-67-6838,,田中常務
2408,513,2013,蓼科フォーラム,3910213,長野県茅野市豊平チェルトの森柳川５－２－１０,0266-71-6600,,田中常務
2408,513,2014,蓼科フォーラム,3910213,長野県茅野市豊平チェルトの森柳川５－２－１０,0266-71-6600,,田中常務
2409,513,2013,住友化学健保組合蓼科高原荘,3910301,長野県茅野市北山字南山栗平４０３５－２６６９,0266-67-3720,,田中常務
2409,513,2014,住友化学健保組合蓼科高原荘,3910301,長野県茅野市北山字南山栗平４０３５－２６６９,0266-67-3720,,田中常務
2410,513,2013,サンライズ蓼科,3910301,長野県茅野市北山字鹿山４０２６－６－１０－１,0266-60-3241,,田中常務
2410,513,2014,サンライズ蓼科,3910301,長野県茅野市北山字鹿山４０２６－６－１０－１,0266-60-3241,,田中常務
2411,513,2013,ＴＲＹ&ＴＲＵＳＴ蓼科山荘,3910301,長野県茅野市北山４０３５－７４９,0266-67-3200,,田中常務
2411,513,2014,ＴＲＹ&ＴＲＵＳＴ蓼科山荘,3910301,長野県茅野市北山４０３５－７４９,0266-67-3200,,田中常務
2412,1309,2013,グループホームとよだ,3920016,長野県諏訪市豊田１０１－３,0266-57-4425,,今村さん（防火管理者）
2412,1309,2014,グループホームとよだ,3920016,長野県諏訪市豊田１０１－３,0266-57-4425,,今村さん（防火管理者）
2413,1309,2013,グループリビングとよだ,3920016,長野県諏訪市豊田１０１－１,0266-57-4422,0266-57-4426,今村さん（防火管理者）
2413,1309,2014,グループリビングとよだ,3920016,長野県諏訪市豊田１０１－１,0266-57-4422,0266-57-4426,今村さん（防火管理者）
2414,611,2013,ユーシーシーフーヅ㈱松本支店.,3990034,長野県松本市野溝東１－１３－２５,0263-28-5688,,伊藤くん
2415,611,2014,ユーシーシーフーヅ㈱松本支店,3990034,長野県松本市野溝東１－１３－２５,0263-28-5688,,伊藤くん
2416,1310,2013,そばとカフェ　ぐりんでる,,長野県松本市安曇稲核３３６５－１,0263-92-2825,,木口　光芳
2417,1310,2014,そばとカフェ　ぐりんでる.,,長野県松本市安曇稲核３３６５－１,0263-92-2825,,木口　光芳
2418,7,2014,上條鋼材株式会社　山形倉庫,3901301,長野県東筑摩郡山形村字南竹原６０４３－１１,,,丸山さん
2419,89,2014,株式会社アシスト,3990033,長野県松本市笹賀７６００－５,,,上嶋部長
2420,198,2014,波田児童センター,3901401,松本市波田10098-3,0263-91-3071,,
2421,198,2014,波田放課後児童クラブ,3901401,松本市波田4987,0263-91-3051,,
2422,198,2014,岡田放課後児童クラブ,3900312,松本市岡田松岡513,0263-46-9620,,
2423,198,2014,寿放課後児童クラブ,3990021,松本市寿豊丘1019-7,0263-57-5626,,
2424,1105,2014,国営アルプスあづみの公園（堀金・穂高地区）,,,,,宮本所長
2425,1311,2014,なゆた上田,3860032,長野県上田市諏訪形１４９５－５,0268-25-6555,,宮澤社長
2426,1312,2014,松廼家,3998303,長野県安曇野市穂高４４６８－１,0263-82-6969,,
2427,488,2014,丸山菓子舗　工場店,3998302,長野県安曇野市穂高北穂高１２,0263-82-7210,,丸山　雅亮
2428,1313,2014,東洋計器株式会社本社工場,3901242,長野県松本市和田３９６７－１０,0263-48-1121,0263-48-1130,松下課長
2429,1313,2014,東洋計器株式会社　穂高工場,3998305,長野県安曇野市穂高牧１１１０,0263-83-3111,0263-81-5055,松下課長
2430,611,2014,大和グラビヤ株式会社アルプス工場,3992221,長野県飯田市龍江５５６９,,,伊藤くん
2431,611,2014,重要文化財小野家住宅,3990712,長野県塩尻市塩尻町３９番地,,,伊藤くん
2432,611,2014,税理士　牧内秀幸事務所,3950051,長野県飯田市高羽町５－６－１２,,,伊藤くん
2433,611,2014,株式会社伍福園スイートガーデン,3950244,長野県飯田市山本６７２６－２,,,伊藤くん
2434,611,2014,カルビ大将　塩尻店,3990701,長野県塩尻市広丘吉田１０５３－１,,,伊藤くん
2435,611,2014,カルビ大将　豊科店,3998201,長野県安曇野市豊科南穂高６８２６－１,,,伊藤くん
2436,611,2014,かつ時　豊科インター店,3998201,長野県安曇野市豊科南穂高１１１－１,,,伊藤くん
2437,611,2014,ステーキ宮　箕輪店,3994601,長野県上伊那郡箕輪町中箕輪木下１１３１４－１,,,伊藤くん
2438,611,2014,ステーキ宮　飯田インター店,3950805,長野県飯田市鼎一色１７６－２,,,伊藤くん
2439,611,2014,いろはにほへと　飯田駅前店,3950041,長野県飯田市中央通り４－４０,,,伊藤くん
2440,661,2014,穂の花　蔵久店,3998303,長野県安曇野市穂高２１９６－１,0263-82-8380,,稲田店長
2441,626,2014,有料老人ホーム　ケアホーム村井,3990000,長野県松本市村井町西１－６－７,,,北沢さん
2442,626,2014,有料老人ホーム　ケアホーム松原,3990022,長野県松本市松原６５－４,,,北沢さん
2443,626,2014,有料老人ホーム　ケアホーム野溝,3990006,長野県松本市野溝西２－９－７,,,北沢さん
2444,513,2014,フォーシーズン八ヶ岳高原,4080044,山梨県北杜市小淵沢町１００６０－１０６７,,,田中常務
2445,513,2014,東急リゾートヴィラ旧軽井沢,3890102,長野県北佐久郡軽井沢町軽井沢字中谷池１１７８－５４１,,,田中常務
2446,1314,2014,会田共同養鶏農産物直売所たまごの駅,3998304,長野県安曇野市穂高柏原４５６８－１、４５７０－１,,,
2447,611,2014,焼肉番長　塩尻店,3990701,長野県塩尻市広丘吉田９８５－１,,,伊藤くん
2448,611,2014,焼肉番長　伊那店,3960006,長野県伊那市上牧６２３６,,,伊藤くん
2449,1315,2014,エスポワール安曇野,3998101,長野県安曇野市三郷明盛３４２－１１,0263-77-3729,,三沢　秀昭
2450,1316,2014,レストラン　ポム,3901241,松本市新村１９４３-１,0263-47-7730,,原田　和定
2451,513,2014,ヴィエント軽井沢コリドール,3890102,長野県北佐久郡軽井沢町軽井沢,,,田中常務
2452,513,2014,パセーオ軽井沢,3890102,長野県北佐久郡軽井沢町軽井沢,,,田中常務
2453,513,2014,塩壺の湯,3910216,長野県茅野市米沢６８４５,,,田中常務
2454,513,2014,旧軽井沢三笠ハウス,3890104,長野県北佐久郡軽井沢町軽井沢,,,田中常務
2455,513,2014,ホテルコロシアム・イン・蓼科,3842300,長野県北佐久郡立科町女神湖畔,,,田中常務
2456,513,2014,ＩＨＩグループ健康保険組合ステラ蓼科,3910301,長野県茅野市北山４０３５－２６４４,,,田中常務
