1,2010,1,11,5,0,2010/6/1,2,　避難器具プレート　２枚　　消火器Ａ－３　１本　　未警戒増設　差動　１個　ＡＥ0.9-2ｐ　20ｍ,見積もり提出中
1,2011,1,11,5,0,2011/7/28,2,　火報　未警戒増設　　５階　煙×１　AE0.9-2P　15ｍ　３階　煙×１　AE0.9-2P　15ｍ　　　誘導灯バッテリー　５階　FK-123,見積もり提出中
1,2012,1,11,5,0,2012/7/11,5,　前回の見積り出して下さい。　　今回三代沢点検,請求済み
1,2013,1,11,5,0,2013/9/30,5,　　ノーミ　煙感知器　２種　　　２台　　　避難はしごプレート　２枚　　一枚　￥１０００で　　消火器　Ａ－３　　２本　１本￥７０００,請求済み
1,2014,1,11,5,0,2014/5/14,5,消火器１０型１本点検時、交換・金額５０００円,請求済み
2,2010,1,11,5,0,2010/6/5,2,消火器　　Ａ－３　　２本　　　６５００円,見積もり提出中
2,2011,1,11,5,0,2011/6/15,5,ニッタン差動スポット　２個　ヘッド交換　　4000円　　　　消火器　　A-3　　2本　　6500円,請求済み
4,2011,1,11,5,0,2011/7/1,5,消火器　Ａ－３　２本,請求済み
4,2012,1,11,5,0,2012/6/12,5,受信機　バッテリ－　　Ｘ１　　注文して下さい。,請求済み
5,2012,1,12,5,0,2012/5/24,2,誘導灯　　Ｃ級　　片面　１台　　避難口　（リニューアルプレート必要）,見積もり提出中
5,2013,1,12,5,0,2013/5/29,2,前回同様　誘導灯Ｃ級避難口　　１台,見積もり提出中
5,2014,1,12,5,0,2014/6/4,1,"誘導灯　ＦＡ１０３１２ＥＮＬ　１台　　パネル　　１枚　　ＦＫ１１７２７　　１台　消火器ＡＢＣ１０型　　４本
非常灯バッテリー　岩崎　ＢＩＮ２０８Ｐ－Ｃ１０（９．６Ｖ２０００ｍＡＨ）　６台　　
リニューアル非常灯　パナ　ＬＢ９１６２０　　６台　　見積りはすべて別々に",見積もり依頼
7,2010,1,11,6,0,2010/6/19,5,消火器　　ＡＢＣ粉末１０型　　４本,請求済み
7,2011,1,11,6,0,2011/6/23,5,消火器　　ＡＢＣ粉末１０型　　　５本,請求済み
7,2012,1,11,6,0,2012/6/6,5,消火器　　ＡＢＣ粉末１０型　　　　５本,請求済み
7,2013,1,11,6,0,2013/6/18,2,"消火器　　ＡＢＣ粉末１０型　　　５本
誘導灯　　Ｃ級　　左矢印　　　室内　　　小型用リニュアルプレート付　　　１台",見積もり提出中
7,2014,1,11,6,0,2014/6/4,1,"消火器　　　ＡＢＣ粉末１０型　　　５本
誘導灯　　　不良交換　　　Ｃ級片面室内両矢印　　　１台",見積もり依頼
8,2010,1,12,5,0,2010/6/7,5,消火栓　　　ホース　　屋内消火栓　６本　　耐圧試験　　６本,請求済み
8,2011,1,12,5,0,2011/7/1,5,"ニッタン受信機バッテリー

DC24V　１．２Ah/５HR　１個",請求済み
8,2013,1,11,11,0,2013/12/17,5,誘導灯バッテリーＦＫ６２７Ａ×１　点検票ハンコ時に交換します。,請求済み
9,2010,1,11,5,0,2010/7/1,5,"消火器　　ＡＢＣ粉末１０型　　　３本
誘導灯　　バッテリー不良　　　ＦＫ－３７６　　１個",請求済み
9,2011,1,11,5,0,2011/6/23,5,"受信機用ﾊﾞｯﾃﾘｰ（ﾆｯﾀﾝDC24V0.6AH/5HR）x1個
誘導灯ﾊﾞｯﾃﾘｰ　FK376x1個",請求済み
9,2012,1,11,5,0,2012/6/7,5,　実施報告書記載,請求済み
9,2014,1,11,5,0,2014/5/23,2,誘導灯バッテリーＦＫ３４９×１・ＦＫ３７６×１、書類時見積り渡し,見積もり提出中
10,2011,1,12,5,0,2011/5/20,2,"消火器　　ＡＢＣ粉末１０型　　　　１９本
誘導灯　　バッテリー不良　　ＦＫ－６４６　　５個　　　ＦＫ－６２７Ａ　　１個　　　ＦＫ－３８１　　１個　　　パネル　ＦＫ－１６８７１　１枚
自家発　　バッテリー不良　　　ＨＳ－８０－６Ｅ　",見積もり提出中
10,2012,1,11,11,0,2012/12/4,5,"消火器　　ＡＢＣ粉末１０型　　　６本
誘導灯　　　バッテリー不良　　　ＦＫ－６２７Ａ　　　２個　　　　　　ＦＫ－６４６　　　１個",請求済み
10,2012,1,12,5,0,2012/5/29,2,"消火器　　　ＡＢＣ粉末１０型　　　　６本
誘導灯　　　バッテリー不良　　　ＦＫ－６２７Ａ　　　１個",見積もり提出中
10,2013,1,12,5,0,2013/5/24,5,誘導灯　　　バッテリー不良　　　ＦＫ－６２７Ａ　　　１個,請求済み
10,2014,1,12,5,0,2014/5/30,2,誘導灯　　バッテリー不良　　　ＦＫ－６２７Ａ　　　　２個,見積もり提出中
11,2010,1,11,5,0,2010/5/25,5,　Ａ－３消火器　３本見積もりお願いします。,請求済み
11,2014,1,11,5,0,2014/5/16,5,　Ａ－３消火器　２本　交換,請求済み
13,2011,1,11,5,0,2011/6/17,2,消火器　A-3　３本　￥６，５００,見積もり提出中
13,2012,1,11,5,0,2012/6/22,2,消火器　　Ａ-３　　７本,見積もり提出中
13,2013,1,11,5,0,2013/5/17,2,消火器　粉末ＡＢＣ１０型　　７本,見積もり提出中
13,2014,1,11,5,0,2014/5/30,2,"A-3消火器3本　6500×3
廃棄消火器3本　500×3
差動スポット型感知器×１　
ＯＰ×４Ｃ　　２０ｍ",見積もり提出中
14,2010,1,12,5,0,2010/6/8,5,,請求済み
14,2011,1,11,11,0,2011/11/28,5,　前回と同じく　誘導灯バッテリー　２台,請求済み
14,2011,1,12,5,0,2011/6/20,6,　東芝誘導灯バッテリー　　２NR-CU-S　２台,対応不要
14,2012,1,11,11,0,2012/12/25,2,　　ＦＫ－１２３　　１台,見積もり提出中
14,2013,1,11,11,0,2013/11/20,5,"消火器： A-３×４本　新品交換
誘導灯： Ｂ級避難口×１台　新品交換",請求済み
14,2013,1,12,5,0,2013/6/11,5,　誘導灯ﾊﾞｯﾃﾘｰ１台Ｃ級（前回と同じ）　　　消火器Ａ－３　２本　　（１本　￥７０００）,請求済み
15,2010,1,11,5,0,2010/6/5,5,火報　　煙感知器　　１ヶ所　交換済み　　　２００００円,請求済み
15,2011,1,11,5,0,2011/6/30,5,火報　　増設　　差動式ｽﾎﾟｯﾄ　　１ヶ　　０．９　ＯＰＸ４Ｃ　１０Ｍ　１００００円,請求済み
16,2010,1,11,11,0,2010/12/16,2,　誘導灯　C級　ﾀﾞｲｵｰﾄﾞ　　避難口　２台　　　　消火器A-3　３本,見積もり提出中
16,2010,1,12,5,0,2010/5/19,5,消火器　　Ａ－３　　４本　　　６５００円　　　誘導灯　　　Ｃ級　　片面　　１台　　非常口,請求済み
16,2011,1,12,5,0,2011/5/27,5,消火器　　A-３　　　３本　　６５００円　　　誘導灯　　C級　　２台交換,請求済み
17,2010,1,11,5,0,2010/6/7,5,誘導灯　　　ＦＫ－１８２　　４台,請求済み
17,2011,1,11,5,0,2011/6/2,2,消火器　　　Ａ－３　　　５本　　　６５００円　　　火報　　　ベル交換済み　　１ケ所　　　４０００円,見積もり提出中
17,2012,1,11,5,0,2012/6/1,5,"消火器　Ａ－３　２本　２０１１年製　　１本　５，０００にて販売　　　　　　
Ｃ級片面誘導灯避難口　１台",請求済み
17,2013,1,11,5,0,2013/5/29,5,"消火器　ＡＢＣ１０型　　２本

誘導灯バッテリー　ＦＫ１３６　　１本",請求済み
18,2010,1,11,5,0,2010/6/5,5,消火器　　Ａ－３　　２本　　　６５００円,請求済み
18,2011,1,11,5,0,2011/7/1,2,"誘導灯　高輝度　B級　計2台　つり下げ金具　１台

避難口　片面右矢印　及び　片面左矢印　 　各１台",見積もり提出中
19,2011,1,11,9,0,2011/10/11,5,消火器　　ABC粉末１０型　　　　　４本,請求済み
19,2012,1,11,9,0,2012/9/25,5,消火器　　ＡＢＣ粉末１０型　　１本　　　　ＡＢＣ粉末２０型　　　２本　　　　　２０型２本入れＢＯＸ　　　１個,請求済み
21,2010,1,11,5,0,2010/6/17,5,消火器　　１本用ボックス　　１台　　　火報　　　バッテリー　　　１．２Ａｈ　　　誘導灯　　Ｃ級　片面１台　,請求済み
21,2011,1,11,5,0,2011/6/21,5,"消火器　Ａ－３　６本交換　

￥６，５００　",請求済み
21,2014,1,11,5,0,2014/5/27,1,誘導灯　　Ｃ級　片面　３台　　左←　１台　　Ｃ級　両面　１台　右　左矢印,見積もり依頼
22,2010,1,11,11,0,2010/12/7,5,消火器　　Ａ－３　　　２本　　　　６５００円,請求済み
22,2010,1,12,5,0,2010/5/10,6,消火器　　Ａ－３　　２本　　　６５００円,対応不要
22,2013,1,11,11,0,2013/11/30,5,消火器　　Ａ－３　　２本廃棄　　１５００円,請求済み
24,2010,1,11,5,0,2010/5/19,5,消火器　　Ａ－３　　７本　　５７００円,請求済み
24,2011,1,11,5,0,2011/6/1,5,消火器　　　A-3　　７本　　　６５００円,請求済み
24,2012,1,11,5,0,2012/5/22,5,ニッタン　Ｐ型１級受信機　取替え,請求済み
25,2011,1,11,5,0,2011/5/20,5,"消火器　　中性強化液　　３?　　　３本
誘導灯　　　バッテリー不良　　　FK-２７７　　　１個
自火報　　　　ﾍﾞﾙ増設工事　　　HOP　０.９×２C　　　　３０ｍ　　　　ﾍﾞﾙ　　　１個　　　　　配線は簡単に",請求済み
28,2012,1,11,11,0,2012/11/20,2,避難ハッチ： 蓋の上のシール４枚,見積もり提出中
28,2012,1,12,5,0,2012/11/19,5,自火報： 受信機バッテリー交換　DC24V０.６Ah,請求済み
28,2014,1,12,5,0,2014/5/23,2,消火器： Ａ－３×２２本 ・ Ａ－５×１本　　予算取りの為、見積りお願いします。,見積もり提出中
30,2011,1,11,5,0,2011/5/30,5,誘導灯　　　B級　　両面　　１台,請求済み
30,2012,1,11,5,0,2012/6/4,5,誘導灯　バッテリ－　交換　　ＦＫ１３６　Ｘ　１台　　注文済　　　　　　　　　　　　　　　　　　　　　　　　　　　　　　　　　　　　　　　　　　　　　　誘導灯Ｃ級片面通路→　Ｘ１台（リニュ－アルプレ－トも）　（既存は埋込タイプ）　　　　　　　　　　　　　　　　　　　　　　　　　　　　　　　　　　　　　　　　　　　　　　　　　,請求済み
30,2013,1,11,5,0,2013/5/15,5,誘導灯バッテリー　　ＦＫ１３６　　Ｘ　１,請求済み
32,2010,1,11,5,0,2010/6/5,5,消火器　　Ａ－３　　１本　　　６５００円　　　誘導灯　　バッテリー　　５ＮＲ－Ｃ－Ｓ　　１台,請求済み
34,2010,1,11,5,0,2010/6/17,5,火報　　　ベル　　１台交換済み　　４０００円,請求済み
34,2011,1,12,11,0,2011/11/19,0,"誘導灯　避難口 Ｂ級　両面　方矢印 ×　１台
　　　　　避難口　Ｃ級　片面　　　　　　×１台　",
34,2013,1,12,11,0,2013/11/12,2,消火器　　Ａ－１０　　１本　　入れ替え,見積もり提出中
36,2011,1,12,5,0,2011/5/20,5,自火報　　定温式特種感知器　　１個,請求済み
36,2012,1,12,5,0,2012/5/17,5,防火戸イジェクター不良交換　　　　１個,請求済み
36,2013,1,12,5,0,2013/5/15,5,防火戸イジェクター不良交換　　　アーム型　　　　１個,請求済み
40,2012,1,12,5,0,2012/5/17,5,自火報　　煙感知器ヘッド不良交換　　　１個,請求済み
43,2011,1,12,5,0,2011/5/20,5,"自火報　　差動式感知器　　１個　　　煙感知器２種　　２個
防火戸　　煙感知器３種　　１個",請求済み
44,2011,1,11,5,0,2011/5/23,5,消火器　　　A-3     4本,請求済み
47,2011,1,11,5,0,2011/6/1,5,消火器　　廃棄処分　　１０本　　　１２００円,請求済み
48,2010,1,11,5,0,2010/6/4,5,"誘導灯　　バッテリー不良　　　　ＦＫ－６４６　　２個
非常灯　　バッテリー不良　　　　ＦＫ－６９０Ｂ　２個",請求済み
48,2010,1,12,11,0,2010/12/22,2,誘導灯　　バッテリー不良　　　ＦＫ－３８１×２個　　　ＦＫ－６４６×２個,見積もり提出中
48,2011,1,12,11,0,2012/7/20,2,"誘導灯　　バッテリー不良　　　ＦＫ－６４６　　１個
非常灯　　バッテリー不良　　　東芝製　　３ＮＲ－CX-ＢＥ　　１個　　　　４ＮＲ－ＣＸ－ＢＥ　　　２個",見積もり提出中
48,2012,1,11,5,0,2012/5/31,5,"誘導灯　　　バッテリー不良　　　ＦＫ－６４６　　　２個
非常灯　　　バッテリー不良　　　３ＮＲ－ＣＸ－ＢＥ　　　１個　　　　　４ＮＲ－ＣＸ－ＢＥ　　　２個",請求済み
48,2012,1,12,11,0,2012/11/21,5,"誘導灯　　バッテリー不良　　　ＦＫ－６４６　　　１個
非常灯　　バッテリー不良　　　東芝製　　　４ＮＲ－ＣＸ－ＢＥ　　　１個
火通報　　バッテリー不良　　　１２Ｖ　　８００ｍＡｈ　　　　　１個",請求済み
48,2013,1,11,5,0,2013/6/28,5,誘導灯　　バッテリー不良　　　ＦＫ－６４６　　　２個,請求済み
48,2014,1,11,5,0,2014/5/23,5,"誘導灯　　バッテリー不良　　ＦＫ－６４６　　１個
非常灯　　バッテリー不良　　ＦＫ－６９７Ｂ　　１個",請求済み
49,2010,1,12,11,0,2010/12/22,2,"非常灯　　バッテリー不良　　ＦＫ－６９７Ｋ　　１個
自家発　　バッテリー期限切れの為　　　ＭＳＥ１００－６形　　１２Ｖ　　１００Ａｈ",見積もり提出中
49,2011,1,11,5,0,2011/5/20,2,"誘導灯バッテリー不良　ＦＫ－６２７Ａ　１個
非常灯バッテリー不良　ＦＫ－６９７Ｋ　１個
自家発電設備起動用バッテリー　　ＭＳＥ１００－６形１２Ｖ　２個　（取替時期の目安が過ぎている）",見積もり提出中
49,2011,1,12,11,0,2012/8/6,5,"火通報　　　バッテリー不良　　１２Ｖ　５００ｍＡｈ
非常灯　　　バッテリー不良　　ＦＫ－６９７Ｋ　　　　１個
自家発　　　バッテリー期限切れのため　　　ＭＳＥ１００－６形　１２Ｖ　　　２台",請求済み
49,2012,1,11,5,0,2012/8/3,5,"消火器　　ＡＢＣ粉末１０型　　　６本
非常灯　　バッテリー不良　　　ＦＫ－６９７Ｋ　　　　１個
自家発　　バッテリー不良　　　ＭＳＥ１００－６形　１２Ｖ　　　２個",請求済み
49,2012,1,12,11,0,2012/11/29,5,"ＡＢＣ粉末１０型消火器　　　　６本
誘導灯　　　バッテリー不良　　　ＦＫ－６２７Ａ　　　１個",請求済み
49,2014,1,11,5,0,2014/5/22,2,"誘導灯　　バッテリー不良　　　　ＦＫ－６２７Ａ　　　１個
非常灯　　バッテリー不良　　　　ＦＫ－６９７Ｋ　　　１個",見積もり提出中
50,2011,1,11,11,0,2011/12/20,5,自火報受信機バッテリー不良×１個（ＤＣ２４Ｖ　０.４５Ａｈ）,請求済み
50,2011,1,12,5,0,2011/5/19,5,消火器１０型×１本,請求済み
50,2012,1,11,11,0,2013/5/13,5,"①消火器１０型×６本　更新
②消火器廃棄×２本
①・②を別々に作成してください。",請求済み
50,2014,1,12,5,0,2014/5/31,2,非常灯バッテリー　ＦＫ６９７Ｋ　　Ｘ１,見積もり提出中
51,2013,1,11,11,0,2014/3/13,5,別紙,請求済み
52,2012,1,11,11,0,2012/10/20,5,消火器　Ａ－３　４本,請求済み
52,2014,1,12,5,0,2014/5/31,2,火災通報装置バッテリー（松下製）　　ＤＣ１２Ｖ０．８ＡＨ５ＨＲ　　Ｘ１,見積もり提出中
53,2010,1,12,11,0,2010/11/16,2,自火報： 受信機バッテリー不良。ＤＣ２４Ｖ ０.４５Ａｈ,見積もり提出中
53,2011,1,11,5,0,2011/6/9,2,"自火報： バッテリー不良。ＤＣ２４Ｖ  ０.４５Ah
屋内消火栓： 配管修繕。見積りユウキサービスに依頼",見積もり提出中
53,2011,1,12,11,0,2011/11/11,2,自火報： 受信機バッテリー不良。前回と同じ,見積もり提出中
53,2012,1,11,5,0,2012/5/29,2,"屋内消火栓： ４０Ａホース×８本　新品交換
自火報： 受信機バッテリー ０.４５Ａｈ　新品交換

消火器： 来年度交換予算の為、別見積りで。Ａ－３×１４本　新品交換",見積もり提出中
53,2012,1,12,11,0,2012/11/29,2,前回と同じ,見積もり提出中
53,2013,1,11,5,0,2013/8/28,5,"消火器： Ａ－３×１４本　新品交換
屋内栓： ４０Ａホース×８本　　新品交換
自火報： ＤＣ２４Ｖ ０.４５Ａｈバッテリー　新品交換",請求済み
54,2012,1,11,7,0,2012/8/8,5,　避難器具　オリロー　取説１枚　見積り願います。,請求済み
56,2010,1,12,11,0,2011/5/11,5,"自火報：受信機バッテリー不良　×１個（DC２４V　１.２Ah）
パッケージ型消火設備：ﾊﾂﾀ製HSSW-８２５S型　　加圧用窒素ガス交換×１本（５６５ｇ）",請求済み
56,2012,1,11,5,0,2012/6/2,2,パッケージ消火設備：起動用窒素ガス（５６５ｇ・３.４?）交換　×２本　（本体型番：初田製　ＨＳＳW－８２５S）,見積もり提出中
56,2012,1,12,11,0,2012/12/10,2,前回同様,見積もり提出中
56,2013,1,11,5,0,2013/5/30,2,別紙,見積もり提出中
56,2013,1,12,11,0,2013/12/16,2,"パッケージ消火設備：起動用窒素ガス（５６５ｇ・３.４?）交換　×２本　（本体型番：初田製　ＨＳＳW－８２５S）
　　　　　　　　　　　　　圧力計交換　　　　　　　　　　　　　　　　×３個　（本体型番：初田製　ＨＳＳW－８２５S）",見積もり提出中
56,2014,1,11,5,0,2014/5/21,2,別紙,見積もり提出中
57,2012,1,11,5,0,2012/5/24,2,消火器　　　ＡＢＣ粉末１０型　　　１本,見積もり提出中
59,2010,1,11,5,0,2010/6/11,2,自火報：受信機バッテリー不良（ＤＣ２４Ｖ　０.４５Ａｈ）,見積もり提出中
59,2010,1,12,11,0,2010/11/26,5,"自火報：受信機バッテリー不良　×１個（ＤＣ２４Ｖ　０.４５Ａｈ）
火通：本体バッテリー不良　×１個（ＤＣ１２Ｖ　０.８Ａｈ（本体：松下ＢＧＦ１１９５　　火通－０２３号））

上記と別で見積り
自火報：感知器増設　（差動２種　×１個　　　ＡＥ０.９－４Ｃ　×５ｍ）",請求済み
59,2013,1,11,5,0,2013/6/18,5,自火報：単体ベル（防水）不良×１台,請求済み
59,2013,1,12,11,0,2014/1/17,5,火災通報装置バッテリー　ＤＣ１２Ｖ０．８ＡＨ/５ＨＲ     X 1,請求済み
60,2010,1,11,11,0,2010/12/25,5,火報　　差動式スポット　　１ヶ所交換,請求済み
60,2010,1,12,5,0,2010/6/24,5,消火器　　　Ａ－３　　３本　　　　誘導灯　　Ｂ級　　２台　　片面,請求済み
60,2012,1,12,5,0,2012/7/25,5,差動式スポットヘッド　　Ｘ１,請求済み
61,2011,1,11,5,0,2011/6/1,2,消火器　　　A-3   　5本　　　６５００円,見積もり提出中
61,2013,1,11,5,0,2013/5/29,2,消火器　ＡＢＣ１０型　５本,見積もり提出中
61,2014,1,11,5,0,2014/6/3,2,消火器１０型５本更新見積りお願い致します。書類時、一緒に持って行きます。,見積もり提出中
64,2010,1,11,11,0,2010/12/9,2,消火器　　Ａ－３　　１本　　　６５００円,見積もり提出中
64,2010,1,12,5,0,2010/5/28,5,消火器　　Ａ－３　　３本　　　６５００円,請求済み
64,2011,1,11,11,0,2011/12/13,5,消火器　A-3　１本,請求済み
65,2012,1,11,11,0,2012/11/16,2,消火器： Ａ－３×３本　新品交換,見積もり提出中
65,2012,1,12,5,0,2012/5/29,2,消火器： Ａ－３×３本　新品交換,見積もり提出中
65,2013,1,12,5,0,2013/7/25,5,消火器： Ａ－３×３本　新品交換　前回と同じ,請求済み
69,2011,1,12,6,0,2011/6/28,6,　,対応不要
71,2010,1,11,5,0,2010/6/1,2,漏電警報器　　本体一式,見積もり提出中
71,2011,1,11,5,0,2011/6/1,5,漏電火災警報器　　交換工事,請求済み
71,2014,1,11,5,0,2014/5/31,2,防火戸制御盤　　　バッテリー不良　　　２４Ｖ　　０.４５Ａｈ　　　　１個,見積もり提出中
72,2010,1,11,5,0,2010/7/8,2,　Ａ－３　消火器　４本,見積もり提出中
72,2010,1,12,11,0,2010/11/29,2,消火器　A-3　　５本,見積もり提出中
72,2011,1,11,5,0,2011/7/13,2,前回　見積りを出して下さい。,見積もり提出中
72,2011,1,12,11,0,2012/1/6,2,　自火報　破損感知器交換　１種防水　２台　　消火器　５本,見積もり提出中
72,2012,1,11,5,0,2012/6/25,2,　消火器　Ａ－３　８本,見積もり提出中
72,2012,1,12,11,0,2012/12/10,2,消火器A-3　　８本　　『１本\7000』,見積もり提出中
72,2013,1,11,5,0,2013/5/30,2,別紙記載,見積もり提出中
72,2013,1,12,11,0,2013/12/19,2,"火報　・受信機バッテリー交換　０．４５Ah/5HR　×１個　　・ 感知器ヘッド交換　（定温特種防水）×２個
・消火器交換　Ａ－３　７本",見積もり提出中
72,2014,1,11,5,0,2014/6/3,1,　消火器Ａ－３　７本　　　受信機バッテリー　　24Ｖ　0.45Ａｈ　　１台,見積もり依頼
75,2010,1,12,11,0,2011/1/13,2,受信機停電用ﾊﾞｯﾃﾘｰ　（DC24V0.45AH/5HR)　ｘ１個,見積もり提出中
75,2011,1,12,11,0,2011/11/8,2,　A-３消火器　９本見積り願います。,見積もり提出中
75,2012,1,11,5,0,2012/5/19,2,　Ａ－３消火器　９本入　交換見積り願います。,見積もり提出中
75,2012,1,12,11,0,2012/11/22,2,　前回と同じ見積書　お願いします。,見積もり提出中
75,2013,1,11,5,0,2013/5/17,2,　Ａ－３消火器　９本交換見積もり願います。,見積もり提出中
75,2013,1,12,11,0,2013/11/19,2,　誘導灯バッテリー　４ＮＲ－ＡＣ－ＴＬ×２個　消火器Ａ－３　９本　見積り願います。,見積もり提出中
75,2014,1,11,5,0,2014/5/14,2,　Ａ－３消火器　9本交換　誘導灯バッテリー（４ＮＲ－ＡＣ－ＴＬ）×２　,見積もり提出中
77,2010,1,11,5,0,2010/6/15,2,　消火器Ａ－３　３本,見積もり提出中
77,2011,1,11,5,0,2011/6/10,5,Ａ－３　消火器　７本　,請求済み
77,2012,1,11,5,0,2012/5/31,5,防火戸　エジェクター交換　１個,請求済み
78,2012,1,11,5,0,2012/5/29,5,消火器　　　ＡＢＣ粉末１０型　　　　６本,請求済み
78,2013,1,11,5,0,2013/5/28,5,消火器　　ＡＢＣ粉末１０型　　　　１本,請求済み
78,2014,1,11,5,0,2014/5/29,5,"非常警報　　　バッテリー不良　　　ニッタン製　　　６Ｖ　５００ｍＡｈ　　　１個　　　ＥＡＵ-SP用
消火器　　　　ＡＢＣ粉末１０型　　　　　２本",請求済み
79,2013,1,11,5,0,2013/5/21,2,　作動式スポット型感知器　１個　電線０．９×４Ｃ　１０ｍ　増設工事見積もり願います。,見積もり提出中
82,2013,1,12,11,0,2013/11/27,5,"誘導灯　高輝度ランプ　ＣＦ200Ｔ4ＥＮ／Ｃ　1個　　消火器10年経過（2003年製）　10型15本　　　
屋外消火栓ホース（2003年製）　6本　耐圧試験と交換両方",請求済み
82,2014,1,11,5,0,2014/5/30,2,屋外消火栓設備　ホース１０年経過　６５A×２０ｍ　６本　耐圧試験見積,見積もり提出中
84,2010,1,11,5,0,2010/5/31,2,ハロゲン消火設備： フェンオール見積りで,見積もり提出中
84,2012,1,11,5,0,2012/10/5,5,"普通放送： マイク新品交換　ＴＯＡ ＰＭ－１２０
消火器： 強化液中性３Ｌ×５本　去年と同じ値段でお願いします。　別々の見積りで　　　　消火器のみ交換済み",請求済み
84,2013,1,11,5,0,2013/5/22,2,消火器： 中性強化液×１８本・粉末×３本　新品交換　,見積もり提出中
84,2014,1,11,5,0,2014/5/29,3,消火器： 前回と同じ　　見積書不要,補修済み
85,2012,1,11,5,0,2012/7/3,5,消火器　　A－３　　２本,請求済み
86,2010,1,11,5,0,2010/6/4,5,"自火報： バッテリー不良。ＤＣ ２４Ｖ  ０.９Ａｈ
　　　　　 感知器未警戒１ヶ所 差動感知器×１個・２Ｐ×５ｍ・モール×２本",請求済み
86,2011,1,11,5,0,2011/6/29,5,"消火器： Ａ－３×８本　新品交換
誘導灯： バッテリー不良1ヶ所。ＦＫ３７７",請求済み
86,2013,1,11,5,0,2013/6/19,5,"消火器： Ａ－３×６本　新品交換
誘導灯： バッテリー不良。三洋製 Ｎ－４ＡＡＨＤ（４.８Ｖ ６００ｍＡｈ）×１個",請求済み
91,2011,1,11,7,0,2011/9/8,2,"消火器　　ＡＢＣ粉末１０型　　　　５本
自火報　　バッテリー不良　　　２４Ｖ　１.２Ａｈ
誘導灯　　中型　片面　　別置型　　　　１台",見積もり提出中
92,2011,1,12,11,0,2011/11/24,2,消火器： １０年以上経過×５本　新品交換,見積もり提出中
92,2013,1,12,11,0,2013/11/20,2,"消火器： A-3×６本　　　　　　　　新品交換
屋内栓： ４０Ａホース×１２本　 　新品交換　　　来年度予算取り",見積もり提出中
92,2014,1,11,5,0,2014/5/22,6,"消火器： Ａ－３×１０本　　　　　　１０年経過　新品交換
屋内栓： ４０Ａホース×１８本　　 １０年経過　新品交換",対応不要
93,2011,1,12,11,0,2011/11/24,2,消火器： １０年以上経過　粉末×１６本・強化液×１１本　新品交換,見積もり提出中
93,2013,1,11,5,0,2013/5/21,2,消火器： Ａ－３×２本　新品交換,見積もり提出中
93,2013,1,12,11,0,2013/11/20,2,消火器： A-３×2本　新品交換,見積もり提出中
93,2014,1,11,5,0,2014/5/22,6,・消火器１０型 ×２本　　　　　・誘導灯バッテリー（２－３ＮＲ－ＣＨ－ＬＥ　７．２Ｖ　２３００ｍＡｈ　東芝ライテック）×１個,対応不要
95,2010,1,11,11,0,2011/2/21,2,前回の見積りに、誘導灯器具不良×２台（避難口Ａ級×２台　・　上部リニューアルプレート×１台）を追加して下さい。,見積もり提出中
95,2011,1,11,12,0,2011/12/1,6,別紙,対応不要
95,2012,1,11,12,0,2013/1/22,2,別紙,見積もり提出中
95,2013,1,11,12,0,2014/1/20,2,誘導灯バッテリー　ＦＫ３４９　　Ｘ　１　　　　ＦＫ３８１　　Ｘ　　１,見積もり提出中
95,2014,1,12,6,0,2014/6/5,1,別紙,見積もり依頼
98,2011,1,11,11,0,2011/12/5,2,ニッタン受信機１ＰＮＯ－１０Ｌ（Ｐ型１級１０回線）用電話機　ｘ　２台,見積もり提出中
98,2012,1,11,11,0,2012/12/1,2,"①自火報：送受話器　×２台
②誘導灯：バッテリー交換　×１個（ＦＫ１２８）
　　　　　　 ランプ更新　×７個（ＣＦ２２０Ｔ４ＥＮ（３Ｗ））",見積もり提出中
98,2012,1,12,5,0,2012/7/17,5,"防火対象物点検結果にて
　　危険物の標識なし→火気厳禁看板　×１枚　　・　　数量看板　×１枚",請求済み
98,2013,1,11,11,0,2014/1/7,5,誘導灯バッテリー　ＦＫ１２８　７.２V　６００ｍAｈ　（松下）　×１個　　,請求済み
98,2013,1,12,5,0,2013/5/18,5,見積り通り,請求済み
99,2012,1,11,11,0,2012/11/26,2,　防火扉　ラッジ交換見積り　１個　,見積もり提出中
99,2013,1,11,11,0,2013/11/6,5,誘導灯バッテリー　（ＦＫ１２８　７．２Ｖ　６００ｍＡｈ　松下）×２個,請求済み
99,2013,1,12,5,0,2013/5/2,6,　誘導灯バッテリー　ＦＫ128×2個　見積もり願います。,対応不要
99,2014,1,12,5,0,2014/5/7,2,　誘導灯バッテリー（ＦＫ１２８）×１,見積もり提出中
103,2010,1,12,5,0,2010/7/28,5,　誘導灯バッテリー【ＦＫ627Ａ×１】　受信機バッテリー（ＤＣ24Ｖ　０．２２５Ａｈ／5ＨＲ×１）見積りお願いします。,請求済み
103,2011,1,11,11,0,2011/12/1,5,　誘導灯バッテリー（ＦＫ６２７Ａ）１個　見積り願います。,請求済み
104,2010,1,11,5,0,2010/5/25,2,"自火報　　　差動式感知器　　２ＳＧ-Ｐ-００１　　１個
非常灯　　　バッテリー不良　　ＦＫ－７９６Ｋ　　　３個",見積もり提出中
104,2010,1,12,11,0,2010/11/24,5,"自火報　　　差動式感知器ヘッド不良　２ＧＰ－Ｐ－００１　　　３個
非常灯　　　バッテリー不良　　　ＦＫ－７９６Ｋ　　　　５個",請求済み
104,2011,1,11,5,0,2011/8/4,5,非常灯　　バッテリー不良　　　FK-７９６K　　　４個,請求済み
104,2011,1,12,11,0,2011/11/29,2,非常灯　　バッテリー不良　　　ＦＫ－７９６Ｋ　　　　３個,見積もり提出中
104,2012,1,11,5,0,2012/5/29,2,"ガス漏れ検知器　　期限切れ　　ＫＰ－３５Ｂ　　　２個
非常灯　　　バッテリー不良　　　ＦＫ－７９６Ｋ　　　　７個",見積もり提出中
104,2012,1,12,11,0,2012/11/22,5,"ガス漏れ検知器　　　使用期限切れ　　　ＫＰ－３５Ｂ　　　　　２個　　　交換費は入れずに見積もって下さい。
非常灯　　　　バッテリー不良　　　　　　ＦＫ－７９６Ｋ　　　　　５個",請求済み
104,2013,1,12,11,0,2013/11/16,2,"消火器　　ＡＢＣ粉末１０型　　　１本
非常灯　　バッテリー不良　　　ＦＫ－７９６Ｋ　　　　２９個",見積もり提出中
104,2014,1,11,5,0,2014/5/23,2,"消火器　　　ＡＢＣ粉末１０型　　　　１本
誘導灯　　　バッテリー不良　　　ＦＫ－６２７Ａ　　　１個",見積もり提出中
106,2011,1,11,4,0,2012/5/1,2,　差動式スポット型感知器　１個増設　見積り願います。,見積もり提出中
106,2012,1,11,4,0,2013/4/6,5,　差動式スポット型感知器　１個　AE０．９×４C１０ｍ　見積もり願います。,請求済み
107,2011,1,11,5,0,2011/5/25,6,　別紙にて　報告ありと日報に記載。,対応不要
107,2012,1,11,5,0,2012/6/7,5,　実施報告書に記載,請求済み
108,2011,1,11,10,0,2011/10/26,2,　Ａ－３消火器　１８本　見積り願います。,見積もり提出中
108,2011,1,12,4,0,2012/4/10,2,Ａ－３消火器　１７本見積り願います。,見積もり提出中
108,2012,1,11,10,0,2012/10/18,5,消火器交換　Ａ－３　１４本,請求済み
108,2012,1,12,4,0,2013/4/17,2,　Ａ－３消火器　５本　作動式スポット　１個交換　見積もり願います。,見積もり提出中
108,2013,1,11,10,0,2013/10/24,2,　Ａ－３消火器　６本見積り願います。,見積もり提出中
108,2013,1,12,4,0,2014/4/24,5,　誘導灯バッテリー（ＦＫ１３６×１）交換,請求済み
110,2011,1,12,12,0,2011/12/26,2,単体ベルの移設,見積もり提出中
110,2012,1,12,12,0,2012/12/26,5,誘導灯バッテリー　ＦＫ１２８　７．２Ｖ　６００ｍＡｈ　松下　×１個　　見積もりお願いします。,請求済み
110,2013,1,11,6,0,2013/7/9,2,火災報知機の受信機バッテリー不良（DC２４V　０．４５Ah/５HR）,見積もり提出中
110,2013,1,12,12,0,2014/1/15,2,消火器１０型を１２本。火報受信機のバッテリー（ＤＣ２４Ｖ ０．４５Ａｈ/５ＨＲ）を１個。見積りお願いします。,見積もり提出中
115,2011,1,11,6,0,2011/6/27,2,"消火器　　　ＡＢＣ粉末５０型　　　１台
自火報　　　未警戒　　　差動式感知器　　　１個　　　　ＯＰ　０.９×２Ｐ　　　５ｍ",見積もり提出中
115,2011,1,12,12,0,2012/4/5,5,前回と一緒です。,請求済み
115,2012,1,11,6,0,2012/7/30,5,"誘導灯　　　バッテリー不良　　　ＦＫ－３８１　　１個
非常灯　　　バッテリー不良　　　ＦＫ－３７４　　５個
消火器　　ＡＢＣ粉末１０型　　　　　　　　　　　　５本
火通報　　　本体不良交換　　　　　　　　　　　　１式",請求済み
115,2012,1,12,12,0,2013/1/9,2,誘導灯　　器具不良　　Ｃ級避難口　　　大型リニュウアルプレート付　　　　２台,見積もり提出中
115,2013,1,11,6,0,2013/6/18,2,消火器　　　ＡＢＣ粉末１０型　　　３本,見積もり提出中
115,2013,1,12,12,0,2013/12/27,2,"消火器　　　ABC粉末１０型　　　３本
誘導灯　　　バッテリー不良　　　FK-３７６　　　１個",見積もり提出中
116,2010,1,11,6,0,2010/7/1,6,前回分　　プラス　　５階アラーム弁アクセラレーター不良,対応不要
116,2010,1,12,12,0,2010/12/22,6,"泡消火設備　　　５階アラーム弁アクセラレーター不良
誘導灯　　　パネル不良　　ＦＫ－０４８２０－Ｒ２Ｅ　　１枚　　　バッテリー不良　　ＦＫ－６２７Ａ　６個",対応不要
116,2011,1,11,6,0,2011/6/23,5,前回分の不良と一緒です。　　７月３０日までに改修予定,請求済み
116,2011,1,12,12,0,2011/12/28,2,誘導灯　　バッテリー不良　　　ＦＫ－６２７Ａ　　　５台,見積もり提出中
116,2012,1,11,6,0,2012/6/20,2,"消火器　　　ＡＢＣ粉末１０型　　　３７本
誘導灯　　　バッテリー不良　　　ＦＫ－６２７Ａ　　　７個",見積もり提出中
116,2012,1,12,12,0,2012/12/17,1,"前回と同じ　　消火器　　　粉末消火設備
泡消火設備　　　圧力計破損不良　　３個　　　　仕切弁不良　　２個　　　　　ユニオン破損不良　　１個
誘導灯　　　バッテリー不良　　　　１２ヶ所　　　FK-６２７A　　１２個",見積もり依頼
116,2013,1,11,5,0,2013/6/28,5,前回プラス見積りあり　　　　別紙,請求済み
117,2010,1,11,6,0,2010/7/8,2,"消火器　　ＡＢＣ粉末１０型　　　　　５本
誘導灯　　バッテリー不良　　ＦＫ－３７６　　　１個
屋内消火栓設備　　　ポンプのオーバーホール　　１式",見積もり提出中
117,2010,1,12,12,0,2010/12/13,2,"消火器　　ＡＢＣ粉末１０型　　　　６本
誘導灯　　バッテリー不良　　　　ＦＫ－３７６　　　１個",見積もり提出中
117,2011,1,11,6,0,2011/6/27,5,"消火器　　　ＡＢＣ粉末１０型　　　７本
誘導灯　　　バッテリー不良　　　ＦＫ－３７６　　　１個
屋内消火栓　　　ポンプオーバーホール　　　　１式",請求済み
117,2011,1,12,12,0,2011/12/21,2,"消火器　　ＡＢＣ粉末１０型　　　　７本
誘導灯　　バッテリー不良　　　ＦＫ－３４１　　　１個",見積もり提出中
117,2012,1,11,6,0,2012/7/20,5,消火器　　　ＡＢＣ粉末１０型　　　　５本,請求済み
117,2012,1,12,12,0,2012/12/18,2,消火器　　　ABC粉末１０型　　　２本　　　　５０型　　　　１本,見積もり提出中
117,2013,1,11,6,0,2013/7/23,5,"消火器　　　ABC粉末１０型　　　２本　　　　　５０型　　　　１本
屋内消火栓設備　　　　４０Aホース　　　　１本
誘導灯　　　バッテリー不良　　　FK-３７６　　　１個　　　　　FK-３８１　　　１個",請求済み
118,2011,1,11,12,0,2011/12/28,2,誘導灯　　Ｃ級　片面　　１台　　Ｂ級　ＦＡ２０３１２　　１台　　左矢印　避難口　　４５８００円,見積もり提出中
118,2012,1,11,12,0,2012/12/27,2,誘導灯Ｂ級　１台　　パネル　避難口左矢印　１枚,見積もり提出中
118,2012,1,12,6,0,2012/7/21,5,誘導灯　　　Ｃ級　片面　１台　　Ｂ級　左←　片面,請求済み
119,2010,1,11,6,0,2010/8/4,6,不凍液　20?　二個,対応不要
119,2012,1,11,6,0,2012/7/24,2,　消火器　強化液６リットル　７本　　　粉末A-3 　９本,見積もり提出中
119,2012,1,12,12,0,2013/4/25,2,前回の見積もり　一回出して下さい。　　,見積もり提出中
119,2013,1,11,10,0,2013/10/7,2,　消火器　強化液　３リットル　　25本　　　粉末Ａー３　　5本,見積もり提出中
119,2013,1,12,4,0,2014/5/7,2,　10月点検時見積もりと同じ（消火器）,見積もり提出中
121,2010,1,11,6,0,2010/6/28,5,"自火報　　　煙感知器１個増設　　ＯＰ　２Ｐ　　１０ｍ
　　　　　　　差動式感知器　　ヘッドなし取り付け　　１個",請求済み
121,2011,1,12,12,0,2011/12/13,2,消火器　　　ＡＢＣ粉末１０型　　５本,見積もり提出中
121,2012,1,11,6,0,2012/6/26,5,"消火器　　　ABC粉末１０型　　　　６本
屋内消火栓　　　　ホース　　　　　６本　　　　出来るだけ安くお願いします。",請求済み
121,2012,1,12,12,0,2012/12/21,5,"消火器　　ABC粉末１０型　　　６本
屋内消火栓　　　　４０Aホース　　　　６本",請求済み
121,2013,1,11,6,0,2013/6/4,2,"消火器　　　ＡＢＣ粉末１０型　　　　　６本
屋内消火栓設備　　　４０Ａホース　　　６本　　　　呼水槽　　ボールタップ不良　　１３Ａ　　　１個",見積もり提出中
124,2010,1,12,12,0,2010/12/25,5,消火器　　Ａ－３　　３本　　　　６５００円,請求済み
124,2011,1,11,6,0,2011/7/22,5,消火器　Ａ－３　１本,請求済み
124,2012,1,12,12,0,2012/12/8,2,受信機用バッテリ-　　　Ｘ　１台,見積もり提出中
124,2013,1,11,6,0,2013/6/29,5,前回同様　受信機用バッテリー　　Ｘ１　　,請求済み
125,2010,1,11,6,0,2010/6/29,5,誘導灯　　修理　　５０００円,請求済み
126,2010,1,11,11,0,2010/11/30,2,消火器　　Ａ－３　　５本　　　６５００円,見積もり提出中
126,2011,1,12,5,0,2011/7/8,5,消火器　Ａ－３　７本　￥６，５００,請求済み
126,2012,1,12,5,0,2012/5/24,5,消火器　A-3  2本交換,請求済み
130,2013,1,11,6,0,2013/7/31,5,誘導灯バッテリー　FK676　　X　１台　　FK627A　　X　１台,請求済み
132,2011,1,11,6,0,2011/7/8,5,"消火器　A-3　２本　

誘導灯バッテリー　FK－１３６",請求済み
134,2012,1,12,12,0,2013/1/16,5,消火器： Ａ－３×１２本　新品交換,請求済み
135,2010,1,11,6,0,2010/7/9,5,　Ａ－３　消火器　５本　　誘導灯　バッテリー　ＦＫ－３４１　７台　　消火栓ﾎｰｽ　６本,請求済み
135,2011,1,11,6,0,2011/8/20,5,消火器　Ａ－３　１３本,請求済み
135,2013,1,11,6,0,2013/7/17,2,"誘導灯バッテリー　ＦＫ３４１　　Ｘ１個
消火器　粉末ＡＢＣ１０型　　　　Ｘ２本

スピーカー増設工事　前回と同じ　　２台

防水型光電式感知器　　２個",見積もり提出中
136,2010,1,11,6,0,2010/7/5,5,誘導灯　　Ｂ級　両面　　１台　　３５０００円,請求済み
136,2011,1,11,6,0,2011/7/7,5,消火器　A-3　　７本入替え　　　６５００円,請求済み
138,2012,1,11,6,0,2012/6/29,2,　誘導灯バッテリー（ＦＫ341×１）見積り願います。　,見積もり提出中
142,2010,1,11,6,0,2010/7/1,5,誘導灯　　バッテリー不良　　ＦＫ－３７６　　１個,請求済み
142,2011,1,11,6,0,2011/8/4,5,誘導灯　　　バッテリー不良　　　ＦＫ－３７６　　　１個,請求済み
142,2012,1,11,6,0,2012/6/26,5,自火報設備　予備電池　２４V０．２２５Aｈ　１個　　　　誘導灯　　バッテリー不良　FK３７６　　１個,請求済み
144,2010,1,11,5,0,2010/5/17,2,消火器： Ａ－３×２本　新品交換,見積もり提出中
144,2011,1,11,5,0,2011/6/10,5,"消火器２本　

誘導灯バッテリー１個　（２ＮＲ－ＣＸ－Ｓ）

上記の見積をお願いします。",請求済み
144,2012,1,11,5,0,2012/5/21,2,受信機バッテリー　ＤＣ２４Ｖ　０．２２５Ａｈ／５ＨＲ　１個　　見積りお願いします。,見積もり提出中
144,2013,1,11,5,0,2013/5/22,5,前回同様（受信機バッテリー）　と、誘導灯の球（ＦＰＬ９ＥＸ－Ｎ、ナショナル、９ワット）,請求済み
145,2014,1,11,5,0,2014/5/29,1,消火器１０型２本　お願いします,見積もり依頼
146,2011,1,11,6,0,2011/7/1,5,"屋内消火栓　　　水抜きバルブ不良　　　３ヶ所　　　３／４　　１０Ｋ
誘導灯　　　バッテリー不良　　　　三菱　　２Ｎ－２０ＤＡ　　２.４Ｖ　２０００ｍＡｈ　　　１個",請求済み
146,2012,1,11,6,0,2012/7/13,5,屋内消火栓　　　ホース　４０×２５ｍ　　　６本,請求済み
146,2013,1,11,6,0,2013/6/27,2,屋内消火栓　　　４０Aホース　　　６本,見積もり提出中
147,2011,1,11,6,0,2011/7/7,5,消火器　　Ａ－３　　２本　　６５００円　　耐圧試験　　２本,請求済み
147,2012,1,11,6,0,2012/6/22,5,未警戒増設工事　　火報差動式スポット　１台,請求済み
148,2010,1,11,6,0,2010/6/23,2,屋内消火栓ホース　　１０年経過の為　　　６本　　交換で,見積もり提出中
148,2011,1,11,6,0,2012/6/29,2,消火器　　　ＡＢＣ粉末１０型　　　　３本,見積もり提出中
148,2012,1,11,6,0,2012/7/10,5,"屋内消火栓ホース　　　　６本
消火器　　　中性強化液　　３?　　　２本",請求済み
148,2013,1,11,6,0,2013/7/4,5,消火器　　　中性強化液　　３?　　　　　３本,請求済み
149,2010,1,11,6,0,2010/6/28,5,消火器　　ＡＢＣ粉末１０型　　　　１本,請求済み
149,2011,1,11,6,0,2011/7/5,2,誘導灯　　バッテリー不良　　東芝製　３ＮＲ－ＣＵ－Ｓ　　　　２個,見積もり提出中
149,2013,1,11,6,0,2013/7/3,2,"誘導灯　　バッテリー不良　　東芝製　　３NR-CU-S　　　２個
自火報　　受信機再鳴動方式に変更の為　　　P-１－１５－５　　１台　　　煙感知器　　　２種　　４０個　　　　３種２個",見積もり提出中
150,2012,1,11,6,0,2012/8/1,5,自火報　　受信機バッテリー不良　　　２４V　１.２Ah,請求済み
150,2013,1,11,6,0,2013/7/3,2,屋外消火栓設備　　　６５Aホース　　　　７本　　　　　期限切れの為,見積もり提出中
151,2011,1,11,6,0,2011/7/8,5,消火器　A-3　1本,請求済み
152,2011,1,11,12,0,2011/12/16,2,　差動式スポット型感知器　２個取替見積り願います。,見積もり提出中
152,2012,1,12,6,0,2012/6/12,5,　差動式スポット型感知器　５個交換見積り願います。,請求済み
152,2013,1,11,12,0,2013/12/6,5,　受信機バッテリー　ＤＣ２4Ｖ　０．２２５Ａｈ／５ＨＲ　1個　見積り願います。,請求済み
152,2013,1,12,6,0,2013/6/10,6,　受信機バッテリー　０．２２５Ａｈ／５ＨＲ　１個　見積もり願います。,対応不要
153,2010,1,11,6,0,2010/6/29,2,消火器　　　Ａ－３　　６本　　　６５００円,見積もり提出中
154,2011,1,11,6,0,2011/6/13,5,差動２種×１個　ヘッド不良,請求済み
154,2012,1,11,6,0,2012/7/4,5,"自火報：差動感知器交換×２個
消火器：廃棄のみ×３本　（１本　\１２００　税抜き）",請求済み
155,2010,1,11,6,0,2010/6/18,2,誘導灯： バッテリー不良１ヶ所。　ＦＫ３７６,見積もり提出中
155,2011,1,11,6,0,2011/7/1,2,誘導灯： バッテリー不良　ＦＫ３７６×１個,見積もり提出中
155,2012,1,11,6,0,2012/6/26,5,誘導灯： バッテリー不良２ヶ所。　ＦＫ３７６×２個　　見積り不要,請求済み
158,2011,1,11,6,0,2011/7/13,2,"誘導灯ﾊﾞｯﾃﾘｰ　ＦＫ３41x１０個
消火器１０型　x２本",見積もり提出中
158,2012,1,11,6,0,2012/6/26,2,　前回同じ見積りを,見積もり提出中
158,2013,1,11,6,0,2013/7/11,2,前回と同様で消火器１０型１本、誘導灯バッテリー１０個（FK341）,見積もり提出中
159,2010,1,11,6,0,2010/7/2,5,　Ａ－３消火器６本　煙感知器１個（ニッタン）交換　動力ポンプホース６５Ａ×１本　見積もりお願いします。,請求済み
159,2011,1,11,6,0,2011/6/10,5,　Ａ－３消火器　6本見積りお願いします。,請求済み
159,2012,1,11,6,0,2012/6/18,5,　ベル交換１個　消火器Ａ－３　２２本　見積り願います。,請求済み
159,2013,1,11,6,0,2013/7/4,5,　受信機バッテリー　０．４５Ah/5HR　１台　A-３消火器　単価見積もり　お願いします。,請求済み
160,2010,1,11,6,0,2010/7/2,5,　Ａ－３消火器４本　３種感知器１個交換（ﾎｰﾁｷ感第６２～３２号　受第１～２７号　１～２１号）　動力ポンプホース６５Ａ×１本　誘導灯バッテリー　ＦＫ３１６×１個　見積りお願いします。　　　　　,請求済み
160,2011,1,11,6,0,2011/6/10,5,　ベル２個　Ａ－３消火器７本　見積りお願いします。,請求済み
160,2012,1,11,6,0,2012/6/18,5,　ベル交換１個　見積り願います。,請求済み
160,2013,1,11,6,0,2013/7/4,5,　受信機バッテリー１．２Ａ　５ＨＲ　１個　高輝度Ｂ級避難口誘導灯（防水）　２個取り替え見積りお願いします。,請求済み
161,2010,1,11,6,0,2010/7/16,5,　動力ポンプホース　１本　　差動式スポット　３個　定温式スポット　１個　取替え見積りお願いします。,請求済み
161,2011,1,11,6,0,2011/8/25,2,　　差動式スポット型感知器　３７個　煙式スポット型感知器２個　交換見積り願います。,見積もり提出中
161,2013,1,11,6,0,2013/7/4,5,　差動式スポット型感知器　１３個交換見積り願います。,請求済み
165,2010,1,11,6,0,2010/7/14,2,誘導灯　　器具不良　　大型避難口　片面　　１台　　　　バッテリー不良　　ＦＫ－６４６　　１個,見積もり提出中
165,2011,1,11,6,0,2011/6/20,2,誘導灯　　器具不良　　ＢＨ型片面　　　２台　　　出来るだけ安くして下さい。,見積もり提出中
165,2012,1,11,6,0,2012/6/26,5,"消火器　　１本入れＢＯＸ　　１個
屋内消火栓　　　ホース　　　４０Ａ　　　　８本
移動粉末　　　ヤマトプロテック製の容器弁　　加圧用　　８２０ｇ　　　クリーニング用　　６６０ｇ　　　各７本
誘導灯　　　器具不良　高輝度　ＢＨ級　避難口　　　２台　　　　バッテリー不良　　　ＦＫ－６４６　　１個
非常灯　　　バッテリー不良　　　ＦＫ－６９７Ｃ　　　１５個　　",請求済み
165,2013,1,11,6,0,2013/6/26,2,誘導灯　　バッテリー不良　　　　ＦＫ－６４６　　　３個,見積もり提出中
165,2014,1,11,6,0,2014/6/5,1,誘導灯　　バッテリー不良　　　　FK-６４６　　　２個,見積もり依頼
166,2012,1,11,6,0,2012/6/22,2,消火器： Ａ－３×２本　１０年以上経過　新品交換,見積もり提出中
166,2013,1,11,6,0,2013/6/18,5,消火器： Ａ－３×２本　新品交換,請求済み
167,2011,1,12,6,0,2011/6/17,2,差動式感知器　x　２個　取付け工事,見積もり提出中
167,2013,1,11,12,0,2014/1/15,5,消火器１０型　（　更新　）　１１本見積りお願い致します。値段はヤンマー各店と同じ値段でお願い致します。,請求済み
167,2013,1,12,6,0,2013/7/19,5,　　実施報告書記載。,請求済み
169,2013,1,11,6,0,2013/6/24,2,非常灯　　バッテリー不良　　　ＦＫ－７９６Ｋ　　　２個,見積もり提出中
173,2013,1,12,12,0,2013/12/27,5,　誘導灯バッテリー2NR－CU－S×２個　見積もり願います。,請求済み
176,2011,1,11,10,0,2011/11/21,5,受信機ﾊﾞｯﾃﾘｰ　DC24V0.225Aｈ/5HR x　1個,請求済み
176,2012,1,11,10,0,2012/11/19,5,消火器　Ａ－３　　２本　　　誘導灯バッテリ－　　東芝　　３ＮＲ－ＣＨ－ＬＥ　　Ｘ１,請求済み
176,2013,1,11,10,0,2013/11/25,2,消火器　ＡＢＣ１０型　　４本,見積もり提出中
177,2011,1,11,6,0,2011/6/13,5,　Ａ－３消火器　３本見積りお願いします。,請求済み
177,2012,1,11,6,0,2012/7/6,5,　Ａ－３消火器２本見積り願います。,請求済み
177,2013,1,11,6,0,2013/6/20,5,　Ａ－３消火器　２本見積もり願います。,請求済み
179,2010,1,12,11,0,2010/12/28,2,誘導灯ﾗﾝﾌﾟ不良1台（ＣＦ200Ｔ4-ＥＮｘ1）,見積もり提出中
179,2011,1,11,5,0,2011/10/11,5,　誘導灯本体不良　２階　　FA20166　両面ﾀｲﾌﾟ　,請求済み
179,2012,1,11,5,0,2012/6/26,5,非常灯　　バッテリー不良　　　ＦＫ－６９７Ｋ　　　２個,請求済み
179,2013,1,11,5,0,2013/5/7,6,"誘導灯　　バッテリー不良　　　ＦＫ－６２７Ａ　　１個
非常灯　　バッテリー不良　　　ＦＫ－６９７Ｋ　　２個
火通報　　バッテリー不良　　　１２Ｖ　　８００ｍＡｈ　　　１個",対応不要
179,2013,1,12,11,0,2013/12/9,5,"火災通報バッテリー　ＢＧＦ９９０２　１個　　　誘導灯バッテリー　ＦＫ-６２７Ａ　１個　　非常灯バッテリー　ＦＫ-６９７Ａ　３個
消火器　１０年経過　　粉末１０型　７本　　強化液　２本",請求済み
179,2014,1,11,5,0,2014/5/27,2,"誘導灯　　バッテリー不良　　　Ｆｋ－６２７Ａ　　　２個
非常灯　　バッテリー不良　　　ＦＫ－６９７Ａ　　　１個
消火器　　中性強化液　　　３Ｌ　　　　　　　　　　　１本",見積もり提出中
182,2013,1,11,6,0,2013/6/12,5,　火通報バッテリー　１２Ｖ８００ｍＡｈ／５ＨＲ×１個　見積もり願います。,請求済み
183,2011,1,11,12,0,2011/12/20,2,消火器： 粉末×２６本・二酸化炭素×１本　新品交換,見積もり提出中
183,2011,1,12,6,0,2011/7/1,2,消火器： Ａ－３×２７本・二酸化炭素×１本　新品交換,見積もり提出中
184,2010,1,11,7,0,2010/9/3,6,　消火器　Ａ－３　５　本　　　　発電機用ﾊﾞｯﾃﾘｰ　１台　,対応不要
184,2011,1,11,7,0,2011/10/8,5,消火器：１０型×８本　　　４型×１本,請求済み
184,2011,1,12,1,0,2012/3/15,6,別紙,対応不要
184,2012,1,11,7,0,2012/11/9,2,"消火器：新設　×９本
　　　　　１０型用露出ＢＯＸ　×２台（納入のみ）",見積もり提出中
184,2012,1,12,1,0,2013/5/8,5,別紙,請求済み
184,2013,1,11,7,0,2013/9/12,5,別紙,請求済み
185,2010,1,11,6,0,2010/8/11,5,受信機バッテリー不良×１個（ＤＣ２４Ｖ　０.２２５Ａｈ）　←　前にも出てます,請求済み
185,2011,1,11,6,0,2011/6/21,2,自火報感知器移設工事：ＡＥ０.９－４Ｃ×５ｍ　　　　メクラプレート×３枚,見積もり提出中
185,2012,1,11,6,0,2012/6/18,2,　前回と同じ見積りして下さい。,見積もり提出中
188,2011,1,12,5,0,2011/6/16,5,"自火報　　　煙感知器ヘッド不良　　　１個
火通報　　　バッテリー不良
誘導灯　　　器具不良　　　　　　　　　１台",請求済み
188,2012,1,11,11,0,2013/3/2,5,自火報　　煙感知器ヘッド不良　　　２ヶ所,請求済み
188,2012,1,12,5,0,2012/6/28,5,見積り№１００１７７４６　　　当日　プレステックスにて修繕済み,請求済み
188,2014,1,12,5,0,2014/6/4,1,"火通報　　電源スイッチ機能不良の為、電源が入りません。
非常放送　　地階男子脱衣室スピーカー　　音圧なし　　　１個
避難器具　　避難器具案内灯　　器具不良　　　１台
誘導灯　　　器具不良　　　２台",見積もり依頼
190,2010,1,11,8,0,2010/10/21,5,"消火器： １個用消火器ＢＯＸ　１個
誘導灯： 東芝　４ＮＲ－ＡＣ－ＴＬ",請求済み
190,2011,1,11,8,0,2011/8/19,2,　Ａ－３消火器　２０本見積もり願います。,見積もり提出中
196,2010,1,11,6,0,2010/7/23,5,消火器　　　Ａ－３　　１０本　　５３００円　　　二酸化炭素　１本　　　スタンド　１台,請求済み
196,2010,1,12,12,0,2010/12/28,5,消火器　　　Ａ－３　　１０本　　５３００円　　設置済み　　　消火栓　　　ホース　４０Ａ　　８本　　火報　　差動式スポット　１ケ交換済み,請求済み
196,2011,1,11,6,0,2011/7/20,5,動力ポンプ　　　オーバーホール　　一式　　　消火器　　A-3　15本　　5800円　　設置済み,請求済み
196,2011,1,12,12,0,2011/12/21,0,消火器　A-3　１５本　￥５，８００,
196,2012,1,11,6,0,2012/7/5,5,消火器　Ａ-３　　１０本,請求済み
196,2013,1,11,6,0,2013/7/6,2,屋内消火栓ホース　　８本,見積もり提出中
200,2010,1,11,6,0,2010/7/23,5,消火器　　Ａ－３　　２本　　　５３００円,請求済み
201,2010,1,11,6,0,2010/7/8,5,誘導灯： バッテリー不良。ＦＫ２７７×１個,請求済み
201,2010,1,12,11,0,2010/12/3,2,誘導灯： バッテリー不良。ＦＫ２７７×２個,見積もり提出中
201,2011,1,11,6,0,2011/7/19,2,前回と同じ,見積もり提出中
201,2011,1,12,11,0,2011/11/29,2,誘導灯： バッテリー不良２ヶ所。（ＦＫ２７７×１個・ＦＫ１３６×１個）,見積もり提出中
201,2012,1,11,6,0,2012/7/4,2,誘導灯： 前回と同じ,見積もり提出中
202,2010,1,11,6,0,2010/6/7,6,消火器： １本 詰め替え,対応不要
202,2010,1,12,11,0,2010/12/6,2,誘導灯：バッテリー不良。ＦＫ１７８×１個,見積もり提出中
202,2011,1,11,6,0,2011/7/20,2,前回と同じ,見積もり提出中
202,2011,1,12,11,0,2011/12/7,5,誘導灯： 前回と同じ,請求済み
202,2012,1,12,11,0,2012/12/25,5,自火報： 受信機バッテリー不良。（DC24V 0.225Ah）　新品交換,請求済み
202,2013,1,12,11,0,2014/2/26,2,誘導灯： バッテリー不良 １ヶ所    ＦＫ１９１×２個,見積もり提出中
203,2010,1,12,11,0,2010/12/6,2,自火報： 発信機カバー不良。　松下製Ｐ－１発信機,見積もり提出中
203,2011,1,11,6,0,2011/7/20,2,"ガス漏れ検知器 ４台 期限失効 　　松下製ＴＯＶ－２１０２×４台
前回と同じ（発信機１台）",見積もり提出中
203,2011,1,12,11,0,2011/12/13,2,前回と同じ（発信機１台）,見積もり提出中
203,2012,1,11,6,0,2012/7/4,2,自火報： 前回と同じ,見積もり提出中
204,2010,1,11,6,0,2010/6/3,6,消火器： １本　詰め替え,対応不要
205,2010,1,11,6,0,2010/6/7,6,消火器： Ａ－２×１本　薬剤詰替え,対応不要
205,2010,1,12,11,0,2010/12/3,2,誘導灯： 誘導灯バッテリー不良。　　ＦＫ１９１×４個,見積もり提出中
205,2011,1,11,6,0,2011/7/20,2,前回と同じ,見積もり提出中
205,2011,1,12,11,0,2011/12/7,2,誘導灯： 前回と同じ,見積もり提出中
205,2013,1,12,11,0,2014/5/29,5,誘導灯： バッテリー不良４か所。　ＦＫ１９１（4.8Ｖ 1.2Ａｈ）×８個,請求済み
206,2012,1,12,11,0,2012/12/25,5,ガス漏れ： 来年、検知器失効の為、７個 交換。（矢崎製  ＫＰ－３５Ｂ）,請求済み
206,2013,1,12,11,0,2014/2/18,2,自火報： 誤報が起こる為、１００℃定温感知器×２個,見積もり提出中
207,2011,1,11,6,0,2011/7/20,2,誘導灯： 小型誘導灯１台　器具不良。,見積もり提出中
207,2011,1,12,11,0,2011/12/5,2,"誘導灯： 器具不良１ヶ所。前回と同じ
自火報： 受信機バッテリー不良。ＤＣ２４Ｖ０.２２５Ａｈ",見積もり提出中
207,2012,1,11,6,0,2012/7/4,2,"誘導灯・自火報　前回と同じ

園長先生の要望で冬場に給食室で誤報がよくあるので、感知器を定温１２０℃に交換してほしいとの事。
なので、別見積りで定温防水１２０℃感知器×３個　新品交換。",見積もり提出中
208,2011,1,11,6,0,2011/8/2,2,"自火報： １級発信機 １台不良。新品交換。抵抗も必要です。
誘導灯： バッテリー１ヶ所不良。新品交換。３ＮＲ－ＣＵ－Ｓ×１個　",見積もり提出中
208,2011,1,12,12,0,2012/2/23,5,前回と同じ。 他に　防火設備： ３種煙感知器×１個　不良。,請求済み
208,2013,1,12,12,0,2013/12/9,2,誘導灯： バッテリー不良 １ヶ所　　３ＮＲ－ＣＵ－Ｓ,見積もり提出中
209,2011,1,11,6,0,2011/8/2,2,自火報： 差動１個・煙１個・ベル２個不良,見積もり提出中
209,2011,1,12,12,0,2012/2/23,5,自火報： 前回と同じ　+（ 煙感知器２個追加 ）,請求済み
209,2012,1,11,6,0,2012/10/1,5,防火設備： イジェクター不良。２ヶ所　ホーチキ露出用　（２つとも→　型式ARS-B２０１）,請求済み
209,2013,1,12,12,0,2014/2/10,5,自火報： 煙感知器×３個　１種定温防水感知器×６個　　器具不良　　新品交換,請求済み
210,2011,1,11,6,0,2011/8/2,5,　前回と同じ。　　防火戸用　３種煙感知器　２台　　非常放送本体一式（バッテリー不良の為）,請求済み
210,2011,1,12,12,0,2012/2/23,5,自火報： 未警戒１ヶ所。（差動感知器×１個 ・ ＡＥ－２Ｐ×１５ｍ）,請求済み
210,2012,1,12,12,0,2013/6/26,5,自火報： 受信機バッテリー不良。ＤＣ２4V１.２Ａｈ,請求済み
211,2011,1,11,6,0,2011/8/2,2,屋内消火栓： ホース×２本　１０年以上経過,見積もり提出中
211,2011,1,12,12,0,2011/12/13,2,屋内消火栓： 前回と同じ,見積もり提出中
211,2012,1,11,6,0,2012/7/30,2,防火設備： イジェクター不良あり。,見積もり提出中
211,2012,1,12,12,0,2013/2/4,5,前回と同じ,請求済み
212,2011,1,11,6,0,2011/8/2,2,自火報： 2種煙感知器×2個・差動感知器×2個・定温防水×1個　感知器不良。,見積もり提出中
212,2011,1,12,12,0,2012/2/23,5,前回と同じ,請求済み
212,2012,1,12,12,0,2013/2/13,5,自火報： 煙感知器×２個　不良交換,請求済み
212,2013,1,12,12,0,2014/1/22,5,Ｐ型１級発信機１個（消火栓起動用の抵抗も）、ベル（ＤＣ２４Ｖ １５ｍＡ）２個　の交換の見積もりをお願いします。,請求済み
213,2011,1,11,6,0,2011/12/9,2,"誘導灯： 器具不良２ヶ所。小型ガード付
自火報： 感知器不良1ヶ所。　差動感知器
防火設備： 煙感知器不良２ヶ所。３種煙感知器
　　　　　　　ラッチ不良３ヶ所。埋め込みイジェクター
　　　　　　　順位調整器不良１ヶ所。",見積もり提出中
213,2011,1,12,12,0,2012/3/23,5,前回と同じ　イジェクター×１個・３種煙×１個追加で,請求済み
213,2013,1,11,6,0,2013/9/11,5,"自火報： 未警戒１ヶ所　差動感知器×１個・ガード×１個・AE0.9-２P×５ｍ　増設工事
　　　　　 煙感知器ヘッド不良１個　新品交換",請求済み
214,2013,1,12,12,0,2013/12/7,6,自火報： 煙感知器×３個　１種定温感知器×６個　　器具不良　　新品交換,対応不要
217,2011,1,11,7,0,2011/7/29,5,誘導灯バッテリー　ＦＫ－136　１個　,請求済み
218,2010,1,11,7,0,2010/7/16,5,消火器　　ABC粉末１０型　　１本,請求済み
219,2013,1,11,7,0,2013/8/21,5,・消火器交換　A-3　１本　　・誘導灯バッテリー交換　FK-６４６×１台　　FK-３４９　×１台　・誘導灯ランプ　C級用（FK-91110）×１本　,請求済み
220,2010,1,11,7,0,2010/7/13,5,消火器　　ＡＢＣ粉末１０型　　　３本,請求済み
220,2011,1,11,7,0,2011/7/26,2,"１　　受信機用バッテリー　ＤＣ２４Ｖ０．２２５Ａｈ　ｘ　１個
２　　屋外用ベル撤去作業　ｘ　１個

　　１・２見積り各項目ごと別紙にして作成お願い致します。",見積もり提出中
220,2013,1,11,7,0,2013/7/19,5,トイレ改修により未警戒になったため、定温特種　１つ見積もりお願いします。,請求済み
221,2010,1,11,8,0,2010/8/27,5,　　誘導灯バッテリー　三菱３Ｎ－23DA(３．６Ｖ　２３００ｍＡｈ×２個)　消火栓ホース６５Ａ１本　誘導灯パネル（東芝ＥＴ－10302 　　PP1HS-110-01 C級　最終避難口）１枚　見積もりお願いします。,請求済み
221,2011,1,11,8,0,2011/8/22,5,　Ａ－３消火器４本　消火栓ホース６５Ａ３本　誘導標識　畜光式１枚　見積もり願います。,請求済み
221,2011,1,12,2,0,2012/3/14,5,　Ａ－３消火器１７本　Ａ－１0消火器１本　消火栓ホース６５Ａ　３本　受信機バッテリーＤＣ２４Ｖ１．６５Ａ／５ＨＲ　１個　誘導灯バッテリー三菱３Ｎ－２３ＤＡ　東芝器具型番ＦＢＫ－２０３０２　４．８Ｖ６００ｍＡｈ,請求済み
221,2012,1,11,8,0,2012/9/19,2,　誘導灯バッテリー　４NR－AC－TL４．８V600mAh　×２個　,見積もり提出中
221,2012,1,12,2,0,2013/2/8,6,　,対応不要
221,2013,1,11,8,0,2013/9/26,2,　誘導灯バッテリー　４ＮＲ-ＡＣ－ＴＬ－Ｂ×１個　見積もり願います。,見積もり提出中
221,2013,1,12,2,0,2014/2/19,2,　屋外消火栓ホース６５Ａ　３本　消火器　Ａ－３　１８本　誘導灯バッテリー　３Ｎ－２３ＤＡ　１個　４ＮＲ－ＡＣ－ＴＥ　１個　４ＮＲ-ＡＣ－Ｔ　Ｌ　１個　見積り願います。,見積もり提出中
222,2010,1,11,7,0,2010/7/5,2,"誘導灯　　バッテリー不良　　ＦＫ－３８１　　２個　　　　ＦＫ－６２７Ａ　　２個
ガス漏れ火災警報設備　　　ＫＰ－３５Ｂ　　　４個　　　　同、ガード　　　１個",見積もり提出中
222,2010,1,12,1,0,2011/2/2,2,"誘導灯　　バッテリー不良　　　ＦＫ－３８１　　２個　　　　　ＦＫ－６２７Ａ　　３個
ガス漏れ　　　検知器期限切れ　　　ＫＰ－３５Ｂ　　　　３個",見積もり提出中
222,2011,1,11,7,0,2011/7/13,5,"消火器　　ＡＢＣ粉末１０型　　　　５本
ガス漏れ　　　検知器使用年度越え　　　８個
誘導灯　　　バッテリー不良　　　ＦＫ－３８１×２個　　　　　ＦＫ－６２７Ａ×４個",請求済み
222,2011,1,12,1,0,2012/1/16,2,"消火器　　ＡＢＣ粉末１０型　　　　　２１本
ガス漏れ検知器　　期限切れ　　ＫＰ－３５Ｂ　　　３個
火通報　　　バッテリー不良　　　１２Ｖ　８００ｍＡｈ
非常放送設備　　　　バッテリー不良　　　２４Ｖ　　６.０Ａｈ
誘導灯　　　バッテリー不良　　　ＦＫ－６２７Ａ　　　　２個",見積もり提出中
222,2012,1,11,7,0,2012/7/12,2,"消火器　　ＡＢＣ粉末１０型　　　２１本
ガス漏れ火災警報設備　　　検知器　ＫＰ－３５Ｂ　　　３個
火通報　　受信機バッテリー不良　　１２Ｖ　０.８Ａｈ　　　１個
非常放送設備　　　バッテリー不良　　　２４Ｖ　６.０Ａｈ　　　１個
誘導灯　　　バッテリー不良　　　ＦＫ－６２７Ａ　　　　２個",見積もり提出中
222,2012,1,12,1,0,2013/4/20,2,"消火器　　　ＡＢＣ粉末１０型　　　２１本
ガス漏れ検知器　　使用年数切れ　　　３個　　　ＫＰ－３５Ｂ
非常放送　　バッテリー不良　　　２４Ｖ　６.０Ａｈ　　　１個
誘導灯　　　バッテリー不良　　　ＦＫ－３８１　　　　　１個",見積もり提出中
222,2013,1,11,7,0,2013/8/3,5,"ガス漏れ検知器　３個（ＫＰ-３５Ｂ）　　非常放送バッテリー　２４Ｖ６．０Ａｈ　１個　　誘導灯バッテリー　ＦＫ－６２７Ａ　２個
　ＦＫ-３８１　１個　　　　スプリンクラーポンプ　グランドパッキン不良　　　消火器１０年以上　　２１本",請求済み
223,2010,1,11,7,0,2010/7/17,5,"消火器　　ABC粉末１０型　　２本　　　ABC粉末２０型　　２本
非常灯　　バッテリー不良　　東芝製　８.４V　２５００ｍAh　　　　５個",請求済み
223,2010,1,12,1,0,2011/2/2,2,"誘導灯　　バッテリー不良　　東芝　　３ＮＲ－ＣＸ－Ｓ　　１個　　　　パネル不良　　ＥＴ－１２４２　　１枚
ガス漏れ　　　検知器期限年数切れ　　２０１０年まで　　　２個",見積もり提出中
223,2011,1,12,1,0,2012/3/5,5,"自火報　　バッテリー不良　　２４Ｖ　１.２Ａｈ
誘導灯　　器具不良　　ＢＨタイプ　　１台　　　　パネル　　東芝製　　ＥＴ－１２４２　　１枚
ヘルメット　　ＡＢＳ樹脂　　ＥＨ型　　ＥＨ－Ｐ式　　　５６個　　ネイム入れ",請求済み
223,2012,1,11,7,0,2012/7/13,5,"自火報　　受信機用バッテリー不良　　２４Ｖ　１.２Ａｈ
誘導灯　　バッテリー不良　　　東芝製　　３ＮＲ－CX－Ｓ　　　４個",請求済み
223,2012,1,12,1,0,2013/1/29,5,"誘導灯　　バッテリー不良　　東芝製　　３ＮＲ－CX-Ｓ　　　１個
スプリンクラー設備　　　呼水槽のボールタップ不良　　　　１式　　　　２０Ａ",請求済み
227,2010,1,11,7,0,2010/9/3,5,誘導灯バッテリー　　ＦＫ－３８１　１台　　消火器　Ａ－３　　３本,請求済み
227,2010,1,12,1,0,2011/3/7,2,　消火器Ａ－３　粉末　　１本　　　強化液　３?　ｽﾃﾝﾚｽ　　２本　　火報増設工事　0.9-2Ｐ　20ｍ　差動スポット　１個　,見積もり提出中
227,2011,1,11,7,0,2011/9/2,2,"消火器　　　ＡＢＣ粉末１０型　　１本　　　　中性強化液３?　　　１本
自火報　　　未警戒　　　差動式感知器　１個　　　ＯＰ　０.９×２Ｐ　　　１５ｍ",見積もり提出中
227,2011,1,12,1,0,2012/3/5,5,"消火器１０型２本　　未警戒増設　差動式スポット１個と配線工事
誘導灯　バッテリーＦＫ３４１　１個",請求済み
227,2012,1,11,7,0,2012/7/26,5,消火器　中性強化液　３?　　１本,請求済み
227,2012,1,12,1,0,2013/4/3,2,受信機バッテリー不良　24Ｖ1.2ＡＨ　１個　　　定温式感知器増設　150℃防水１個　4芯20メートル　,見積もり提出中
227,2013,1,11,7,0,2013/7/10,2,　定温防水感知器増設１個　　感知器不良　定温防水４個　　消火器変形　中性強化液３?　１本,見積もり提出中
227,2013,1,12,1,0,2014/2/21,5,"消火器　強化液－２　１本　・　１０型用１本用ＢＯＸ　・　１０型２本用ＢＯＸ

受信機バッテリーＤＣ２４Ｖ　1.2ＡＨ/5ＨＲ

定温１種感知器×４個　　　　　増設定温１種×１個

誘導灯バッテリー　ＦＫ－３１１×１　・　ＦＫ－３４１×２",請求済み
228,2010,1,11,7,0,2010/9/3,2,　誘導標識　高蓄光式　３枚　　　感知器交換工事　防水感知器２種×１０　　差動式２種×４　,見積もり提出中
228,2010,1,12,1,0,2011/3/7,6,　別紙にて　提出。,対応不要
228,2011,1,12,1,0,2012/4/7,6,,対応不要
228,2012,1,11,7,0,2012/7/13,6,,対応不要
228,2012,1,12,1,0,2013/2/8,2,,見積もり提出中
228,2013,1,11,7,0,2013/7/29,6,別紙にて,対応不要
228,2013,1,12,1,0,2014/2/19,5,"消火器１０型　１３本　　中性強化液２　２本　これの見積り１部

自火報　月３万ぐらいで修繕　終わるまで　これで見積り１部
定温１２０°４～８個　　　

　　",請求済み
229,2010,1,11,7,0,2010/8/3,2,消火器　　ABC粉末１０型　　２本　　　中性強化液　　３.０?　　１本,見積もり提出中
229,2010,1,12,1,0,2011/2/5,5,消火器　　ＡＢＣ粉末１０型　　２本　　　中性強化液　３?　　１本,請求済み
229,2011,1,11,7,0,2011/7/12,2,消火器　　　ＡＢＣ粉末１０型　　　２本　　　　　　　中性強化液３?　　　１本　　　　　（前回も頼んであります。）,見積もり提出中
229,2012,1,11,7,0,2012/7/24,2,消火器　　　ＡＢＣ粉末１０型　　２本　　　　中性強化液　　３?　　　　１本,見積もり提出中
229,2012,1,12,1,0,2013/2/12,2,消火器　１０年以上　粉末１０型２本　強化液１本（前回と同じ）,見積もり提出中
229,2013,1,11,7,0,2013/7/30,5,消火器１０年以上　　強化液１本　粉末１０型１本　見積もり提出済,請求済み
230,2010,1,11,7,0,2010/8/3,2,消火器　　ABC粉末１０型　　　５本,見積もり提出中
230,2010,1,12,1,0,2011/2/5,5,"消火器　　ＡＢＣ粉末１０型　　　　５本
宛先　　　アルプスウェイ株式会社　松本センター　　　　自火報未警戒　　差動式感知器　１個　　ＯＰ　2Ｐ　１０ｍ",請求済み
230,2011,1,11,7,0,2011/7/12,2,消火器　　　ＡＢＣ粉末１０型　　　５本　　　（前回も頼みました。）,見積もり提出中
230,2012,1,11,7,0,2012/7/24,2,消火器　　　ＡＢＣ粉末１０型　　　　４本,見積もり提出中
230,2012,1,12,1,0,2013/2/12,2,１０年以上の消火器　　粉末１０型　４本,見積もり提出中
230,2013,1,11,7,0,2013/7/30,5,消火器１０年以上　粉末１０型６本　今回３本で見積もり提出済,請求済み
231,2010,1,11,7,0,2010/8/12,5,誘導灯　　　Ｃ級　両面　１台　　片面　１台　通路　　　非常口　　片面　　１台,請求済み
231,2010,1,12,1,0,2011/2/14,5,消火器　　Ａ－３　１本　　６０００円,請求済み
231,2011,1,11,7,0,2011/7/20,5,"誘導灯

避難口　片面　　高輝度　C級　１台　取替え　",請求済み
231,2012,1,12,1,0,2013/2/15,5,誘導灯　Ｃ級片面通路左矢印（←）　Ｘ　１台,請求済み
232,2010,1,11,7,0,2010/8/30,5,消火器　　Ａ－３　　１１本　　　５８００円,請求済み
232,2011,1,11,7,0,2011/8/23,2,"   動力ポンプ　ホース　
   (６５mm ×　２０M) ×　５本

   消火器　A-３　　　 ×　３本　",見積もり提出中
233,2011,1,11,7,0,2011/7/28,2,"火報　　ベル交換　２ヶ所

消火器　A-3　２本",見積もり提出中
233,2012,1,11,7,0,2012/9/3,5,地区ベル　　　Ｘ２　　消火器 A-３　　Ｘ２本,請求済み
236,2012,1,11,7,0,2012/9/3,5,　消化器　　強化液３?　６本　　粉末Ａ－３　２０本　　　非常放送バッテリー　２４Ｖ　３．５Ａｈ,請求済み
238,2011,1,12,3,0,2012/3/16,2,　Ａ－３消火器　１本見積り願います。,見積もり提出中
240,2013,1,11,5,0,2013/8/19,2,　誘導灯バッテリー　２Ｎ-２０ＤＡ　２０００ｍＡｈ 三菱製　２個　見積もり願います。,見積もり提出中
243,2011,1,11,12,0,2011/12/28,2,"受信機バッテリー　ＤＣ２４Ｖ　０．６Ａｈ　　×　１個

-----------------別々で見積りお願いします。
感知器増設

差動スポット　×　３個
ＯＰ　４Ｃ　　　×　２５Ｍ　",見積もり提出中
243,2013,1,11,12,0,2013/12/17,2,"受信機バッテリー　（ＤＣ２４Ｖ　０．６Ａｈ　×１個）　　・消火器交換　Ａ－３　１３本　　１本/\７０００　
・誘導灯バッテリー交換　（ユアサ製_４．８Ｖ_2000mA ×１台）　(ユアサ製_９．６Ｖ_2000mA ×１台)
※H２５・１２・１７消火器1本のみ交換",見積もり提出中
244,2010,1,11,7,0,2010/7/13,2,消火器　　ＡＢＣ粉末１０型　　　２本,見積もり提出中
244,2011,1,11,7,0,2011/7/30,5,消火器　　ＡＢＣ粉末１０型　　　　２本,請求済み
246,2010,1,11,7,0,2010/8/18,5,消火器　　Ａ－３　　２本　　　６５００円,請求済み
246,2011,1,11,7,0,2011/8/5,2,"ハツタ　自動車車載用消火器ブラケット付　１式　
型式：ＫＤＰ－１０Ａ　",見積もり提出中
249,2010,1,11,7,0,2010/7/16,6,誘導灯　　　バッテリー不良　　ＦＫ－６７６　　１個,対応不要
249,2010,1,12,1,0,2011/1/18,5,"自火報　　バッテリー不良　　１.６５Ａｈ/５ＨＲ
誘導灯　　バッテリー不良　　ＦＫ－３１６　１個　　　　ＦＫ－６２７Ａ　１個",請求済み
249,2011,1,11,7,0,2011/9/28,5,"非常灯　バッテリー不良　FK－６９７K×7　FK－６９７C×1　FK－６９０B×1
　　　　　器具不良×1　　防水器具　４．８V　１３W　直径２００くらい",請求済み
249,2011,1,12,1,0,2012/4/5,5,"消火器　　　ＡＢＣ粉末１０型　　　　２７本　　　　（前回もあり）
非常灯　　　バッテリー不良　　　ＦＫ－６９０Ｂ　　１個　　　　　ＦＫ－６９７Ｋ　　１個　　　　　バッテリーのみ補修済み",請求済み
249,2012,1,11,7,0,2012/8/1,5,"誘導灯　　　バッテリー不良　　　ＦＫ－６２７Ａ　　　　１個
非常灯　　　バッテリー不良　　　ＦＫ－６９７Ｋ　　　　１個",請求済み
249,2013,1,11,7,0,2013/7/12,5,誘導灯　　　バッテリー不良　　　ＦＫ－６２７Ａ　　　　１個,請求済み
249,2013,1,12,1,0,2014/2/26,5,"火通報　　　子機作動不良　　　１台
誘導灯　　　バッテリー不良　　　FK-３８１×２個　　　　FK-６２７A×２個
非常灯　　　バッテリー不良　　　FK-６４９×２個　　　　FK-６９０B×１個",請求済み
250,2010,1,11,7,0,2010/7/23,5,火報　　定温スポット　　特種　　１ヶ所　交換,請求済み
250,2010,1,12,1,0,2011/2/8,5,消火器　　Ａ－３　２本　　６０００円　　設置済み　　二酸化炭素　　ＨＣ－５　３台　スタンドも　消火栓　ホース　４０Ａ　１２本　耐圧試験新品ホース　　１２本　　　誘導灯　　高輝度　Ｂ級　避難口　４台　片面　　　　　　　　　　　　　　　　　　　　　　　　　　　　　　　　　　　,請求済み
250,2011,1,11,7,0,2011/7/28,5,消火器　A-3　2本　交換,請求済み
250,2011,1,12,1,0,2012/2/8,2,消火器　二酸化炭素　５本　,見積もり提出中
250,2012,1,11,7,0,2012/8/7,5,消火器　Ａ-３　　２本,請求済み
250,2012,1,12,1,0,2013/8/7,5,"１　誘導バッテリー　　２台　　　　受信機用バッテリーDC24Ｖ1.2AH5HR（BV9810）Ｘ１


２　消火器ABＣ１０型　　２本　　＠6,500

１、２を別々の用紙にて見積もり作成して下さい。",請求済み
250,2013,1,11,7,0,2013/8/7,5,,請求済み
252,2011,1,11,8,0,2011/8/9,2,　Ａ－３消火器６本　誘導灯本体　高輝度Ｂ級　避難口１台　リニューアルプレート（既設誘導灯２０Ｗ）　ガード１個　見積もり願います。,見積もり提出中
252,2011,1,12,3,0,2012/4/3,2,　A-3消火器　2本　誘導灯（前回と同じ）　ガス漏れ検知器　富士電機　KP－３５　2個　見積り願います。,見積もり提出中
252,2012,1,11,8,0,2012/8/30,5,　屋内消火栓ホース４０A×１本　A－３消火器２本　ガス検知器（富士電機KP－３５）２個　見積り願います。,請求済み
252,2012,1,12,3,0,2013/3/13,2,　Ａ－３消火器　１本見積もり願います。,見積もり提出中
252,2013,1,11,8,0,2013/11/21,5,　Ａ－３消火器　１本交換見積もり願います。,請求済み
252,2013,1,12,3,0,2014/3/24,2,　ガス漏れ検知器　９個　防排煙バッテリー　ＤＣ２4V　１．２Ａｈ　１個　見積り願います。,見積もり提出中
254,2011,1,11,7,0,2011/7/21,5,　消火器　１本　税込　7500　で　　５本。,請求済み
257,2012,1,11,7,0,2012/7/23,2,　Ａ－３消火器　７本見積り願います。,見積もり提出中
257,2013,1,11,7,0,2013/7/19,5,　Ａ－３消火器　７本見積もり願います。,請求済み
261,2010,1,12,1,0,2011/1/31,2,自火報： 受信機バッテリー　ＤＣ２４Ｖ１.２Ａｈ,見積もり提出中
261,2012,1,12,1,0,2013/3/11,5,自火報： バッテリー ＤＣ ２４Ｖ １.２Ａｈ　新品交換　　　前回と同じ,請求済み
262,2010,1,11,7,0,2010/7/16,5,誘導灯　　バッテリー不良　　ＦＫ－３８１　　１個　　　　ＦＫ－６２７Ａ　　５個,請求済み
262,2011,1,11,7,0,2011/7/25,2,"誘導灯　　バッテリー不良　　　FK-６２７A　　５個　　　　FK-３８１　　２個
消火器　　　ABC粉末１０型　　　９本　　　中性強化液３?　　５本",見積もり提出中
262,2012,1,11,7,0,2012/7/21,5,火通報　　　住所変更に伴い　　　ロム交換工事,請求済み
262,2013,1,11,7,0,2013/7/30,2,消火器　　　ＡＢＣ粉末１０型　　　　４本　　　　　　　中性強化液３?　　　２本,見積もり提出中
263,2011,1,11,7,0,2011/11/15,2,"動力ポンプ用　ホース
６５mm   
 ２０ｍ　×   ３ 本


受信機故障交換
Ｐ型 ２級　５回線　× １ 台",見積もり提出中
263,2013,1,11,7,0,2013/10/9,5,"消火器　　SUS粉末１０型　　　２本

誘導灯バッテリー　　　東芝　２NR－CU－SW　　Ｘ１台",請求済み
271,2010,1,11,7,0,2010/8/12,5,非常警報　　　　バッテリー　　６Ｖ　　０．５Ａｈ　　１台,請求済み
273,2010,1,12,1,0,2011/2/18,2,前回の見積りを出して下さい。,見積もり提出中
273,2011,1,11,7,0,2011/7/27,2,Ａ－３消火器　１本　見積もり願います。,見積もり提出中
273,2011,1,12,1,0,2012/2/1,2,　前回と同じ見積り作成して下さい。,見積もり提出中
274,2010,1,11,7,0,2010/9/3,5,　Ａ－３　消火器　１２本,請求済み
274,2010,1,12,1,0,2011/2/18,2,前回の見積りを出して下さい。,見積もり提出中
274,2011,1,12,1,0,2012/2/7,2,　前回と同じ見積り作成して下さい。,見積もり提出中
276,2011,1,11,7,0,2011/9/29,2,"感知器交換　定温１２０℃　× ２個   ￥５,５00-

消火器　A-3　　　　　　　　  ×  ３本

消火器　A-3　アルミ容器　×  ２本

消火器　強化液　          　×  １本
ハツタ   （TRE-3SX）

消火器BOX（二本入れ）　　×　１個
A-3用",見積もり提出中
276,2013,1,11,7,0,2013/10/10,2,消火器　　Ａ－１０　１本　　取り替え,見積もり提出中
277,2011,1,11,12,0,2012/6/5,2,別紙,見積もり提出中
277,2013,1,11,12,0,2013/11/14,2,"今回点検時に、消火器交換済み

前回の見積りから、消火器更新を抜いた見積りをお願いします。",見積もり提出中
280,2010,1,12,3,0,2011/4/28,2,"消火器１０型×２本
防火戸調整２ヶ所現場調査費（メーカー依頼）",見積もり提出中
280,2011,1,11,8,0,2011/9/29,2,消火器１０型×５本,見積もり提出中
280,2011,1,12,3,0,2012/5/16,2,"消火器１０型×５本　交換
防火設備不良メーカー調査費←前に見積り出ています。",見積もり提出中
280,2012,1,11,8,0,2012/9/7,2,消火器交換　A-3　　５本,見積もり提出中
280,2013,1,11,8,0,2013/8/20,2,"誘導灯バッテリー交換（２ＮＲ－ＣＵ－Ｓ）２．４ｖ　２０００ｍＡｈ　×１台　
誘導灯パネル交換　　通路小型←矢印　（ＥＴ－１２５２）なければ本体交換
消火器交換　Ａ－３　６本",見積もり提出中
280,2013,1,12,3,0,2014/4/19,5,"消火器交換　１０型　６本
誘導灯バッテリー交換（２ＮＲ－ＣＵ－Ｓ）２．４ｖ　２０００ｍＡｈ　×１台　
誘導灯パネル交換　　（ＥＴ－１２５２）",請求済み
281,2010,1,11,8,0,2010/8/27,5,　前回不良個所　誘導灯バッテリー　二個,請求済み
281,2010,1,12,3,0,2011/3/26,2,　誘導灯バッテリー　ＦＫ－172　３台　　ＦＫ－１２８　１台　　ＦＫ－６２７Ａ　１台　　　来年度予算でとって下さい。　消火器（49本）10年以上経過及び消火栓ホース10年以上経過（16本）,見積もり提出中
281,2011,1,11,8,0,2011/9/1,2,　誘導灯バッテリー　FK-172　9台　　FK-128　1台　FK-122　1台　FK-627A　１台　FK-136　１台　　消火器１本あたりの単価で。,見積もり提出中
281,2011,1,12,3,0,2012/3/28,2,誘導灯バッテリー　　ＦＫ－１７２　１１台　１２２　１台　１２８　１台　１３６　１台　６２７Ａ　２台　　消火器　４９本　消火栓ホース　４０Ａ　１６本,見積もり提出中
281,2012,1,11,8,0,2012/8/2,2,　前回と同じで提出。（10万円以上は指定の見積書でおねがいします。　　後消火器廃棄19本分の見積りを　煙感知器交換工事で提出　１本　1500円で話したので　税込みで　28500　になるようお願いします。,見積もり提出中
281,2013,1,11,8,0,2013/8/28,2,　誘導灯バッテリー　　ＦＫ－172　　１１台,見積もり提出中
281,2013,1,12,3,0,2014/3/31,2,　誘導灯バッテリー　　ＦＫ－172　4台　　381　2台　　122　1台　　計7台　　防滴型煙感知器　３種　　５台　　排煙機押しボタンプレート　　２枚　（１枚　1500円　位で）,見積もり提出中
283,2010,1,11,8,0,2010/9/16,2,　消火器Ａ－３　５本　　誘導灯フラッシュバッテリー　東芝３ＮＲ-CX-LE　3.6Ｖ2500ｎａｈ　　2個　　ガス漏れ感知器ＫＰ－35P　1台,見積もり提出中
283,2010,1,12,2,0,2011/2/18,2,　前回と同じ　ガス漏れ感知器　１個　　バッテリー２台　　後今回増えた見積り　　消火器Ａ－３　１０本,見積もり提出中
283,2011,1,11,8,0,2011/9/1,2,"ガス漏れ： 検知器交換×１個
誘導灯： バッテリー不良２ヶ所。　３NR-CX-LE×２本
消火器： Ａ－３×６本　新品交換　あいみつ１社　　　　　各項目で見積りを分けて下さい。",見積もり提出中
283,2011,1,12,2,0,2012/3/28,5,前回と同じ　誘導灯の不良箇所が増えています。 ３ＮＲ-ＣＸ－ＬＥ×３台・３ＮＲ－ＣＸ－ＬＥ×１台・通路パネルＥＴ－１２４１Ｒ,請求済み
283,2012,1,11,8,0,2012/10/1,5,"誘導灯： バッテリー不良。２ＮＲ－ＣＵ－Ｓ×１個
ガス漏れ： 検知器２個交換。ＫＰ－３５Ｂ×２個",請求済み
283,2012,1,12,2,0,2013/3/11,5,"誘導灯： バッテリー不良。２ヶ所　２ＮＲ-CU-S×２個
ガス漏れ： 検知器２個期限切れ新品交換　ＫＰ－３５Ｂ×２個

別見積もりで非常放送アンプ リニューアルの見積もり　現在１０回線の２４０Ｗで　",請求済み
283,2013,1,11,8,0,2013/11/6,5,誘導灯： 通路誘導灯パネル　　ＥＴ－１２４１×２枚・ＥＴ－１２４２×２枚・ＥＴ－１２４３×６枚,請求済み
283,2013,1,12,2,0,2014/3/12,5,火報バッテリー：ＤＣ２４Ｖ  1.2Ah/５ＨＲ　　ガス漏れ検知器ヘッド（ＫＰ－３５Ｂ）を１個　　見積りお願いします。,請求済み
287,2013,1,11,7,0,2013/7/20,5,誘導灯バッテリー　IWASAKI　N4－AAE　４．８V　６００ｍAｈ　１本　見積もりお願いします。,請求済み
287,2013,1,12,1,0,2013/8/3,6,避難口　誘導灯バッテリー　１台交換,対応不要
288,2013,1,12,1,0,2014/2/28,5,誘導灯バッテリー　FK125×１本,請求済み
295,2010,1,12,2,0,2011/2/7,2,消火器　Ａ－３　１３本,見積もり提出中
295,2011,1,11,8,0,2011/9/1,5,消火器1０型、１３本交換済み,請求済み
295,2012,1,11,8,0,2012/9/14,2,見積り依頼です。　　　非常灯バッテリー  　４．８Ｖ １３Ｗ　×２台　　　　１０．５Ｖ ３０Ｗ　×３台　　計５台,見積もり提出中
295,2013,1,11,8,0,2013/12/3,5,非常灯バッテリー不良５台　【（ＦＫ６９７ＫＪ　４．８Ｖ　１３Ｗ）×２。　（ＦＫ６９０ＫＪ　１０．５Ｖ　３０Ｗ）×３】　見積りお願いします。,請求済み
295,2013,1,12,2,0,2014/3/12,2,非常灯バッテリー：ＦＫ６９０Ｗ １０．８Ｖ ２５００ｍＡｈ を１個　　受信機バッテリー：２４Ｖ  ０．６Ａｈ/５ＨＲ　　見積りお願いします。,見積もり提出中
299,2011,1,12,1,0,2012/2/16,5,　誘導灯バッテリー　ＦＫ１２８×２個　ＦＫ１２５×１個　ランプ１ＸＣF200T4EN×１本　ノーミＦＤＴ２１３－Ｘ　６台（分布）,請求済み
299,2012,1,11,7,0,2012/11/1,5,　誘導灯本体　ナショナル品番ＳＡＸ１１　２台　バッテリー（ＦＫ１２３　ＦＫ６２７Ａ）見積り願います。,請求済み
299,2012,1,12,1,0,2013/1/11,5,　A-３消火器　１１本　非常灯バッテリーＦＫ６９７Ｋ×６個　見積もり願います。,請求済み
299,2013,1,11,7,0,2013/8/3,5,　誘導灯バッテリー　ＦＫ１２８×１個　見積もり願います。,請求済み
299,2013,1,12,1,0,2014/1/15,2,非常灯バッテリー（ＦＫ６９７Ｋ）×1個　　,見積もり提出中
300,2011,1,11,7,0,2011/12/12,2,　消火器　Ａ－３　２本　　煙感知器２種　１個,見積もり提出中
300,2013,1,12,1,0,2014/3/7,2,　　消火器　A-3　　５本　　　ベル（単体）　１台　　　　　二種煙　１台,見積もり提出中
301,2011,1,11,5,0,2011/7/21,2,"消火器６型×９本
消火器１０型×９本
→上記２つを１枚で構わないので、それぞれ出して下さい。",見積もり提出中
301,2012,1,11,5,0,2012/8/24,2,別紙,見積もり提出中
301,2013,1,11,5,0,2013/7/24,2,別紙,見積もり提出中
306,2012,1,11,8,0,2012/8/24,2,　誘導灯バッテリー（ＦＫ１２３×１）見積り願います。,見積もり提出中
306,2013,1,12,2,0,2014/2/12,5,消火器１０型４本の見積りをお願いします。,請求済み
307,2013,1,11,7,0,2013/10/5,5,誘導灯バッテリー　　FK６４６　　X１,請求済み
311,2010,1,11,7,0,2010/8/24,5,誘導灯： バッテリー不良。１ヶ所　　ＦＫ１２３×１個,請求済み
311,2010,1,12,1,0,2011/2/5,5,誘導灯： バッテリー不良 １ヶ所。 ＦＫ１２３,請求済み
317,2010,1,12,1,0,2011/6/10,2,煙感知器×２　　消火栓は杉江さんからＦＡＸがきます。,見積もり提出中
317,2011,1,11,8,0,2011/9/14,5,　誘導灯バッテリー（ＦＫ６２７Ａ×１）　消火栓ホース（４０Ａ×４本）　煙感知器４個　と前回の見積書もお願いします。,請求済み
317,2011,1,12,1,0,2012/1/16,2,　誘導灯ﾊﾞｯﾃﾘｰ　ＦＫ６27A×１　差動式スポット型感知器　１個　見積り願います。,見積もり提出中
317,2012,1,11,8,0,2012/9/6,2,　A-３消火器　２本見積り願います。,見積もり提出中
317,2012,1,12,1,0,2013/2/18,2,　誘導灯バッテリー　ＦＫ６２７Ａ×２　ＦＫ３４１×２　１個用消火器ＢＯＸ　６個　Ａ－３消化器１本　見積もり願います。,見積もり提出中
317,2013,1,11,8,0,2013/8/26,5,　Ａ－３消火器　１本　１本用消火器ＢＯＸ　３個　未警戒　差動１個　電線０．９×４Ｃ５ｍ　体育館　感知器取り付け　見積もり別途　　　防火シャッター巻き上げ不良　見積もり別途　　誘導灯バッテリー　ＦＫ６２７Ａ×２　ＦＫ３４１×２　見積もり願います。,請求済み
317,2013,1,12,1,0,2014/2/19,2,　消火栓起動装置　交換　A-３消火器　１本　見積り願います。,見積もり提出中
321,2010,1,12,1,0,2011/1/31,5,自火報： バッテリー不良。ＤＣ２４Ｖ ０.４５Ａｈ,請求済み
321,2011,1,12,1,0,2012/1/17,2,屋内消火栓： フート弁交換。前回６月に提出したものと同じで,見積もり提出中
321,2012,1,11,7,0,2012/7/5,5,屋内消火栓： フート弁不良。前回と同じ,請求済み
322,2011,1,11,1,0,2012/1/23,2,　A-３消火器　３本見積りお願いします。,見積もり提出中
322,2012,1,12,7,0,2012/7/10,2,　Ａ－３消火器　３本見積り願います。,見積もり提出中
340,2011,1,11,7,0,2011/7/11,2,誘導灯　　　　バッテリー不良　　　　ＦＫ－３４１　　　１個,見積もり提出中
340,2012,1,11,7,0,2012/7/12,5,誘導灯　　バッテリー不良　　　ＦＫ－３４１　　　１個,請求済み
341,2011,1,11,7,0,2011/11/1,5,"見積り　以下４部作成願います
　１：消防設備修繕
　　　消火器：１０型蓄圧×８本（￥5.500）
　　　自火報：差動２種感知器ヘッド不良交換×１２個（スライダー使用）
　　　　　　　　感知器増設　定温特種防水×１個　　ＡＥ０.９－４Ｃ×２ｍ


　２：消火器：１本の廃棄料（￥1.200）

　３：今までの点検料金の見積り

　４：今回の点検料金の見積り（今までの点検料金の２回分）→ 一応年２回（消火器・自火報・移動粉末・誘導灯及び誘導標識）
　　　　　　　　　　　　　　　　　　　　　　　　　　　　　　　　　　　　　　　→今後の点検金額を話してきます。",請求済み
343,2011,1,11,7,0,2011/8/22,2,ニッタン受信機バッテリー　０．２２５Ah/５HR　1個,見積もり提出中
343,2012,1,11,7,0,2012/7/30,2,受信機用バッテリ－　　Ｘ１,見積もり提出中
343,2013,1,11,7,0,2013/9/4,5,受信機用バッテリー　ＤＣ２４Ｖ０．２２５ＡＨ　５ＨＲ　（２０－Ｓ２０１Ａ）　　Ｘ１,請求済み
345,2013,1,12,1,0,2014/1/14,5,　消火栓ホース　10本　　　消火器　　11本,請求済み
350,2011,1,11,1,0,2012/1/21,2,前回と同じ　消火器１本,見積もり提出中
350,2011,1,12,7,0,2011/8/8,2,消火器： １０年以上経過消火器×１本　新品交換　,見積もり提出中
352,2011,1,12,4,0,2012/4/17,2,　消火器ＢＯＸ　１個見積り願います。,見積もり提出中
352,2012,1,12,4,0,2013/4/25,5,　誘導灯バッテリー　ＦＫ３７６×２個　誘導灯本体　Ｂ級通路片面→　１台見積もり願います。,請求済み
352,2013,1,11,10,0,2013/11/16,2,　Ａ－３消火器　１本交換見積り,見積もり提出中
352,2013,1,12,4,0,2014/4/15,5,　Ａー３消火器　８本交換　防排煙バッテリー　０．４５Ａｈ／５ＨＲ交換見積り,請求済み
353,2011,1,11,10,0,2011/11/9,2,　二酸化炭素　２本見積り願います。,見積もり提出中
354,2011,1,11,11,0,2011/12/8,2,"２階テナント（GENESIS　ZERO）：自火報　煙感知器２種×１個増設（前回出てます）
　　　　　　　　　　　　　　　　　　　 誘導灯　バッテリー不良×１個（FK１２５）
５階テナント（Member’ｓ　Cａｒｔｉｅｒ）：消火器１０型×１本

別々の見積りを作成して下さい。",見積もり提出中
354,2011,1,12,5,0,2011/7/21,2,自火報：２階GENESIS ZERO　未警戒工事　煙感知器２種×１個,見積もり提出中
354,2012,1,11,11,0,2012/12/27,2,別紙,見積もり提出中
354,2012,1,12,5,0,2012/8/24,2,別紙,見積もり提出中
354,2013,1,11,11,0,2013/11/21,2,"日本興産宛て
消火器　粉末ＡＢＣ１０型　　９本　　　　　　誘導灯バッテリー　ＦＫ１２５　　Ｘ５本

アクロポリス（１階）ＮＯ９宛て
光電式スポット感知器　２個　（交換）

アクロポリス（２階）ＳＯＳIAS宛て
光電式スポット感知器　６個増設　　　　電線０．９X４Ｃ　　１０Ｍ　　感知器を塗装する場合は、１個６００円必要も記入して下さい。

アクロポリス（３階）ＡＴＬANTIC宛て
光電式スポット感知器　２個　（交換）　感知器を塗装する場合は、１個６００円必要も記入して下さい。

アクロポリス（５階）Ｇｒａｎｄ　Ｃｒｕ宛て
光電式スポット感知器　２個　（交換）",見積もり提出中
354,2013,1,12,5,0,2013/7/31,2,別紙,見積もり提出中
354,2014,1,12,5,0,2014/5/27,1,別紙にて,見積もり依頼
355,2010,1,12,1,0,2011/3/17,5,　受信機バッテリー（ＤＣ２４Ｖ１．２Ａｈ）×１個　見積もりお願いします。,請求済み
355,2013,1,12,1,0,2014/1/30,5,　誘導灯バッテリー　FK１２８×１　見積り願います。,請求済み
356,2012,1,11,8,0,2012/9/6,5,防排煙　バッテリー　松下電工１．６５Ａｈ／５ＨＲ　１個見積り願います。,請求済み
356,2012,1,12,2,0,2013/2/20,2,　非常灯バッテリー　ＦＫ３７４×１０個　見積もり願います。,見積もり提出中
357,2011,1,11,8,0,2011/9/22,2,別紙にて,見積もり提出中
357,2011,1,12,2,0,2012/3/2,2,"スプリンクラー設備　　アラーム弁エアレギュレーター不良　　　１個
　　　　　　　　　　　　　一斉開放弁　６５Ａ　　　１個　　　　　８０Ａ　　　３個
自火報　　　感知器不良　　　　５ヶ所　　　定温式防水型　　６０度用で
非常放送設備　　　　トランペットスピーカ不良　　　３個
誘導灯　　　　器具不良　　　ＢＬ型片面非常口　　　１台
防火戸設備　　　　煙感知器３種　　　１個",見積もり提出中
357,2012,1,11,8,0,2012/9/15,2,"消火器　　　ABC粉末１０型　　５０本　　　　　１本用BOX　　　７個
スプリンクラー設備　　　アラーム弁エアレギュレーター　　２個　　　アラーム弁エア配管エアキャッチ　　１個
　　　　　　　　　　　　　　６５A一斉開放弁　　　１個　　　　８０A一斉開放弁　　　３個　　　　ボールバルブ　　２個
自火報　　　感知器不良及びヘッド無し　　　７ヶ所　　　　定温式防水感知器　　６個　　　　３種煙感知器　　１個
非常放送設備　　　　屋上トランペットスピーカー不良　　　３個
誘導灯　　　器具不良　　ＢＬ級　　１台　　　Ｃ級　　１台",見積もり提出中
357,2012,1,12,2,0,2013/3/16,2,"前回と一緒です。
　　ただし　自火報の感知器不良個数を６個から１３個に変更
　　　　　　　消火器の本数を５０本から２５本に変更して下さい。",見積もり提出中
357,2013,1,12,2,0,2014/3/20,2,"消火器、自火報、以外改修されていません。
ドレンチャー、泡消火設備、粉末消火設備、非常放送、誘導灯、各々前回と同じ不良。",見積もり提出中
358,2011,1,11,8,0,2011/9/22,2,別紙にて　（前回と同じ）,見積もり提出中
358,2011,1,12,2,0,2012/3/2,2,誘導灯　　　バッテリー不良　　　東芝製　　２ＮＲ－ＣＵ－ＬＥ　　　４個,見積もり提出中
358,2012,1,11,8,0,2012/9/15,2,"消火器　　ＡＢＣ粉末１０型　　　　２１本
自火報　　感知器不良及びヘッド無し　　　２ヶ所　　　　定温式防水感知器　　　２個
誘導灯　　バッテリー不良　　　東芝製　　２ＮＲ－ＣＵ－ＬＥ　　　４個",見積もり提出中
358,2012,1,12,2,0,2013/3/16,2,"前回と一緒でお願いします。
　　ただし　　消火器の本数を２１本から１１本に変更して下さい。",見積もり提出中
359,2010,1,12,2,0,2011/2/10,5,"誘導灯　　バッテリー不良　　ＦＫ－６２７Ａ　　１個
非常灯　　バッテリー不良　　ＦＫ－６９０Ｂ　　２個　　　　　ＦＫ－６９７Ｋ　　　１４個",請求済み
359,2011,1,11,8,0,2011/8/9,5,"消火器　　ＡＢＣ粉末１０型　　　１４本　　　　　中性強化液　　３?　　　　４本
火通報　　バッテリー不良　　　１２Ｖ　８００ｍＡｈ",請求済み
359,2011,1,12,2,0,2012/2/9,6,"誘導灯　　バッテリー不良　　　ＦＫ－３８１　　　１個
非常灯　　バッテリー不良　　　ＦＫ－６９７Ｋ　　１個",対応不要
359,2013,1,11,8,0,2013/8/3,2,非常灯　　バッテリー不良　　　FK-６９７A　　　５個,見積もり提出中
359,2013,1,12,2,0,2014/3/14,5,"火通報　　子機電話機不良　　　松下電工製　　火通ー０１２号　　　　１台
誘導灯　　バッテリー不良　　　FK-３８１　　　１個
非常灯　　バッテリー不良　　　FK-６９７A　　１個

火通報の子機のみ当社交換済み　　　　誘導灯及び非常灯バッテリー交換は他社にて",請求済み
362,2010,1,11,8,0,2010/9/9,5,消火器　　　詰替え　　Ａ－３　　２本　　　５２００円,請求済み
362,2012,1,12,2,0,2013/2/28,5,"非常灯用バッテリー　　ＦＫ６９７Ｋ　　Ｘ１

備考に建築基準法と明記して下さい。",請求済み
362,2013,1,12,2,0,2014/3/10,2,火報　　増設　差動式スポット　１ケ　　ＯＰ－０．９Ｘ４Ｃ　１５ｍ,見積もり提出中
363,2010,1,11,8,0,2010/9/9,5,消火器　　Ａ－３　１本　　詰替え　　６５００円　　火報　　２４Ｖ０．２２５Ａｈ　１台　　誘導灯　バッテリー　東芝　３ＮＲ－ＣＵ－Ｓ　別々で　　　,請求済み
363,2011,1,12,2,0,2012/3/2,2,"誘導灯　交換
Ｂ級　通路　両面　片矢印　１台",見積もり提出中
363,2012,1,11,8,0,2012/9/12,5,"粉末消火器　A-３　２本詰替え　　　　１本＠6,500",請求済み
363,2012,1,12,2,0,2013/3/15,5,"案①　Ｃ級誘導灯両面通路左矢印　１台

案②　誘導灯バッテリ－４ＮＲ-Ｃ-Ｓ（４．８V１８００MAH）　　Ｘ１台",請求済み
364,2010,1,11,8,0,2010/8/19,5,火報　　　差動式スポット　　１ヶ所　　　ＯＰ　４Ｃ－１５ｍ,請求済み
364,2010,1,12,2,0,2011/3/15,5,消火器　　Ａ－３　　２本　　詰替え　　６５００円　　　　誘導灯　　　Ｃ級　非常口　１台　　通路左矢印　　１台　　リニヤルプレート　１台,請求済み
364,2011,1,11,8,0,2011/9/7,2,消火器　Ａ－３　２本　,見積もり提出中
364,2011,1,12,2,0,2012/3/2,2,消火器　Ａ－３　３本,見積もり提出中
364,2013,1,11,8,0,2013/9/19,2,消火器　粉末ＡＢＣ１０型　　１本,見積もり提出中
364,2013,1,12,2,0,2014/3/7,5,消火器　１０型　１本交換　\６．５００,請求済み
365,2010,1,11,8,0,2010/9/2,2,消火器　　Ａ－３　　４本　　詰替え　　　６５００円　　　誘導灯　　　ＦＫ－６４６　　２台　　見積もりわ別々に,見積もり提出中
365,2010,1,12,2,0,2011/3/10,2,誘導灯　　　ＦＫ－６４６　　２台　　　消火器　　　Ａ－３　　４本　　６５００円　,見積もり提出中
365,2011,1,11,8,0,2011/9/20,5,"誘導灯　　　ＦＫ－６４６　　２台　　　
消火器　　　Ａ－３　　４本　　６５００円　",請求済み
365,2011,1,12,2,0,2012/3/9,2,消火器　　　Ａ－３　　４本　　６５００円　,見積もり提出中
365,2012,1,11,8,0,2012/9/18,5,"消火器　Ａ-３　詰替え　　４本　　＠6,500",請求済み
366,2011,1,11,8,0,2011/9/23,5,消火器　　ＡＢＣ粉末１０型　　　３本,請求済み
366,2012,1,11,8,0,2012/9/24,5,"消火器　　ＡＢＣ粉末１０型　　　　３本
屋内消火栓　　　４０Ａゲートバルブ　　破損交換　　　１式",請求済み
366,2013,1,11,8,0,2013/10/15,5,消火器１０年経過　１６本（見積もりは　３本で）,請求済み
372,2010,1,11,8,0,2010/8/31,5,誘導灯　　パネル破損不良　　　東芝製　　ＥＴ－１２２１Ｒ　　　１枚,請求済み
372,2010,1,12,3,0,2011/3/30,2,誘導灯　　小型通路誘導灯器具不良　　１台　　　　　　バッテリー不良　　東芝　　２ＮＲ－CU－Ｓ　　２個,見積もり提出中
372,2011,1,12,3,0,2012/3/23,2,誘導灯　　バッテリー不良　　　東芝製　　２ＮＲ－ＣＵ－Ｓ　　　１個　　　　　４ＮＲ－Ｃ－Ｓ　　　３個,見積もり提出中
372,2012,1,12,3,0,2013/3/27,2,"火通報　　バッテリー不良　　　１２Ｖ　８００ｍＡｈ　　　１個
誘導灯　　バッテリー不良　　東芝製　　４ＮＲ－C－S　　　２個　　　２ＮＲ－ＣＵ－Ｓ　　　２個",見積もり提出中
372,2013,1,11,8,0,2013/8/20,2,"火通報　　バッテリー不良　　１２Ｖ　８００ｍＡｈ　　　１個
誘導灯　　バッテリー不良　　東芝製　　　２ＮＲ－CU-S　　　２個　　　　　　４ＮＲ－Ｃ－Ｓ　　　２個",見積もり提出中
372,2013,1,12,3,0,2014/3/27,2,"消火器　　　ＡＢＣ粉末１０型蓄圧式　　　　８本
火通報　　　バッテリー不良　　　１２Ｖ　　８００ｍＡｈ　　　　１個
誘導灯　　　バッテリー不良　　　東芝製　　２ＮＲ－CU-S　　　１個　　　　　　４ＮＲ－Ｃ－Ｓ　　　　５個",見積もり提出中
374,2011,1,11,8,0,2011/9/8,5,消火器　　ＡＢＣ粉末１０型　　　　２７本　　　陽光ビルＭＥに売上,請求済み
375,2010,1,11,8,0,2010/8/23,2,誘導灯　　　バッテリー不良　　　ＦＫ－１２５　　　１個,見積もり提出中
375,2012,1,11,8,0,2012/8/29,2,誘導灯　　バッテリー不良　　　FK-１２５　　　　２個,見積もり提出中
381,2011,1,11,9,0,2011/9/26,2,消火器10型　1本,見積もり提出中
381,2012,1,11,9,0,2012/9/27,5,　消火器　各　見積り。,請求済み
382,2010,1,11,10,0,2011/5/21,5,消火栓ホース　６５Ａ　　８本、消火器　Ａ-３　10本　　【未警戒増設工事　　差動スポット　１個　　ＡＥ0.9-2Ｐ　30Ｍ　2011　5/20済み】,請求済み
383,2011,1,12,2,0,2012/3/12,2,"消火器　　　１０年以上経過の為　　　ＡＢＣ粉末１０型　　　２本
　　　　　　　　格納ＢＯＸ破損の為　　　１本入れ用ＢＯＸ　　１個
自火報　　　受信機バッテリー不良　　　２４Ｖ　０.６Ａｈ　　　１個",見積もり提出中
384,2010,1,12,2,0,2011/4/22,5,消火器　　　ＡＢＣ粉末１０型　　　　５本,請求済み
384,2011,1,11,8,0,2011/10/7,2,消火器　　ＡＢＣ粉末１０型　　　　５本,見積もり提出中
384,2011,1,12,4,0,2012/8/1,2,消火器　　ＡＢＣ粉末１０型　　　　　５本,見積もり提出中
385,2010,1,11,8,0,2010/9/14,2,火報　　２４Ｖ　　０．６Ａｈ　　　バッテリー　　１台,見積もり提出中
385,2011,1,11,8,0,2011/9/26,5,火報受信機バッテリー　　１台　　　ＤＣ２４Ｖ　　０．６Ａｈ　　　,請求済み
385,2012,1,11,8,0,2012/9/24,5,誘導灯　Ｃ級片面通路右→　　Ｘ１台　　　壁用リニュ－アルプレ－ト　Ｘ１台,請求済み
389,2010,1,11,8,0,2010/9/2,2,消火器　　Ａ－３　　３本,見積もり提出中
389,2011,1,12,2,0,2012/2/18,5,誘導灯バッテリー　（ＦＫ－６４６）　×　１個,請求済み
391,2010,1,11,8,0,2010/9/2,2,誘導灯　　ＦＫ－３７６　　１台,見積もり提出中
391,2010,1,12,2,0,2011/3/4,2,誘導灯　　バッテリー　　FK-376　１台,見積もり提出中
391,2011,1,11,8,0,2011/9/14,2,誘導灯　　バッテリー　　FK-376　１台,見積もり提出中
391,2011,1,12,2,0,2012/3/6,5,誘導灯　　バッテリー　　FK-376　１台,請求済み
391,2012,1,12,2,0,2013/3/1,5,誘導灯バッテリー　ＦＫ３４１　Ｘ１台,請求済み
392,2010,1,11,8,0,2010/9/1,2,消火器　　Ａ－３　　　6本　　　廃棄処分が5本分,見積もり提出中
392,2010,1,12,2,0,2011/3/5,2,消火器　　A-3　　６本　　取替え,見積もり提出中
392,2011,1,11,8,0,2011/9/9,2,"消火器　Ａ－３　６本　　＋　　消火器廃棄のみ　　５本
　　　　　",見積もり提出中
392,2011,1,12,2,0,2012/3/12,2,"消火器交換　Ａ－３　６本
廃棄のみ　　　　　　　５本",見積もり提出中
392,2012,1,12,2,0,2013/3/15,2,"消火器（入替分）　ＡＢＣ１０型　　６本

消火器（廃棄分（入替とは別に）　　４本",見積もり提出中
392,2013,1,11,8,0,2013/9/26,2,消火器　　Ａ－３　　６本　別に見積もり　廃棄　　４本,見積もり提出中
397,2010,1,11,8,0,2010/9/8,5,"自火報　　　差動式感知器　ヘッド不良　　　１個
誘導灯　　　バッテリー不良　　　ＦＫ－６２７Ａ　　　２個",請求済み
397,2011,1,11,8,0,2011/9/14,6,屋内消火栓　　　　４０Ａホース　　　４本,対応不要
397,2012,1,11,8,0,2012/10/9,5,"消火器　　　二酸化炭素　　　ＣＧ－７　　　３本
誘導灯　　バッテリー不良　　　ＦＫ－１２８　　　１個　　　ＦＫ－６２７Ａ　　　１個",請求済み
397,2013,1,12,2,0,2014/2/19,5,"自火報　　　受信機内バッテリー不良　　２４Ｖ　　１.２Ａｈ　　　１個
非常灯　　　バッテリー不良　　　東芝製　　１０ＮＲ－Ｃ－ＲＥ　　　１個",請求済み
399,2013,1,11,8,0,2014/1/15,5,誘導灯　Ｃ級　避難口,請求済み
408,2011,1,12,2,0,2012/2/22,2,"自火報設備　ベル不良　１５０φ１個　　　誘導灯　バッテリー不良　　FK－１８３　１個
（穂高会館への提出は日付なしで。）　",見積もり提出中
408,2012,1,11,8,0,2012/9/1,5,"三協電気工業へ
　　自火報　　　地区音響ベル不良　　　１個　　　　　　　差動式感知器ヘッド不良　　　　　１個
　　誘導灯　　　バッテリー不良　　　ＦＫ－１８３　　　　１個",請求済み
408,2012,1,12,2,0,2013/2/21,2,誘導灯　　器具不良　　ＢＨ片面避難口　天井付け　　　　２台,見積もり提出中
408,2013,1,11,8,0,2013/9/13,2,誘導灯　　器具不良　　　　ＢＬ級　　避難口　　　　２台,見積もり提出中
410,2010,1,11,8,0,2010/8/17,6,誘導灯　　バッテリー不良　　ＦＫ－６４６×２　　ＦＫ－６４８×１,対応不要
410,2010,1,12,2,0,2011/3/16,5,サスナカ通信へ　　　誘導灯　　　バッテリー不良　　　ＦＫ－６４６　　２個　　　　　ＦＫ－６４８　　１個,請求済み
410,2011,1,11,8,0,2011/8/23,2,サスナカ通信へ　　　消火器　　ＡＢＣ粉末１０型　　　７本,見積もり提出中
410,2011,1,12,2,0,2012/6/28,5,"サスナカへ
誘導灯　　バッテリー不良　　　　ＦＫ－６４８　　　１個",請求済み
410,2012,1,12,2,0,2013/2/25,2,"サスナカ通信へ　　　消火器　ＡＢＣ粉末１０型　　　　７本
　　　　　　　　　　　 　誘導灯　　バッテリー不良　　　ＦＫ－６４６　　　　３個",見積もり提出中
410,2013,1,11,8,0,2013/8/20,2,前回同様　　　消火器　　７本　　　誘導灯バッテリー不良　　　３個,見積もり提出中
410,2013,1,12,2,0,2014/3/14,2,誘導灯　　　バッテリー不良　　　ＦＫ－６４６　　　３個,見積もり提出中
411,2010,1,11,8,0,2010/8/17,2,"誘導灯　　バッテリー不良　　ＦＫ－３４９×５個　　　ＦＫ－３７６×５個
防火戸設備　　　イジェクター不良交換　　　２ヶ所",見積もり提出中
411,2010,1,12,2,0,2011/2/25,2,"サスナカ通信へ
　　誘導灯　バッテリー不良　　ＦＫ－３４９　　７個　　　　ＦＫ－３７６　　５個
　　防火戸　イジェクター不良　　２ヶ所　　　　順位調整器破損不良　　１ヶ所",見積もり提出中
411,2011,1,11,8,0,2011/8/26,2,"自火報　　　バッテリー不良　　２４Ｖ　１.６５Ａｈ
誘導灯　　パネル破損不良　　ＦＫ－２６８２０　　１枚　　　　　バッテリー不良　　ＦＫ－３４９　　８個　　　　　ＦＫ－３７６　　８個
防火戸設備　　　ラッチ型イジェクター作動不良　　　３ヶ所　　　　　順位調整器破損不良　　１ヶ所",見積もり提出中
411,2011,1,12,2,0,2012/2/22,2,"自火報　　　バッテリー不良　　２４Ｖ　１.６５Ａｈ
誘導灯　　　バッテリー不良　　ＦＫ－３７６　×　１０個　　　ＦＫ－３４９　×　１０個　　パネル不良　　ＦＫ－２６８２０　　１枚
防火戸設備　　　　イジェクター不良交換　　　７ヶ所　　　　　順位調整器破損不良　　１ヶ所",見積もり提出中
411,2012,1,11,8,0,2012/9/5,2,"自火報設備　　　受信機バッテリー不良　　　２４Ｖ　１.６５Ａｈ
誘導灯　　　バッテリー不良　　　ＦＫ－３４９　　８個　　　　　　ＦＫ－３７６　　１０個
防火戸設備　　　イジェクター不良　　　３個　　　　　順位調整器不良　　１ヶ所",見積もり提出中
411,2013,1,11,8,0,2013/9/4,2,"サスナカへ
自火報　　バッテリー不良　　２４Ｖ　１.６５Ａｈ　　　　　　煙感知器ヘッド無し　　　１個
誘導灯　　バッテリー不良　　ＦＫ－３４９　　８個　　　　ＦＫ－３７６　　１１個　　　　ＦＫ－３８１　　１個
防火戸　　イジェクター不良　　　３ヶ所",見積もり提出中
411,2013,1,12,2,0,2014/2/26,2,"自火報　　２４Ｖ　１.６５Ａｈ　　バッテリー不良
誘導灯　　バッテリー不良　　ＦＫ－３８１×１個　　　　ＦＫ－３４９×９個　　　ＦＫ－３７６×１２個
防火戸　　イジェクター不良交換　　　５個",見積もり提出中
416,2011,1,11,2,0,2012/2/9,2,消火器１０型×１３本,見積もり提出中
416,2011,1,12,8,0,2011/10/6,5,"消火器１０型×３本
差動分布検知器交換×１個（現在能美製が設置されていますが、相互性が関係なければﾆｯﾀﾝで構いません）",請求済み
416,2012,1,11,2,0,2013/3/5,2,別紙,見積もり提出中
416,2012,1,12,8,0,2012/8/30,2,消火器１０型×１３本交換,見積もり提出中
416,2013,1,12,8,0,2013/8/31,2,別紙,見積もり提出中
418,2010,1,11,8,0,2010/9/6,5,ガス漏れ検知器　　　耐用年数オーバーにより　　　　ＫＰ－３５Ａ　　　３個　　　阿南警察へ直接出します。,請求済み
418,2010,1,12,2,0,2011/2/5,5,ガス漏れ検知器　　期限切れ　　　　１個　　　ＫＰ－３５Ａ　　プロパン用,請求済み
418,2011,1,12,2,0,2012/3/28,5,"直接　阿南警察へ
　　ガス漏れ検知器　　　ＫＰ－３５Ａ　　１個
　　非常警報用バッテリー　　　２４Ｖ　　６Ａｈ/５ＨＲ　　　１個",請求済み
419,2010,1,11,8,0,2010/8/30,2,消火器： 新品交換。Ａ－３×１本　　前回６５００円で出していると思います。,見積もり提出中
419,2011,1,11,8,0,2011/8/26,2,奈良井ダム管理所： 消火器Ａ－３×３本　新品交換　税込みで２万円以下で,見積もり提出中
419,2011,1,12,2,0,2012/2/25,2,奈良井ダム： 消火器　前回と同じ,見積もり提出中
420,2011,1,11,8,0,2011/8/9,2,　誘導灯バッテリー　（Ｎ6－ＣＬＫ　1650ｍＡｈ　７．２Ｖ×2個　2組）　差動式スポット型感知器　1個取替見積り願います。次回～3年に1度の点検でお願いしたいとの事です。,見積もり提出中
424,2010,1,11,8,0,2010/8/23,2,誘導灯　　バッテリー不良　　　ＦＫ－１２２　　　１個,見積もり提出中
424,2011,1,11,8,0,2011/10/7,5,"消火器　　　ＡＢＣ粉末１０型　　　６本
屋内消火栓　　　　４０Ａ　ホース　　　１０本
誘導灯　　　バッテリー不良　　　　ＦＫ－１２２　　　１個　　　　　ＦＫ－６２７Ａ　　　１個
防火戸設備　　　受信機バッテリー不良　　　　２４Ｖ　０.４５Ａｈ　　　１個",請求済み
424,2013,1,11,8,0,2013/8/29,2,"非常灯　　バッテリー不良　　　ＦＫ－６９７Ｋ　　　７個　　　別に　ＦＫ－６９７Ｋ　　１個　　足場代をプラス
　　　　　　バッテリー不良　　　東芝製　　本体　ＩＥＭ－２０８１Ｎ　　8.4Ｖ　2000ｍＡｈ　　Ａ－Ｂ11　　　　８個
　　　　　　　　　　　　　　　　　　　　　　　　　　　　同上　　　　１個　　足場代をプラス",見積もり提出中
425,2011,1,11,8,0,2011/10/7,5,消火器　　ＡＢＣ粉末１０型　　　　７本,請求済み
425,2012,1,11,8,0,2012/9/25,2,移動粉末　　　ＣＯ2　　７５０ｇ　　７本　　　　６６０ｇ　　　７本　　　　容器弁の件　　　ハツタ製,見積もり提出中
425,2013,1,11,8,0,2013/8/29,2,粉末消火設備　　　加圧用ガスボンベ　　容器弁交換　　　初田製作所製　　　ＨＡＤ－７５Ｄ型用　　　７個,見積もり提出中
427,2010,1,11,12,0,2011/4/19,2,別紙,見積もり提出中
427,2011,1,11,12,0,2012/4/17,5,"自火報：感知器未警戒　煙感知器２種×２個　ＡＥ0．9－４Ｃ×２０ｍ
　　　　　受信機主音響不良×１個
消火器：粉末１０型×１７本
　　　　　二酸化炭素２.３㎏×２本
防火設備：エジェクター不良×１個（ドアストッパー式）",請求済み
427,2011,1,12,6,0,2011/9/29,6,"自火報：主音響不良　単体ベル　×１
誘導灯：本体不良　ＬＥＤ避難口Ｃ級　×１台
消火器：１０型　×１７本　　　二酸化炭素２.３㎏の物　×２本

他　前回エジェクター交換の見積りも出して下さい。",対応不要
427,2013,1,11,3,0,2014/3/12,5,消火器　１０型　４本　　点検時交換しました。,請求済み
427,2013,1,12,9,0,2013/10/19,2,消火器１０型６本廃棄・設置済み前回と同じ金額でお願い致します。　　　あと防火戸のドアストッパ（ＮＳＳ－ＤＳ－Ｎ１）加工有り　　　　と動力ポンプのオーバーホールの見積もりをお願い致します。,見積もり提出中
430,2011,1,11,8,0,2011/8/25,2,誘導灯： 器具不良２台。リニュアルプレートも,見積もり提出中
430,2011,1,12,2,0,2012/2/15,2,誘導灯： 前回と同じ,見積もり提出中
430,2012,1,11,8,0,2012/8/2,2,誘導灯： 前回と同じ,見積もり提出中
431,2010,1,11,8,0,2010/8/27,2,　差動式スポット感知器１個取替え見積りお願いします。,見積もり提出中
431,2010,1,12,2,0,2011/2/21,5,　Ａ－３　消火器　２本見積りお願いします。,請求済み
431,2011,1,11,8,0,2011/8/2,2,　差動式スポット型感知器　１個　交換見積りお願いします。,見積もり提出中
433,2012,1,11,8,0,2012/9/18,2,Ａ－２消火器　４本　誘導標識　避難口３枚　通路　３枚　見積り願います。,見積もり提出中
433,2013,1,12,2,0,2014/2/26,2,　Ａ－３消火器　２本見積り願います。,見積もり提出中
436,2010,1,11,8,0,2010/10/16,5,消火器　　ＡＢＣ粉末１０型　　　　２本,請求済み
436,2011,1,11,8,0,2011/10/4,5,消火器　　ＡＢＣ粉末１０型　　　２本,請求済み
437,2010,1,11,8,0,2010/11/30,1,前回見積り　　強化液　　粉末　　１本あたりの見積りを　下さい。,見積もり依頼
437,2010,1,11,10,0,2010/12/24,0,,
437,2011,1,11,10,0,2012/1/17,2,　消火栓ホース　４０A　１４本　　消火器A-3　１０本,見積もり提出中
437,2011,1,12,4,0,2012/7/9,2,　消火栓ホース　４０Ａ　１４本　　　消火器Ａ－３　５本,見積もり提出中
437,2012,1,11,10,0,2013/1/7,2,消火器　Ａ－３　15本　　消火栓ホース　１４本（４０Ａ）　　消火栓ＢＯＸ　さびの為交換したいの事　ステンレスか相当品　１台　交換費は　４万ぐらいで,見積もり提出中
437,2012,1,12,4,0,2013/7/19,5,　消火器　A-３　３４本　　　消火栓ホース　　１４本　（４０A　　,請求済み
438,2010,1,12,2,0,2011/2/24,5,"泡消火設備　　メインバルブ不良
誘導灯　　　　　バッテリー不良　　　ＦＫ－１８７　　　１個",請求済み
438,2011,1,12,2,0,2012/2/10,2,消火器　１０型　３本（１本不良．２本交換）　　誘導灯避難口小型　バッテリー不良　ＦＫ－１８７　１個,見積もり提出中
438,2012,1,11,8,0,2012/9/10,5,"消火器　１０型１本不良　　１０年経過　５０型３本　２０型５本　１０型５５本（不良消火器含む）
誘導灯　バッテリー不良ＦＫ－１８７　１個",請求済み
438,2012,1,12,2,0,2013/3/13,2,消火器10以上　50型　3本　　20型　5本　　10型　54本　　　誘導灯バッテリー　ＦＫ－187　1個,見積もり提出中
438,2013,1,11,8,0,2013/9/5,2,"消火器　粉末１０型１本　変形　　自火報　定温特種１個増設　配線4芯３０ｍ　　誘導灯　避難口C級片面型　天井取付　１台
　通路C級両面両矢印　１台　取付金具必要（０．５人工）
消火器　１０年経過　　５０型３本　２０型５本　１０型５４本と２００３年製　４本",見積もり提出中
438,2013,1,12,2,0,2014/4/14,5,誘導灯不良　小型２台　P型２級受信機用バｔｔリー不良　１個　消火器１０年経過あり　　　（見積もり提出済）,請求済み
446,2012,1,12,4,0,2013/4/25,5,　誘導灯バッテリーＦＫ６２７Ａ×１個　誘導灯ランプＣＦ２20T4EN3W×１本　見積もり願います。,請求済み
446,2013,1,11,10,0,2013/11/16,2,　誘導灯バッテリー　ＦＫ６２７Ａ×１個　ＦＫ１２２×１個　見積り願います。,見積もり提出中
446,2013,1,12,4,0,2014/4/15,5,　誘導灯バッテリー（ＦＫ１２２）×１　受信機バッテリー（０．４５Ａｈ／５ＨＲ）×１,請求済み
447,2010,1,11,12,0,2011/1/25,5,自火報： 受信機バッテリー不良。ＤＣ２４Ｖ ０.４５Ａｈ,請求済み
447,2013,1,12,6,0,2013/6/8,2,　誘導灯バッテリーＦＫ１２３　１個　消火器Ａ－３　１３本　見積もり願います。,見積もり提出中
448,2010,3,31,3,0,2011/3/29,2,カメラ１台　不良。　詳細は隆臣君に,見積もり提出中
448,2012,1,11,9,0,2013/1/7,5,自火報： ベル不良。１個,請求済み
449,2012,1,11,3,0,2013/3/18,2,消火器： Ａ－３×４本　　来年度期限切れの為と記載してください。,見積もり提出中
449,2012,1,12,9,0,2013/1/7,5,自火報： 受信機バッテリー不良。ＤＣ ２４Ｖ ０.４５Ａｈ,請求済み
449,2012,3,31,3,0,2013/3/18,2,詳細は隆臣君に,見積もり提出中
449,2012,3,31,9,0,2012/10/9,2,ハードディスク１台  メーカー交換推奨時間超え,見積もり提出中
449,2013,1,11,3,0,2014/3/18,2,消火器： Ａ－３×４本　新品交換,見積もり提出中
449,2013,1,12,9,0,2013/10/4,2,消火器： Ａ－３×４本　新品交換（来年度１０年以上）,見積もり提出中
449,2013,3,31,3,0,2014/3/18,2,ＩＴＶシステム： 詳細は志村主任に,見積もり提出中
449,2013,3,31,9,0,2013/10/4,2,詳細は隆臣君に,見積もり提出中
450,2010,1,11,9,0,2010/12/13,5,"誘導灯　　バッテリー不良　　ＦＫ－３４１　　３個
非常灯　　バッテリー不良　　ＦＫ－３７０　　４個　　　ＦＫ－３７４　　１個　　　ＦＫ－６７４　　１個",請求済み
450,2010,1,12,3,0,2011/3/18,2,非常灯　　バッテリー不良　　FK-３７０×４　　　FK-６４９×１,見積もり提出中
450,2011,1,11,9,0,2011/10/13,2,非常灯　　バッテリー不良　　ＦＫ－３７０　　５個　　　　　　ＦＫ－６４９　　１個,見積もり提出中
450,2011,1,12,3,0,2012/3/12,2,非常灯　　バッテリー不良　　ＦＫ－３７０　　６個　　　　　ＦＫ－６４９　　１個,見積もり提出中
450,2012,1,11,9,0,2012/10/29,5,"誘導灯　　　バッテリー不良　　　ＦＫ－３４１　　　１個
非常灯　　　バッテリー不良　　　ＦＫ－３７０　　　５台",請求済み
450,2012,1,12,3,0,2013/2/18,2,"誘導灯　　バッテリー不良　　　ＦＫ－３４１　　　１個
非常灯　　バッテリー不良　　　ＦＫ－３７０　　　３個",見積もり提出中
450,2013,1,11,9,0,2013/10/1,5,"非常灯　　バッテリー不良　　　FK-３７０　　　６個
誘導灯　　バッテリー不良　　　ＦＫ－３４１　　１個",請求済み
450,2013,1,12,3,0,2014/3/14,5,"自火報　　　未警戒　　　　差動式感知器　　　１個　　　　　OP　０.９×２P　　　　２０ｍ
非常灯　　　バッテリー不良　　FK-３７０　　　１個",請求済み
451,2010,1,11,9,0,2010/12/13,5,非常灯　　バッテリー不良　　東芝　４ＮＲ－CH-BE　　　２個,請求済み
452,2010,1,11,9,0,2010/12/13,5,ガス漏れ火災警報設備　　　バッテリー不良　２４Ｖ　０.６Ａｈ　　　　検知器　期限切れ　ＫＰ－３５Ｂ　　　１個,請求済み
452,2011,1,11,9,0,2011/10/13,2,非常灯　　バッテリー不良　　　ＦＫ－６０７　　７台,見積もり提出中
452,2011,1,12,3,0,2012/3/12,2,自動火災報知設備　バッテリー　２４Ｖ　１．２ＡＨ　１個　（不良ではないが弱くなっているため来年度予算用に）,見積もり提出中
452,2012,1,11,9,0,2012/10/29,5,非常灯　　バッテリー不良　　　ＦＫ－６０７　　　　６個,請求済み
461,2010,1,11,9,0,2010/9/2,5,"消火器　　　ＡＢＣ粉末１０型　　５本
誘導灯　　バッテリー不良　　　ＦＫ－３４１　　　　１個",請求済み
461,2011,1,11,9,0,2011/10/17,5,消火器　　ＡＢＣ粉末１０型　　　６本　　　見積書提出済み,請求済み
461,2012,1,11,9,0,2012/10/25,5,誘導灯　　　バッテリー不良　　　ＦＫ－３４１　　　１個,請求済み
474,2012,1,12,3,0,2013/3/27,5,消火器１０年経過　粉末１０型　　９本,請求済み
476,2011,1,11,9,0,2011/9/21,5,消火器　　ＡＢＣ粉末１０型　　　　８本,請求済み
477,2010,1,11,3,0,2011/3/17,5,火報　　　電線張替え,請求済み
477,2011,1,11,3,0,2012/3/14,5,"火報　受信機バッテリー　
ＤＣ２4V　０．４５Ａｈ　×　１個",請求済み
477,2011,1,12,9,0,2011/11/25,5,"消火器　Ａ－３　× １本

感知器故障交換

定温防水　×　２個
OP　４C　　×　５ｍ
モール　　  ×　３本",請求済み
477,2012,1,11,3,0,2013/3/8,2,ノーミ　Ｐ型１級発信機　　Ｘ　６,見積もり提出中
477,2012,1,12,9,0,2012/10/29,5,消火器用ボックス　　Ｘ２個,請求済み
477,2013,1,11,3,0,2014/3/20,2,"通路誘導灯Ｃ級両矢印片面　１台
リニューアルプレート　　　　　 １台",見積もり提出中
478,2010,1,11,9,0,2010/10/16,2,"消火器：１０型×７本
自火報：受信機バッテリー不良×１個（ＤＣ２４　０.６Ａｈ）
　　　　　単体防水ベル×２個
誘導灯：バッテリー不良×２個（ＦＫ３７６×２）
非常放送：スピーカー不良×４　（松下：ＷＳ５８１０×１個　　ＷＳ５８２０×２個　　　　　ＴＯＡ：ＰＣ－３４０ＳＷ×１個）",見積もり提出中
478,2010,1,12,3,0,2011/5/13,2,"消火器：１０型×７本
自火報：受信機バッテリー不良×１個（ＤＣ２４　０.６Ａｈ）
　　　　　単体防水ベル×２個
誘導灯：バッテリー不良×２個（ＦＫ３７６×２）
非常放送：スピーカー不良×２　（松下：ＷＳ５８１０×１個　　　　　ＴＯＡ：ＰＣ－３４０ＳＷ×１個）
　　　　　　 スピーカー音量小さい為、配線調査　×２ヶ所",見積もり提出中
478,2011,1,11,9,0,2011/11/20,2,"前回見積り　＋　誘導灯：バッテリー不良×１（ＦＫ３１６）
　　　　　　　　　　　　　　　 パネル不良×１（ＦＫ４６８２０）
                       非常放送：本体バッテリー不良（ＤＣ２４Ｖ　３.５Ａｈ）",見積もり提出中
479,2010,1,11,9,0,2010/10/1,2,消火器　　　Ａ－３　　　１本単価　　,見積もり提出中
479,2010,1,12,3,0,2011/3/31,5,消火器　　Ａ－３　　２１本入替え,請求済み
479,2012,1,12,3,0,2013/3/18,2,"案①誘導灯バッテリ－　　ＦＫ３４１　　Ｘ　１台

案②誘導灯　　Ｃ級避難口　　Ｘ　１台

２通りにて見積もり作成お願い致します。（別々に）",見積もり提出中
479,2013,1,11,9,0,2013/12/14,5,前回同様誘導灯バッテリー,請求済み
481,2010,1,11,9,0,2010/10/9,5,消火器　　　Ａ－３　　３本　　　詰替え　　６５００円　　　火報　　　定温スポット　　３ヶ取替え,請求済み
481,2011,1,11,9,0,2011/10/7,2,消火器　A-3　１本,見積もり提出中
481,2011,1,12,3,0,2012/3/13,5,"火報　感知器交換
定温１種　×　３個",請求済み
485,2011,1,12,3,0,2012/4/5,2,ハロン　　容器弁　　　７個　　　　起動容器容器弁　　　２個,見積もり提出中
486,2010,1,11,3,0,2011/2/17,2,消火器　　A-3　　８本　　取替え,見積もり提出中
486,2010,1,12,9,0,2010/10/9,5,消火器　　　Ａ－３　　８本　　　６５００円　　　　誘導灯　　ＦＫ－６２７Ａ　　１台,請求済み
486,2011,1,11,3,0,2012/3/26,2,"受信機　バッテリー交換
 ＤＣ ２４Ｖ　０.６Ａｈ／５ＨＲ　×　１個",見積もり提出中
486,2011,1,12,9,0,2011/11/5,5,消火器　　A-3　　８本　　取替え,請求済み
486,2012,1,12,9,0,2012/10/6,5,受信機用バッテリ-　　Ｘ１,請求済み
487,2011,1,12,9,0,2011/10/25,5,"火報　地区ベル　×　１個

煙感知器　３種　１個",請求済み
488,2010,1,11,7,0,2010/8/27,2,　誘導灯バッテリー　FK６２７×１　FK３８１×１　見積もりお願いします。,見積もり提出中
488,2010,1,12,1,0,2011/2/24,5,　誘導灯バッテリー（ＦＫ３８１×１個）見積りお願いします。,請求済み
488,2011,1,11,7,0,2011/8/3,6,　誘導灯バッテリー　FK376×１　FK671×４　見積もり願います。,対応不要
488,2011,1,12,1,0,2012/1/16,2,　誘導灯ﾊﾞｯﾃﾘｰ　ＦＫ６27×４　ＦＫ３81×１　ランプ１×ＦＬ１0EＸ－Ｎ１本　Ａ－３消火器　１本　見積り願います。,見積もり提出中
488,2012,1,11,7,0,2012/7/31,5,　誘導灯バッテリー（ＦＫ３８１×１）　スピーカー（ビクタ－　モデルＳＢ－Ｈ６０）見積り願います。,請求済み
488,2012,1,12,1,0,2013/2/12,2,　誘導灯バッテリー　ＦＫ６４７×１個　ＦＫ３８１×１個　スピーカー　ビクター　モデルＳＢ－H６０×２個　火災通報機　赤電話機　１個,見積もり提出中
488,2013,1,11,7,0,2013/8/20,5,　A-3消火器　１本　火通バッテリー　ユアサBGF９９０２松下１個　誘導灯バッテリー　FK６２７　１個　FK３８１　１個　防滴スピーカー　１個　見積もり願います。,請求済み
488,2013,1,12,1,0,2014/2/3,5,　誘導灯バッテリー　FK６２７A×１　FK３８１×１　Aー３消火器　２本　見積り願います。,請求済み
493,2011,1,11,10,0,2012/3/17,5,消火器　　ＡＢＣ粉末１０型　　　２７本　　　　ＡＢＣ粉末２０型　　　１本,請求済み
493,2012,1,11,9,0,2012/10/5,5,誘導標識　避難口　　６枚,請求済み
493,2013,1,11,9,0,2013/9/27,5,非常警報バッテリー不良　1個　ニッタンEDU-W用　　（5-AA250　KR-2/3AA　　6V2500ｍAh）,請求済み
497,2010,1,11,10,0,2010/10/27,5,誘導灯　　器具不良　　　小型片面　天井付けリニューワルプレート付けで　　　１台,請求済み
497,2010,1,12,3,0,2011/3/18,5,誘導灯　　バッテリー不良　　　ＦＫ－１８７　　　１個,請求済み
497,2011,1,12,3,0,2012/3/28,5,誘導灯　　器具不良　　　Ｃ級　天井付リニュアルプレート（小型）　　　１台,請求済み
497,2012,1,12,3,0,2013/3/21,5,誘導灯　　器具不良　　　Ｃ級　避難口　　　１台,請求済み
498,2011,1,11,9,0,2011/10/17,2,"消火器　Ａ－３　４本

避難口Ｃ級１台　片面　",見積もり提出中
498,2013,1,11,9,0,2013/10/7,5,消火器　粉末ＡＢＣ１０型　　４本,請求済み
501,2010,1,11,9,0,2010/12/21,5,消火器　　Ａ－３　　２本　　　６５００円,請求済み
512,2011,1,11,9,0,2012/5/21,2,消火器10型　ｘ　1本,見積もり提出中
512,2012,1,11,9,0,2012/10/3,5,"消火器　A-３　２０１１年製　　Ｘ２本　　＠4,500",請求済み
512,2013,1,11,9,0,2013/9/24,5,消火器　粉末ＡＢＣ１０型　　　１本,請求済み
515,2013,1,11,11,0,2013/11/6,2,　誘導灯バッテリー　４ＮＲ-AC-TL　１個見積り願います。,見積もり提出中
515,2014,1,12,5,0,2014/5/26,2,別紙にて,見積もり提出中
517,2011,1,11,10,0,2012/1/25,2,"受信機バッテリー　DC２４V　０．６Ah/５HR　X　１　（ホーチキ）
消火器単価見積り　１０型・強化液ー１（3.0㍑）",見積もり提出中
517,2011,1,12,4,0,2012/5/21,5,"・受信機バッテリー交換　
０．６Ah/５HR　X　１　（ホーチキ）　
H.24.5.21交換済み

----------------------------------------------

・消火器交換　
Ａ－３　×　６本　　　　

・消火栓ポンプ　逆止弁交換
前回見積りと同内容でお願いします。",請求済み
517,2012,1,11,10,0,2012/10/29,5,消火器交換　Ａ－３　３本交換,請求済み
517,2012,1,12,4,0,2013/5/18,2,"消火器交換　強化液３．０?　ＳＵＳ製　２本
　",見積もり提出中
517,2013,1,12,4,0,2014/5/19,5,"・消火器交換　１０型　２本　￥６．５００　　・消火栓ホース更新　４０Ａ　６本　　耐圧試験と新品交換両方お願いします。
【Ｈ２６．５．１９消火器２本交換済み】　　　　　今回ホースは対応なし",請求済み
529,2011,1,11,9,0,2011/10/4,2,消火器１０型×６本　　　　６型×４本,見積もり提出中
529,2011,1,12,3,0,2012/4/11,2,前回同様（消火器交換）,見積もり提出中
529,2013,1,12,3,0,2014/3/15,5,消火器　６型　４本交換,請求済み
532,2010,1,11,9,0,2010/10/16,2,誘導灯バッテリー不良：ＦＫ１２５×１個,見積もり提出中
532,2010,1,12,3,0,2011/4/28,2,"消火器１０型×５本
誘導灯バッテリー不良×１個（ＦＫ１２５）",見積もり提出中
532,2011,1,11,9,0,2011/10/20,2,消火器１０型×５本,見積もり提出中
532,2011,1,12,3,0,2012/5/16,2,消火器１０型×５本←前回同様,見積もり提出中
542,2011,1,11,9,0,2011/9/29,5,"自火報： 受信機バッテリー ＤＣ２４Ｖ ０.４５Ａｈ　　新品交換
消火器： １０年以上経過消火器Ａ－３×１本　　　新品交換",請求済み
549,2011,1,11,6,0,2011/7/21,2,消火器１０型×１１本交換（廃棄込み）,見積もり提出中
549,2012,1,11,6,0,2012/8/24,2,別紙,見積もり提出中
549,2013,2,21,6,0,2013/7/24,2,別紙,見積もり提出中
551,2010,1,11,6,0,2010/7/16,5,誘導灯　　バッテリー不良　　ＦＫ－３８１　　４個　　　ＦＫ－３４９　　１個　　　　ＦＫ－３７６　　２個,請求済み
551,2011,1,11,6,0,2011/6/17,5,誘導灯　　バッテリー不良　　ＦＫ－３４９　　１個,請求済み
551,2011,1,12,12,0,2011/12/21,5,"消火器　　　ＡＢＣ粉末１０型　期限切れ　　　６２本　　　　　　１０型２本入れＢｏｘ　　　１個
誘導灯　　　バッテリー不良　　　ＦＫ－３８１　　　１個",請求済み
551,2012,1,11,6,0,2012/6/22,2,"消火器　　ＡＢＣ粉末１０型　　　　６２本　　　　２本入れＢｏｘ　　　１個
誘導灯　　バッテリー不良　　　ＦＫ－１２８　　１個　　　ＦＫ－３４１　　１個　　　ＦＫ－３４９　　１個　　　ＦＫ－３８１　　３個",見積もり提出中
551,2012,1,12,12,0,2013/1/9,6,誘導灯　　器具不良　　　通路　埋め込み　　向かって右矢印　　　　１台,対応不要
551,2013,1,12,12,0,2013/12/27,2,粉末ABC１０型消火器　　　３０本（入替）,見積もり提出中
555,2010,1,11,8,0,2010/8/17,2,消火器　　ＡＢＣ粉末６型　　　１９本,見積もり提出中
555,2010,1,12,2,0,2011/3/16,2,サスナカ通信へ　　　誘導灯　　バッテリー不良　　　　ＦＫ－３８１　　　１個,見積もり提出中
555,2011,1,11,8,0,2011/9/28,5,"サスナカ通信へ　　　消火器　　ＡＢＣ粉末６型　　　３１本
　　　　　　　　　　　　　誘導灯　　バッテリー不良　　　ＦＫ－３８１　　１個　　　　ＦＫ－６２７Ａ　　１個　　　　Ｈ.２３.９.２８.済み",請求済み
555,2011,1,12,2,0,2012/2/22,2,"サスナカへ
誘導灯　　バッテリー不良　　　　ＦＫ－６２７Ａ　　　１個",見積もり提出中
555,2012,1,11,8,0,2012/8/10,2,誘導灯　　バッテリー不良　　　ＦＫ－３８１　　１個　　　ＦＫ－６２７Ａ　　　１個　　　　サスナカ通信へ,見積もり提出中
555,2012,1,12,2,0,2013/2/25,2,サスナカ通信へ　　　誘導灯　　バッテリー不良　　　ＦＫ－３８１　　１個　　　ＦＫ－６２７Ａ　　３個　　　ＦＫ－６４６　　１個,見積もり提出中
555,2013,1,11,8,0,2013/8/20,2,誘導灯　　バッテリー不良　　　ＦＫ－３８１　　１個　　　　ＦＫ－６２７Ａ　　　２個,見積もり提出中
555,2013,1,12,2,0,2014/3/10,2,誘導灯　　バッテリー不良　　　ＦＫ－３８１×１個　　ＦＫ－６２７Ａ×２個　　ＦＫ－６４６×１個,見積もり提出中
557,2010,1,11,4,0,2011/5/7,2,"消火器　　ＡＢＣ粉末１０型　　　期限切れ　　　９本
動力消防ポンプ　　　　ホース　期限切れ　　　２本　　　　６５Ａ
誘導灯　　　　バッテリー不良　　　　東芝製　　３ＮＲ－CH－ＬＥ　　　２個",見積もり提出中
557,2011,1,11,4,0,2012/4/26,2,"消火器１０年経過　粉末１０型　１０本　　自火報　差動式感知器ヘッドなし　１個
動力消防ポンプ　ホース２本　耐圧試験か交換　　誘導灯　バッテリー不良　１個　３ＮＲ－ＣＨ－ＬＥ",見積もり提出中
557,2012,1,11,4,0,2013/9/4,1,"消火器　　ＡＢＣ粉末１０型　　　　　１３本
動力ポンプ　　　オーバーホール　　　１式　　　　　　６５Ａホース　　耐圧試験　　　２本",見積もり依頼
557,2013,1,11,8,0,2013/9/7,2,消火器　ＡＢＣ粉末１０型　　　１３本　　　　　　　　　　　　　　　　　　　　　　　　　　　　　　　　　　　　　　　　　　　　　　　　　　　　　　　　　　動力ポンプ　　オーバーホール　　　　６５Ａホース　　耐圧試験　２本　　　　　　　　　　　　　　　　　　　　　　　　　　　　　　　　　　　　　　　　　　　　　　　　　　　　　　　　　　　　,見積もり提出中
561,2010,1,12,3,0,2011/4/27,5,"自火報： ベル１個　不良交換
誘導灯： バッテリー不良２ヶ所　（ＦＫ３８１・ＦＫ３７６）

自火報リニューアル提案　概算見積り",請求済み
561,2011,1,12,3,0,2012/4/3,5,"誘 導 灯： バッテリー不良 ２ヶ所。　（ＦＫ３７６×２個）
防火設備： イジェクター不良 １ヶ所　（イジェクター×１個）
ﾊﾛｹﾞﾝ設備： 容器試験の見積り　　　　　　　　　　　　　　　　　各１枚づつの見積りで

他、豊田市宛ての去年と同じ消火器の見積り（Ａ－３×５本）

 　　　　　　　イジェクターのみ修繕　Ｈ２４.４.３ 済み",請求済み
561,2012,1,12,3,0,2013/3/13,2,"誘導灯： バッテリー不良１ヶ所。ＦＫ３７６
自火報： 受信機バッテリー。ＤＣ２４Ｖ １.６５Ａｈ

　　　　　他 豊田市宛てで去年と同じ見積もりで消火器Ａ－３×６本",見積もり提出中
561,2013,1,11,9,0,2013/9/4,2,誘導灯： バッテリー不良。１ヶ所　ＦＫ３７６×１個,見積もり提出中
561,2013,1,12,3,0,2014/3/4,2,"誘導灯： バッテリー不良。１か所　　ＦＫ３４９×１個

来年度予算の為　
屋内栓： ホース交換・耐圧試験　４０Ａ×１８本
消火器： Ａ－３×２本",見積もり提出中
564,2011,1,11,10,0,2011/12/21,2,"消火栓：フート弁チェーン交換　×１
　　　　　　　　お勧めとして、フート弁交換と地下水槽の見積り　　
　　　　　水抜きバルブ交換　×１
　　　　　（ユウキサービスへ見積り依頼中）
粉末消火設備：標識×８枚（取り付けあり）",見積もり提出中
564,2012,1,11,10,0,2013/5/29,5,別紙,請求済み
564,2013,1,11,10,0,2013/11/28,2,"消火器　エコスタンド　　Ｘ１

自火発電設備　　始動用バッテリー　　ユアサ製ＲＥＨ２４－１２　　Ｘ１


誘導灯バッテリー・誘導灯ランプ

誘導灯バッテリー　　東芝　４ＮＲ－ＡＣ－ＴＬ　　Ｘ　１
誘導灯ランプ　　　　東芝ＣＦ２１０Ｔ４ＥＮＬ　　Ｘ１７",見積もり提出中
565,2010,1,11,4,0,2011/4/22,5,消火器廃棄料１本あたり　￥１２００（税抜き）,請求済み
565,2011,1,11,4,0,2012/4/2,2,"自火報：感知器不良×３（差動２種）
誘導灯：器具不良×１（Ｃ級避難口　天井リニューアルプレート）",見積もり提出中
565,2012,1,11,4,0,2013/5/24,2,別紙,見積もり提出中
565,2012,1,12,10,0,2012/11/14,2,別紙,見積もり提出中
565,2013,1,11,4,0,2014/4/17,3,・差動スポットヘッド交換　６台　・消火器廃棄のみ　３本　本／￥１５００,補修済み
565,2013,1,12,10,0,2013/12/16,5,"別紙
Ｈ２５．１１．１１
誘導灯Ｃ級１台ＲＰ１枚のみ修繕すみ",請求済み
566,2011,1,11,10,0,2011/11/29,2,消火器１０型×９本,見積もり提出中
566,2012,1,11,10,0,2013/1/31,5,"消火器１０型×４本　交換
自火報バッテリー不良×１個（ＤＣ２４Ｖ　１.０Ａｈ）",請求済み
566,2013,1,11,10,0,2013/11/1,2,別紙,見積もり提出中
567,2011,1,11,10,0,2011/11/29,2,消火器１０型×１本,見積もり提出中
568,2012,1,11,10,0,2012/12/25,2,消火器１０型×１本　新設,見積もり提出中
568,2013,1,11,10,0,2013/11/1,2,別紙,見積もり提出中
570,2010,1,12,4,0,2011/4/26,6,自火報： 保守モードにならない為、基盤交換の見積り　（基盤 ＰＣ－８６８Ｃ/ＨＡ）,対応不要
570,2013,1,11,10,0,2014/3/1,2,"避難はしご： 新品交換　ナスカンフック　７．２ｍ　　カナツカ宛て見積り
誘導灯： Ｂ級避難口 新品交換　　　　　　　　　　　　イエロー宛て見積り　　イエロー分のみ H26.03.01に修繕済み",見積もり提出中
571,2010,1,11,10,0,2010/11/20,5,消火器　　　Ａ－３　　５本　　　６０００円　　　　ボールタップ　1ｹ　　配管一式,請求済み
571,2011,1,11,10,0,2011/10/17,5,消火器　Ａ－３　４本,請求済み
571,2013,1,12,4,0,2014/4/30,5,受信機用バッテリー　ＤＣ２４Ｖ１．２ＡＨ５ＨＲ　　Ｘ１,請求済み
573,2010,1,12,4,0,2011/4/18,5,ガス漏れ検知器交換　富士電機製　ＫＰ－１５×３個,請求済み
573,2011,1,11,10,0,2011/10/23,2,消火器： Ａ－３×９本　１０年以上経過　新品交換,見積もり提出中
573,2012,1,12,4,0,2013/6/12,5,消火器： 前回と同じ　見積もり不要,請求済み
573,2013,1,12,4,0,2014/4/11,2,誘導灯： バッテリー交換。ＦＫ１２３×１個,見積もり提出中
574,2010,1,11,10,0,2010/10/25,5,"ＡＢＣ粉末１０型消火器　　　　５本
見積書をお願いします。　　　誘導灯バッテリー不良　　　ＦＫ－３４１×２個",請求済み
574,2011,1,11,10,0,2011/11/1,5,誘導灯　　バッテリー不良　　　FK-３４１　　　１個,請求済み
574,2012,1,11,10,0,2012/10/4,2,誘導灯　　バッテリー不良　　　ＦＫ－３４１　　　１個,見積もり提出中
574,2012,1,12,4,0,2013/4/18,2,誘導灯　　バッテリー不良　　　ＦＫ－３４１　　　１個,見積もり提出中
574,2013,1,11,10,0,2013/10/25,5,誘導灯　　　バッテリー不良　　　ＦＫ－３４１　　　２個　　　　　　　ＦＫ－３８１　　　１個,請求済み
574,2013,1,12,4,0,2014/5/13,5,誘導灯バッテリー　ＦＫ-３８１　１個,請求済み
575,2010,1,11,4,0,2011/5/16,5,"ガス漏れ　　　　検知器不良　　　３個　　　ＫＰ－３５Ｂ　　　　　　期限切れ　　７個　　　ＫＰ－３５Ｂ
誘導灯　　　　パネル不良　　　ＦＫ－０２８２０　　　１枚",請求済み
575,2011,1,11,4,0,2012/4/21,5,"屋内消火栓　　　呼水槽内ボールタップ不良交換
粉末消火設備　　　受信機内バッテリー不良交換　　　ＮＰＨ１６－１２Ｔ　　２個",請求済み
575,2012,1,11,4,0,2013/4/12,5,"消火器　　ＡＢＣ粉末１０型　　ＰＥＰ-１０ＤＳ　　　￥１１.４００‐　　５本
粉末消火設備　　　容器弁　日本ドライ製　　窒素ガス質量　７０リットル　　３本　　　二酸化炭素起動用　　１リットル　　１本
ガス漏れ火災警報設備　　　バッテリー不良　　２４Ｖ　０.９Ａｈ　　　１個　　　　　　検知器期限切れ　　　４個　　ＫＰ－３５Ｂ",請求済み
575,2012,1,12,10,0,2012/10/26,5,"ガス漏れ火災警報設備　　　バッテリー不良　　２４V　０.９Ah
防火戸設備　　　防火戸イジェクター不良交換　　　１ヶ所　　ラッチ型",請求済み
575,2013,1,12,10,0,2013/10/19,2,"消火器　　　ＡＢＣ粉末ステンレス容器１０型　　　　２本
粉末消火設備　　容器弁交換　　　前回見積り済みをもう一度作成願います",見積もり提出中
576,2010,1,11,11,0,2010/12/27,2,屋内消火栓設備　　　ホース　　８本　　　新しいホースで,見積もり提出中
581,2011,1,11,10,0,2011/11/9,2,　Ａ－３消火器　１本見積り願います。,見積もり提出中
581,2013,1,11,10,0,2013/11/16,2,　消火器ＢＯＸ　１個用　１個見積り願います。,見積もり提出中
581,2013,1,12,4,0,2014/4/15,5,　消火器ＢＯＸ  1個用　１個,請求済み
582,2011,1,11,10,0,2011/10/28,2,　Ａ－３消火器　３本　見積り願います。,見積もり提出中
582,2011,1,12,4,0,2012/4/17,2,　Ａ－３消火器　２本見積り願います。,見積もり提出中
582,2012,1,12,4,0,2013/4/26,5,　Ａ－３消火器　２本見積もり願います。,請求済み
584,2012,1,12,10,0,2012/10/31,5,自火報　　　差動式感知器ヘッド不良　　　１ヶ所,請求済み
585,2010,1,12,6,0,2010/7/1,5,誘導灯　　バッテリー不良　　ＦＫ－３８１　　１個　　　パネル不良　　　ＦＫ－１６８８３　　１枚,請求済み
585,2011,1,11,12,0,2012/6/14,2,誘導灯　　　器具不良　　中型避難口片面　　　１台　　　　バッテリー不良　　　ＦＫ－３８１　　　１個,見積もり提出中
585,2011,1,12,6,0,2011/7/22,2,"誘導灯　　　器具不良　　中型片面高輝度リニュウアルプレート付き　　1台　　　　バッテリー不良　FK-381　　1個
非常灯　　　バッテリー不良　　FK-601　45個　　　FK-608　15個　　FK-617　1個　　FK-647　2個",見積もり提出中
585,2012,1,12,6,0,2012/6/19,5,"誘導灯　　器具不良　　　中型片面　避難口　　　１台　　　　バッテリー不良　　ＦＫ－３８１　　　１個
非常灯　　　バッテリー不良　　　ＦＫ－６０８　　１５個　　　　別に見積もって　　　ＦＫ－６０１　　４５個",請求済み
585,2013,1,11,12,0,2013/12/16,2,"自火報　　バッテリー不良　　２４Ｖ　１.２Ａｈ　　　　１個
火通報　　バッテリー不良　　１２Ｖ　０.８Ａｈ　　　　１個",見積もり提出中
593,2010,1,11,10,0,2010/11/11,5,消火器　　Ａ－３　６本　　６０００円,請求済み
593,2011,1,11,10,0,2011/11/17,5,消火器　A-3　３本,請求済み
593,2012,1,11,10,0,2012/11/9,5,消火器　粉末Ａ-１０　　１本,請求済み
593,2013,1,11,10,0,2013/11/29,2,消火器　Ａ－３　　１３本　　６５００円　　　Ａ－５　　２本　　　　入れ替え,見積もり提出中
596,2011,1,11,10,0,2011/11/2,5,消火器　強化液　　ハツタ （ ＮＲ－３Ｘ ） 　２本,請求済み
596,2013,1,11,10,0,2013/11/5,5,誘導灯バッテリー　　FK７３３　　　X1,請求済み
596,2013,1,12,4,0,2014/4/25,5,A-3消火器入替１本,請求済み
598,2012,1,11,10,0,2012/10/26,2,"消火器： １０年以上経過 消火器１５本　
連送： １０年以上経過の為、圧力試験　　両方共、来年１０年を超えると記載して下さい。",見積もり提出中
598,2013,1,11,10,0,2013/10/28,2,"消火器： １０年以上経過粉末１５本　新品交換
連送管： １０年以上 耐圧点験",見積もり提出中
599,2013,1,12,4,0,2014/4/18,5,消火器１０型　４本更新見積りお願い致します。,請求済み
600,2011,1,11,11,0,2012/2/14,6,別紙,対応不要
600,2011,3,32,11,0,2012/2/14,6,別紙,対応不要
600,2012,1,11,11,0,2013/2/20,2,別紙,見積もり提出中
600,2012,3,32,11,0,2013/2/20,2,別紙,見積もり提出中
600,2013,1,11,11,0,2014/2/1,5,別紙,請求済み
600,2013,3,32,11,0,2014/2/1,5,別紙,請求済み
601,2010,1,12,10,0,2010/10/25,5,誘導灯バッテリー不良　　ＦＫ－３４１　　　１個,請求済み
601,2011,1,12,10,0,2011/10/21,5,"自火報　　受信機バッテリー不良　　　２４Ｖ　　６Ａｈ
誘導灯　　バッテリー不良　　　ＦＫ－３４１　　　９個",請求済み
601,2012,1,12,10,0,2012/10/26,5,誘導灯　　バッテリー不良　　　ＦＫ－３４１　　　４個,請求済み
602,2010,1,12,4,0,2011/4/13,5,"消火器　　　ＡＢＣ粉末１０型　　　　５本
自火報　　　受信機バッテリー不良交換　　　２４Ｖ　１.２Ａｈ　　　",請求済み
602,2011,1,11,10,0,2011/10/11,5,"消火器　　ＡＢＣ粉末１０型　　　　５本
誘導灯　　バッテリー不良　　　ＦＫ－３４１　　　１個",請求済み
602,2011,1,12,4,0,2012/5/7,5,消火器　　　ＡＢＣ粉末１０型　　　　６本,請求済み
602,2012,1,12,4,0,2013/4/24,2,消火器　　ＡＢＣ粉末１０型　　　３本　　　　２本入れＢＯＸ　　　１個,見積もり提出中
603,2010,1,12,4,0,2011/5/25,5,消火器　　　初田製　　ＫＳＰC-4Ｘ　　　1本　　　　,請求済み
603,2011,1,12,4,0,2012/5/7,5,消火器　　　ＰＥＰ－４Ｖ　　　定価１４.５００－　　　　　前回　９.０００－にて販売　　　　　１本,請求済み
604,2013,1,11,10,0,2013/11/13,5,"消火器　ＡＢＣ１０型　　７本　　　済

誘導灯　  高輝度Ｂ級避難口    1台",請求済み
607,2010,1,11,4,0,2011/4/19,5,　A-３消火器（ステンレス）２３本　動力ポンプホース５本　未警戒工事　定温防水特殊　２個　モール１本　見積りお願いします。,請求済み
607,2010,1,12,10,0,2010/11/2,6,　前回と同じ見積書と、定温防水70度2個　０，９×４Ｃ　２０ｍ　（未警戒個所有り）見積り　お願いします。　,対応不要
607,2011,1,12,10,0,2011/10/14,2,　Ａ－３消火器（ステンレス）３本　ベル増設４ヶ所　見積り願います。,見積もり提出中
612,2011,1,11,10,0,2011/10/24,5,"誘導灯バッテリー　FK-376

見積りは個々に別でお願いします。

高輝度C級　１台　避難口　片面",請求済み
614,2010,1,11,11,0,2010/11/8,5,消火器： A-３×５本　新品交換,請求済み
614,2011,1,11,11,0,2011/12/14,5,"非常警報： バッテリー不良１ヶ所。（ 松下製 BG９９０５ ）
誘 導 灯 ： バッテリー不良１ヶ所。（ ＦＫ１２２ ）",請求済み
614,2012,1,11,11,0,2012/11/16,2,誘導灯： バッテリー不良。　ＦＫ６２７Ａ×１個　,見積もり提出中
614,2013,1,11,11,0,2013/11/7,2,"誘導灯： 前回と同じ
消火器： 来年度１０年以上の消火器１本ある為、見積り提出",見積もり提出中
616,2011,1,11,11,0,2011/11/22,2,　車載用消火器　Ａ－３　１本　Ａ－１　３本　車載用消火器　Ａ－１　３本引き取り見積り願います。,見積もり提出中
616,2013,1,11,11,0,2013/11/22,5,　車載用消火器　1.8ｋｇ 1本　見積り願います。,請求済み
616,2013,1,12,5,0,2013/5/8,2,　Ａ－３消火器　９本　Ａ－１消火器　２本　見積もり願います。,見積もり提出中
617,2011,1,11,10,0,2011/10/18,2,誘導灯　　バッテリー不良　　　ＦＫ－３７６　　　１個,見積もり提出中
617,2012,1,11,10,0,2012/10/26,5,誘導灯　　バッテリー不良　　　ＦＫ－３７８　　　１個,請求済み
623,2011,1,11,10,0,2011/10/18,5,誘導灯バッテリー不良：アツミ　UB２００　　　４.８V　８００ｍAｈ　×１個,請求済み
624,2010,1,11,10,0,2010/10/30,5,消火器　　ＡＢＣ粉末１０型　　　　２本,請求済み
624,2011,1,11,10,0,2011/10/17,5,"消火器　　ＡＢＣ粉末１０型　　　３本
屋内消火栓　　　４０Ａ　フート弁不良
誘導灯　　バッテリー不良　　　２.４Ｖ　２０００ｍＡｈ　　　１個",請求済み
624,2012,1,11,10,0,2012/10/19,2,消火器　　ＡＢＣ粉末１０型　　　　３本,見積もり提出中
624,2013,1,11,10,0,2013/10/10,2,"消火器　　　ＡＢＣ粉末１０型　　　１本　　　　１０年経過　　１０型　　６本
屋内消火栓　　　　４０Ａホース　　　２本
粉末消火設備　　　　ハツタ製　　　ＨＤＡ-７５Ｃ型　　　容器弁２０年経過の為　　　　４台",見積もり提出中
626,2013,1,11,10,0,2013/10/30,2,　件名　農産物直売所　消防設備点検見積り　消火器２本　非常警報１台　誘導灯（高輝度避難口）１台　,見積もり提出中
627,2013,1,12,4,0,2014/4/5,2,誘導灯バッテリー４ＮＲ-AC-TL１本見積りお願い致します。,見積もり提出中
628,2010,1,11,4,0,2011/4/22,2,　誘導灯バッテリー（ＦＫ381×１）　フート弁不良（ユーキサービスに見積り依頼中）,見積もり提出中
628,2011,1,12,10,0,2011/10/24,5,　屋内消火栓　配管改修工事　別途見積り参照,請求済み
628,2012,1,11,4,0,2013/4/19,5,　受信機バッテリー　２４V1.2Ah/5HR　防排煙バッテリー　２４V1.2Ah/5HR　見積もり願います。,請求済み
628,2012,1,12,10,0,2012/10/13,5,　受信機バッテリー　０．２２５A/5HR　１個　発信機　１個　１．２×５P10m　見積り願います。,請求済み
629,2011,1,11,6,0,2011/6/13,5,"煙感知器不良　x１個　（ﾎｰﾁｷ製２種）
消火器１０型単価見積り",請求済み
629,2011,1,12,12,0,2012/1/16,5,"消火器１０型　ｘ　２本
誘導灯ﾊﾞｯﾃﾘｰ　ＦＫ３７６　ｘ　１本",請求済み
629,2012,1,11,6,0,2012/6/11,5,　消火器　Ａ－３　２本,請求済み
629,2013,1,12,12,0,2014/3/7,5,消火器１０型１本更新　請求日を２月にしてください。,請求済み
631,2011,1,11,5,0,2011/6/3,5,消火器　　ABC粉末１０型　　　　　１本,請求済み
632,2010,1,11,10,0,2010/10/16,5,放出消火器あり　　　ABC粉末10型　　　1本納入済み,請求済み
632,2011,1,12,3,0,2012/3/28,5,"自火報　　受信機内バッテリー不良　　２４Ｖ　１.２Ａｈ
消火器　　ＡＢＣ粉末１０型底部腐食により交換　　　　１本　　　",請求済み
632,2013,1,11,10,0,2013/10/1,5,ＡＢＣ粉末１０型消火器　　　　８本　　　製造より１０年以上経過の為,請求済み
633,2013,1,11,10,0,2013/10/1,5,ＡＢＣ粉末１０型消火器　　　３本　　　製造１０年経過の為,請求済み
634,2011,1,11,3,0,2011/10/13,5,消火器　A-3　４本,請求済み
637,2013,1,12,6,0,2013/6/27,5,　避難器具　自在金具用　取説　１枚　表示プレート　１枚　見積もり願います。,請求済み
640,2010,1,11,10,0,2010/11/9,2,前回と同じ　　見積り不要,見積もり提出中
640,2011,1,11,11,0,2012/1/16,5,前回と同じ （消火器×１２本・連結送水管耐圧） 見積り不要,請求済み
640,2011,1,12,5,0,2011/6/8,5,消火器： 耐圧試験の１本あたりの単価、新品交換の単価、　全部で粉末１１本・強化液１本あります。,請求済み
640,2012,1,11,11,0,2012/11/15,2,連結送水管　修繕見積り　　ドレンバルブ交換【ＮＯ.2】の方で,見積もり提出中
640,2013,1,12,5,0,2013/5/30,6,連送： 前回と同じ　　見積もり不要,対応不要
641,2012,1,12,10,0,2012/12/1,2,誘導灯　高輝度ランプ　CF２２０T４EN／C（３W）　×１１個,見積もり提出中
641,2013,1,11,4,0,2014/6/3,2,"誘導灯ランプ　交換　ＣＦ２00T4EN/C（３Ｗ）松下　×１１本
粉末消火器１０型　交換　×８本",見積もり提出中
642,2011,1,11,3,0,2012/3/27,5,　消火器更新　１０型　ｘ　２本,請求済み
642,2011,1,12,9,0,2011/9/14,5,"非常警報バッテリー　x　３個　（DC6V０．２５Ah/５HR）
消火器１０型　単価見積り",請求済み
642,2012,1,12,9,0,2012/9/27,5,　実施報告書記載。,請求済み
642,2013,1,11,3,0,2014/3/13,5,消火器１０型２本　書類周りの時に２本交換します。,請求済み
644,2011,1,12,2,0,2012/2/4,2,前回と同じ,見積もり提出中
644,2012,1,11,8,0,2012/8/7,2,誘導灯： Ａ棟 １階 集会室  誘導灯バッテリー交換。FK627×１個,見積もり提出中
644,2012,1,12,2,0,2013/3/13,5,"誘導灯： 前回と同じ
非常警報： Ａ棟バッテリー不良１ヶ所。　パナ製 ＢＧ９９０５

　　　　　　誘導灯のみ　Ｈ.２５/３/１３交換済み",請求済み
644,2013,1,11,8,0,2013/8/8,5,"消火器： Ｃ棟Ａ－３×１本　行方不明　新品
非常警報： バッテリー不良。２ヶ所　　ＢＧ９９０５×２個",請求済み
644,2013,1,12,2,0,2014/2/6,2,"Ｃ棟： 消火器１本　行方不明　　Ａ－３　新品納品
　　　 非常警報バッテリー不良１ヶ所　ＢＧ９９０５　新品交換",見積もり提出中
645,2013,3,31,10,0,2013/11/7,2,HDD交換　見積もり,見積もり提出中
646,2011,1,11,10,0,2011/12/26,2,消火器廃棄×１本,見積もり提出中
646,2011,1,12,4,0,2012/6/28,2,"①消火器１０型×１本　交換
②誘導灯リニューアルお勧め
　避難口（最終）ＢＬ級　×７台（天井用ﾘﾆｭｰｱﾙﾌﾟﾚｰﾄ ×２　・　壁用ﾘﾆｭｰｱﾙﾌﾟﾚｰﾄ ×５）
　避難口（最終）Ｃ級　×１台（壁用ﾘﾆｭｰｱﾙﾌﾟﾚｰﾄ ×１）
①・②を別々に作成して下さい。",見積もり提出中
646,2012,1,11,10,0,2012/12/1,2,"自火報：受信機バッテリー不良×１（ＤＣ２４Ｖ　０.６Ａｈ）
避難器具：使用方法表示シール×８枚（ナカ工業製　は第６２－３　ハッチ用）
　　　　　　 警告表示シール×８枚（ナカ工業製ハッチ用）",見積もり提出中
646,2012,1,12,4,0,2013/6/29,2,別紙,見積もり提出中
646,2013,1,11,10,0,2013/11/14,2,消火器　１０型　×　７本,見積もり提出中
646,2013,1,12,4,0,2014/4/30,3,消火器６本　交換済み,補修済み
647,2010,1,11,9,0,2010/9/13,5,消火器： Ａ－３×１本　放出済みの為、新品交換,請求済み
647,2010,1,12,3,0,2011/3/18,5,自火報： 受信機バッテリー不良。ＤＣ２４Ｖ０.４５ＡＨ×１個　見積り不要,請求済み
647,2012,1,11,9,0,2012/10/29,5,"誘導灯バッテリー交換
FK-１２８　×　１　個　Ａ－３消火器　４本　見積り願います。",請求済み
647,2013,1,11,9,0,2014/1/18,2,　誘導灯バッテリー　FK１２８×１　FK６２７A×１(店舗）　受信機バッテリーDC24V0.6Aｈ/5hR（立駐）見積り願います。,見積もり提出中
650,2013,1,11,10,0,2013/11/15,2,　　別紙　提出,見積もり提出中
650,2013,1,12,4,0,2014/4/28,1,　消火水槽　ﾎﾞｰﾙﾀｯﾌﾟ　25Ｎ　　　　作業決定なのでユウキに物品注文　工事は信越で　,見積もり依頼
651,2010,1,12,5,0,2010/7/9,5,非常灯バッテリー不良（ＦＫ６０８×２個）,請求済み
652,2011,1,12,4,0,2012/5/7,5,消火器　　ＡＢＣ粉末１０型　　　　２本,請求済み
652,2012,1,11,10,0,2012/10/25,2,消火器　　ＡＢＣ粉末１０型　　　　３本,見積もり提出中
652,2013,1,12,4,0,2014/5/1,2,"加藤不動産へ
　　　消火器　　ＡＢＣ粉末１０型蓄圧式　　　　４本",見積もり提出中
658,2011,1,11,11,0,2011/11/21,5,　誘導灯　バッテリー　ＦＫ－１２８　２台　　　自家発電点検　￥80000,請求済み
658,2011,1,12,5,0,2011/7/13,6,　誘導灯バッテリー　FK-128　２台,対応不要
658,2013,1,12,5,0,2013/6/15,5,　　ＦＫ－１２８　　２台　　　消火器廃棄　１本　　1５００円,請求済み
659,2010,1,11,5,0,2010/7/1,5,誘導灯： バッテリー不良。ＦＫ１２８×１個,請求済み
659,2014,1,11,5,0,2014/5/28,2,消火器： Ａ－３×２３本　新品交換　予算取りのため,見積もり提出中
662,2010,1,11,11,0,2010/12/22,6,自火報　　　差動式感知器　　ヘッド不良　　　１ヶ所,対応不要
669,2011,1,11,11,0,2011/12/27,2,消火器： 新品交換３本,見積もり提出中
669,2013,1,11,12,0,2014/2/6,5,誘導灯バッテリー（FK６４６  ３．６V　２５００ｍAｈ　松下 ）×１個　　の見積りをお願いします。,請求済み
670,2010,1,11,11,0,2010/12/16,2,消火器　　Ａ－３　　６本　　　６５００円　,見積もり提出中
670,2011,1,11,11,0,2011/12/9,5,"消火器　A-3　　5本

誘導灯　
避難口C級　片面　   ×　１台
リニューアルプレート ×  1枚",請求済み
670,2012,1,11,11,0,2012/12/7,5,誘導灯　Ｂ級避難口左←　　　１台,請求済み
670,2013,1,11,11,0,2013/12/24,5,誘導灯　　避難口　C級　1台　,請求済み
671,2011,1,11,11,0,2012/1/10,5,誘導灯　　　東芝　　４ＮＲ－ＡＣ－ＴＬ　　１台　　ﾊﾞｯﾃﾘｰ,請求済み
674,2010,1,11,3,0,2011/5/12,5,誘導灯バッテリー　ＦＫ－３４６　１台　　　非常灯バッテリー　ＦＫ－６０８　３台,請求済み
674,2012,1,11,3,0,2013/4/10,2,"誘導灯バッテリー　ＦＫ３７６Ｘ１　　ＦＫ３４１Ｘ１

未警戒　　差動式スポット　　３個",見積もり提出中
674,2013,1,11,3,0,2014/3/12,2,"誘導灯バッテリー　ＦＫ３７６Ｘ１　ＦＫ３４１Ｘ１　　受信機用バッテリーＤＣ２４Ｖ０．６ＡＨ５ＨＲ（ニッタン製）　Ｘ１
未警戒　３ケ所　差動式スポット型感知器　電線１ケ所５Ｍ　　　　感知器不良　光電式スポット型感知器　１カ所（取替）",見積もり提出中
675,2012,1,12,4,0,2013/4/15,5,消火器： A-３×２本　新品交換,請求済み
676,2011,1,11,1,0,2012/1/30,2,"消火器　Ａ－３　５本

-------------------別々でお願いします。

消火器廃棄のみの単価",見積もり提出中
677,2011,1,11,5,0,2011/6/14,5,誘導灯　　　Ｃ級　　１台　　　　３００００円,請求済み
677,2012,1,11,5,0,2012/6/7,5,１Ｆ　非常警報バッテリ－　Ｘ１,請求済み
678,2010,1,11,11,0,2010/11/30,5,誘導灯　　ＦＫ－６２７Ａ　　　１台,請求済み
678,2013,1,11,11,0,2013/12/17,5,誘導灯バッテリーＦＫ１２８×２　点検票ハンコの時に交換します。,請求済み
679,2010,1,11,11,0,2010/11/6,5,誘導灯　　バッテリー不良　　ＦＫ－１３６　　　１個,請求済み
679,2011,1,11,11,0,2011/12/20,5,"防火設備ﾊﾞｯﾃﾘｰDC24V０．４５AH　ｘ　１個
誘導灯バッテリー　FK１３６　x　１個",請求済み
679,2013,1,11,11,0,2013/11/19,5,消火器１０型３本（廃棄込）見積りお願い致します。,請求済み
681,2010,1,11,3,0,2011/4/21,2,消火器　　　ＡＢＣ粉末１０型　　　　５本,見積もり提出中
681,2012,1,11,3,0,2013/4/9,2,自火報設備　受信機バッテリー不良　２４Ｖ０．２２５ＡＨ　１個,見積もり提出中
681,2013,1,11,3,0,2014/3/27,2,自火報　　バッテリー不良　　　２４Ｖ　０.２２５Ａｈ　　　　１個,見積もり提出中
683,2010,1,11,4,0,2011/4/22,2,誘導灯ﾊﾞｯﾃﾘｰ　ＦＫ６27A　ｘ　２個　（１階通路・２階ｾﾐﾅｰﾙｰﾑ）,見積もり提出中
683,2011,1,11,4,0,2012/6/28,5,"①消火器：１０型×３本　新設
①誘導灯：バッテリー不良×５個（ＦＫ６２７Ａ）
自火報：未警戒工事　①差動２種×１個　　ＡＥ０.９－４Ｃ　×２ｍ
　　　　　　　　　　　　　 ②煙感知器×１個（松下製）　　ＡＥ０.９－４Ｃ　×１０ｍ　　　点検口増設×１個
①・②を別々に作成して下さい。",請求済み
685,2010,1,11,11,0,2010/11/10,5,消火器　　Ａ－３　　詰替え　　３本　　６５００円,請求済み
685,2011,1,11,11,0,2011/11/18,2,"誘導灯バッテリー不良交換　
FK-648　×　１個

-----↑--↓別々でお願いします。---------

C級　片面　避難口　× １台
　　",見積もり提出中
685,2012,1,11,11,0,2012/11/2,2,誘導灯　Ｃ級片面避難口　　Ｘ１台,見積もり提出中
691,2012,1,11,11,0,2013/3/2,5,非常警報設備　　バッテリー不良　　２個　　　能美防災製　　６V　０.５Ah　　　EYA０５４－LMB用,請求済み
692,2010,1,11,7,0,2011/1/28,5,"高松寮：　誘導灯バッテリー不良１ヶ所。東芝　４ＮＲ-C-S×１個
石芝寮：　誘導灯バッテリー不良１ヶ所。松下　ＦＫ３４１×１個",請求済み
692,2011,1,11,7,0,2011/8/2,2,自火報： 差動感知器１個交換移設,見積もり提出中
692,2011,1,12,1,0,2012/7/13,5,高松寮： 誘導灯バッテリー不良 ２ヶ所  （４ＮＲ-CS×２個）,請求済み
692,2012,1,12,1,0,2013/7/16,5,高松寮： 誘導灯バッテリー不良。２ヶ所　　（２ＮＲ-ＣＵ-Ｓ×１個、４ＮＲ－Ｃ－Ｓ×１個）　　見積もり２部,請求済み
692,2013,1,11,7,0,2013/7/30,6," [青島宿舎]  非常灯： Ａ棟 ２ヶ所不良　ＦＫ６０７×２個
 [小柴宿舎]  非常灯： Ａ棟 ８ヶ所不良・B棟 ５ヶ所不良　　ＦＫ６０７×１３個",対応不要
692,2013,1,12,1,0,2014/2/6,2,石芝寮： ベル不良 １か所   新品交換,見積もり提出中
693,2011,1,11,2,0,2012/2/15,5,　Ａ－３消火器　１本見積り願います。,請求済み
698,2010,1,11,11,0,2011/1/17,5,"灯油用名盤取り付け：火気厳禁と危険物取扱貯蔵所　　各１枚
　　　　　　　　　　　　　諸経費を少し多めで（他に少し材料を使います）！！",請求済み
698,2010,1,12,5,0,2010/10/5,5,自火報：能美　煙感知器２種ヘッド不良×１個,請求済み
698,2012,1,11,11,0,2013/2/22,5,"自火報：受信機バッテリー交換　×１個（DC２４V　０.２２５Ah）
　　　　　煙感知器２種交換　×１個（能美製）",請求済み
698,2013,1,12,5,0,2013/5/7,5,別紙,請求済み
698,2014,1,12,5,0,2014/5/2,2,粉末消火器１０型　交換　×７本,見積もり提出中
704,2012,1,11,5,0,2012/11/5,5,自火報：差動２種×２個　ヘッド交換,請求済み
704,2013,1,12,11,0,2013/11/19,2,粉末消火器　１０型　×３本,見積もり提出中
704,2014,1,11,5,0,2014/5/27,4,消火器　３本取り替え,社内確認済み
706,2011,1,11,1,0,2012/1/21,5,前回と同じ,請求済み
706,2011,1,12,7,0,2011/8/8,2,"消火器： １０年以上経過消火器×３本 新品交換
自火報： 差動感知器×１個　新品交換",見積もり提出中
708,2011,1,11,1,0,2012/1/21,2,前回と同じ,見積もり提出中
708,2011,1,12,7,0,2011/8/8,2,消火器： １０年以上経過消火器×２本　行方不明消火器×１本　計３本新品交換,見積もり提出中
708,2012,1,11,1,0,2013/1/9,5,　差動式スポット　１台　　屋外防水ベル　１台,請求済み
709,2011,1,11,5,0,2011/6/9,2,　備考に記載。,見積もり提出中
709,2011,1,12,11,0,2011/11/16,5,報告書記載。,請求済み
716,2010,1,11,11,0,2010/12/25,5,誘導灯　　ＦＫ－１３６　　１台,請求済み
716,2013,1,12,5,0,2013/6/15,2,誘導灯Ｂ級避難口　左矢印　　Ｘ　１台,見積もり提出中
718,2013,1,11,11,0,2014/5/16,3,感知増設　　光電式スポット　　１個　　　　電線４C　　１０M,補修済み
718,2014,1,12,5,0,2014/5/8,1,消火器　粉末ＡＢＣ１０型　４本,見積もり依頼
719,2013,1,11,5,0,2013/5/21,5,　Ｐ型２級５回線　受信機交換　見積もり願います。,請求済み
720,2012,1,11,4,0,2013/5/7,2,"非常警報バッテリー交換×１個（前回Ｈ２４．１０に出てます）
　プラス
消火器６型更新×２本　　単価￥５，５００と話しました。
誘導灯ランプ更新×２本（ＣＦ１３０Ｔ４ＥＮ／Ｃ（２Ｗ））　　単価￥１，０００と話しました。

上記内容はＨ２５.１０に点検時に修繕予定の為、金額安くして下さい。
備考欄に、「上記見積もり金額は点検当日交換限り」と記載して下さい。",見積もり提出中
720,2012,1,12,10,0,2012/11/6,2,非常警報：バッテリー更新×１個　（ＤＣ６Ｖ　０.２９Ａｈ）,見積もり提出中
720,2013,1,12,10,0,2013/11/1,5,"消火器　６型　２本　交換
非常警報　バッテリー　交換
高輝度　誘導灯　Ｃ級　ランプ交換

点検報告書と共に、修繕実施報告書を提出しましたので、
点検報告書と点検の請求と一緒に修繕の請求書も送付して下さい。",請求済み
721,2010,1,11,4,0,2011/4/27,2,"消火器１０型×１本（撤去費含む）
誘導灯バッテリー不良×１（ＦＫ３４１）",見積もり提出中
721,2011,1,11,4,0,2012/5/2,2,"消火器１０型×２本
誘導灯バッテリー不良×１個（ＦＫ３４１）",見積もり提出中
721,2013,1,11,4,0,2014/5/2,2,"消火器ＡＢＣ１０型　　２本　　　　誘導灯バッテリー　ＦＫ３４１　　Ｘ１　　　差動式スポット２種　　Ｘ１（交換）
地区ベル　　Ｘ１",見積もり提出中
721,2013,1,12,10,0,2013/10/19,2,前回　同様,見積もり提出中
727,2011,1,12,6,0,2011/6/23,5,　誘導灯バッテリー　ＦＫ３81×１　見積りお願いします。,請求済み
727,2012,1,12,6,0,2012/6/18,2,　Ａ－３消火器　１本入れ替え　１本引き取り　誘導灯取り付け不良直し見積り願います。,見積もり提出中
727,2013,1,12,6,0,2013/6/27,2,　Ａ－３消火器　１本　連結送水管の耐圧試験の見積もり願います。,見積もり提出中
729,2010,1,11,4,0,2011/4/13,2,誘導灯ﾊﾞｯﾃﾘｰ不良　ＦＫ６２７ＡX３個　FK341x１個,見積もり提出中
729,2011,1,11,4,0,2012/6/2,5,誘導灯バッテリー不良×１個（ＦＫ６２７Ａ）,請求済み
729,2011,1,12,10,0,2012/6/2,5,誘導灯バッテリー不良（ＦＫ６２７Ａ ×５　　　ＦＫ３４１ ×１）,請求済み
729,2012,1,12,10,0,2012/12/25,2,誘導灯バッテリー不良×１個（ＦＫ６２７A）,見積もり提出中
729,2013,1,11,4,0,2014/5/21,2,別紙,見積もり提出中
729,2013,1,12,10,0,2013/12/14,2,"誘導バッテリー　ＦＫ６２７Ａ　　Ｘ１　　ＦＫ３４１　　Ｘ２

移動式粉末消火設備ボンベ更新

加圧用ボンベ（ヤマトプロテック製）　　２０本
クリーニング用ボンベ（ヤマトプロテック）　　２０本


誘導灯用ランプ　　ＣＦ２２０Ｔ４ＥＮ（３Ｗ）　　６本",見積もり提出中
730,2013,1,12,12,0,2013/12/3,2,火災通報装置データロム　書換え　１式,見積もり提出中
731,2013,1,11,11,0,2013/11/3,2,・連結送水管の耐圧試験　　・消火器１０型３２本　の見積もりお願いします。,見積もり提出中
731,2013,1,12,5,0,2013/4/26,2,"消火器： Ａ－３×３２本　新品交換
連送管： 耐圧試験　　　　　　　　　　　来年度に１０年越えの為、予算取りの見積もりです。",見積もり提出中
731,2014,1,12,5,0,2014/4/28,2,前回と同じ　（消火器３２本・連送管耐圧検査）,見積もり提出中
739,2011,1,12,11,0,2011/11/8,2,消火器： １０年以上経過×４本　新品交換,見積もり提出中
739,2012,1,11,5,0,2012/4/23,2,前回と同じ,見積もり提出中
739,2012,1,12,11,0,2012/11/20,2,前回同様,見積もり提出中
739,2013,1,11,5,0,2013/5/1,2,前回同様,見積もり提出中
739,2013,1,12,11,0,2013/11/18,2,消火器： 前回と同じ,見積もり提出中
739,2014,1,11,5,0,2014/5/2,2,消火器： 前回と同じ　（Ａ－３×４本　新品交換）,見積もり提出中
741,2011,1,11,11,0,2011/12/21,5,消火器　　　ＡＢＣ粉末１０型　　　５本　　　　　中性強化液３Ｌ　　　１本,請求済み
742,2010,1,11,4,0,2011/5/6,2,"前回と同じ（受信機バッテリーＤＣ２4V ０.９Ａｈ）
建物が１０年を来年超える為、消火器１２本、連結送水管、６５Ａホース×４本の耐圧試験費及び新品交換費",見積もり提出中
742,2011,1,12,11,0,2011/11/20,5,前回と同じ,請求済み
742,2013,1,11,4,0,2014/4/25,2,自火報： 前回と同じ　　煙感知器（能美製）×１個　新品交換,見積もり提出中
742,2013,1,12,11,0,2013/11/17,2,自火報： 煙感知器×1個　新品交換　　能美製,見積もり提出中
743,2011,1,11,11,0,2011/12/21,5,誘導灯　　器具不良　　　C級片面避難口　　　３台,請求済み
743,2012,1,11,11,0,2013/3/2,5,"自火報　　　バッテリー不良　　　２４V　０.４５Ah　　　　　差動式感知器　　　１個　　　　表示灯　　　３個
誘導灯　　　器具不良　　　C級避難口　　１台　　　　通路Ｃ級　　松下製埋め込みリニューアルプレート付き　　１台",請求済み
749,2011,1,11,10,0,2011/11/22,2,　煙感知器　２個増設　ＡＥ０．９×４Ｃ１０ｍ　Ａ－３消火器１本　表示灯カバー　１個　見積り願います。,見積もり提出中
749,2012,1,11,10,0,2012/11/16,2,　前回と同じ見積りお願いします。,見積もり提出中
749,2013,1,11,10,0,2013/10/24,2,　前回と同じ見積り願います。,見積もり提出中
750,2010,1,11,1,0,2011/1/15,2,消火器　　Ａ－３　　１４本　　　,見積もり提出中
750,2013,1,11,11,0,2013/12/18,5,"・火報　煙感知器不良ヘッド交換（光電2種）×1個　　・誘導灯　バッテリー不良（ＦＫ－３４１）×1個　・消火器交換　Ａ－３　3本

　　消火器以外はH25.１２/１８ 修繕済み",請求済み
751,2010,1,11,11,0,2011/4/22,5,ＡＢＣ粉末１０型消火器　　　４本,請求済み
751,2011,1,11,11,0,2011/12/21,5,"消火器　　ABC粉末１０型消火器　　　　５本
屋内消火栓用　　　４０Aホース　　　　　２本
動力消防ポンプ　　富士ロビン製　　C－１級用　　　１２V　１２Ah　　バッテリー不良交換　　　　　オーバーホール　　１式　　　　　　　",請求済み
751,2012,1,11,11,0,2013/3/2,5,"自火報　　未警戒　　　差動式感知器　　１個　　　ＯＰ　０.９×２Ｐ　　　　２０ｍ
屋内消火栓　　　　バルブ不良　　　４０Ａバルブ　　　１個",請求済み
751,2013,1,11,11,0,2014/2/26,5,消火器　　　ＡＢＣ粉末１０型　　　　４本,請求済み
753,2011,1,12,10,0,2012/1/19,5,　A-３消火器　４本引き取りしました。１本１，５００－で点検代金と一緒に請求して下さい。,請求済み
754,2011,1,11,6,0,2011/6/9,5,"　請求書を出す時、Ａ－１消火器廃棄のみが１本有る為､￥１,２００-を解るようにして出して下さい。",請求済み
754,2013,1,11,6,0,2013/6/12,5,　Ａ－１消火器　単価見積もり願います。,請求済み
754,2013,1,12,12,0,2013/12/6,1,　Ａ－３消火器　３本　非常警報ＬＥＤ球　６Ｖ　２１ｍＡ　東亜特殊電機㈱　型式　ＥＤＵ13－１２　見積り願います。,見積もり依頼
757,2010,1,11,5,0,2010/6/4,2,"屋外消火栓の総合盤表示灯×２ヶ（防水）
誘導灯バッテリー不良×１個　（岩崎N2-CS3　2.4V　2500mAh）",見積もり提出中
757,2010,1,12,11,0,2010/12/3,5,　二酸化炭素消火器　スタンド込み　　１本,請求済み
758,2010,1,12,11,0,2010/12/3,5,　自火報　増設工事　差動スポット　１個,請求済み
759,2010,1,12,11,0,2010/12/6,2,　前回分の見積り出して下さい。,見積もり提出中
759,2011,1,11,5,0,2011/6/4,2,　全IHI関係　まとめて見積り提出。,見積もり提出中
759,2011,1,12,11,0,2011/12/27,6,　別紙,対応不要
759,2012,1,11,5,0,2012/7/4,6,　別紙記載,対応不要
762,2011,1,11,6,0,2011/6/27,5,　差動式スポット型感知器　１個交換　見積書お願いします。,請求済み
762,2011,1,12,12,0,2011/12/26,2,　Ａ－３消火器　２本　見積り願います。,見積もり提出中
762,2012,1,11,6,0,2012/6/22,5,　誘導灯バッテリー　　ＦＫ１２５×１個　見積り願います。,請求済み
762,2013,1,11,6,0,2013/6/20,5,　立駐天井露出スピーカー　５個　見積もり願います。,請求済み
763,2011,1,12,12,0,2011/12/19,5,　二酸化炭素消火器２．３ｋｇ　１本見積り願います。,請求済み
763,2012,1,12,12,0,2012/12/15,5,　A-3　消火器１本　見積もり願います。,請求済み
763,2013,1,12,12,0,2014/1/10,5,　受信機バッテリー　DC２４V０．６Ah/５HR×１個,請求済み
764,2010,1,12,12,0,2011/1/20,2,誘導灯： バッテリー不良１ヶ所。ＦＫ６４６,見積もり提出中
764,2011,1,12,12,0,2011/12/18,5,　誘導灯バッテリーＦＫ６４６　２個　ＦＫ３８１　１個　見積り願います。,請求済み
765,2011,1,11,6,0,2011/6/28,5,　誘導灯バッテリー　ＦＫ６４６×３個　煙式スポット型感知器２種×１個　見積り願います。,請求済み
765,2011,1,12,12,0,2011/12/26,5,　誘導灯バッテリー　ＦＫ６４６×６個　（キセノンバッテリー含む）　ランプ１×ＣＦ１30T4EN/C　１本　見積り願います。,請求済み
765,2012,1,11,6,0,2012/6/22,5,　Ａ－３消火器　２０本見積り願います。,請求済み
765,2012,1,12,12,0,2012/12/15,5,　誘導灯バッテリーFK646　見積もり願います。,請求済み
766,2010,1,11,6,0,2010/7/1,5,移動式粉末： 表示灯不良１ヵ所　同日交換,請求済み
766,2010,2,21,12,0,2011/1/20,5,誘導灯： ＦＡ４２１２７用の天つり金具（３０～５０ｃｍ）の見積り　,請求済み
766,2011,1,11,6,0,2011/6/29,6,　二酸化炭素（２．３ｋｇ）１本　見積もり願います。,対応不要
766,2011,1,12,12,0,2011/12/19,5,　二酸化炭素消火器２．３ｋｇ　１本見積り願います。,請求済み
766,2012,1,11,6,0,2012/6/22,5,　誘導灯バッテリー　ＦＫ１２５×１個　消火器Ａ－３　１０本見積り願います。,請求済み
766,2012,1,12,12,0,2012/12/15,5,　誘導灯バッテリーFK125　１個　見積もり願います。,請求済み
766,2013,1,11,6,0,2013/6/20,5,　高輝度誘導灯　Ｂ級　避難口　１台取り換え見積もり願います。,請求済み
766,2013,1,12,12,0,2014/1/10,5,　誘導灯バッテリー　FK１２５×1個　見積り願います。,請求済み
767,2010,1,12,4,0,2011/5/20,5,"自火報： 特種定温感知器１個　新品交換
誘導灯： バッテリー不良１ヶ所。ＦＫ６７６×１個",請求済み
767,2011,1,12,12,0,2011/12/26,5,　二酸化炭素消火器　１本　誘導灯バッテリー　ＦＫ６４６×１　ＦＫ６７６×２　露出型発信機　１台　見積り願います。,請求済み
767,2013,1,12,12,0,2014/1/10,5,　誘導灯バッテリー　ＦＫ６４６×２個　防排煙バッテリー　ＤＣ２４Ｖ０．４５Ａｈ／５ＨＲ１個　見積り願います。,請求済み
768,2010,1,11,1,0,2011/2/2,5,誘導灯　　　バッテリー不良　　２ＮＲ－ＣＵ－Ｓ　　　１個,請求済み
768,2011,1,11,1,0,2012/2/13,5,消火器　　ＡＢＣ粉末１０型　　　　３本,請求済み
768,2012,1,11,1,0,2013/1/30,5,"誘導灯　　バッテリー不良　　東芝製　　２ＮＲ－CU-S　　　１個
防火戸設備　　イジェクター不良交換　ラッチ型　　　　１個",請求済み
768,2013,1,11,1,0,2014/2/26,5,"消火器　　ABC粉末１０型　　　３本
誘導灯　　バッテリー不良　　　東芝製　　２NR-CU-S　　　１個",請求済み
769,2010,1,11,6,0,2010/6/22,5,ＡＢＣ粉末消火器　　１０型　　　６本,請求済み
769,2010,1,12,12,0,2011/6/15,5,"消火器　　　ＡＢＣ粉末１０型　　　　６本
誘導灯　　　バッテリー不良　　　　松下製　　ＦＫ－３７６　　１個",請求済み
769,2011,1,11,6,0,2011/6/18,6,消火器　　ＡＢＣ粉末１０型　　　　６本,対応不要
769,2013,1,11,6,0,2013/6/26,6,,対応不要
770,2013,1,12,4,0,2014/4/5,2,誘導灯バッテリー不良　ＦＫ７３３ （３.６Ｖ ６００ｍＡｈ）松下　×１個,見積もり提出中
774,2013,1,12,2,0,2014/2/13,2,粉末消火器１０型交換　×３本,見積もり提出中
775,2012,1,12,6,0,2012/7/5,5,"誘導灯ランプ交換　×２個　（松下　１×ＣＦ２００Ｔ４ＥＮ／Ｃ（３Ｗ））
＊点検報告書送り時に一緒に送って下さい",請求済み
775,2013,1,11,12,0,2013/12/19,2,"前回見積り
　　＋
粉末消火器更新　１０型×３本　・　２０型×１本",見積もり提出中
775,2013,1,12,6,0,2013/6/18,2,別紙,見積もり提出中
776,2011,1,12,1,0,2012/7/14,5,前回同様。→火通の修繕見積りが半年前ぐらいに出ています。,請求済み
776,2013,1,12,1,0,2014/5/30,5,粉末消火器１０型　×４本　交換　　￥/本７，５００,請求済み
777,2011,1,12,10,0,2011/11/10,5,"非常灯：バッテリー　ＦＫ７９６Ｋ　×５
　　　　　ランプ　３.６Ｖ　１３Ｗ　　×１",請求済み
777,2012,1,11,5,0,2012/4/26,2,"防火設備：垂れ壁閉鎖不良×２ヶ所（三和シャッター調査依頼しました。後日見積り来ます）
自家発：始動用バッテリー更新×１台（ユアサ製　REH24-12　　　１２V　２４Ah）",見積もり提出中
777,2012,1,12,10,0,2012/11/29,5,非常灯バッテリー不良　　ＦＫ７９６Ｋ　×１個,請求済み
777,2013,1,11,5,0,2013/4/24,2,"・誘導灯　高輝度ランプ　ＣＦ１３０Ｔ４ＥＮ／Ｃ （２Ｗ）　×　１５本
                                 ＣＦ２００Ｔ４ＥＮ／Ｃ（３Ｗ）　×　３３本

・非常灯　バッテリー　ＦＫ７９６Ｋ　３．６Ｖ　３０００ｍＡｈ　×５個",見積もり提出中
777,2013,1,12,10,0,2013/12/18,2,別紙,見積もり提出中
777,2014,1,11,5,0,2014/5/27,2,"・非常灯バッテリー不良交換　""ＦＫ-７９６Ｋ   ３．６Ｖ　３０００ｍＡｈ""　×１６台",見積もり提出中
778,2012,1,12,10,0,2012/11/29,5,非常灯バッテリー不良　　ＦＫ７９６Ｋ　×３個,請求済み
779,2010,1,11,6,0,2010/7/16,5,誘導灯　　バッテリー不良　　　ＦＫ－６４６　　１個　　　　ＦＫ－６４８　　１個,請求済み
779,2011,1,12,12,0,2011/12/21,5,"消火器　　ＡＢＣ粉末１０型　　期限切れ　　　　１５本
誘導灯　　バッテリー不良　　　ＦＫ－６４８　　　２個",請求済み
779,2012,1,11,6,0,2012/6/22,2,"消火器　　ＡＢＣ粉末１０型　　　　１５本
誘導灯　　バッテリー不良　　　ＦＫ－６４８　　２個",見積もり提出中
779,2012,1,12,12,0,2013/1/9,5,誘導灯　　バッテリー不良　　　ＦＫ－６４８　　　１個,請求済み
782,2011,1,11,7,0,2011/7/20,2,消火器　Ａ－３　１３本　　￥６，５００,見積もり提出中
782,2012,1,11,7,0,2012/9/3,5,"誘導標識から誘導灯へ変更（６ヶ所）
Ｃ級避難口（左）片面　４台　　吊具５００ＭＭ　３個　　通路(左)片面  1台
Ｂ級避難口（左 ←) 両面    1台    
配線工事一式",請求済み
784,2011,1,11,7,0,2011/7/20,2,消火器　Ａ－３　４本　￥６，５００,見積もり提出中
785,2011,1,11,12,0,2012/4/12,2,　二酸化炭素２．３ｋｇ消火器　３本見積り願います。,見積もり提出中
786,2010,1,11,2,0,2011/2/19,5,誘導灯： 誘導灯バッテリー２台　　ＦＫ６４６×２個,請求済み
786,2011,1,11,2,0,2012/2/18,5,　誘導灯バッテリーＦＫ６４６×２個　見積り願います。,請求済み
786,2011,1,12,8,0,2012/2/28,6,　誘導灯バッテリーFK６４６×２個　見積り願います。,対応不要
787,2011,1,11,10,0,2011/10/5,2,　Ａ－３消火器　１本　移動式粉末赤色ランプ　３個　見積り願います。,見積もり提出中
791,2012,1,11,4,0,2013/4/17,5,消火器　ＡＢＣ１０型　　５本,請求済み
791,2013,1,11,4,0,2014/5/1,5,"Ａ－３消火器×５　６５００円×５
廃棄消火器×３　５００円×３",請求済み
792,2011,1,11,12,0,2011/12/28,5,自火報： 受信機バッテリー不良。ＤＣ ２４Ｖ ０.９Ａｈ　１本,請求済み
794,2011,1,11,5,0,2011/8/19,5,火報増設　差動１個　　ＡＥ０．９－４Ｃ　２０ｍ,請求済み
794,2012,1,11,5,0,2012/6/30,5,"消火器　　Ａ－１０　　１本　　　　ＯＲ　　　Ａ－３　　　単価見積り

誘導灯バッテリ－　ＦＫ３４１　Ｘ　１本　　ＯＲ　　　Ｃ級誘導灯片面避難口    Ｘ  １台  

表紙は1枚にて見積りは各1枚ずつにてお願い致します｡",請求済み
794,2013,1,11,5,0,2013/6/20,5,誘導灯　Ｃ級片面避難口　　１台,請求済み
795,2011,1,11,4,0,2012/5/26,2,別紙,見積もり提出中
795,2011,1,12,10,0,2011/10/26,2,自火報未警戒：定温１種防水×１個　　ＡＥ０．９－４C×２ｍ,見積もり提出中
795,2012,1,12,10,0,2013/5/23,5,別紙,請求済み
795,2013,1,11,4,0,2014/4/28,2,別紙,見積もり提出中
795,2013,1,12,10,0,2013/12/21,5,別紙,請求済み
796,2010,1,11,5,0,2010/6/3,2,"消火器： 粉末Ａ－３ １本の料金（去年と同じで）
　　　　　 泡消火器  １本の料金
消火栓： ホース交換、耐圧試験　４本（去年と同じで）
自火報： 未警戒 ４ヶ所　煙感知器×３個・差動感知器×１個・ＡＥ ２Ｐ×４０ｍ（去年と同じで）
　　　　　 別見積りで荷別室外屋根未警戒  差動感知器×１５個・ＡＥ ２Ｐ×１００ｍ",見積もり提出中
796,2011,1,11,5,0,2011/6/7,2,"消火器： 粉末Ａ－３×１１本　前回と同じ単価で　　
　　　　　 強化液３.０?×１本・二酸化炭素２.３ｋｇ×４本　　他 泡消火器１本あたりの単価　過去に見積りを出している。
自火報： 前回と同じで",見積もり提出中
796,2012,1,11,5,0,2012/5/29,2,"消火器： 粉末Ａ－３×２０本・機械泡消火器×６本（塗装室用）　新品交換
屋内消火栓： ４０Ａホース×５本　新品交換
自火報： 未警戒 差動感知器×２個・煙感知器×３個・ＡＥ-２Ｐ×５０ｍ
　　　　　 別見積りで荷別室外屋未警戒　差動感知器×１７個・ＡＥ-２Ｐ×１００ｍ",見積もり提出中
796,2013,1,11,5,0,2013/6/5,2,"消火器： 粉末Ａ－３×１９本　強化液×１本　　新品交換　　別見積もりで泡消火器１本の単価見積もり
自火報： 前回と同じ
屋内栓： 前回と同じ",見積もり提出中
797,2011,1,11,10,0,2011/12/5,5,"消火器１０型×３本
誘導灯バッテリー不良（ＦＫ６４８ ×１　・　ＦＫ６４６ ×２　・　ＦＫ３８１ ×２）",請求済み
797,2011,1,12,4,0,2012/9/21,5,別紙,請求済み
797,2012,1,11,10,0,2012/12/10,5,"①スプリンクラー制御盤用バッテリー　ＤＣ２４Ｖ　１.２Ａｈ　　×１個
②スプリンクラーヘッド交換（ツカサ防設より）
　　閉鎖型ヘッド　１３９℃　×１個　￥４，０００
　　空気抜き・空気張り・調整　←　一式￥２０，０００

①・②を別々で出して下さい",請求済み
797,2012,1,12,4,0,2013/5/23,2,自火報：煙感知器２種×１　不良交換（能美製）,見積もり提出中
797,2013,1,11,10,0,2013/11/1,5,別紙,請求済み
797,2013,1,12,4,0,2014/4/21,2,"消火器ＡＢＣ１０型　　２本　光電式スポット感知器２種　１個　取替　　
触媒栓Ｍ２２－Ｇ２２　　１２個　　　ボールタップ呼１３　　１個",見積もり提出中
799,2010,1,11,5,0,2010/6/24,5,誘導灯： 倉庫Ｃ・Ｄ棟　バッテリー不良１ヵ所（３ＮＲ－ＣＨ－ＬＥ）,請求済み
799,2011,1,11,5,0,2011/6/29,5,"自火報： DC２４V ０.２２５Ah×２台（AB棟・CD棟分）
屋外消火栓： 防水表示灯×２台",請求済み
799,2012,1,11,5,0,2012/6/19,5,倉庫Ｃ・Ｄ棟：誘導灯バッテリー不良１ヶ所　東芝製 ３ＮＲ－ＣＨ－ＬＥ,請求済み
799,2014,1,11,5,0,2014/5/29,5,"管理棟： 自火報 １階トイレ未警戒。　特種防水×４個　ＡＥ４Ｐ×１０ｍ
Ａ・Ｂ棟： 誘導灯バッテリー不良　　 ＦＫ３７６×１個
　　　　　 防火設備バッテリー不良　ＤＣ２４Ｖ１.２Ａｈ×１個",請求済み
800,2010,1,11,5,0,2010/6/24,5,屋外消火栓： 凍結防止用灯光器電球×１個,請求済み
800,2011,1,11,5,0,2011/6/29,5,屋外消火栓： 防水表示灯×２個,請求済み
800,2012,1,11,5,0,2012/6/19,5,屋外消火栓： ポンプチャッキ弁不良。ユウキサービスに見積り依頼,請求済み
801,2010,1,11,5,0,2010/6/24,5,"屋外消火栓： ６５Ａホース×８本
消火器： Ａ－３×１１本　前回と同じ",請求済み
801,2011,1,11,5,0,2011/6/29,5,消火器： Ａ－３×１１本　新品交換　１本６５００円で,請求済み
801,2012,1,11,5,0,2012/6/19,5,消火器： Ａ－３×１１本　新品交換,請求済み
801,2013,1,11,5,0,2013/6/28,5,"消火器： Ａ－３×１６本　新品交換
屋外栓： ６５Ａ ×  ６本  耐圧試験　　新品交換×２本",請求済み
801,2014,1,11,5,0,2014/5/29,5,消火器： １０年以上経過 ７本    新品交換,請求済み
803,2010,1,11,9,0,2010/10/9,2,　誘導灯バッテリー　　FK-627A　一個,見積もり提出中
803,2010,1,12,3,0,2011/5/6,5,前回と見積り　同じで提出。,請求済み
803,2012,1,11,9,0,2012/10/16,5,"火報感知器増設工事

定温防水１種　１２０℃　×　１個
ＯＰ４ｃ　　　　　　　　　　　×　５Ｍ",請求済み
803,2013,1,11,9,0,2013/10/9,5,誘導灯バッテリー交換　ＦＫ－381　×１台,請求済み
804,2010,1,11,9,0,2010/10/9,5,　消火器　６本,請求済み
804,2011,1,11,9,0,2011/10/21,5,"誘導灯バッテリー　""ＦＫ－３８１"" １個",請求済み
805,2010,1,11,9,0,2010/10/9,2,　消火器　　７　本,見積もり提出中
805,2010,1,12,3,0,2011/5/6,5,　消火器　Ａ－３　７本,請求済み
805,2011,1,11,9,0,2011/10/1,2,"受信機バッテリー　　

DC24V　０．２２５Ah/5HR　×　１個",見積もり提出中
805,2011,1,12,3,0,2012/4/17,5,"受信機バッテリー　　
DC24V　０．２２５Ah/5HR　×　１個

誘導灯バッテリー
FK-646　　　　　　　　　　　 ×　１個",請求済み
806,2010,1,11,9,0,2010/10/9,5,　※消火器　７本　　　　　　※火通報　（住所変更）　ロム交換,請求済み
806,2011,1,11,9,0,2011/9/28,5,"誘導灯バッテリー　　ＦＫ-６２７Ａ　　１個
　
宛先は下記お願いします。

  ""松本市芳川地区福祉ひろば""",請求済み
806,2011,1,12,3,0,2012/3/28,5,"誘導灯バッテリー　（ＦＫ－６２７Ａ）×１個
（Ｈ２４．３．２８）補修済み

---------別々でお願いします----------

火通報（松下）　住所変更　ロム交換
（未補修）（見積り提出中）",請求済み
806,2012,1,12,3,0,2013/3/8,2,"火通（松下）　バッテリー不良交換
ＢＧＦ９９０２　　１台
住所変更　ロム交換　１台",見積もり提出中
806,2013,1,11,9,0,2013/12/26,5,前回と同内容（２件） → ・火通バッテリー交換　１２Ｖ ８００ｍＡｈ  ・ 火通住所変更に伴うロム交換１台,請求済み
807,2011,1,11,11,0,2011/12/9,5,前回と同じ（消火器抜き）,請求済み
807,2011,1,12,6,0,2011/8/1,6,"屋内消火栓： ４０A用ホースノズル×２本
屋外消火栓： 消火栓用開閉ハンドル
自火報： 煙感知器×２個・分布感知器×４台
誘導灯： 小型用パネル破損×２枚　松下製 ＦＫ１６８２５
別紙で消火器１本あたりの値段　　１０年以上該当本数４２本あると記載してください。　消火器 ６本 新品交換 8/1",対応不要
807,2012,1,11,11,0,2012/12/3,5,"自火報： 煙感知器（能美製）×２個
誘導灯： パネル２個　前回と同じ　　　バッテリー１個　ＦＫ３７６　追加で",請求済み
807,2012,1,12,6,0,2012/7/11,2,"誘導灯： 前回と同じ（小型パネル２枚）
消火器： Ａ－３×３５本　新品交換　　　　　別、見積りで",見積もり提出中
807,2013,1,11,11,0,2013/11/25,6,消火器： A-3×14本　新品交換,対応不要
807,2013,1,12,6,0,2013/7/30,5,"消火器： １０年以上経過　A-３×１３本　新品交換
自火報： 煙感知器×１個（能美製）　新品交換　　　　　煙感知器のみ修繕",請求済み
812,2010,1,11,7,0,2010/8/27,2,　誘導灯バッテリー　ＦＫ３11×３個　ＦＫ３41×２個　受信機バッテリー　ＤＣ２４Ｖ　０．７ＡＨ／５ＨＲ×１個　Ａ－３消火器　２５本　見積りお願いします。,見積もり提出中
812,2010,1,12,1,0,2011/1/19,2,　誘導灯バッテリー　FK３４１×１　FK３１１×１　WN3-SL×１（３．６V１２００mAh岩崎電気）,見積もり提出中
812,2011,1,11,7,0,2011/8/24,2,　誘導灯バッテリー　FK341×２　FK311×１　４NR-AC-TL×１　見積もり願います。,見積もり提出中
812,2011,1,12,1,0,2012/2/10,2,誘導灯ﾊﾞｯﾃﾘｰ　ＦＫ３４１×１　見積り願います。,見積もり提出中
812,2012,1,12,1,0,2013/3/2,2,　誘導灯バッテリー　岩崎　Ｎ２－CL　2.4V2000ｍＡｈ×１個　松下ＦＫ３11×１個　松下ＦＫ３４１×１個,見積もり提出中
812,2013,1,11,7,0,2013/7/19,2,　誘導灯バッテリー　ＦＫ３４１×１　ＦＫ３１１×２　見積もり願います。,見積もり提出中
812,2013,1,12,1,0,2014/3/7,2,誘導灯バッテリー　FK３４１×３　FK３１1×５　の見積りお願いします。,見積もり提出中
813,2011,1,11,7,0,2011/8/24,2,　A-3消火器５本　A-５消火器１本　見積り願います,見積もり提出中
814,2013,1,11,6,0,2013/7/4,5,誘導灯バッテリー　ＦＫ６４６　　Ｘ１,請求済み
831,2012,1,11,10,0,2012/10/29,2,非常警報　　バッテリー不良　　松下製　　ＤＣ６Ｖ　０.２９Ａｈ　　　　１個,見積もり提出中
831,2012,1,12,4,0,2013/4/26,2,非常警報　　バッテリー不良　　　ＤＣ６Ｖ　　　０.２９Ａｈ　　　パナソニック製　　　　１個,見積もり提出中
831,2013,1,12,4,0,2014/5/22,2,非常警報　　　バッテリー不良　　　松下製　　　DC６V　　０.２９Ah　　　　１個,見積もり提出中
838,2011,1,12,2,0,2012/3/31,5,消火器　　スタンド　２台　　誘導灯　　Ｃ級　　片面　　１台　　ﾘﾆｭｱﾙプレｰﾄ　１台,請求済み
838,2012,1,11,8,0,2012/10/16,5,誘導灯　　Ｃ級片面通路両矢印露出型　　１台　　,請求済み
838,2012,1,12,2,0,2013/3/13,5,Ｃ級通路誘導灯（右→）　Ｘ１台　　埋込型リニュ－アルプレ－ト　Ｘ１台,請求済み
839,2010,1,12,2,0,2011/3/29,5,　消火器　Ａ－３　　１２本　　スタンド　２台　　　　　煙感知器２種　　１台　,請求済み
839,2011,1,11,8,0,2011/11/11,5,　消火栓起動装置　日本フェンオールＦＰＳ－１０００　　消火栓ホース６５Ａ×１４本　　誘導灯バッテリー２ＮＲ－ＣＵ－ＬＥ×１個（２０００ｍＡｈ２．４Ｖ）　　　　　誘導灯小型高輝度通路　１台　　消火器Ａ－１０　２０Ｋｇホース１本　Ａ－３消火器１５本　見積り願います。　　,請求済み
839,2011,1,12,2,0,2012/4/10,5,　Ａ－３消火器　４０本　Ａ－１０消火器　７本　Ａ－１０用ノズル２本　Ａ－３消火器屋外ＢＯＸ１個　スタンド２個　屋外消火栓ホース１４本　誘導灯バッテリー　２ＮＲ-CU-LE２個　空気管検知器　ﾌｪﾝｵｰﾙ２個　見積り願います。,請求済み
839,2012,1,11,8,0,2012/10/17,5,　Ａ－３消火器　１０本見積り願います。,請求済み
839,2012,1,12,2,0,2013/2/12,2,　Ａ－３消火器　１０本　初田消火器　開閉ノズル１個　見積もり願います。,見積もり提出中
839,2013,1,11,8,0,2013/9/26,5,　消火器Ａ－３　単価見積もり　誘導灯バッテリー２．４Ｖ２０００ｍＡｈ（２ＮＲ－ＣＵ）１個　ノズル交換２個　見積もり願います。,請求済み
839,2013,1,12,2,0,2014/3/27,5,　A-３消火器　１０本　空気管　検知器　フェンオール６個　BLP露出型１個　見積り願います。,請求済み
840,2010,1,11,7,0,2010/10/12,5,誘導灯　　器具不良　　　小型避難口　　　１台,請求済み
840,2010,1,12,3,0,2011/4/22,5,"自火報　　　Ｐ型１級発信機不良交換　　　１個
防火戸制御盤不良交換　　　　１回線専用受信機　　　１台",請求済み
840,2011,1,11,9,0,2011/9/17,5,消火器　　ＡＢＣ粉末１０型　　　４本　　　１０型１本入れＢｏｘ　　２個　　　　１０型２本入れＢｏｘ　　１個,請求済み
840,2011,1,12,3,0,2012/4/21,5,"屋内消火栓　　ホース耐圧試験　　　２２本
動力消防ポンプ　　ホース耐圧試験　　　５本",請求済み
840,2012,1,12,3,0,2013/3/30,5,自火報　　バッテリー不良　　２４Ｖ　１.６５Ａｈ　　　１本,請求済み
842,2010,1,11,1,0,2011/1/27,6,屋外消火栓 関係,対応不要
842,2011,1,11,1,0,2012/2/7,2,前回と同じ,見積もり提出中
842,2011,1,12,7,0,2011/7/29,2,"消火器： 粉末１０型×１１本　強化液×２本　粉末５０型×１台　１０年以上経過の為の交換
　　　　　　（見積書に「法改正の為、製造年１０年以上経過の消火器は耐圧試験をしなくてはいけなくました。
　　　　　　　　　　　　　　　　　　　　　　　　　　　耐圧試験はコストがかかる為、新品交換をお勧めします。」と記載した下さい。）",見積もり提出中
842,2012,1,11,1,0,2013/1/23,2,消火器： 前回と同じ,見積もり提出中
842,2012,1,12,7,0,2012/7/11,2,前回と同じ,見積もり提出中
842,2013,1,11,1,0,2014/1/15,6,消火器：前回同様,対応不要
842,2013,1,12,7,0,2013/7/17,2,消火器： 前回と同じ　（来年１０年以上が５本有る為、Ａ－３を５本追加で）,見積もり提出中
846,2010,1,12,1,0,2011/1/31,5,誘導灯バッテリー　２ＮＲ-CU-S　１台　　２ＮＲ－ＣＵ－Ｓ　１台　　誘導灯パネル　ＥＴ1243　８枚　ＥＴ1243　２枚　ＥＴ1241Ｒ　７枚,請求済み
846,2011,1,12,1,0,2012/1/23,5,　誘導灯ﾊﾞｯﾃﾘｰ　２NR-CU-S　３台　　３NR-CU-S　１台　　誘導灯パネル　ET-1231R　２枚　ET-1231L　１枚　　放送設備　SP　TOA防水スピーカー　１台　　火報　煙感知器　２台,請求済み
846,2013,1,11,7,0,2013/8/5,2,"誘導灯バッテリー　東芝　２－４NR－CU－LE　　　　Ｘ　１台

誘導灯ランプ　　　　ＦＰＬ９ＥＸＮ　　　　Ｘ　　４本",見積もり提出中
846,2013,1,12,1,0,2014/1/20,2,　誘導灯バッテリー　　３NR-CU－S　２台　　２NR-CU-S　１台　２NR-CX-S　１台　TOA　防滴スピーカー　１台,見積もり提出中
847,2012,1,12,1,0,2013/2/7,2,誘導灯： １階 エステ　バッテリー不良。４ＮＲ-ＡＣ-ＴＬ×１個,見積もり提出中
847,2013,1,11,7,0,2013/8/7,2,"誘導灯： １階エステ・そば屋　バッテリー不良。２ヶ所　　４ＮＲ－ＡＣ－ＴＬ×２台
消火器： Ａ－３×４５本　新品交換
連送管： 耐圧点検　１０年経過の為",見積もり提出中
847,2013,1,12,1,0,2014/1/23,2,前回と同じ,見積もり提出中
849,2010,1,11,7,0,2010/7/16,5,消火器　　ABC粉末１０型　　２本,請求済み
849,2013,1,11,7,0,2013/7/30,2,消火器１本引き取りのみの見積もり。　差動感知器１個交換の見積もり。　お願いします。,見積もり提出中
851,2010,1,11,7,0,2010/8/19,6,高輝度誘導灯　３台　三代沢　打ち合わせして下さい。,対応不要
851,2012,1,11,1,0,2013/2/20,5,別紙参照にて,請求済み
851,2012,1,12,7,0,2012/8/1,6,　誘導灯バッテリー、本体　前回分見たいので　前回分出して下さい。,対応不要
854,2010,1,11,7,0,2010/8/10,5,"消火器　　ＡＢＣ粉末１０型　　８本
消火栓　　ホース　　４０Ａ　　　３本
誘導灯　　小型器具不良　　　１台　　（高輝度タイプで）",請求済み
854,2011,1,11,7,0,2011/7/27,2,"消火器　　ＡＢＣ粉末１０型　　　９本
誘導灯　　器具不良　　　　Ｃ級　　　１台",見積もり提出中
854,2012,1,11,7,0,2012/8/28,5,誘導灯　　　器具不良　　　Ｃ級避難口　　　２台,請求済み
854,2013,1,11,7,0,2013/8/20,2,"消火器　　　ＡＢＣ粉末１０型　　　事務所棟　　２本　　　　　工場棟　　　４本
自火報　　差動式感知器　ヘッド不良　　事務所棟　　３個　　　　　工場棟　　　　４個
誘導灯　　　器具不良　　　事務所棟　　　小型　４台
事務所棟と工場棟とを分けて見積書を作って下さい。",見積もり提出中
855,2011,1,12,1,0,2012/2/27,2,自火報　　　地区音響ベル増設工事　　　２ヶ所　　　　ＨＯＰ　０.９×１Ｐ　　　　３０ｍ　　　　　ベル　２個,見積もり提出中
855,2012,1,11,7,0,2012/7/12,2,自火報　　受信機バッテリー不良　　２４Ｖ　０.６Ａｈ/５ＨＲ,見積もり提出中
855,2013,1,12,1,0,2014/2/6,5,"FMまつもと内未警戒
差動式感知器　　２個　　　　定温式特種感知器　　１個　　　　消火器　　中性強化液　　２L　　１本",請求済み
856,2011,1,11,5,0,2011/8/5,2,消火器　Ａ－３　１３本　￥６，５００,見積もり提出中
856,2011,1,12,11,0,2011/11/15,5,消火器　Ａ－３　１３本,請求済み
860,2010,1,12,1,0,2011/2/25,2,消火器　　　Ａ－３　　８本　　６５００円,見積もり提出中
860,2011,1,11,7,0,2011/8/18,2,消火器　Ａ－３　　７本　　￥６，５００,見積もり提出中
860,2011,1,12,1,0,2012/1/24,5,消火器　A-3　７本,請求済み
861,2011,1,11,8,0,2011/8/19,2,消火器： １０年以上経過の為、消火器１本の値段　　全部で３１本あると記載して下さい,見積もり提出中
861,2011,1,12,3,0,2012/3/30,2,"自火報： 受信機バッテリー不良　ＤＣ２４Ｖ１.２Ａｈ
非常放送： バッテリー不良　ＤＣ２４Ｖ６.０Ａｈ×２個",見積もり提出中
861,2012,1,11,8,0,2012/8/20,2,前回と同じ（自火報バッテリー・非常放送バッテリー２個・消火器３２本）,見積もり提出中
861,2012,1,12,3,0,2013/3/22,2,前回と同じ,見積もり提出中
861,2013,1,11,8,0,2013/8/20,2,前回と同じ,見積もり提出中
861,2013,1,12,3,0,2014/3/27,2,"前回と同じ　バッテリー不良（受信機・非常放送）

追加で
　防火設備： ３種煙感知器×１個　不良　　新品交換",見積もり提出中
864,2011,1,12,2,0,2012/3/17,0,"火報受信機故障
見積り提出済み",
864,2013,1,12,2,0,2014/3/10,2,火報　　受信機交換一式　　落雷により,見積もり提出中
865,2011,1,11,8,0,2011/10/6,2,,見積もり提出中
865,2011,1,12,2,0,2012/3/5,2,実施報告書に記載。,見積もり提出中
865,2012,1,11,8,0,2012/10/2,2,別紙　記載,見積もり提出中
865,2012,1,12,2,0,2013/2/8,2,実施報告書記載,見積もり提出中
865,2013,1,11,9,0,2013/10/7,2,ツカサ防設より,見積もり提出中
865,2013,1,12,2,0,2014/3/10,5,後日、別紙にて報告致します。,請求済み
866,2011,1,11,10,0,2011/10/24,2,報告書記載。,見積もり提出中
866,2013,1,12,4,0,2014/5/7,2,　別紙に報告,見積もり提出中
867,2011,1,11,7,0,2011/7/12,6,報告書に記載,対応不要
867,2013,1,11,7,0,2013/7/16,6,　不良箇所は実施報告書に記載,対応不要
868,2011,1,11,7,0,2011/10/1,5,受信機バッテリー　0.225Ah/5HR   ×　１個,請求済み
868,2013,1,11,7,0,2013/9/27,5,"消火器　粉末ＡＢＣ１０型　　１本　　　　　＠6,500",請求済み
869,2012,1,12,3,0,2013/4/23,5,　煙感知器　１台,請求済み
872,2012,1,11,10,0,2012/10/24,2,誘導灯　　　バッテリー不良　　　ＦＫ－６２７Ａ　　　１個,見積もり提出中
872,2012,1,12,4,0,2013/4/26,2,誘導灯　　バッテリー不良　　　ＦＫ－１２３　　　１個,見積もり提出中
872,2013,1,11,10,0,2013/10/30,2,"誘導灯　　バッテリー不良　　　ＦＫ－１２３　　　１個
非常灯　　バッテリー不良　　　ＦＫ－６９６Ｋ　　１個",見積もり提出中
872,2013,1,12,4,0,2014/5/7,2,"消火器　　ABC粉末１０型　　　２本
誘導灯　　バッテリー不良　　　FK-６９６K　　　１個",見積もり提出中
873,2010,1,12,4,0,2011/5/11,5,誘導灯　室内通路バッテリー不良　ＦＫ－128　（注文済み）,請求済み
873,2011,1,12,4,0,2012/7/5,5,"誘導灯　　　バッテリー不良　　　ＦＫ－６２７Ａ　　　２個
非常灯　　　バッテリー不良　　　ＦＫ－６９０Ｋ　　　１個",請求済み
873,2012,1,11,10,0,2012/10/24,2,"誘導灯　　　バッテリー不良　　ＦＫ－６２７Ａ　　　４台
非常灯　　　バッテリー不良　　ＦＫ－６９０Ｋ　　　１個　　　　ＦＫ－６９７Ｋ　　１個",見積もり提出中
873,2012,1,12,4,0,2013/4/26,2,"誘導灯　　　バッテリー不良　　　ＦＫ－１２８　　　６個　　　　　　ＦＫ－６２７Ａ　　　４個
スプリンクラー設備　　　　呼水槽　　ボールタップ不良交換　　　１３ｍｍ用　　　　１個",見積もり提出中
873,2013,1,11,10,0,2013/10/30,2,"消火器　　ＡＢＣ粉末１０型　　　１４本
ＳＰ設備　　　呼水槽ボールタップ交換　　１式
誘導灯　　　バッテリー不良　　　ＦＫ－１２８　×　６個　　　　ＦＫ－６２７Ａ　×　４個",見積もり提出中
873,2013,1,12,4,0,2014/5/7,2,"消火器　　ABC粉末１０型　　　５本
誘導灯　　バッテリー不良　　　FK-１２８　　　３個　　　　　FK-627A　　　３個",見積もり提出中
874,2010,1,11,9,0,2010/9/13,5,消火器： 新品交換　Ａ－３×２本,請求済み
875,2010,1,11,8,0,2010/9/4,5,誘導灯　　　ＦＫ－３７６　　１台,請求済み
875,2010,1,12,2,0,2011/2/25,5,誘導灯　　バッテリー　　FK-376　　２台　　パネル交換　FK-26883　両矢印　中型,請求済み
875,2012,1,12,2,0,2013/3/14,2,"Ｂ級キセノン付点滅型誘導灯避難口　　１台

誘導灯バッテリー　ＦＫ３４１　　１台",見積もり提出中
875,2013,1,11,8,0,2013/9/12,2,誘導灯　　バッテリー　　パネル１枚　前回と同じ,見積もり提出中
875,2013,1,12,2,0,2014/3/15,2,"誘導灯バッテリー　ＦＫ３４１　１台　　　　　　　　　　　　　受信機バッテリー　ﾆｯｹﾙｶﾄﾞﾐｳﾑ蓄電池　ＤＣ２４Ｖ　０．２２５Ａｈ/５ＨＲ　１台
誘導灯キセノンランプバッテリー　ＦＫ３７７　１台
Ｂ級キセノン付点滅型誘導灯避難口　１台
　　　　　　　　　　　　　　　　　　　　　　　　　　　　　　　　　　　　　　　　　",見積もり提出中
876,2010,1,11,8,0,2010/8/23,2,誘導灯　　バッテリー不良　　　ＦＫ－３７６　　　４個,見積もり提出中
876,2010,1,12,2,0,2011/2/3,2,誘導灯　　　器具不良　　　中型　　　１台　　　　　バッテリー不良　　ＦＫ－３７６　　１個,見積もり提出中
876,2011,1,11,8,0,2011/8/26,2,誘導灯　　器具不良　　中型片面　　１台　　　　バッテリー不良　　ＦＫ－３７６　　４個,見積もり提出中
876,2011,1,12,2,0,2012/6/28,5,"誘導灯　　器具不良　　　中型片面　壁付け　高輝度で
　　　　　　バッテリー不良　　　ＦＫ－３７６　×　５個　　　　ＦＫ－３４９　×　１個
防火戸制御盤　　ニッタン製　　プリント基盤不良　　　ＰＣ－２８４/ＦＫ　　　１面",請求済み
876,2012,1,12,2,0,2013/3/2,2,"誘導灯　　バッテリー不良　　ＦＫ－３４９　　１個
南部体育館へ　　　誘導灯パネル不良　　　東芝製　　ＥＴ－２０１１Ｒ　　１枚　　　　ＦＢＫ-１１９０Ｃの左矢印のパネル　１枚",見積もり提出中
876,2013,1,11,8,0,2013/8/20,2,"屋内消火栓設備　　　　南部公民館と体育課連名で　　　フート弁不良交換　　　　川本製　　６５Ａ　　　　　１式
誘導灯　　　体育課宛てで　　パネル不良　　　東芝　　ＦＢＫ-１１９０Ｃ　　　１個　　　東芝　　ＥＴ－２０１１Ｒ　　１個
　　　　　　　南部公民館宛てで　　　バッテリー不良　　松下　　ＦＫ－３４９　　１個　　　　　ＦＫ－３７６　　　３個
　　　　　　　",見積もり提出中
876,2013,1,12,2,0,2014/3/10,2,"誘導灯　　体育館分　　　器具不良　　通路小型　１台　　　避難口中型両面天井ポール付き　１台
　　　　　　　　　　　　　　　バッテリー不良　　　　ＦＫ－７３４　　１個
　　　　　　公民館分　　　器具不良　　避難口中型両面天井ポール付き　　１台
　　　　　　　　　　　　　　　バッテリー不良　　　　ＦＫ－３４９　　１個　　　　ＦＫ－３７６　　　２個",見積もり提出中
877,2010,1,11,8,0,2010/9/2,2,誘導灯　　ＦＫ－１２２　　１台　　ＦＫ－６２７Ａ　　１台,見積もり提出中
877,2010,1,12,2,0,2011/3/8,2,湯堂灯　　バッテリー　FK-122  2台　　FK-376A　１台,見積もり提出中
877,2011,1,11,8,0,2011/9/6,2,"誘導灯バッテリー
ＦＫ－１２２　  ×　２個
ＦＫ－６２７Ａ　×　１個

消火器　Ａ－３   　９本",見積もり提出中
877,2011,1,12,2,0,2012/3/9,2,"誘導灯バッテリー
ＦＫ－１２２　  ×　２個
ＦＫ－６２７Ａ　×　１個

消火器　Ａ－３   　９本

前回と同内容です。",見積もり提出中
877,2013,1,11,8,0,2013/9/12,2,誘導灯　　バッテリー　　ＦＫ－６２７Ａ　　１台,見積もり提出中
877,2013,1,12,2,0,2014/3/7,2,誘導灯バッテリー　FK627A　4.8V　1200mAh　×２個,見積もり提出中
879,2010,1,12,2,0,2011/3/5,5,誘導灯　　バッテリー　　FK-377  1台,請求済み
880,2010,1,12,3,0,2011/3/22,2,誘導灯　　FK-136　　１台,見積もり提出中
880,2011,1,11,9,0,2011/9/28,5,"感知器ヘッド交換　差動スポット  ×   1 個　

------------------------------------

誘導灯バッテリー　ＦＫ－１３６　   ×　１ 個
                          ＦＫ－２７７　　×　２ 個

※感知器と誘導灯は別々で願いします。",請求済み
880,2011,1,12,3,0,2012/3/26,2,誘導灯　　バッテリー　　ＦＫ－２２７　　２台,見積もり提出中
881,2010,1,11,8,0,2010/8/17,2,誘導灯　　　バッテリー不良　　　２－３ＮＲ－ＣＨ－ＬＥ　　　４個,見積もり提出中
881,2010,1,12,2,0,2011/2/25,2,誘導灯　　バッテリー不良　　　２－３ＮＲ－CH－ＬＥ　　　　４個,見積もり提出中
881,2011,1,11,8,0,2011/8/25,2,"消火器　　ＡＢＣ粉末１０型　　　３５本
誘導灯　　バッテリー不良　　　東芝製　　２－３ＮＲ－ＣＨ－ＬＥ　　　８個",見積もり提出中
881,2011,1,12,2,0,2012/3/12,2,"自火報　差動式感知器水漏れ　１個　　定温特種防水へ交換。
非常放送　バッテリー不良　２４Ｖ６．０ＡＨ　１個
誘導灯　　バッテリー不良　２－ＮＲ－ＣＨ－ＬＥ　８個
消火器　　蓄圧式粉末１０型圧力低下　　１本　　　１０年以上経過　３５本（内１本が圧力低下）",見積もり提出中
881,2012,1,11,8,0,2012/8/28,5,"粉末消火設備　　容器弁　　加圧用　　１.２５?　　７本　　　　クリーニング用　　１.０?　　　７本
自火報　　　感知器不良　　　定温式防水型　１種　　　１個
非常放送設備　　　バッテリー不良　　２４Ｖ　６.０Ａｈ
誘導灯　　　バッテリー不良　　　東芝製　　　２－ＮＲ－CH－ＬＥ　　　１０個",請求済み
881,2012,1,12,2,0,2013/2/25,2,誘導灯　　バッテリー不良　　　２－ＮＲ－ＣＨ－ＬＥ　　１０個　　　２－ＮＲ－ＣＵ－Ｓ　　　１個,見積もり提出中
881,2013,1,11,8,0,2013/8/28,2,"消火器　　　ＡＢＣ粉末１０型　　　　３５本
粉末消火設備　　　容器弁　耐圧試験他　　日本ドライ製　　加圧用　　１.２５Ｌ　　　クリーニング用　　　１.０Ｌ　　　各７本
誘導灯　　　バッテリー不良　　　東芝製　　２－ＮＲ－ＣＨ－ＬＥ　　　１５本",見積もり提出中
882,2010,1,11,8,0,2010/8/27,2,消火器　　Ａ－３　　　３本　　詰替え　　　６５００円,見積もり提出中
882,2010,1,12,2,0,2011/3/4,5,消火器　　Ａ－３　　３本　　　６５００円　　　請求済み,請求済み
882,2011,1,11,8,0,2011/8/31,5,感知器ヘッド交換　　差動スポット　１個　￥４，０００,請求済み
885,2011,1,11,8,0,2011/11/1,5,消火器　　ＡＢＣ粉末１０型　　　１本,請求済み
885,2011,1,12,3,0,2012/3/21,2,誘導灯　　高輝度ランプ交換　　　２×ＣＦ２２０Ｔ４ＥＮ　　６本　　１×ＣＦ２００Ｔ４ＥＮ/Ｃ　　１１本　　１×ＣＦ１３０Ｔ４ＥＮ/Ｃ　　２本　　　　,見積もり提出中
885,2012,1,11,8,0,2012/7/31,5,誘導灯　　バッテリー不良　　　ＦＫ－６２７Ａ　　　１個,請求済み
886,2010,1,12,3,0,2011/3/25,2,誘導灯　　バッテリー不良　　　ＦＫ－３７６　　　１個,見積もり提出中
886,2011,1,12,3,0,2012/3/21,2,誘導灯　　高輝度ランプ交換　　　１×ＣＦ２２０Ｔ４ＥＮ　　　３本,見積もり提出中
886,2012,1,11,8,0,2012/7/31,5,誘導灯　　バッテリー不良　　　ＦＫ―３８１　　　１個,請求済み
886,2012,1,12,3,0,2013/3/27,5,誘導灯　　バッテリー不良　　　ＦＫ－３７７　　　１個,請求済み
886,2013,1,12,3,0,2014/5/28,5,火通報　　本体不良　　松下電工製　　ＳＤＥ-２０３Ｆ　,請求済み
887,2011,1,11,9,0,2011/9/27,2,"消火器BOX１本入れA-３用　１個

消火器　A-3　１本　￥６．５００",見積もり提出中
887,2012,1,11,9,0,2012/9/26,2,"案①　ＦＡ２０３１２　ｘ１　　ＦＫ２００００　ｘ１　ＦＫ４４７７８　ｘ１　ＦＫ０２５６１Ｚ　Ｘ１

案②　ＦＡ２０３１２　ｘ４　　ＦＫ２００００　ｘ４　ＦＫ４４７７８　ｘ４　ＦＫ０２５６１Ｚ　Ｘ４

案③　ＦＡ２０３１２　ｘ５　　ＦＫ２００００　ｘ５　ＦＫ４４７７８　ｘ４　ＦＫ０２５６１Ｚ　Ｘ４　ＦＰ０１５５０Ｐ　Ｘ１

３パタ-ンにて見積り　　案②、案③は安くして下さい。",見積もり提出中
887,2012,1,12,3,0,2013/3/22,2,消火器　エコスタンド　　２台,見積もり提出中
899,2010,1,11,8,0,2010/8/23,5,自火報　　受信機回路異常（落雷と思われる）　　№１８発報状態　　　地区ベル全館不鳴動,請求済み
899,2012,1,12,2,0,2013/3/19,2,別紙にて記載,見積もり提出中
899,2013,1,11,8,0,2013/8/5,2,点検実施報告書にて,見積もり提出中
899,2013,1,12,2,0,2014/5/23,5,点検実施報告書にて,請求済み
900,2013,1,11,11,0,2013/12/9,2,　点検実施報告書に記載,見積もり提出中
900,2013,1,12,5,0,2013/6/6,2,屋内消火栓；遠隔起動スイッチ・表示灯・使用方法の表示が劣化している。（２基）　　自火報；煙感知器作動不良（１個）　　消火器；製造後１０年以上経過（３本）,見積もり提出中
902,2011,1,11,9,0,2011/9/28,2,サスナカへ　　　消火器　　　ＡＢＣ粉末１０型　　　　１本,見積もり提出中
902,2012,1,12,3,0,2013/4/9,5,"消火器　　　ＡＢＣ粉末　　　２０００年製造の為　交換　　　　１本
非常警報設備　　　バッテリー不良　　ＤＣ６Ｖ　２５０ｍＡｈ　　　　１個　　　　　４月８日　バッテリーのみ交換済み",請求済み
903,2010,1,12,3,0,2011/3/17,2,非常灯　　バッテリー不良　　　ＦＫ－７９６Ｋ　　　１個,見積もり提出中
904,2011,1,11,9,0,2011/9/28,2,サスナカへ　　　誘導灯　　バッテリー不良　　　東芝製　　４ＮＲ－ＡＣ－ＴＬ　　　１個,見積もり提出中
904,2011,1,12,3,0,2012/3/12,5,誘導灯　　バッテリー不良　　東芝製　　４ＮＲ－ＡＣ－ＴＬ　　１個,請求済み
905,2010,1,12,3,0,2011/3/17,2,非常灯　　バッテリー不良　　　ＦＫ－６９６Ｋ　　１個　　　　ＦＫ－６９７Ｋ　　１個,見積もり提出中
905,2011,1,11,9,0,2011/9/28,2,サスナカへ　　　消火器　　　ＡＢＣ粉末１０型　　　　１本,見積もり提出中
907,2011,1,11,8,0,2011/10/1,2,ハロゲン化物消火設備　　　容器弁の耐圧、気密点検　　及び　新品の見積り,見積もり提出中
907,2013,1,11,8,0,2013/9/27,2,ハロゲン化物消火設備　　　容器弁期限切れの為　　　１９８３年６月製造　　　よ－００２－１号　　　　１個,見積もり提出中
909,2010,1,11,4,0,2011/6/13,5,感知器交換　　ニッタン差動２個　(内1個ベースも交換),請求済み
909,2011,1,11,4,0,2012/5/11,5,消火器交換　A-3　２本,請求済み
909,2012,1,11,4,0,2013/4/18,5,消火器交換　Ａ－３　３本,請求済み
909,2013,1,11,4,0,2014/5/7,5,消火器　10型　2本　新設（新規テナント分）（㈱アシスト）,請求済み
911,2010,1,11,8,0,2010/10/30,5,"消火栓　　　動力ポンプ盤内　プリント基板　　２枚　　落雷による不良　　　　サムテックより見積りあり
　　　　　　　非常用エンジンのバッテリー不良　　　Ｈ－１２０×２個　　　及びエンジンオーバーホール　　１式",請求済み
911,2011,1,11,8,0,2012/3/5,2,"消火器　　ＡＢＣ粉末１０型　　１本　　　中性強化液３?　　１１本
自火報受信機内基盤破損交換　　ＰＣ－３８８/ＦＤ　　　１枚",見積もり提出中
911,2011,1,12,2,0,2012/3/16,2,"非常電源　　ユアサ製　　Ｈ－１２０×２　　　バッテリー不良交換
　　　　　　　同　　　ヤンマーディーゼル製　　４ＴＮ１００ＴＬ－Ｐ　　　オーバーホール及びエンジンオイル、エレメント交換",見積もり提出中
911,2012,1,11,8,0,2012/9/20,2,"消火器　　ＡＢＣ粉末１０型　　１本　　　　　中性強化液　３?　　　１１本
消火栓非常電源用バッテリー　　　ユアサ製　　Ｈ－１２０×２　　　エンジンのオーバーホール等　　１式",見積もり提出中
911,2012,1,12,2,0,2013/3/13,2,前回と同じ,見積もり提出中
912,2011,1,11,9,0,2011/11/10,2,誘導灯バッテリー東芝４NR-AC-TL　（４．８V６００mAｈ）　x１個,見積もり提出中
912,2013,1,11,9,0,2013/9/25,5,誘導灯バッテリー１本交換いたしました。,請求済み
912,2013,1,12,3,0,2014/3/29,2,"見積りを２つに分けてお願い致します。

１、消火器１０型４本【H26.3.26済み】

２、消火器１０型２本　・　誘導灯バッテリー東芝４ＮＲ－ＡＣ－ＴＬ（4.8Ｖ600ｍＡｈ）を１本　・　総合盤移動の為、露出用外箱１つとめくら用のフタ（空気管用のフタ？）１つ　配線は５Ｐを１ｍ　",見積もり提出中
913,2011,1,11,3,0,2012/3/14,2,　Ａ－3消火器　6本見積り願います。,見積もり提出中
913,2011,1,12,9,0,2011/10/13,2,　A-3消火器　６本見積もり願います。,見積もり提出中
913,2012,1,11,3,0,2013/3/27,2,　Ａ－３消火器　６本見積もり願います。,見積もり提出中
913,2012,1,12,9,0,2012/10/4,2,Ａ－３消火器　６本見積り願います。,見積もり提出中
913,2013,1,11,3,0,2014/3/31,2,　Ａ－３消火器　６本　交換見積り願います。,見積もり提出中
913,2013,1,12,9,0,2013/9/21,2,　Ａー３消火器　６本見積もり願います。,見積もり提出中
919,2010,1,12,3,0,2011/4/1,5,高輝度中型誘導灯バッテリー（FK６２７A）X１個,請求済み
919,2011,1,11,9,0,2011/11/8,5,火災通報装置　　松下電工　BGF1195用バッテリー　DC12V800mAh/5HR　1個,請求済み
919,2012,1,11,9,0,2012/10/22,5,誘導灯ランプ　ＣＦ２２０Ｔ４ＥＮ（３Ｗ）ｘ２本　　　　ＣＦ２００Ｔ４ＥＮ/Ｃ（３Ｗ）Ｘ２本,請求済み
919,2012,1,12,3,0,2013/3/29,5,誘導灯バッテリー　ＦＫ６２７　　Ｘ１,請求済み
919,2013,1,12,3,0,2014/3/11,2,誘導灯バッテリー　ＦＫ６２７Ａ　　Ｘ　２　　　誘導灯ランプ　ＣＦ２００Ｔ４ＥＮ　　Ｘ　　２,見積もり提出中
920,2012,1,11,9,0,2012/10/22,2,誘導灯ランプ　　ＣＦ２００Ｔ４ＥＮ/Ｃ　　Ｘ８本,見積もり提出中
920,2012,1,12,3,0,2013/3/6,2,誘導灯ランプ　ＣＦ２００Ｔ４ＥＮＣ　　８本,見積もり提出中
920,2013,1,11,9,0,2013/9/24,5,前回同様　誘導ランプ,請求済み
920,2013,1,12,3,0,2014/3/11,2,非常灯バッテリー　　ＦＫ７０７　　　Ｘ　　１,見積もり提出中
921,2011,1,12,3,0,2012/3/14,2,消火器更新10型　x　1本,見積もり提出中
921,2012,1,11,9,0,2012/10/22,5,消化器　Ａ－３　　１本　　　　誘導灯ランプ　ＣＦ２００Ｔ４ＥＮ/Ｃ　Ｘ４本,請求済み
921,2013,1,11,9,0,2013/10/2,2,"消火器　粉末ABC１０型　　１本

誘導灯ランプ　CF200T４EN/C　　１本",見積もり提出中
922,2011,1,11,5,0,2011/6/2,5,誘導灯： バッテリー不良１ヶ所　ＦＫ１２５,請求済み
922,2011,1,12,11,0,2011/11/15,2,事務所前　室内通路バッテリー　（ＦＫ３８１）　ｘ　１個,見積もり提出中
922,2012,1,11,5,0,2012/7/6,5,誘導灯バッテリー不良×１箇所　（ＦＫ３８１）　,請求済み
922,2013,1,11,5,0,2013/5/23,5,誘導灯バッテリー　ＦＫ１２５  Ｘ１,請求済み
922,2014,1,11,5,0,2014/5/29,2,火災通報装置バッテリー　　ＤＣ１２Ｖ０．８ＡＨ５ＨＲ　　Ｘ１　　消火器ＡＢＣ１０型　　１２本,見積もり提出中
928,2011,1,11,9,0,2011/11/15,5,"見積り→犬飼冨士子様へ→自火報：受信機バッテリー不良×１個（DC２４V　１.２Ah）

見積り→美容整形・美容外科 Ｒｅｉクリニック様へ→自火報：感知器未警戒１ヶ所　差動２種×１個　ＡＥ０．９－４C×５ｍ

見積り→株式会社ウェブ 松本支店様へ→自火報：感知器未警戒１ヶ所　定温１種防水×１個
　　　　　　　　　　　　　　　　　　　　　　　　　　　　感知器移設１ヶ所　　　メクラプレート×１枚　　　ＡＥ０．９－４C×７ｍ
　　　　　　　　　　　　　　　　　　　　　　　　　　　　総合盤移設１ヶ所　　　メクラプレート（２３０×６００）×１枚　　　耐熱０.９－１０Ｐ×１０ｍ
　　　　　　　　　　　　　　　　　　　　　　　　　　　　→感知器移設増設と総合盤移設は見積り分けて下さい",請求済み
928,2011,1,12,3,0,2012/6/22,5,"犬飼冨士子 様分：消火器　１０型×１３本
　　　　　　　　　　　避難器具　つり下げはしご使用方法プレート×１
　　　　　　　　　　　　　　　　　　避難はしご表示プレート×１

四季膳 たくみ 様分：自火報　感知器未警戒工事　定温特種防水×１　ＡＥ０.９－４Ｃ　×２ｍ　作業費

ＵＳボーカル　松本校　様分：自火報　感知器未警戒工事　差動×２　ＡＥ０.９－４Ｃ　×１５ｍ　作業費
　　　　　　　　　　　　　　　　　　　　　 　 総合盤移設工事　ＨＰ０.９－５Ｐ　×１５ｍ　総合盤用ﾒｸﾗﾌﾟﾚｰﾄ　×１　作業費
　　　　　　　　　　　　　　　　　 誘導灯　パネル交換×１（最終避難口片面）（本体型番：東芝ﾗｲﾃｯｸ　埋込型　FBK-42309-PS17　用）
　　　　　　　　　　　　　　　　　　　　　　　＊品が無ければ本体交換で！",請求済み
928,2012,1,12,3,0,2013/4/5,2,"未警戒　　定温式感知器　　Ｘ２　　１ケ所電線１０M

見積りの宛先　　　ｔam　ｃａfe　　　田村様",見積もり提出中
928,2013,1,12,3,0,2014/3/29,5,粉末ＡＢＣ１０型　　１本　　　　　　誘導灯用ランプ（東芝）　　ＣＦ２２０Ｔ４ＥＮＬ　　Ｘ４本,請求済み
929,2011,1,12,2,0,2012/6/29,6,"自火報　未警戒工事　差動×１個　　型番：ＡＥ０．９－４ｃ×５ｍ　　

高輝度　Ｃ級　避難口　ランプ×１個　　型番：１×ＣＦ１３０Ｔ４ＥＮ／Ｃ",対応不要
929,2012,1,12,6,0,2012/10/5,5,"自火報未警戒工事
　　差動２種　×１個　・　ＡＥ０.９－4C　×５ｍ
　　
誘導灯高輝度ランプ更新
　　ＣＦ１３０Ｔ４ＥＮ／Ｃ　　×１本",請求済み
929,2013,1,11,12,0,2013/12/12,2,消火器　粉末ABC１０型　　５本,見積もり提出中
930,2011,1,11,8,0,2011/8/5,2,　Ａ－３消火器　９本見積もり願います。,見積もり提出中
930,2011,1,12,2,0,2012/3/15,2,　Ａ－３消火器１２本見積り願います。,見積もり提出中
930,2012,1,11,8,0,2012/9/20,2,　Ａ－3消火器12本　見積り願います。,見積もり提出中
930,2012,1,12,2,0,2013/2/21,2,　Ａ－３消火器　１２本　見積もり願います。,見積もり提出中
930,2013,1,11,8,0,2013/9/3,2,　Ａ－３消火器　１２本見積もり願います。,見積もり提出中
931,2013,1,12,8,0,2013/8/22,5, 非 常 灯 パ ナ ソ ニ ッ ク  ＦＫ６９７Ｂ ×５　見積もりお願い致します。古畑さんの机に置いといて下さい。,請求済み
932,2011,1,12,3,0,2012/4/18,2,　誘導灯ランプ　ＣＦ２５０Ｔ４ＥＮＬ×１個　見積り願います。,見積もり提出中
932,2012,1,11,9,0,2012/10/24,2,　A-3消化器　２本見積り願います。,見積もり提出中
932,2013,1,12,3,0,2014/3/18,2,　Ａ－３消火器　４本　見積り願います。,見積もり提出中
934,2011,1,12,3,0,2012/3/14,2,　Ａ－3消火器　2本見積り願います。,見積もり提出中
934,2012,1,11,9,0,2012/9/11,5,　Ａ－３消火器　１本引き取り　￥１，５００－点検代と一諸に請求して下さい。,請求済み
936,2011,1,11,8,0,2011/8/9,5,　Ａ－３消火器　1本　（中信電気工事士職業訓練校）宛で見積書作成願います。,請求済み
936,2011,1,12,2,0,2012/2/7,2,Ａ－３消火器　３本見積り願います。,見積もり提出中
942,2011,1,11,9,0,2011/9/29,2,消火器１０型　単価見積り,見積もり提出中
942,2011,1,12,3,0,2012/3/26,2,単価で消火器の見積りをお願いします（Ａ－３）。　　　　　　　　　　　　　　　　　　　　　　　　　　　　　　　　　　　　　　　　　　　　　　　　　　　定温の特種防水１個、化粧プレート１個、Ｌ字金具１個の見積りをお願いします。,見積もり提出中
942,2013,1,11,9,0,2013/10/17,2,消火器１０型７本交換費用　　定温特種防水型１個取り付け費用　　誘導灯バッテリー（ＦＫ１２７Ａ ４．８Ｖ ６００ｍＡｈ 松下）×１個　　見積りお願いします。,見積もり提出中
942,2013,1,12,3,0,2014/3/26,2,・消火器１０型７本　・誘導灯バッテリー（ＦＫ１２７Ａ   ４．８Ｖ  ６００ｍＡｈ）　・定温特殊防水型感知器１個　の見積もりをお願いします。,見積もり提出中
951,2010,1,11,10,0,2010/11/20,5,火報　　定温スポット　１ヶ所　　増設工事　　ＯＰ－４Ｃ　１０ｍ　　１５０００円,請求済み
951,2013,1,11,10,0,2013/11/14,5,パッケージ　　１台,請求済み
953,2011,1,11,9,0,2011/10/1,2,消火器　Ａ－３　３本,見積もり提出中
954,2011,1,11,9,0,2011/11/18,2,消火器　A-3　３本,見積もり提出中
955,2010,1,11,9,0,2010/9/24,5,消火器　　Ａ－３　　　５本　　　　火報　　定温特種スポット　　３ヶ所　　交換済み　　４０００円,請求済み
955,2011,1,11,9,0,2011/10/12,2,差動スポット　３個　ヘッド不良交換　,見積もり提出中
957,2011,1,11,11,0,2011/12/8,5,消火器　Ａ－３　１本,請求済み
959,2012,1,11,7,0,2012/7/24,2,消火器： Ａ－３×２本　新品交換,見積もり提出中
959,2013,1,11,7,0,2013/7/24,2,消火器： A-3×２本　新品交換,見積もり提出中
960,2013,1,11,12,0,2014/1/31,5,別紙記載にて提出　　　　一部修繕　　定温×2台　煙×１台,請求済み
961,2010,1,11,11,0,2010/12/14,2,誘導灯　　バッテリー不良　　東芝　２ＮＲ－CU-S　　２個　　　パネル不良　　東芝　ＥＴ－１２４１Ｒ　１枚,見積もり提出中
961,2011,1,11,11,0,2011/12/26,2,"消火器　　　ＡＢＣ粉末１０型　　　　７本
誘導灯　　　パネル不良　　ＥＴ－１２４１Ｒ　　１枚　　　バッテリー不良　　２ＮＲ－ＣＵ－Ｓ　　３個",見積もり提出中
961,2012,1,11,11,0,2012/12/21,2,"消火器　　ABC粉末10型　　　　5本
自火報　　バッテリー不良　　２４V　１.２Ah
誘導灯　　パネル不良　　　東芝製　　ET-１２４１R　　１枚　　　　　バッテリー不良　　東芝製　　　２NR-CU-S　　　　３個",見積もり提出中
961,2013,1,11,11,0,2014/1/14,2,"消火器　　　ＡＢＣ粉末１０型　　　１０本
自火報　　　受信機バッテリー不良　　２４Ｖ　１.２Ａｈ　　　　１個
誘導灯　　パネル不良　　東芝製　　ＥＴ－１２４１Ｒ　　　１枚　　　　　バッテリー不良　　東芝製　　２ＮＲ－ＣＵ－Ｓ　　　１個",見積もり提出中
962,2011,1,11,4,0,2012/4/16,2,　受信機バッテリー０．６Ａ/5HR Ａ－３消火器　２本　見積り願います。,見積もり提出中
962,2011,1,12,9,0,2011/9/10,2,　受信機バッテリー　２４Ｖ０．６Ａｈ／５ＨＲ　Ａ－３消火器　２本　見積もり願います。,見積もり提出中
962,2012,1,11,4,0,2013/4/10,2,　誘導灯バッテリー　２NR-CU-LE×１個　見積もり願います。,見積もり提出中
962,2012,1,12,9,0,2012/9/20,5,　Ａ－３消火器　２本　受信機バッテリー０．６Ａｈ／５ＨＲ（本社分）　Ａ－３消火器　３本　自火報（自主設置）図面添付（別棟)見積り願います。,請求済み
962,2013,1,11,4,0,2014/4/10,5,　遊動灯バッテリー（２ＮＲ－ＣＵ－ＬＥ）１個　見積り願います。,請求済み
962,2013,1,12,9,0,2013/9/13,2,誘導灯バッテリー交換　”２ＮＲ-CU-LE”　×１台,見積もり提出中
965,2011,1,12,8,0,2011/8/18,2,　A-3消火器　６本見積り願います。,見積もり提出中
965,2012,1,12,8,0,2012/8/4,2,　Ａ－３消火器　６本見積り願います。（見積り書の宛先は、㈱しろきやです。）,見積もり提出中
966,2011,1,11,9,0,2011/9/10,5,　煙感知器　１個交換見積り願います。,請求済み
966,2011,1,12,3,0,2012/3/14,2,　煙感知器２種（ノーミ）　２個交換と１２個交換の見積りを2枚お願いします。,見積もり提出中
970,2013,1,12,4,0,2014/5/7,5,Ａ－３消火器３本入替済み,請求済み
971,2010,1,11,2,0,2011/3/30,2,誘導灯　　中型片面避難口器具不良　　　　１台　　　高輝度　リニュウアルプレート付きで,見積もり提出中
971,2011,1,11,2,0,2012/4/2,5,防火戸ラッチ不良　２個,請求済み
973,2010,1,11,7,0,2010/7/21,2,"受信機バッテリー　２４Ｖ　0.45ＡＨ

誘導灯バッテリー　ＦＫ174×８　
　　　　　　　　　　　",見積もり提出中
973,2011,1,11,7,0,2011/7/27,2,　Ａ－３消火器　５本　誘導灯バッテリー不良９ヶ所　見積り願います。　,見積もり提出中
973,2012,1,11,7,0,2012/7/26,2,　Ａ－3消火器　5本　受信機バッテリー　ＤＣ24Ｖ　０．４５Ａｈ／５ＨＲ　1個　誘導灯バッテリー　ＦＫ174×7個　中型誘導灯（避）1個　　　見積り願います。,見積もり提出中
973,2013,1,11,7,0,2013/7/23,2,　前回と同じ見積り願います。消火器のみ１本追加で,見積もり提出中
975,2010,1,11,4,0,2011/5/18,2,　消火器Ａ－３　１０本　　　　未警戒増設工事　　差動スポット　１個　　ＡＥ0.9-2Ｐ　15ｍ　,見積もり提出中
975,2012,1,11,4,0,2013/4/17,5,　誘導灯バッテリー　　ＦＫ－646　　３台　　　　消火器　放出のため　詰め替え　１本　（蓄圧式）,請求済み
975,2013,1,11,4,0,2014/4/24,5,　誘導灯バッテリー　　ＦＫ－６４６　　消火器　１　本　　　受信機バッテリー　２４Ｖ　０．４５　　１台,請求済み
977,2010,1,11,4,0,2011/4/19,5,自火報　　　バッテリー不良　　２４Ｖ１.２Ａｈ　　　　１個,請求済み
978,2010,1,11,4,0,2011/4/8,2,"消火器　　ＡＢＣ粉末１０型　　　５本
誘導灯　　バッテリー不良　　　東芝　　２－３ＮＲ－ＣＨ－ＬＥ　　　１個",見積もり提出中
978,2011,1,11,4,0,2012/4/3,2,"消火器　　ＡＢＣ粉末１０型　　　　４本
誘導灯　　バッテリー不良　　　東芝製　　２－３ＮＲ－ＣＨ－ＬＥ　　　　１個",見積もり提出中
978,2012,1,11,4,0,2013/4/10,2,"消火器　　ＡＢＣ粉末１０型　　　５本
誘導灯　　バッテリー不良　　　東芝製　　２－３ＮＲ－ＣＨ－ＬＥ　　１個　　　",見積もり提出中
978,2013,1,11,4,0,2014/4/11,2,誘導灯　　バッテリー不良　　　東芝製　　２－３ＮＲ－CH－ＬＥ　　　１個,見積もり提出中
979,2011,1,12,1,0,2012/1/17,5,消火器： 詰替え１本　５５００円で　見積り不要,請求済み
991,2011,1,12,5,0,2011/7/13,2,　受信機バッテリー　０．６Ａｈ／５ＨＲ　１個見積りお願いします。,見積もり提出中
991,2012,1,12,5,0,2012/5/29,5,　前回と同じく　受信機バッテリー　,請求済み
993,2011,1,11,3,0,2012/3/9,5,　Ａ－３消火器　5本　見積り願います。,請求済み
994,2012,1,11,8,0,2012/8/10,5,送水口の逆止弁不良、水漏れにより　　　１００Ａウイングチャッキ　　１０Ｋ　　　　　１個,請求済み
1003,2010,1,11,8,0,2010/9/2,2,前回と同じ見積もりを,見積もり提出中
1003,2010,1,12,2,0,2011/2/25,2,"前回と同じ　　等々力ビル分でＦＫ６２７Ａを１個追加で。
　　　　　　　　 オールドロックのみ修繕完了。３/２２",見積もり提出中
1003,2011,1,11,8,0,2011/9/5,2,"消火器： 等々力ビル分　Ａ－３×５本　新品交換
誘導灯： 等々力ビル共用部分 ＦＫ６２７Ａ×２個
　　　　　 １階 ＲＯＮＥ分　感知器３ヶ所・ＦＫ６２７Ａ×１個
　　　　　 ２階 ＰＵＬＰ分   感知器２ヶ所・ＦＫ６２７Ａ×２個
            ３階 ＲＯＮＥ分　感知器３ヶ所・ＦＫ６２７Ａ×２個",見積もり提出中
1003,2011,1,12,2,0,2012/2/24,2,前回と同じ　（誘導灯共用部の部分のみ修繕済みの為、必要なし）　　　　　　　　　　　　　　　　　　　　　　　　　　　　　　　　　　　　　　　  　 ３階 ＯＬＤ ＲＯＣＫ：未警戒５ヶ所（煙感知器×５個・ＡＥ－２Ｐ×３０ｍ）　誘導灯バッテリー不良２ヶ所(ＦＫ６２７Ａ×２個）追加,見積もり提出中
1003,2012,1,11,8,0,2012/9/4,2,前回と同じ　（消火器を各テナントに１本ずつ入れて下さい。３階はなし、２階PULP１本、１階RONE１本、１階OLDROCK２本　　　　　　　　　　　　　　　　　等々力さんに２本　今回交換します。３階 OLD ROCKの誘導灯バッテリーは１個でお願いします。）,見積もり提出中
1003,2012,1,12,2,0,2013/2/22,2,前回と同じ,見積もり提出中
1003,2013,1,11,8,0,2013/9/7,2,前回と同じ （　ＯＬＤＲＯＣＫの消火器は設置済み。　３階ＲＯＮEをＧＵＥＲＯに名前変更。３階煙感知器を４個から５個に変更）,見積もり提出中
1003,2013,1,12,2,0,2014/4/9,2,前回と同じ　（２階PULPは閉店の為、要りません）　　OLDROCKはH26.4.9 修繕済み,見積もり提出中
1005,2010,1,11,10,0,2010/11/30,5,"自火報：受信機バッテリー不良（ＤＣ２４Ｖ　０.２２５Ａｈ　×１個）
誘導灯：バッテリー不良（ＦＫ３７６　×３個　　・　　ＦＫ３４１　×１個）",請求済み
1005,2010,1,12,4,0,2011/5/9,5,消火器１０型×１本（撤去費含む）,請求済み
1005,2011,1,12,4,0,2012/5/8,5,消火器：１０型用露出ＢＯＸ　×１個　取付けあり,請求済み
1008,2011,1,12,2,0,2012/2/24,5,自火報： 差動感知器ヘッド不良 １ヶ所,請求済み
1008,2012,1,12,2,0,2013/3/21,5,消火器： Ａ－３×６本　新品交換,請求済み
1011,2013,1,12,2,0,2014/2/25,6,　実施報告書に記載。,対応不要
1014,2011,1,12,6,0,2011/6/29,2,　備考に記載。,見積もり提出中
1015,2011,1,11,9,0,2011/10/6,2,消火器： Ａ－３×１８本・強化液×１本・二酸化炭素×１本　新品交換　　来年10年以上のA-3消火器１４本 他は今現在10年以上経過,見積もり提出中
1015,2011,1,12,3,0,2012/3/29,5,"自火報： 差動感知器ヘッド不良×１個　
誘導灯： バッテリー不良。ＦＫ３４１×１個",請求済み
1017,2012,1,12,3,0,2013/3/13,5,誘導灯： バッテリー不良。４ＮＲ－ＡＣ－ＴＬ×1個,請求済み
1017,2013,1,12,3,0,2014/3/20,5,消火器： Ａ－３×８本　１０年以上経過　新品交換,請求済み
1018,2012,1,11,6,0,2012/6/1,2,　動力ポンプホース６５Ａ×４本　強化液６．０リットル　６本　３．０リットル　１本交換及び耐圧試験見積り　定温１２０度単価見積り願います。,見積もり提出中
1023,2010,1,11,9,0,2010/10/30,2,消火器　　Ａ－５　　５本　　Ａ－３　　１本　　　６５００円,見積もり提出中
1023,2012,1,11,9,0,2012/10/24,5,誘導灯　Ｃ級避難口片面　　Ｘ　１,請求済み
1024,2011,1,12,3,0,2012/3/3,2,"受信機バッテリー不良　　　（ＤＣ２４Ｖ　０．４５Ａｈ/５ＨＲ）　
誘導灯バッテリー不良1台　（ＦＫ３４１　２．４Ｖ　２０００ｍＡｈ　松下）",見積もり提出中
1025,2010,1,11,9,0,2010/10/15,6,自火報： 未警戒３ヶ所　(差動感知器 ３個 ・ＡＥ０.９×３０ｍ・モール ３本） ＲＣ貫通工事あり,対応不要
1025,2010,1,12,3,0,2011/3/24,5,"自火報： 前回と同じ　感知器増設３ヶ所
誘導灯： バッテリー不良４ヶ所　岩崎製 Ｎ５－ＣＮ（６.０Ｖ１８００ｍＡｈ）×２個　Ｎ９－ＣＷ（１０.８Ｖ１８００ｍＡｈ）×２個",請求済み
1025,2011,1,12,3,0,2012/3/26,2,誘導灯： バッテリー不良３ヶ所。岩崎製 Ｎ９－ＣＷ（10.8ｖ 1800mAh）×３個,見積もり提出中
1025,2012,1,11,9,0,2012/9/25,2,動力ポンプ： オーバーホール　前回と同じ,見積もり提出中
1025,2012,1,12,3,0,2013/3/18,2,"動力ポンプ： ６５Ａホース×３本　新品交換
誘導灯： バッテリー不良３ヶ所　新品交換　岩崎製 Ｎ９-ＣＷ（１０.８Ｖ１８００ｍＡｈ）×３個",見積もり提出中
1025,2013,1,11,9,0,2013/9/20,2,前回と同じ　　自火報：バッテリー不良。ＤＣ２４Ｖ３.５Ａｈ　消火器： Ａ－３×１本　詰替え　を増やして下さい。,見積もり提出中
1025,2013,1,12,3,0,2014/3/27,2,前回と同じ　誘導灯ﾊﾞｯﾃﾘｰ不良１か所増え。ＦＫ７３４×１個,見積もり提出中
1026,2010,1,11,9,0,2011/3/14,5,誘導灯： バテッリー不良。１ヶ所　ＦＫ３７６×１個,請求済み
1026,2011,1,11,9,0,2012/2/2,5,消火器： １０年以上経過　Ａ－３×４本　新品交換,請求済み
1026,2012,1,11,9,0,2012/9/25,2,"屋内消火栓： ４０Aホース×２本　１０年以上経過　新品交換・耐圧試験
消火器： Ａ－３×３本　来年、１０年以上経過の為の予算どり。別見積りで。",見積もり提出中
1026,2012,1,12,3,0,2013/3/18,2,"消火器： Ａ－３×３本　新品交換
屋内栓： ４０Ａホース×２本　新品交換",見積もり提出中
1026,2013,1,11,9,0,2013/10/1,5,前回と同じ　　消火栓ホースのみ交換、消火器は村で一括購入予定,請求済み
1027,2010,1,11,4,0,2011/5/27,2,"消火器　粉末１０型　１０本交換
誘導灯　バッテリーＦＫ６２７Ａ　１２個　ＦＫ６４６　１個　　
　　　　　通路小型壁埋込　パネル不良で器具交換（小泉産業　ＡＲ－６８５３０）
移動式粉末消火設備　　格納箱変形　２台　ミヤタ　第３種粉末３３㎏
自火報設備　　　差動式感知器１個　増設
屋内消火栓　　ホース　１４本",見積もり提出中
1027,2011,1,11,4,0,2012/5/28,2,"消火器　　ＡＢＣ粉末１０型　　　　５７本
誘導灯　　バッテリー不良　　　ＦＫ－６２７Ａ　　　１５個　　　　　ＦＫ－６４６　　　１個",見積もり提出中
1027,2012,1,11,4,0,2013/5/28,5,"消火器　１０年経過　粉末１０型　５６本（内１本容器変形）　５０型　１本　　　粉末消火移動式１５年経過　４９台
自火報未警戒　差動１個増設　　誘導灯　バッテリー不良　ＦＫ-６２７Ａ　２０個　ＦＫ-６４６　１個
自火発　バッテリー不良　　連結送水　耐圧試験",請求済み
1027,2013,1,11,4,0,2014/5/2,2,消火器１０型２５本見積りお願い致します。連結送水管耐圧試験見積りお願い致します。防火戸ラッチ３台見積りお願い致します。,見積もり提出中
1028,2010,1,11,4,0,2011/6/13,2,　消火器　10本　・　誘導灯バッテリー　FK-627A　2台　・　　３階～９階　連送耐圧試験　,見積もり提出中
1028,2011,1,11,4,0,2012/5/28,2,消火器１０年経過　１０型３３本　　　誘導灯バッテリー不良　ＦＫ－６２７Ａ　４個　　　連結送水管　耐圧試験未実施,見積もり提出中
1028,2012,1,11,4,0,2013/5/28,2,消火器　１０年以上　１０型　３３本　　誘導灯バッテリー　　ＦＫ－６２７Ａ　５個　　連結送水管　　耐圧試験,見積もり提出中
1028,2013,1,11,4,0,2014/5/20,5,"・点検時、消火器１０型　１５本更新致しました。
・自火報　ホーチキ光電スポット２種　１個
・誘導灯バッテリー交換　ＦＫ－４２７　　６本　・高輝度本体交換１台　（FA40312LE）",請求済み
1029,2010,1,12,3,0,2011/3/24,2,　差動式スポット　１個　増設工事　０．９×４Ｃ　５ｍ　見積りお願いします。,見積もり提出中
1029,2011,1,11,9,0,2011/9/12,2,　誘導灯バッテリー　FK３７６×１個　見積り願います。,見積もり提出中
1029,2012,1,11,9,0,2012/9/28,2,　未警戒部分増設工事　電線０．９×４Ｃ２０ｍ　差動式スポット型感知器　３個　見積り願います。,見積もり提出中
1029,2012,1,12,3,0,2013/3/18,2,感知器増設　差動スポット　２個　　ＯＰ４ｃ　１５ｍ,見積もり提出中
1029,2013,1,11,9,0,2013/9/26,5,　未警戒２ヶ所　差動２個　ＡＥ０，９×４Ｃ　１５ｍ　受信機バッテリー　ＤＣ２４Ｖ　１．２Ａｈ／５ＨＲ　１個　見積もり願います。,請求済み
1030,2010,1,12,3,0,2011/3/24,2,　誘導灯バッテリー（ＦＫ３７６×２）見積りお願いします。,見積もり提出中
1030,2011,1,11,9,0,2011/9/20,2,　誘導灯バッテリー　ＦＫ３７６×２個　Ｆｋ３４４×１個　ＦＫ６４４×１個　見積もり願います。,見積もり提出中
1030,2011,1,12,3,0,2012/3/16,2,Ａ－３消火器　５本　誘導灯バッテリー　ＦＫ３４４×３個　ＦＫ３７６×２個　ＦＫ６４８×１個　屋内消火栓ホース18本見積り願います。,見積もり提出中
1030,2012,1,11,9,0,2012/9/28,2,　誘導灯バッテリー　ＦＫ６48　１個　ＦＫ３４９　１個　屋内消火栓ホース４５Ａ　１８本　見積り願います。,見積もり提出中
1030,2012,1,12,3,0,2013/3/19,2,　Ａ－３消火器　５本　消火栓ホース　１８本　火災通報装置バッテリー　松下電工ＢＧＦ9902　１２Ｖ０．８Ａｈ　１個　誘導灯バッテリーＦＫ３４４　２個　高輝度誘導灯　Ｂ級　９台　煙感知器２種２個交換　見積もり願います。,見積もり提出中
1030,2013,1,12,3,0,2014/3/11,2,　Ａ－３消火器　５本　誘導灯バッテリー（ＦＫ３４４）×１個　見積り願います。,見積もり提出中
1035,2011,1,12,8,0,2011/8/10,2,消火器１０型単価見積り,見積もり提出中
1035,2013,1,11,2,0,2014/3/4,5,消火器１０型　７本更新致しました。金額は１本　６５００円でお願い致します。,請求済み
1035,2013,1,12,8,0,2013/9/3,2,消火器　１０型　４本　見積もりお願い致します。,見積もり提出中
1041,2010,1,11,11,0,2010/11/12,5,別紙にて　提出,請求済み
1041,2012,1,11,11,0,2012/11/20,5,　ベル　１台　,請求済み
1041,2013,1,11,11,0,2013/11/11,2,　　４０Ａ消火栓ホース　　３本,見積もり提出中
1047,2010,1,11,7,0,2010/9/4,2,消火器　　A-3　　２本　　　６５００円,見積もり提出中
1047,2011,1,11,7,0,2011/7/22,5,消火器　A-3　２本　￥６，５００,請求済み
1047,2012,1,11,7,0,2012/7/11,5,"C級片面通路左←　　　Ｘ２台
Ｂ級片面避難口右（右→）　Ｘ１台　　　吊具　Ｌ＝７５０　　Ｘ１本
機器のみにて工事は御施主様工事します。　　販売価格定価５０掛にて 
注文して下さい｡",請求済み
1047,2013,1,11,7,0,2013/9/19,5,消火器　　Ａ－３　　１本　　新品と詰替え　Ａ－３　１本　,請求済み
1048,2011,1,12,3,0,2012/4/12,2,"火報受信機バッテリー　交換
０．９Ah  ×　１個",見積もり提出中
1052,2011,1,11,9,0,2011/10/21,5,"消火栓ホース
４０A　×　8本",請求済み
1052,2013,1,11,9,0,2013/10/9,5,"受信機（ニッタン）用バッテリーDC２４V１．２AH/５HR　　X１　　　

注文もして下さい。",請求済み
1054,2012,1,12,5,0,2012/5/16,2,　Ａ－３消火器　３本見積り願います。,見積もり提出中
1054,2013,1,12,5,0,2013/5/30,5,　Ａ－３消火器　３本　見積もり願います。,請求済み
1065,2010,1,11,9,0,2010/10/15,2,　２階 ㈱イマージ　誘導灯バッテリー不良。ＦＫ３４１×１個,見積もり提出中
1065,2010,1,12,3,0,2011/4/19,5,"イマージは前回と同じで
四川の華：誘導灯バッテリー不良。（４ＮＲ－ＡＣ－ＴＬ）
３階 Ｊｕｓｔ：感知器未警戒１ヶ所。差動感知器×１個・ＡＥ０.９－２Ｐ×５ｍ
ダンダンプラザ共用部：誘導灯バッテリー不良。（ＦＫ２７７）",請求済み
1065,2011,1,11,9,0,2011/10/25,2,"四川の華： 消火器Ａ－３×１本　１０年以上経過　新品交換
イマージ ： 誘導灯１ヶ所バッテリー不良　前回と同じ",見積もり提出中
1065,2011,1,12,3,0,2012/4/5,2,前回と同じ　（四川の消火器が1本だったのを３本に変えて下さい。）,見積もり提出中
1065,2012,1,11,9,0,2012/10/15,2,四川の華　消火器×６本　新品交換,見積もり提出中
1065,2012,1,12,3,0,2013/4/11,5,四川の華： 誘導灯バッテリー不良１ヶ所。　４ＮＲ－ＡＣ－ＴＬ,請求済み
1065,2013,1,12,3,0,2014/4/25,5,㈱シセン： 共用部２階廊下　誘導灯バッテリー不良。ＦＫ２７７×１個,請求済み
1066,2010,1,11,9,0,2010/10/15,2,　１階養老の滝・２階Ａｂｏｖｅ・３階ＫＵＭＯＮ　前回と同じ見積もりで,見積もり提出中
1066,2010,1,12,3,0,2011/4/19,2,前回と同じ。１階養老の滝は更やに名称変更。,見積もり提出中
1066,2011,1,11,9,0,2011/10/25,2,"更や： 　 　前回と同じ
Ａｂｏｖｅ：　 前回と同じ
ＫＵＭＯＮ：前回と同じ",見積もり提出中
1066,2011,1,12,3,0,2012/4/5,2,前回と同じ,見積もり提出中
1066,2012,1,11,9,0,2012/10/15,2,前回と同じ,見積もり提出中
1066,2012,1,12,3,0,2013/4/11,2,前回と同じ （更やに消火器Ａ－３×１本追加してください）,見積もり提出中
1066,2013,1,11,9,0,2013/10/7,2,前回と同じ,見積もり提出中
1066,2013,1,12,3,0,2014/4/25,2,"２階Ａｂｏｖｅ： 誘導灯バッテリー不良。ＦＫ３７７×１個
１階メガネバスター： 消火器：Ａ－３×１本　新品交換
㈱シセン： ２.３階共用部廊下　消火器Ａ－３×２本　新品交換　　㈱シセンのみ修繕済み Ｈ.26.4.25",見積もり提出中
1077,2010,1,11,9,0,2010/10/21,5,消火器１０型×４本（廃棄込み）,請求済み
1078,2014,1,11,5,0,2014/5/14,5,　Ａ－３消火器　３本交換見積り,請求済み
1084,2011,1,11,11,0,2011/12/21,5,防火戸制御盤　　バッテリー不良交換　　　２４Ｖ　１.６５Ａｈ,請求済み
1090,2010,1,12,7,0,2010/10/30,5,"自火報：未警戒増設工事
　　　　　　差動２種×２個　・　煙２種×１個　・　０.９－４Ｃ×２０ｍ　・　配管１９φ
　　　　　ヘッドなし１ヶ所→取り付け工事
　　　　　　松下製　差動２種　自己保持タイプ　×１個",請求済み
1090,2011,1,11,1,0,2012/1/10,2,"消火器：１０型×１本　新設納入のみ
　　　　　別枠で消防申請書類作成費
自火報：感知器未警戒　煙感知器２種×１個　　ＡＥ０.９－４Ｃ×５ｍ
　　　　　　　　　　　　　　　別枠で消防申請書類作成費",見積もり提出中
1090,2012,1,11,1,0,2013/1/7,2,前回同様,見積もり提出中
1090,2012,1,12,7,0,2012/7/23,2,"自火報：感知器未警戒
　　　　　差動２種　×１個　　　ＡＥ０．９-４C　×３ｍ　　作業費・交通費・消防申請費",見積もり提出中
1090,2013,1,12,1,0,2014/1/20,5,"感知器増設　（差動２種×１・定温特種×１）
誘導標識増設×１

上記　改修済み",請求済み
1090,2013,1,12,7,0,2013/7/10,1,別紙,見積もり依頼
1093,2012,1,11,6,0,2012/6/6,5,消火器Ａ－３を6本　　誘導灯バッテリー（ＦＫ１３６）1個　　　見積りお願いします。　　　　　　　　　　　　　　　　　　　　　　　　　　　　　　　　　　　　　　　　　　　　　　　　　　　　,請求済み
1094,2010,1,12,6,0,2010/6/28,2,消火器１０型×３本　廃棄あり,見積もり提出中
1094,2011,1,11,12,0,2012/1/10,5,"消火器１０型×１本
自火報受信機バッテリー不良×１個（ＤＣ２４Ｖ　１.２Ａｈ）
誘導標識×９枚",請求済み
1094,2011,1,12,6,0,2011/6/8,2,消火器１０型×３本,見積もり提出中
1094,2012,1,11,12,0,2012/12/21,2,消火器　A-３　　２本,見積もり提出中
1094,2012,1,12,6,0,2012/7/10,5,誘導標識　×４枚,請求済み
1094,2013,1,12,6,0,2013/7/11,5,消火器　ＡＢＣ型１０型　４本,請求済み
1095,2011,1,12,12,0,2012/1/19,6,双葉不動産　飯島さんよTELあり（２４，１，１９）有限会社かがりさんより修繕依頼が来たら、修繕と一緒に点検を行って下さい。との事です。,対応不要
1096,2010,1,11,10,0,2011/2/23,5,消火器１０型×３本,請求済み
1098,2011,1,12,3,0,2012/5/2,5,自火報： 感知器不良 １ヶ所。特種防水定温感知器×１個,請求済み
1099,2011,1,11,12,0,2012/2/8,2,消火器　A-3　１本,見積もり提出中
1101,2010,1,11,3,0,2011/3/19,2,　受信機バッテリー（ＤＣ２４Ｖ１．２Ａｈ５ＨＲ）誘導灯バッテリー（ＦＫ３７６）見積りお願いします。,見積もり提出中
1101,2011,1,11,3,0,2012/3/16,5,　受信機バッテリーＤＣ２4V 1.2Ah/5HR　誘導灯バッテリーＦＫ３７６　東芝２－３ＮＲ－ＣＨ－ＬＥ　見積り願います。,請求済み
1101,2012,1,11,3,0,2013/3/5,5,　屋内消火栓ホース　５本　Ａ-３消火器　２本　見積もり願います。,請求済み
1101,2013,1,11,3,0,2014/4/4,5,　誘導灯バッテリー（ＦＫ３７６×１）見積り願います。,請求済み
1102,2010,1,12,9,0,2010/10/9,2,消火器　　Ａ－３　　３本　　　６５００円　　詰替え　　　火通　　ロム交換　　１台,見積もり提出中
1102,2011,1,11,3,0,2012/3/31,5,消火器　　Ａ－３　　１本　　　６５００円,請求済み
1102,2011,1,12,9,0,2011/11/4,5,"女子寮
受信機バッテリー　”ＤＣ２４Ｖ　０．４５Ａｈ　×　１個”",請求済み
1102,2012,1,12,9,0,2012/10/1,5,消火器　Ａ-３　１本,請求済み
1114,2011,1,11,11,0,2011/11/24,5,　誘導灯バッテリー　ＦＫ６27A 　２個　見積り願います。,請求済み
1114,2012,1,12,5,0,2012/5/12,5,"誘導灯バッテリー交換
・FK-627A　×　３個",請求済み
1114,2013,1,11,11,0,2014/3/12,5,　受信機バッテリー　DC２４V０．２２５Ah/５HR　１個取り換え見積り願います。,請求済み
1118,2011,1,11,12,0,2012/1/10,5,消火器　　　A-3　　３本　　６５００円,請求済み
1124,2013,1,11,12,0,2014/1/18,5,消火器：１０型５本の見積りをお願いします。,請求済み
1125,2012,1,11,12,0,2013/1/30,2,"誘導灯バッテリ－ＦＫ６２７　　７個
誘導灯　Ｃ級通路埋込　両矢印　１台（　リニュ－アルプレ－ト　１台）
　　　　　Ｃ級通路右→　　１台
消火器入替え分　　A-３　　１７本
消火器廃棄　　　６本（粉末A－３）",見積もり提出中
1125,2013,1,11,12,0,2014/2/7,5,"消火器　１０型　１６本　更新　・　　廃棄６本

誘導灯バッテリー不良　７か所（ＦＫ－６２７）

本体不良　１台　通路右→

見積りお願い致します。",請求済み
1126,2010,1,11,12,0,2011/1/15,6,,対応不要
1126,2012,1,11,12,0,2013/3/5,5,"消火器　入替　A-３　５本
　　　　　廃棄　　６本（粉末消火器）
誘導灯　Ｃ級避難口　　２台
受信機用バッテリ－　　ＤＣ２４Ｖ０．４５AＨ/５ＨＲ（２０Ｎ-４５０AA）　　Ｘ１",請求済み
1127,2011,1,11,12,0,2011/12/19,2,A-3消火器  ２本　　お願いします,見積もり提出中
1128,2010,1,11,4,0,2011/6/13,2,消火器　Ａ－３　１６本　,見積もり提出中
1128,2012,1,11,6,0,2012/7/5,5,"消火器　Ａ－３　　１本　　（単価見積り　＠　6,500）",請求済み
1128,2013,1,11,6,0,2013/7/16,2,"誘導灯　Ｃ級避難口　　２台

誘導灯バッテリー　　東芝　４ＮＲ－Ｃ－Ｓ　　２台",見積もり提出中
1131,2010,1,11,12,0,2010/12/28,5,消火器　　　強化液　　ＮＲ－３ＳＸ　　５本　　１５０００円,請求済み
1131,2011,1,11,12,0,2011/12/22,5,"消火器　Ａ－３　２本
　　　　　 Ａ－２　強化液　１本",請求済み
1132,2010,1,11,12,0,2011/1/20,5,　※工場棟　　消火器スタンド　２台　　※農場　消火器Ａ－３　２本　消火器スタンド　３台　　※売店　受信機バッテリー（ニッタン　　　　０．２２５Ａｈ　1台　　誘導灯バッテリー　ＦＫ－６２７Ａ　1台,請求済み
1132,2011,1,11,12,0,2012/4/11,2,別紙,見積もり提出中
1132,2013,1,11,12,0,2014/1/15,2,　消火器　A-3　12本　　誘導灯バッテリー　FK-646　１台　FK-627A　１台　　B級高輝度避難口　本体　１台　リニューアルプレート壁用　１台,見積もり提出中
1135,2011,1,11,12,0,2012/1/19,2,"誘導灯バッテリー
東芝　３ＮＲ－ＣＵ－Ｓ　（３．６Ｖ　２０００ｍＡｈ）
×　１個",見積もり提出中
1140,2010,1,11,1,0,2011/6/10,5,誘導灯　　バッテリー不良　　　ＦＫ－３８１　　１個　　　　　ＦＫ－６２７Ａ　　４個,請求済み
1140,2011,1,11,1,0,2012/2/23,5,"消火器　　ＡＢＣ粉末１０型　　　　４本
誘導灯　　パネル不良　　ＦＫ－１６８７１　１枚　　　バッテリー不良　　ＦＫ－１２２　１個　　　ＦＫ－３８１　１個　　　ＦＫ－６２７Ａ　１個",請求済み
1140,2012,1,11,1,0,2013/2/21,2,"消火器　　ＡＢＣ粉末１０型　　　３本
誘導灯　　バッテリー不良　　　ＦＫ－１２２　　　１個",見積もり提出中
1140,2013,1,11,1,0,2014/1/21,5,"消火器　　ABC粉末１０型　　　　３本
誘導灯　　バッテリー不良　　　　FK-１２２　　　２個",請求済み
1143,2010,1,11,8,0,2010/9/2,5,"消火器１０型×５本
誘導灯バッテリー不良×１　（ＦＫ６２７Ａ）",請求済み
1143,2011,1,12,2,0,2012/2/23,5,"誘導灯ﾊﾞｯﾃﾘｰ　FK６２７A　x　１個
　　　　　　　　　　FK122　　x　１個

　　　　　　　　　　",請求済み
1143,2013,1,11,8,0,2013/8/22,5,点検時にＰ２受信機バッテリー交換いたしました。　見積もり控えをもらうの忘れましたのでください。,請求済み
1147,2012,1,11,1,0,2013/1/18,2,消火器　　ＡＢＣ粉末１０型　　　破損不良　　　１本,見積もり提出中
1155,2011,1,11,4,0,2012/5/24,2,消火器交換　A-3　８本,見積もり提出中
1155,2013,1,11,4,0,2014/4/28,2,誘導灯バッテリー　　ＦＫ３４１　　Ｘ２,見積もり提出中
1156,2010,1,11,3,0,2011/5/30,5,消火器　　A-3　　６本　　６５００円　　　１本　　６５００円　　廃棄処分　　５本　　誘導灯　　FK-627A   2台,請求済み
1156,2011,1,11,4,0,2012/5/24,2,消火器交換　A-3　１本,見積もり提出中
1156,2012,1,11,4,0,2013/5/1,2,誘導灯バッテリー　　ＦＫ627　　Ｘ　2台,見積もり提出中
1156,2013,1,11,4,0,2014/4/28,2,誘導灯バッテリー　ＦＫ１２５　　Ｘ１　　　ＦＫ６２７Ａ　　Ｘ１,見積もり提出中
1159,2011,1,11,1,0,2011/10/26,5,消火器　A-3　２本,請求済み
1159,2013,1,11,1,0,2013/11/12,2,消火器　　Ａ－３　　２本　　　６０００円,見積もり提出中
1160,2010,1,11,1,0,2011/3/8,5,消火器　　　A-3　　３本　　６５００円　　　火報　　バッテリー　０．６Ah　,請求済み
1160,2011,1,11,1,0,2012/1/31,5,消火器　A-3　２本,請求済み
1161,2011,1,11,1,0,2012/1/27,2,　アー３消火器６本見積り願います。,見積もり提出中
1161,2012,1,11,1,0,2013/1/22,2,　Ａ－３消火器　６本見積もり願います。,見積もり提出中
1161,2013,1,11,1,0,2014/1/27,5,　A-３消火器　６本見積り願います。,請求済み
1167,2011,1,11,6,0,2011/6/7,2,自火報　：　煙感知器　８個　（失効につき）　　　　防火戸　：　イジェクター　１台　（3階ラッチ不良の為）　　非常放送　：　バッテリー　　　　　　　　　　　　　　　　　　　　　　　　　　　　　　　　　　　　　　　　　　　　　　　　　　　　　　　　　　　　　　　　　　　　　　　　　　　　　　　　　　　　　　　　１台　1.65Ａｈ／５ＨＲ（本体ＷＫ－710　１５０ｗ）　、埋め込みＳＰ、パネル込　２台　ＨＰ1.2-3　10ｍ　（１階秋吉未警戒）　　　　　　　　　　　　　　　　　　　　　　　　　　　　　　　　　　　　　　　　　　　　　　　　　　　　　　　　　　　　　　　　　　　　　　　　　　　　　　　　　　　　　　　　誘導灯　：　バッテリー　１１台　三菱電機　４Ｎ－１９ＤＡ　4.8Ｖ　1800ＭＡＨ　　松下ＦＫ－376　1台、　誘導灯本体　　　　　　　　　　　　　　　　　　　　　　　　　　　　　　　　　　　　　　　　　　　　　　　　　　　　　　　　　　　　　　　　　　　　　　　　　　　　　　　　　　　　　　　　両面　1台　（２階鳥蔵室内通路本体不良）　　　　　,見積もり提出中
1167,2012,1,11,6,0,2012/8/21,2,前回の見積を出して下さい。,見積もり提出中
1167,2013,1,11,6,0,2013/7/3,2,　　前回の見積もり出して下さい、そこに追加します。,見積もり提出中
1178,2010,1,11,3,0,2011/3/24,5,　Ａ－３消火器　３本見積書お願いします。,請求済み
1178,2012,1,11,3,0,2013/4/20,5,　防火扉ラッチ　２個　避難器具　１台　Ａ－３消火器　３本　見積もり願います。,請求済み
1179,2011,1,11,10,0,2011/10/26,2,　誘導灯バッテリー　FK277 1個　見積り願います。,見積もり提出中
1179,2011,1,12,4,0,2012/4/17,2,　誘導灯バッテリー　ＦＫ２７７×１　見積り願います。,見積もり提出中
1179,2012,1,12,4,0,2013/4/25,5,　誘導灯バッテリー　ＦＫ２４５×１個　防火扉イジェクター　１個　見積もり願います。　,請求済み
1179,2013,1,11,10,0,2014/4/22,5,　防火戸　エジェクター交換　見積り願います。,請求済み
1182,2010,1,11,2,0,2011/2/18,5,　誘導灯バッテリー　ＦＫ６２７A×１見積りお願いします。　,請求済み
1182,2011,1,12,8,0,2011/8/19,2,　誘導用バッテリー（ＦＫ６２７Ａ×１）見積り願います。,見積もり提出中
1182,2012,1,12,8,0,2012/8/3,2,　誘導灯バッテリー（ＦＫ６２７Ａ×１）見積り願います。,見積もり提出中
1182,2013,1,11,2,0,2014/2/12,5,　誘導灯バッテリーFK６２７A×１　見積り願います。,請求済み
1186,2013,1,12,2,0,2014/2/26,2,　A-３消火器　５本交換見積り願います。,見積もり提出中
1190,2010,1,11,3,0,2011/3/10,2,"非常警報バッテリー不良　　（ＤＣ１２Ｖ ０.４５Ａｈ×１個（松下　ＮＲ－ＡＡＦ２Ｘ５　　ＢＧ－７９１０１））
自火報未警戒工事　　（定温特種×１個　ＡＥ０．９－４C×５ｍ）",見積もり提出中
1190,2011,1,11,3,0,2012/3/27,2,非常警報バッテリー　松下ＢＧ７９１０１用　DC12V０．４５Ah　ｘ　1個,見積もり提出中
1190,2011,1,12,9,0,2011/9/20,2,"非常警報バッテリー　松下電工　BG79101洋　DC12V　0.45Ah/5HR　x　1個
差動式スポット　1個増設",見積もり提出中
1190,2012,1,11,3,0,2013/4/2,2,　非常警報バッテリー　　パナソニック　ＤＣ１２Ｖ　０．４５Ａｈ　（品番？？,見積もり提出中
1190,2012,1,12,9,0,2012/10/5,2,　実施報告書記載。,見積もり提出中
1190,2013,1,11,3,0,2014/3/10,2,前回と同じで非常警報バッテリーＢＧ79101　１台,見積もり提出中
1190,2013,1,12,9,0,2013/9/18,2,前回と同様に非常警報バッテリー　パナＤＣ１２Ｖ　０．４５Ａｈ　１本見積もりお願い致すます。,見積もり提出中
1191,2011,1,11,2,0,2012/3/14,5,"　１）受信機基盤　ニッタン　２ＰＫ０　ＰＣ８６８／Ｆ７Ｘ３０　x　１

　２）消火器更新　６型　ｘ１本・１０型　ｘ１本・二酸化炭素（３．２Kg）CG-7　ｘ１本


　　１）・２）項目別紙見積りにして下さい。　",請求済み
1191,2012,1,11,2,0,2013/3/27,5,消火器　ＡＢＣ１０型　　１本,請求済み
1191,2013,1,11,2,0,2014/4/11,5,受信機用バッテリーＤＣ２４Ｖ０．２２５ＡＨ５ＨＲ（２０－Ｓ２０１Ａ）　　１個　　消火器粉末ＡＢＣ１０型　　１本,請求済み
1192,2010,1,11,2,0,2011/4/8,5,自火報　　発信機不良　　P型2級　能美　FMM260型　発第61-8-1号　１個,請求済み
1197,2011,1,11,3,0,2012/3/28,2,消火器　Ａ－３　　７本,見積もり提出中
1197,2012,1,11,3,0,2013/4/18,2,消火器　ABC１０型　　　７本,見積もり提出中
1197,2013,1,11,3,0,2014/5/16,5,消火器Ａ－３　８本,請求済み
1209,2011,1,12,9,0,2011/12/20,5,"たんぽぽハウス１階男子トイレ未警戒
差動式スポット　ｘ１個増設",請求済み
1210,2010,1,11,3,0,2011/3/10,2,"自火報： ベル不良。新品交換

別、見積りで受信機リニューアルをお願いします。
　　 Ｐ型２級５回線の防火戸制御盤１回線付で。発信機２級３台。",見積もり提出中
1210,2011,1,11,3,0,2012/3/22,2,前回と同じ,見積もり提出中
1211,2012,1,11,3,0,2013/3/19,2,消火器： A-３×２本　新品交換,見積もり提出中
1213,2011,1,11,3,0,2012/3/7,5,　Ａ－３消火器２本　非常警報バッテリーＤＣ６V２５０mAh/５HR　３個　非常警報ランプＣＦＦX101-101３Ａ　１個　見積り願います。,請求済み
1216,2012,1,11,3,0,2013/3/15,2,誘導標識 通路  １枚　の見積もりお願いします。,見積もり提出中
1218,2012,1,11,4,0,2013/6/5,5,誘導灯Ｃ級避難口　　２台　　　リニューアルプレート　　１台,請求済み
1220,2010,1,11,4,0,2011/4/15,5,誘導灯　　Ｃ級　１台　　片面　　　　３００００円,請求済み
1220,2011,1,11,4,0,2012/4/13,5,消火器　Ａ－３　５本,請求済み
1221,2011,1,11,4,0,2012/4/23,5,"消火器交換　
Ａ－３　２０１１年製　２本
\５、０００/本",請求済み
1222,2010,1,11,4,0,2011/5/6,5,消火器　　Ａ－３　　３本　ＤＰＣ－１０ＳＸ　　１台,請求済み
1222,2011,1,11,4,0,2012/4/26,5,消火器　ステンレス強化液　３．０?　　４本,請求済み
1223,2013,1,11,11,0,2013/12/16,5,総合盤表示灯交換１台　誘導灯バッテリー交換　・（ＦＫ－３４１）１台　・（ＦＫ－１２５）１台　・東芝（4NR-ＡＣ-ＴＬ）４台,請求済み
1224,2012,1,11,4,0,2013/4/16,5,消火器　ＡＢＣ１０型　　２本,請求済み
1228,2011,1,11,4,0,2012/4/26,5,消火器　Ａ－３　３本,請求済み
1230,2010,1,11,4,0,2011/4/14,5,"消火器　　ＡＢＣ粉末１０型　　　　１本
誘導灯　　バッテリー不良　　　ＦＫ－２７７　　　１個　　　　　　　　　見積書は不必要　　　",請求済み
1230,2013,1,11,4,0,2014/4/5,5,書類の時に、消火器　１０型　２本更新　致します。　本/￥6500,請求済み
1232,2010,1,11,4,0,2011/4/1,5,"消火器　　　　中性強化液　　　３?　　　　　　３本
誘導灯　　　バッテリー不良　　　ＦＫ－６７６　　　３個",請求済み
1232,2011,1,11,4,0,2012/8/1,2,消火器　　ＡＢＣ粉末１０型　　　　２本,見積もり提出中
1232,2012,1,11,4,0,2013/4/15,5,消火器　　ＡＢＣ粉末１０型　　　　５本,請求済み
1234,2011,1,11,4,0,2012/5/11,5,"消火器交換　Ａ－３　１本

消火器　廃棄のみ　１本",請求済み
1234,2012,1,11,4,0,2013/4/16,5,消火器交換　Ａ－３　３本,請求済み
1234,2013,1,11,4,0,2014/5/1,5,消火器　１０型　2本交換　￥６．５００,請求済み
1235,2013,1,11,4,0,2014/5/2,5,"Ａ－３消火器×４　６５００×４
消火器廃棄×３　５００×３",請求済み
1236,2010,1,11,4,0,2011/5/6,6,"自火報： 未警戒３ヶ所。同日、交換済み。
　　　　　 煙感知器２ヶ所不良。
            ベル１ヶ所不良。
誘導灯： 器具不良１ヶ所。
　　　　　 バッテリー不良２ヶ所。（２ＮＲ-CU-LE）",対応不要
1236,2011,1,11,4,0,2012/4/23,2,"非常放送： 壁掛け両面ＳＰ×１個
誘導灯： バッテリー不良 ２ヶ所　２ＮＲ－ＣＵ－ＬＥ×２個
動力ポンプ： ６５Ａホース×９本　新品交換　　　　　　　　　　　見積り不要です",見積もり提出中
1236,2012,1,11,4,0,2013/4/24,6,"自火報： 受信機バッテリー　ＤＣ２４Ｖ ０.６Ａｈ
動力ポンプ： ６５Ａホース×９本　　　　　　　　　　見積もり不要",対応不要
1238,2011,1,11,5,0,2011/5/23,5,　誘導灯バッテリー（FK627A×１）　見積り願います。,請求済み
1238,2012,1,11,5,0,2012/5/16,0,"・誘導灯バッテリー交換
　FK-627A　×　１個",
1238,2014,1,11,5,0,2014/5/26,5,　誘導灯バッテリー（ＦＫ６２７Ａ）×１,請求済み
1239,2011,1,11,4,0,2012/4/25,5,消火器　　ＡＢＣ粉末１０型　　　２本,請求済み
1239,2012,1,11,4,0,2013/4/24,5,"消火器　　ＡＢＣ粉末１０型　　　　１本
自火報　　バッテリー不良　　　２４Ｖ　０.６Ａｈ　　　１本",請求済み
1239,2013,1,11,4,0,2014/4/19,5,誘導灯　　バッテリー不良　　　ＦＫ－３７６　　　２個,請求済み
1245,2012,1,11,3,0,2013/3/5,6,別紙,対応不要
1250,2012,1,11,5,0,2012/5/31,2,　ボールタップ交換見積り願います。,見積もり提出中
1254,2010,1,11,2,0,2011/3/22,5,　誘導灯バッテリー　　岩崎　　ＷＮ３－ＳＬ　２台　　Ｎ２－CL　２台　Ｎ３ーＳＬ　１台　　　ＦＫ－341　２台,請求済み
1254,2010,1,12,8,0,2010/9/4,5,　誘導灯バッテリー　松下　　ＦＫ－３４１　１台　　岩崎　UF/H-115 　２．４Ｖ　２０００MA 　１台,請求済み
1254,2013,1,11,2,0,2014/3/4,2,　誘導灯　前回と同じなので　作って下さい。,見積もり提出中
1254,2013,1,12,8,0,2013/9/4,2,　ウイルトス宛　※　誘導灯バッテリー　岩崎　ＷＮ３-SL　3.6Ｖ　1200Ａｈ　　６台　　　松下　ＦＫ－３８１　　１台　　　　　　　　　　　　　　　　誘導灯本体　室内通路両面天井付け　防水型 １台,見積もり提出中
1255,2014,1,11,5,0,2014/5/19,2,非常警報設備： 本体不良交換 １個  露出型,見積もり提出中
1262,2011,1,12,11,0,2011/10/31,5,自火報： 煙感知器不良 １ヶ所。　新品交換,請求済み
1265,2014,1,11,5,0,2014/5/20,2,自火報： 福祉ひろばでベルの増設の要望有　　ベル×１個　ＨＰ－１Ｐ×15ｍ,見積もり提出中
1268,2011,1,12,11,0,2011/10/27,2,消火器： A-３×４本　１０年以上経過　新品交換,見積もり提出中
1271,2011,1,12,11,0,2011/10/20,2,消火器： Ａ－３×２本　１０年以上経過　新品交換,見積もり提出中
1273,2014,1,11,5,0,2014/5/20,2,誘導灯： 器具不良 １ヶ所。　新品交換　 壁付けC級避難口,見積もり提出中
1277,2014,1,11,5,0,2014/5/20,2,消火器： A-2×１本　１０年以上経過　　新品交換,見積もり提出中
1280,2012,1,11,5,0,2012/6/4,5,消火器　　　　ＡＢＣ粉末１０型　　　２本　　　　　　中性強化液３?　　　　１本　　　　　近日納入予定,請求済み
1286,2011,1,11,5,0,2011/6/6,2,　火災通報装置　ロム交換　　日報に記載。,見積もり提出中
1288,2012,1,11,6,0,2012/8/7,2,"消火器　　Ａ-3　　1本　　　（＠6,500）


消火器　　Ａ-１０　１本 廃棄見積り",見積もり提出中
1291,2011,1,11,6,0,2011/6/13,2,消火器１０型単価見積り,見積もり提出中
1291,2012,1,11,6,0,2012/6/11,2,　消火器　Ａ－３　１本,見積もり提出中
1291,2013,1,11,6,0,2013/6/25,2,　消火器　Ａ－３　１本　,見積もり提出中
1292,2010,1,11,7,0,2010/8/7,5,　定温式防水スポット型感知器　１個　低温式スポット型感知器　１個　取替え見積りお願いします。,請求済み
1292,2011,1,11,7,0,2011/7/28,2,　Ａ－３消火器　３本見積もり願います。,見積もり提出中
1292,2013,1,12,1,0,2014/1/15,5,　受信機不良　ノーミ防災　型名FCP221A　受第９－１２９号　火報５/５回線　防排煙５/５回線　A-３消火器１本見積り願います。,請求済み
1294,2013,1,11,7,0,2013/8/7,2,消火器： Ａ－３×５本　来年１０年経過の為、新品交換,見積もり提出中
1295,2012,1,11,6,0,2012/6/12,2,"誘導灯リニューアルお勧め：最終避難口ＢＬ級　×１台
　　　　　　　　　　　　　　　　　天井リニューアルプレート　×１枚",見積もり提出中
1295,2012,1,12,12,0,2012/12/17,2,別紙,見積もり提出中
1295,2013,1,11,6,0,2013/6/29,2,別紙,見積もり提出中
1296,2011,1,12,6,0,2011/6/23,5,　Ａ－３消火器　３本　誘導灯バッテリー（ＦＫ１２５×６台）見積りお願いします。,請求済み
1296,2012,1,12,6,0,2012/6/18,5,　消火器１本　引き取り見積り。,請求済み
1296,2013,1,12,6,0,2013/6/27,5,　誘導灯バッテリーＦＫ１25　１個見積もり願います。,請求済み
1298,2010,1,11,6,0,2010/7/29,5,　ネオット（３個）と一緒に　非常警報バッテリー　　６個　　松下　ＢＧ９905,請求済み
1300,2010,1,12,5,0,2010/6/16,5,　誘導灯バッテリー　ＦＫ347×２個　見積もりお願いします。,請求済み
1300,2013,1,12,5,0,2013/5/24,2,　高輝度誘導灯　Ｂ級（避難口）　１台取り換え見積り願います。,見積もり提出中
1309,2011,1,11,8,0,2011/9/3,2,消火器： Ａ－３×６本　新品交換,見積もり提出中
1309,2013,1,11,8,0,2013/9/2,2,消火器６本　見積もりお願いします。,見積もり提出中
1309,2013,1,12,2,0,2014/3/1,2,消火器：１０型６本　見積もりお願いします。,見積もり提出中
1315,2010,1,11,7,0,2010/8/3,2,"消火器　　ＡＢＣ粉末１０型　　３本
自家発　　バッテリー触媒栓　　ＨＳ－８０Ｅ用　　　６個",見積もり提出中
1315,2012,1,11,7,0,2012/9/12,5,ＡＢＣ粉末１０型消火器　　　　　３本,請求済み
1315,2013,1,11,7,0,2013/8/31,5,"消火器　　　ＡＢＣ粉末１０型　　　　３本
非常電源用バッテリーの触媒栓交換　　　　ＨＳ－８０Ｅ型　　　６個",請求済み
1316,2010,1,11,7,0,2010/8/23,2,"屋内消火栓設備　　　４０Ａﾎｰｽ　　　１２本　　　１９８７年生のため　　新品で
誘導灯　　バッテリー不良　　　ＦＫ－３４１　　　１個",見積もり提出中
1316,2011,1,11,7,0,2011/7/27,2,"消火器　　ＡＢＣ粉末１０型　　　　５本
誘導灯　　バッテリー不良　　　ＦＫ－３４１　　　１個",見積もり提出中
1316,2013,1,11,7,0,2013/9/4,5,"屋内消火栓　　　４０Ａ　１０Ｋのバルブ　　１個　　　　　６５Ａ１０Ｋ４穴のフランジパッキン　　１枚
　　　　　　　　　　屋内消火栓Ｂｏｘ　　　　１台",請求済み
1318,2011,1,12,2,0,2012/3/12,2,"消火器： Ａ－３×１２本　１０年以上経過　新品交換
誘導灯： バッテリー不良 １ヶ所  FK３８１",見積もり提出中
1318,2012,1,12,2,0,2013/2/19,2,"消火器： Ａ－３×１本　新品交換
誘導灯： バッテリー不良。ＦＫ３８１×１本　新品交換",見積もり提出中
1318,2013,1,11,8,0,2013/8/7,2,消火器　Ａ－３　１本　　誘導灯バッテリーＦＫ－３８１　１台　　火通バッテリー　１２Ｖ　０．８Ａｈ／５ＨＲ　１台,見積もり提出中
1319,2011,1,11,6,0,2011/7/1,2,"自火報： ＤＣ２４Ｖ ０.６Ａｈ×１個
消火器： Ａ－３×３本　新品交換",見積もり提出中
1319,2012,1,11,6,0,2012/6/1,2,"消火器： 10年以上経過消火器 ３本  新品交換
自火報： 受信機バッテリーＤＣ２４V０.６Aｈ　新品交換",見積もり提出中
1319,2013,1,11,6,0,2013/8/22,5,"　消火器　Ａ－３　３本　　　受信機バッテリー　　0.6Ａｈ　　１台　　表示灯（ＢＬＰランプ破損　　　１台

　　　消火器以外は修繕済み　Ｈ２５.８.２２",請求済み
1321,2010,1,11,8,0,2010/9/29,5,消火器： 強化液Ａ－２　新品交換,請求済み
1321,2011,1,11,8,0,2011/9/27,5,誘導灯： ランプ不良２個。　岩崎製 １×ＣＦ２２０Ｔ４ＥＮ－Ｅ （３.２Ｗ）,請求済み
1321,2011,1,12,2,0,2012/3/30,5,"消火栓： ホース１０年以上経過　４０Ａ×１０本・６５Ａ×１２本
誘導灯： バッテリー不良。４ヶ所(Ｎ４-ＡＡＥ×４本）　　器具不良。１ヶ所（通路両面つり下げ金具用）
消火器： Ａ－３×１本 放出済み。詰替え　強化液×１本 放出済み。 消火器不良の為、新品に交換。
　　       １０年以上経過消火器あり。前回と同じで",請求済み
1321,2012,1,11,8,0,2012/8/17,2,消火器： １０年以上経過交換　粉末Ａ－３×１９本・強化液Ａ－２×１２本　計３１本,見積もり提出中
1321,2012,1,12,2,0,2013/2/26,2,消火器： 前回と同じ　,見積もり提出中
1321,2013,1,11,8,0,2013/8/30,2,消火器　前回と同じ,見積もり提出中
1321,2013,1,12,2,0,2014/2/7,2,消火器： 前回と同じ　　強化液１本 増やして下さい  ( 粉末Ａ－３×１９本・強化液Ａ－２×１３本）,見積もり提出中
1334,2012,1,12,2,0,2013/3/16,2,誘導灯バッテリー交換　・ユアサ製　２４Ｖ_２０００mAh　１台,見積もり提出中
1334,2013,1,11,8,0,2013/10/9,5,誘導灯バッテリー交換　”ユアサ　２４Ｖ　２０００ｍＡｈ”×１台,請求済み
1335,2011,1,11,7,0,2011/9/27,5,消火器： Ａ－３×１本　新品交換　６５００円,請求済み
1339,2010,1,11,10,0,2010/11/10,2,"屋内消火栓： ホース１６本　新品交換か耐圧試験
自火報： 能美２種煙感知器２４個　新品交換
防火設備：能美３種煙感知器６個　新品交換",見積もり提出中
1339,2010,1,12,4,0,2011/5/25,2,前回と同じ,見積もり提出中
1339,2011,1,11,10,0,2011/12/13,2,前回と同じ,見積もり提出中
1339,2012,1,12,6,0,2012/7/23,2,前回と同じ,見積もり提出中
1339,2013,1,11,8,0,2013/9/2,2,前回と同じ,見積もり提出中
1339,2013,1,12,2,0,2014/2/21,2,前回と同じ　煙感知器 １個 ・ 差動感知器 ３個 ・ 受信機バッテリー DC24V 3.5Ah　 増やして下さい。,見積もり提出中
1342,2010,1,11,10,0,2010/10/30,5,誘導灯　　　Ｃ級　１台　　交換済み　　３００００円,請求済み
1342,2010,1,12,4,0,2011/4/25,5,誘導灯　　Ｃ級　　片面　１台　　　３００００円,請求済み
1342,2011,1,11,10,0,2011/11/18,5,"誘導灯交換　１台
高輝度　避難口　Ｃ級　         ← １０月２４日に補修済み

-----------------------------------------------

消火栓ホース　４０Ａ　１２本    ← 見積り提出中",請求済み
1342,2011,1,12,4,0,2012/5/7,5,消火栓ホース　４０Ａ　３本交換,請求済み
1343,2013,1,11,10,0,2013/10/10,5,屋外消火栓　　　　水抜きバルブ破損不良　　　２５ｍｍストレートバルブ　　１個　　　パイプ50ｃｍ　　　ユニオン　　１個,請求済み
1348,2013,1,11,8,0,2013/8/23,2,"誘導灯： バッテリー不良　ＦＫ１３７×２個　新品交換

　　ガス漏れ受信機の警報ブザーが鳴らない。３１年前の自立型受信機",見積もり提出中
1348,2013,1,12,2,0,2014/2/14,2,"誘導灯：バッテリー不良。ＦＫ１３６×２個
消火器：Ａ－３×１個　１０年経過　新品交換",見積もり提出中
1351,2011,1,11,10,0,2011/11/5,2,"非常警報：バッテリー不良　×１個（７.２Ｖ　０.４５Ａｈ）
　　　　　　　本体交換　×１台（現在松下製埋め込み　ＢＧ７０１４１　が設置されています。たぶんリニューアルプレート必要です）
　　　　　　　バッテリーと本体交換は見積り分けて下さい。",見積もり提出中
1353,2010,1,11,10,0,2010/12/16,5,自火報受信機バッテリー不良（ＤＣ２４Ｖ　０.２２５Ａｈ×１個）,請求済み
1354,2010,1,11,10,0,2010/10/16,2,受信機バッテリー不良×１（ＤＣ２４Ｖ　０.２２５Ａｈ）,見積もり提出中
1354,2011,1,11,10,0,2011/10/6,5,"社屋：受信機バッテリー不良×１（ＤＣ２４Ｖ　０.２２５Ａｈ）
　　　　消火器１０型×１本",請求済み
1357,2011,1,11,11,0,2012/1/19,2,　受信機バッテリー　DC24V　０．２２５Ah　５HR　誘導灯バッテリー　FK３７６×３　FK３４１×１　差動式スポット型感知器　3個　定温式スポット型感知器　1種防水型　1個　光電式スポット型感知器2種　1個　電線AE０．９×４C10m以上百瀬様分　　高輝度誘導灯　C級１台　差動式スポット型感知器２種　２個　定温式スポット型感知器１００度防水　１個　電線０.９×４C２０ｍ以上大吉様分で見積もり作成して下さい。　　　　　　　　　,見積もり提出中
1357,2013,1,11,11,0,2014/2/13,5,　誘導灯バッテリー　FK３７６×３　FK３４１×１　A-３消火器　１本見積り願います。,請求済み
1360,2010,1,11,4,0,2011/4/22,5,　未警戒　定温防水１種　1個　2号モール2本　電線0.9×４Ｃ　５ｍ,請求済み
1361,2010,1,11,5,0,2010/8/7,2,"自火報：未警戒　定温式１種防水×２個
　　　　　　　　　　 ０.９－４Ｃ×２０ｍ",見積もり提出中
1361,2010,1,12,11,0,2010/12/16,2,前回同様,見積もり提出中
1364,2011,1,11,10,0,2011/11/5,2,誘導標識：避難口４枚・通路２枚　プラス　工賃←誘導灯を撤去して、標識に替える予定です。（法的によければ）,見積もり提出中
1365,2010,1,11,11,0,2010/11/10,2,自火報： ２種煙感知器 1個　新品交換,見積もり提出中
1365,2011,1,11,11,0,2011/11/17,2,自火報： 前回と同じ（煙感知器×１個）,見積もり提出中
1365,2011,1,12,5,0,2011/5/23,2,前回と同じで（宛先が三協で）,見積もり提出中
1365,2012,1,12,5,0,2012/7/25,5,自火報： 煙感知器×１個、屋外ベル×１個　新品交換,請求済み
1365,2013,1,11,11,0,2013/11/13,2,誘導灯： ＦＫ６２７×１個 ・ ＦＫ１２７×２個　バッテリー不良。,見積もり提出中
1365,2013,1,12,5,0,2013/5/29,5,"自火報： 煙感知器（能美製） １個　不良　
誘導灯： バッテリー不良 １個  不良　ＦＫ１２７",請求済み
1365,2014,1,12,5,0,2014/5/13,2,誘導灯： バッテリー不良３カ所。　前回と同じ,見積もり提出中
1368,2010,1,11,1,0,2011/2/3,5,　差動式スポット感知器　１個交換見積りお願いします。,請求済み
1368,2013,1,12,7,0,2013/7/9,5,　前回と同じ見積り願います。,請求済み
1372,2012,1,11,10,0,2012/10/22,2,消火器　Ａ-３　　１本　　消火器ボックス　２個,見積もり提出中
1379,2011,1,11,12,0,2011/12/12,5,消火器： Ａ－３×１本　新品交換,請求済み
1379,2012,1,11,12,0,2012/12/18,2,誘導灯： 器具不良１ヵ所　新品交換　　Ｂ級 両面  片矢印,見積もり提出中
1380,2010,1,11,1,0,2011/1/29,2,　前回と同じ見積もりお願いします。,見積もり提出中
1380,2010,1,12,7,0,2010/7/30,2,　Ａ－3消火器　15本見積もりお願いします。,見積もり提出中
1380,2011,1,11,1,0,2012/2/14,2,　Ａ－３　消火器　１本　見積り願います。,見積もり提出中
1380,2011,1,12,7,0,2011/7/16,2,　Ａ－３消火器　９本　強化液６リットル　６本　見積り願います。,見積もり提出中
1380,2012,1,12,7,0,2012/7/7,2,　Ａ－３　消火器９本　強化液　６．０?７本　見積り願います。,見積もり提出中
1380,2013,1,12,7,0,2013/7/6,2,　前回と同じ見積もり願います。,見積もり提出中
1381,2010,1,11,1,0,2011/1/29,2,　前回と同じ見積もりお願いします。,見積もり提出中
1381,2010,1,12,7,0,2010/7/30,2,　Ａ－３消火器１４本　動力ポンプホース5本見積もりお願いします。,見積もり提出中
1381,2011,1,11,1,0,2012/2/14,2,　Ａ－３消火器　１４本　見積り願います。前回と同じ見積りお願いします。,見積もり提出中
1381,2011,1,12,7,0,2011/7/16,2,　Ａ－３消火器　１４本見積り願います。,見積もり提出中
1381,2012,1,12,7,0,2012/7/7,2,　Ａ－３消火器　１４本　動力ポンプホース　６５Ａ×５本　見積り願います。,見積もり提出中
1381,2013,1,12,7,0,2013/7/6,2,　前回と同じ見積もり願います。,見積もり提出中
1382,2010,1,11,1,0,2011/1/29,2,　強化液６リッター　１本　見積もりお願いします。,見積もり提出中
1382,2011,1,11,1,0,2012/2/14,2,　Ａ－３消火器　９本　強化液ー２　６．０?　６本　見積り願います。,見積もり提出中
1382,2011,1,12,7,0,2011/7/16,2,　強化液６．０リットル　１本見積り願います。,見積もり提出中
1382,2012,1,12,7,0,2012/7/7,2,　Ａ－3消火器　1本見積り願います。,見積もり提出中
1382,2013,1,12,7,0,2013/7/6,2,　前回と同じ見積もり願います。,見積もり提出中
1385,2011,1,12,6,0,2011/6/22,2,　消火器１０年以上経過　７本（現状６型）,見積もり提出中
1385,2012,1,11,12,0,2012/12/7,5,自火報設備　受信機バッテリー不良　12V　0.6AH（ホーチキ）　　　消火器　１０年以上　７本（１０型）,請求済み
1385,2013,1,11,12,0,2013/12/25,2,粉末消火器　１０型　１本（放出）,見積もり提出中
1386,2013,1,11,12,0,2013/11/30,5,"自火報バッテリー不良　　　２４Ｖ　０.４５Ａｈ　　　１本
消火器　　　ＡＢＣ粉末１０型　　　　　　１本",請求済み
1387,2013,1,11,12,0,2013/11/30,5,自火報　　　バッテリー不良　　　２４Ｖ　０.４５Ａｈ　　　　１本,請求済み
1389,2011,1,11,4,0,2012/6/5,5,誘導灯バッテリー不良×１個（ＦＫ６４６）,請求済み
1393,2010,1,11,11,0,2010/11/20,2,　消火器　Ａ－３　８本　　　非常警報バッテリー　松下　ＢＧ９９０５　１台,見積もり提出中
1393,2011,1,11,11,0,2012/1/20,2,　非常警報　バッテリー　松下　ＢＧ９905　ＤＣ６Ｖ　０．２９Ａｈ／５ＨＲ　　２台　消火器　８本,見積もり提出中
1393,2012,1,11,11,0,2013/1/10,2,　非常警報用バッテリー　　松下製　ＤＣ６Ｖ　０．２９Ａｈ／５ＨＲ　４台,見積もり提出中
1397,2010,1,11,4,0,2011/4/25,5,　Ａ－３消火器９本　消火栓ホース１０本　見積もりお願いします。,請求済み
1397,2011,1,11,4,0,2012/4/12,2,　Ａ－３消火器　６本　屋内消火栓ホース　８本見積り願います。,見積もり提出中
1397,2012,1,11,4,0,2013/5/2,2,　Ａ－３消火器　７本　屋内消火栓ホース　６本　見積もり願います。,見積もり提出中
1397,2013,1,11,4,0,2014/4/16,2,　Ａ－３消火器　６本交換　消火栓ホース４０Ａ×６本交換　,見積もり提出中
1401,2011,1,11,1,0,2012/2/17,5,"１　消火器１０型単価見積り

２　受信機用ﾊﾞｯﾃﾘｰ　ＤＣ２4V０．６Ａｈ　ｘ　１個
　　誘導灯ﾊﾞｯﾃﾘｰ　ＦＫ３４１ｘ　１個

３　煙感知器２種　ｘ１個　（ヘッド交換）
　　感知器移設　ｘ　１ヶ所　（ＡＥ０．９ｘ２Ｐ　ｘ　５ｍ）
　　
１．２．３見積書個々に作成して下さい。",請求済み
1405,2012,1,11,1,0,2013/1/24,2,　誘導灯バッテリー　　三菱　４Ｎ１9ＤＡ　２台　　　非常警報　バッテリー松下電工　Ｐ－４-F２３ＧＩ　ＤＣ7.2Ｖ　0.45Ａｈ／５ＨＲ　１台,見積もり提出中
1406,2012,1,11,4,0,2013/4/25,2,"未警戒　　差動式スポット　　１ケ所　　　配線１０M


誘導灯ランプ　CF２００T４ENＣ　　Ｘ１本


別々に見積もり作成して下さい。",見積もり提出中
1406,2013,1,11,4,0,2014/4/28,2,未警戒　　差動式スポット２種　　Ｘ１　　　電線　０．９Ｘ４Ｃ　　１０Ｍ,見積もり提出中
1407,2010,1,11,10,0,2010/10/19,2,"誘導灯： １階・２階テナント バッテリー不良。ＦＫ６２７A×２台
            １階 高輝度ランプ未接続。１×ＣＦ２２０Ｔ４ＥＮ（３W）×１本　（取付用金具なし　誘導灯品番ＦＡ２１４５７P）",見積もり提出中
1407,2012,1,11,4,0,2013/4/11,2,１階テナント： 感知器 未警戒２ヶ所　　増設工事 （煙感知器×２個　ＡＥ-２Ｐ×１５ｍ）,見積もり提出中
1409,2013,1,11,3,0,2014/3/26,2,　　スプリンクラー逆止べン　　ツカサより　見積もり有り。,見積もり提出中
1409,2013,1,12,9,0,2013/10/17,2,　ITSへ　　　消火器A-3　１５本　　後　消火器耐圧試験　１本あたりの値段を,見積もり提出中
1412,2012,1,11,3,0,2013/3/27,5,　Ａ－３消火器　２本交換済み,請求済み
1417,2013,1,12,10,0,2014/5/1,5,消火器　粉末ＡＢＣ10型　　　４本,請求済み
1418,2010,1,11,4,0,2011/4/22,5,　未警戒　定温防水１種　モール2本　０．９×４Ｃ　５ｍ,請求済み
1419,2012,1,11,4,0,2013/5/9,2,消火器新品３本、廃消火器４本の引き取り　　　　　見積もりお願いします。,見積もり提出中
1421,2010,1,12,10,0,2010/11/17,2,　消火器　Ａ－３　　４本,見積もり提出中
1423,2010,1,11,3,0,2011/6/13,5,非常警報バッテリー不良×１個（ＤＣ６Ｖ　０.５Ａｈ）（ニッタン　本体：ＥＡＲ－ＳＰ）,請求済み
1426,2010,1,11,8,0,2011/2/22,2,別紙,見積もり提出中
1426,2010,1,12,2,0,2011/5/13,2,"非常放送スピーカー不良×１個（防滴　ＢＳ－５Ｗ（前に見積もってます））
誘導灯バッテリー不良（ＦＫ１２５×４）
　　　　器具不良１台（Ｂ級ＢＬ型・通路両面片側矢印（現在の本体型番ＦＷ２１１２７））
　　　　　　　　　　　　　→現在、防水用の為、アクリルカバーが付いてますが、新しい物と合えば本体のみの見積りで。
　　　　　　　　　　　　　　 合わなければ、カバーも１個見積りして下さい。",見積もり提出中
1426,2011,1,11,8,0,2011/10/26,5,"自火報：受信機バッテリー不良（ＤＣ２４Ｖ　１.２Ａｈ　×１個）
　　　　　感知器不良　定温１種防水１００℃　×１個
誘導灯：バッテリー不良（ＦＫ１２５×　４個）
　　　　　本体器具不良（通路　両面　片側矢印　ＦＷ２１１２７）　←アクリル箱必要
　　　　　　　　　　　　　　現在防水の為、アクリルの箱に収納されていますが、現行の型番と大きさが合えば機器のみで構いません。
非常放送：スピーカー不良（型番：前回同様）",請求済み
1426,2011,1,12,2,0,2012/6/5,2,別紙,見積もり提出中
1426,2012,1,12,2,0,2013/3/27,2,"非常放送スピーカー不良交換
ＴＯＡ　""PC-3WR""　２台",見積もり提出中
1426,2013,1,11,8,0,2013/9/9,2,・消火器交換　Ａ－３　２０本　　・消火栓ホース交換　４０Ａ　１０本　,見積もり提出中
1426,2013,1,12,2,0,2014/3/29,2,"・消火器交換　Ａ－３　２０本　　・消火栓ホース交換　４０Ａ　１０本　・非常放送スピーカー不良交換　ＴＯＡ　""ＢＳ－４Ｗ""　１台",見積もり提出中
1427,2012,1,11,11,0,2013/3/2,5,"自火報　　　バッテリー不良　　　２４Ｖ　３.５Ａｈ
屋内消火栓　　　パッキン不良　　　６０Ａパッキン交換　　１ヶ所",請求済み
1428,2011,1,11,11,0,2011/12/21,5,消火器　　　ＡＢＣ粉末１０型　　　　　１本,請求済み
1429,2012,1,11,11,0,2013/3/2,5,自火報　　バッテリー不良　　　２４Ｖ　０.６Ａｈ,請求済み
1433,2010,1,11,6,0,2010/7/12,5,"消火器　　ＡＢＣ粉末１０型　　　７本
自火報　　未警戒　　差動式感知器　　１個　　　ＯＰ　０.９×４Ｃ　　１５ｍ　　　￥１５.０００～１６.５００位で",請求済み
1433,2010,1,12,12,0,2010/12/13,6,自火報　　地区音響ベル不良交換　　　１００ｍｍ総合盤組込タイプ　　１個,対応不要
1434,2012,1,11,5,0,2012/7/23,2,"スプリンクラー設備：ヘッド破損交換　×１個
　　　　　　　　　　　　ニッタン高木さんより口頭にて→設置は高木さんのところで行ったらしいです。
　　　　　　　　　　　　　　　　・ヘッド　×１個
　　　　　　　　　　　　　　　　・湿式のため、水抜きが必要
　　　　　　　　　　　　　　　　・地下水槽内不凍液を入れてるため、再補充が必要
　　　　　　　　　　　　　　　　・点検口の作成が必要になるかもしれないとのこと
　　　　　　　　　　　　上記より、一式で\130,000",見積もり提出中
1434,2012,1,12,11,0,2012/11/14,2,前回同様,見積もり提出中
1434,2013,1,11,5,0,2013/9/11,5,別紙（前回同様）,請求済み
1434,2014,1,11,5,0,2014/5/27,1,"火通（サクサ製）バッテリー不良交換　　""鉛蓄電池　DC12V　0.8Ah/5HR""　×１台",見積もり依頼
1441,2013,1,11,7,0,2013/8/27,2,"誘導灯　　バッテリー不良　　ＦＫ－１２８　　４個　　　ＦＫ－６２７Ａ　　２個　　　
　　　　　　　　　　　　　　　　　サンヨー製　　Ｎ－４ＳＡＨD　（パナソニックで　ＦＳＫー０３４　としてあるみたい）　　　２個　　　",見積もり提出中
1441,2013,1,12,1,0,2014/2/6,2,"南棟
誘導灯バッテリー　ＦＫ１２８　　Ｘ２


北棟

誘導灯　Ｃ級誘導灯（避難口）　　Ｘ２台　　ＦＫ２１７４７　　Ｘ２　　取替え


宿舎Ｅ棟

非常警報バッテリー　　ＢＧ９９０５　　Ｘ１",見積もり提出中
1444,2010,1,11,4,0,2011/4/25,2,　Ａ－３消火器ステンレス　７本　Ａ－３消火器スチール２本　消火栓ホース　１２本　見積もりお願いします。,見積もり提出中
1444,2011,1,11,4,0,2012/4/12,5,　受信機バッテリーＤＣ２４Ｖ１．２Ａｈ／５ＨＲ　１個　定温特種防水３個交換　差動式スポット３個交換　Ａ－３消火器１１本（ステンレス）見積り願います。,請求済み
1444,2012,1,11,4,0,2013/5/2,2,　屋内消火栓ホース　１０本　見積もり願います。,見積もり提出中
1444,2013,1,11,4,0,2014/4/28,5,　消火器Ａ－３　５本交換（ステンレス）　消火栓ホース４０Ａ×１０本交換　　消火器のみ H26.4.28交換済み,請求済み
1447,2012,1,11,3,0,2013/4/2,2,消火器　　Ａ-１　　１本,見積もり提出中
1447,2013,1,11,3,0,2014/3/11,2,粉末消火器Ａ－１　　１本,見積もり提出中
1448,2012,1,11,7,0,2012/10/29,5,消火器： １０年経過消火器　１本,請求済み
1455,2011,1,11,7,0,2011/10/4,5,誘導灯： バッテリー不良。２ヶ所　ＦＫ３４１×２個,請求済み
1458,2011,1,11,7,0,2011/9/30,6,"消火器： Ａ－３×１本　新品交換
　　　　　 消火器支給品設置。撤去品なし。",対応不要
1459,2012,1,11,7,0,2012/10/24,5,消火器： Ａ－３×１本　紛失。新品納入,請求済み
1460,2011,1,11,7,0,2011/10/25,5,消火器： Ａ－３×１本　１０年以上経過　　消火器支給品設置。1本撤去。,請求済み
1460,2012,1,11,7,0,2012/10/24,5,消火器： Ａ－３×２本　１０年以上経過　新品交換,請求済み
1461,2012,1,11,7,0,2012/10/24,5,"自火報： 受信機バッテリー不良。　DC２４V ０.２２５Ah
　　　　　 工場棟断線により感知器１個不作動。現在受信機にて抵抗処理。調査修理。",請求済み
1462,2010,1,11,7,0,2010/7/14,2,"自火報： 受信機バッテリー不良。ＤＣ２４Ｖ １.２Ａｈ×１個
屋内消火栓： ポンプ不良。",見積もり提出中
1462,2011,1,11,7,0,2011/10/25,2,受信機不良。Ｐ型１級１０回線　新品交換,見積もり提出中
1462,2012,1,11,7,0,2012/8/23,5,"自火報： 受信機不良。去年と同じ
防火設備： バッテリー不良。DC24V０.４５Ah",請求済み
1462,2013,1,11,7,0,2013/7/25,6,屋内ポンプ不良。　　見積もり不要,対応不要
1465,2010,1,11,7,0,2010/7/13,2,自火報： 差動感知器×１個　不良。新品交換,見積もり提出中
1465,2011,1,11,7,0,2011/10/18,5,"自火報： 差動感知器１個不良。新品交換
消火器： １本行方不明。１本１０年以上経過。　消火器2本支給品設置。消火器既存1本撤去",請求済み
1466,2010,1,11,7,0,2010/7/5,6,屋内消火栓： ポンプ故障修理。,対応不要
1466,2011,1,11,7,0,2011/9/30,5,誘導灯： バッテリー不良１ヶ所。　　ＦＫ３４１,請求済み
1466,2012,1,11,7,0,2012/10/29,5,誘導灯： バッテリー不良１ヶ所。ＦＫ３４１,請求済み
1473,2013,1,12,2,0,2014/3/4,5,誘導灯バッテリー不良交換　”FK-734”×１台,請求済み
1474,2010,1,12,2,0,2011/2/1,2,自火報： 外ベル増設工事　　　屋外ベル×１個　・　ＨＰ－１Ｐ×２０ｍ,見積もり提出中
1476,2011,1,11,5,0,2011/6/6,5,消火器： 西電 久保田さんに確認,請求済み
1477,2010,1,12,1,0,2011/2/1,5,"前回と同じと
　自火報： 未警戒１ヶ所　差動感知器×１個　ＡＥ ０.９－２Ｐ×５ｍ　　増やして見積りして下さい。
　自火報のみ修繕",請求済み
1477,2011,1,11,7,0,2011/8/9,5,消火器： Ａ－３×５本　新品交換,請求済み
1477,2011,1,12,1,0,2012/1/11,5,消火器： Ａ－３×５本　新品交換,請求済み
1477,2012,1,11,7,0,2012/7/11,5,消火器； Ａ－３×５本　新品交換,請求済み
1477,2012,1,12,1,0,2013/1/9,5,消火器： Ａ－３×５本　新品交換,請求済み
1477,2013,1,11,7,0,2013/7/10,5,消火器： A-３×６本　　新品交換,請求済み
1482,2012,1,11,10,0,2012/10/16,5,消火器　　　ＡＢＣ粉末１０型　　　　６本,請求済み
1483,2010,1,11,9,0,2010/10/1,5,　誘導灯バッテリー（ＦＫ３４１）×１個　見積もりお願いします。,請求済み
1485,2011,1,11,8,0,2011/9/14,2,"消火器　　　単価見積りで　　　ＡＢＣ粉末１０型　　　　　二酸化炭素３.２ｋｇ
屋内消火栓　　　　４０Ａホース　　　１２本",見積もり提出中
1485,2012,1,11,8,0,2012/10/9,5,"消火器　　ＡＢＣ粉末10型　　　8本
不活性ガス消火設備　　　　起動用ガスボンベ　　圧力不足の為　　　カーアツ製　　型式　ＮＰＡ１　　１本
誘導灯　　　バッテリー不良　　　ＦＫ－１２８　　　１個",請求済み
1485,2012,1,12,2,0,2013/2/21,2,"誘導灯　　バッテリー不良　　　ＦＫ－１２８　　　１個
別に　　自火報バッテリー不良　　２４Ｖ　６.０Ａｈ　　　　１本",見積もり提出中
1485,2013,1,12,2,0,2014/2/19,5,誘導灯　　バッテリー不良　　　ＦＫ－１２８　　　１個,請求済み
1486,2010,3,31,9,0,2010/9/21,2,ハードディスク新品交換４台。詳細は隆臣君に,見積もり提出中
1486,2011,1,11,9,0,2011/10/5,5,消火器： 屋外用ＢＯＸ１個用×２台　,請求済み
1486,2012,3,31,9,0,2012/10/2,2,ＵＰＳ バッテリー不良。Ｓｍａrt-UPS ７５０のバッテリー,見積もり提出中
1486,2013,3,31,2,0,2014/5/29,3,UPS交換　詳細は志村主任に　見積もり書の日付は4/1で,補修済み
1488,2010,1,12,11,0,2010/11/20,2,"自火報：感知器移設×３ヶ所　（ＡＥ０.９－４Ｃ　×５ｍ）
　　　　　受信機バッテリー不良（ＤＣ２４Ｖ　１.２Ａｈ）
誘導標識　×１枚",見積もり提出中
1488,2011,1,11,5,0,2011/5/17,2,前回見積り同様（支援システムには記載なし）,見積もり提出中
1488,2011,1,12,11,0,2012/2/10,2,"自火報：感知器移設×３ヶ所　（ＡＥ０.９－４Ｃ　×５ｍ）・消防届出費は別途必要になります。と記載して下さい
　　　　　受信機バッテリー不良（ＤＣ２４Ｖ　１.２Ａｈ）
誘導標識設置　×４枚・消防届出費は別途必要になります。と記載して下さい",見積もり提出中
1488,2012,1,11,5,0,2012/5/26,6,別紙,対応不要
1488,2012,1,12,11,0,2012/11/9,2,別紙,見積もり提出中
1488,2013,1,11,5,0,2013/5/15,2,別紙,見積もり提出中
1488,2013,1,12,11,0,2013/11/25,2,別紙,見積もり提出中
1488,2014,1,11,5,0,2014/5/28,2,日付変更→別紙,見積もり提出中
1489,2011,1,11,5,0,2011/6/29,2,非常灯　　　バッテリー不良　　　FK-７９６K　　　４個,見積もり提出中
1489,2011,1,12,11,0,2011/11/29,2,非常灯　　　バッテリー不良　　　　ＦＫ－７９６Ｋ　　　　　５個,見積もり提出中
1489,2012,1,11,5,0,2012/5/19,2,非常灯　　　バッテリー不良　　　ＦＫ－７９６Ｋ　　　５個,見積もり提出中
1489,2012,1,12,11,0,2012/11/20,2,非常灯　　バッテリー不良　　　ＦＫ-７９６Ｋ　　　　６個,見積もり提出中
1489,2013,1,12,11,0,2013/11/28,2,非常灯バッテリー不良　ＦＫ-796Ｋ　10個,見積もり提出中
1489,2014,1,11,5,0,2014/5/29,2,非常灯　　バッテリー不良　　　FK-７９６K　　　２１個,見積もり提出中
1490,2010,1,11,5,0,2010/7/3,2,"消火器１０型×３本
屋内消火栓　ホース４０Ａ×２本（新品交換と耐圧試験）
　　　　　　　　ボールタップ不良×１個（前回と同じ内容で）",見積もり提出中
1490,2010,1,12,11,0,2011/7/12,5,別紙,請求済み
1490,2011,1,11,5,0,2011/7/21,2,"火報：防水ベル不良交換×１個
消火器１０型×３本
消火栓ホース×２本（耐圧・新品）",見積もり提出中
1490,2011,1,12,11,0,2012/1/16,5,"消火器：１０型×１６本
屋内消火栓：ホース更新×２本←前回同様
　　　　　　　　ポンプ本体のチャッキ弁不良×１←ユウキサービス見積り依頼中
　　　　　　　　ポンプ本体呼水槽交換工事×１←前回同様
自火報：単体防水ベル不良×１個←前回同様",請求済み
1490,2012,1,12,11,0,2012/12/1,5,"消火器交換　　　　　A-3   ×　 １６本
消火栓ホース交換　４０A　×　１０本",請求済み
1490,2013,1,12,11,0,2013/12/26,5,受信機地区基盤交換1枚　（PC-826/KC-10L）,請求済み
1494,2010,1,12,12,0,2011/2/7,2,　消火器　15本　　　誘導灯　ﾊﾟﾈﾙ　松下　ＦＫ－1682　15枚,見積もり提出中
1494,2011,1,11,6,0,2011/8/19,2,"消火器１０型×１５本
火通：受信機バッテリー不良×１（DC１２V　０.８Ah）
非常放送：受信機バッテリー不良×１（DC24V　６.０Ah）",見積もり提出中
1494,2011,1,12,12,0,2012/2/24,5,"消火器：１０型×１５本
自火報：受信機バッテリー不良×１（DC２４V　１.２Ah）
火通：受信機バッテリー不良×１（DC１２V　０.８Ah）
非常放送：受信機バッテリー不良×１（DC２４V　６.０Ah）
　　　　　　 アッテネーター不良×５（松下　３コ用）
誘導灯：パネル更新×１１枚（ＦＫ１６８２０）",請求済み
1494,2012,1,11,6,0,2012/9/14,5,　誘導灯バッテリー　ＦＫ－347　１台,請求済み
1494,2012,1,12,12,0,2013/3/7,2,　別紙にて記載。,見積もり提出中
1494,2013,1,11,6,0,2013/6/24,2,　誘導灯バッテリー　　ＦＫ－３４７　４台　　　ＦＫ－３４１　１台　　誘導灯プレート　ＦＫ－16820　　１４枚　　　避難ハッチプレート２３枚,見積もり提出中
1494,2013,1,12,12,0,2014/4/30,5,前回と同じ見積りでおねがいします,請求済み
1497,2010,1,11,5,0,2010/5/31,2,誘導灯バッテリー不良×１個（ＦＫ２７７）,見積もり提出中
1497,2012,1,11,5,0,2012/6/22,5,"誘導灯更新お勧め：避難口 ＢＬ級 ＬＥＤ（最終・片面）×１台
　　　　　　　　　　　　リニューアルプレート×１枚　←天井用と壁用で金額変わりますか？",請求済み
1497,2013,1,11,5,0,2013/6/18,2,"誘導灯：本体リニューアル　×１台（避難口　ＢＬ級　最終）
　　　　　＊リニューアルプレートなし",見積もり提出中
1497,2014,1,11,5,0,2014/6/2,3,誘導等Ｂ級１個交換済み,補修済み
1501,2010,1,12,4,0,2011/5/7,5,自火報： 受信機基盤交換。（詳細は町田さんに）　　バッテリー交換。ＤＣ２４Ｖ１.２Ａｈ,請求済み
1501,2011,1,12,4,0,2012/4/11,2,誘導灯： バッテリー不良 １ヶ所。 ＦＫ７３４×１個,見積もり提出中
1502,2010,1,12,4,0,2011/5/7,5,消火器： Ａ－３×１本　新品交換　　請求先は中部ライフコンダクツ 藤森さんに,請求済み
1503,2011,1,12,12,0,2012/1/12,2,誘導灯： バッテリー不良。ＦＫ６４６,見積もり提出中
1508,2011,1,11,6,0,2011/8/9,2,"消火器： １０年以上経過消火器１本あり
屋内消火栓： 来年、１０年以上になるホース１６本あり",見積もり提出中
1508,2011,1,12,1,0,2012/7/7,5,前回と同じ（消火器１本・内栓ホース１６本）　,請求済み
1508,2012,1,11,7,0,2012/7/12,2,誘導灯： バッテリー不良。ＦＫ１９１×１個,見積もり提出中
1509,2010,1,11,7,0,2010/8/3,2,"消火器　　ＡＢＣ粉末１０型　　　３本
自火報　　　バッテリー不良　　　０.２２５Ａｈ　　　１本
誘導灯　　　バッテリー不良　　　東芝製　　３ＮＲ－ＣＵ－ＬＥ　　　１個",見積もり提出中
1509,2010,1,12,1,0,2011/2/5,2,"消火器　　ＡＢＣ粉末１０型　　　　３本
自火報　　受信機バッテリー不良　　　２４Ｖ０.２２５Ａｈ",見積もり提出中
1509,2011,1,11,7,0,2011/8/25,5,"消火器　　ＡＢＣ粉末１０型　　　　５本
自火報　　バッテリー不良　　　２４Ｖ　０.２２５Ａｈ
誘導灯　　バッテリー不良　　　東芝　　３ＮＲ－ＣＵ－ＬＥ　　　１個",請求済み
1509,2012,1,11,7,0,2012/7/30,2,消火器　　ＡＢＣ粉末１０型　　　　３本,見積もり提出中
1510,2010,1,11,7,0,2010/8/3,2,消火器　　ＡＢＣ粉末１０型　　　１本,見積もり提出中
1510,2011,1,11,7,0,2011/8/25,5,自火報　　バッテリー不良　　２４Ｖ　３.５Ａｈ,請求済み
1510,2011,1,12,1,0,2012/2/13,5,"消火器　　ＡＢＣ粉末１０型　　　　５本
誘導灯　　バッテリー不良　　　東芝製　　　３ＮＲ－ＣＵ－Ｓ　　　１個",請求済み
1510,2012,1,11,7,0,2012/7/30,2,誘導灯　　バッテリー不良　　東芝製　　３ＮＲ－ＣＵ－S　　　１個,見積もり提出中
1510,2012,1,12,1,0,2013/2/15,5,誘導灯バッテリー不良　東芝製　３ＮＲ－ＣＵ－Ｓ　１個,請求済み
1510,2013,1,11,7,0,2013/8/7,2,消火器１０年以上　　粉末１０型　５本,見積もり提出中
1513,2010,1,11,6,0,2010/7/31,2,消火器１０型×７本,見積もり提出中
1513,2011,1,11,6,0,2011/8/10,5,"消火器６型蓄圧×６本　　￥６.０００
消火器１０型蓄圧×１本　　￥６.５００",請求済み
1520,2013,1,12,2,0,2014/3/10,2,　誘導灯バッテリー　　ＦＫ－７３４　１台,見積もり提出中
1522,2010,1,12,1,0,2011/6/9,5,感知器増設工事　：　差動式スポット２種　　１台　　ＡＥ0.9－2Ｐ　　10ｍ　　　Ｆモール（白）　２本　　　,請求済み
1522,2012,1,11,7,0,2012/9/19,2,　受信機バッテリー　　２４V　０．４５Ah　　１台,見積もり提出中
1522,2012,1,12,1,0,2013/3/14,2,　前回と同じく　受信機バッテリー不良,見積もり提出中
1522,2013,1,11,7,0,2013/8/1,2,前回と同じで　受信機バッテリー　１台,見積もり提出中
1523,2012,1,11,5,0,2012/5/31,2,　ボールタップ交換　誘導灯Ｂ級通路片側矢印1台交換　消火器スタンド1個　見積り願います。,見積もり提出中
1523,2012,1,12,11,0,2012/11/20,5,　前回と同じ見積書と基盤の見積りをお願いします。,請求済み
1523,2013,1,12,11,0,2013/11/9,2,　消火器スタンド　１個　見積り願います。,見積もり提出中
1530,2010,1,11,11,0,2011/3/10,2,別紙,見積もり提出中
1530,2010,1,12,5,0,2010/9/1,2,別紙,見積もり提出中
1530,2011,1,11,11,0,2012/2/8,2,前回同様,見積もり提出中
1530,2011,1,12,5,0,2011/7/20,2,別紙,見積もり提出中
1530,2012,1,11,11,0,2012/12/19,2,別紙,見積もり提出中
1530,2012,1,12,5,0,2012/6/28,2,別紙,見積もり提出中
1532,2010,1,11,11,0,2011/3/10,2,別紙,見積もり提出中
1532,2010,1,12,5,0,2010/9/1,2,別紙,見積もり提出中
1532,2011,1,11,11,0,2012/2/8,2,前回同様,見積もり提出中
1532,2011,1,12,5,0,2011/7/20,2,別紙,見積もり提出中
1532,2012,1,11,11,0,2012/12/19,2,別紙,見積もり提出中
1532,2012,1,12,5,0,2012/6/28,2,別紙,見積もり提出中
1532,2013,1,11,11,0,2014/1/9,2,別紙,見積もり提出中
1533,2012,1,11,8,0,2012/10/15,5,"自火報感知器小屋増築に伴う増設工事
　　差動２種×１個　　　ＡＥ０．９－４C　×８ｍ
　　材料費
　　消防届出費（設置のみ）",請求済み
1537,2010,1,12,1,0,2011/2/21,2,自火報：未警戒工事　　定温１種防水×１個　　　０.９－４Ｃ×７ｍ,見積もり提出中
1537,2011,1,11,7,0,2011/10/11,5,前回、見積り出ていますが、感知器の定温を差動に変更して出して下さい。金額は変わっていいです。,請求済み
1539,2010,1,11,3,0,2011/3/28,2,　別紙にて提出します。,見積もり提出中
1539,2011,1,11,3,0,2012/3/15,2,別紙にて提出,見積もり提出中
1539,2012,1,11,3,0,2013/3/14,2,　別紙にて記載。,見積もり提出中
1539,2012,1,12,9,0,2012/10/18,5,　煙感知器２種　　２台不良　　　富士防より見積りくるかと思います。　　　,請求済み
1539,2013,1,11,3,0,2014/3/13,2,　自火報　受信機　　調子が悪いため　富士防災　林氏より見積もりが来るので提出します。,見積もり提出中
1550,2011,1,12,4,0,2012/5/11,6,　別紙にて提出,対応不要
1550,2012,1,11,10,0,2012/11/15,2,　ツカサより提出予定。,見積もり提出中
1550,2012,1,12,4,0,2013/4/19,2,　別紙報告。,見積もり提出中
1550,2013,1,11,10,0,2013/10/31,2,　　別紙　報告。,見積もり提出中
1550,2013,1,12,4,0,2014/4/24,1,　別紙にて提出します。,見積もり依頼
1551,2011,1,12,4,0,2012/5/11,6,　別紙にて提出,対応不要
1551,2012,1,11,10,0,2012/11/15,2,　ツカサより提出予定。,見積もり提出中
1551,2012,1,12,4,0,2013/4/16,2,　別紙報告,見積もり提出中
1551,2013,1,11,10,0,2013/11/2,6,　別紙　報告。,対応不要
1551,2013,1,12,4,0,2014/4/10,1,　　※　別紙で提出。,見積もり依頼
1551,2013,2,21,10,0,2013/10/22,6,　別紙　記載,対応不要
1556,2011,1,11,3,0,2012/4/23,5,自火報：感知器ヘッド交換×１個（差動２種）,請求済み
1556,2012,1,12,9,0,2012/9/14,2,"誘導灯：ランプ交換お勧め
　　　　　CF２２０T4EN（３W）　×７本",見積もり提出中
1556,2013,1,11,3,0,2014/3/26,6,前回同様の為、見積り不要,対応不要
1556,2013,1,12,9,0,2013/9/27,2,別紙,見積もり提出中
1557,2010,1,11,10,0,2010/12/22,2,別紙,見積もり提出中
1557,2010,1,12,4,0,2011/5/13,2,"消火器×１２本（耐圧・新品）
自火報：感知器ヘッド不良　（能美製　煙感知器２種×４個　　　差動２種×１個）
誘導灯バッテリー不良（ＦＫ６２７Ａ×４個）",見積もり提出中
1557,2011,1,11,10,0,2011/10/14,2,前回内容＋防火シャッター降下不良（２面）調査費,見積もり提出中
1557,2011,1,12,4,0,2012/5/26,2,別紙,見積もり提出中
1557,2013,1,12,4,0,2014/5/27,4,自火報：感知器ヘッド不良　・ノーミ製　煙感知器２種（ＦＤＫ２４９）×１台,社内確認済み
1558,2011,1,11,10,0,2011/10/26,2,消火器　Ａ－３　×　４本,見積もり提出中
1558,2012,1,11,10,0,2012/10/12,2,消火器　A－３　３本,見積もり提出中
1558,2013,1,11,10,0,2013/11/12,2,消火器　粉末ＡＢＣ１０型　　　３本,見積もり提出中
1560,2011,1,12,4,0,2012/5/18,2,誘導灯：Ｃ級用光源（高輝度用）更新　×５本（松下製　本体型番：ＦＫ０９６０５　　　光源型番：１×ＣＦ１３０Ｔ４ＥＮ（２Ｗ））,見積もり提出中
1560,2013,1,12,4,0,2014/5/28,2,誘導灯バッテリー　ＦＫ１２３　　Ｘ１,見積もり提出中
1562,2010,1,11,10,0,2010/10/22,2,前回同様,見積もり提出中
1562,2010,1,12,4,0,2011/4/27,2,前回同様,見積もり提出中
1562,2011,1,11,10,0,2011/10/14,2,消火器ＢＯＸ　１個用　×１,見積もり提出中
1562,2011,1,12,4,0,2012/4/5,2,"消火器：２４本交換見積り→前回同様
　　　　　１０型用露出ＢＯＸ　×１個",見積もり提出中
1562,2012,1,11,10,0,2012/10/3,2,別紙,見積もり提出中
1562,2012,1,12,4,0,2013/4/26,2,別紙,見積もり提出中
1567,2010,1,12,4,0,2011/5/18,5,非常警報バッテリー不良×２個（本体：ニッタン製　　バッテリー：ユアサ　５／５００ＡＡＦ　ＤＣ６V　５００ｍＡｈ）,請求済み
1567,2013,1,12,4,0,2014/5/8,2,非常灯バッテリー　　　ＦＫ６０８　Ｘ　　７台　　　　　　　ＦＫ６４７　　　　Ｘ　　２台,見積もり提出中
1568,2012,1,11,7,0,2013/4/18,5,　実施報告書に記載。,請求済み
1569,2011,1,11,11,0,2012/1/11,2,消火器１０型　x　１本,見積もり提出中
1569,2012,1,11,11,0,2012/12/6,5,消火器　Ａ－３　１本,請求済み
1570,2013,1,12,6,0,2013/7/9,5,誘導灯バッテリー　東芝　３ＮＲ－ＣＵ－Ｓ　　Ｘ１,請求済み
1571,2013,1,11,4,0,2014/5/31,5,誘導灯　　　バッテリー不良　　　FK-７３４　　　１個,請求済み
1571,2013,1,12,10,0,2013/11/5,6,ＳＰ設備　　受水槽ボールタップ不良交換２０栄養　　１個　　　　　　圧力スイッチ不良　ＳＮＳ１１０－４．０Ｋ　サギノミヤ製　　１個　,対応不要
1572,2010,1,12,10,0,2010/11/12,5,消火器　　Ａ－３　　１本　　　６５００円,請求済み
1572,2011,1,12,10,0,2011/10/13,5,消火器　Ａ－３　１本,請求済み
1573,2012,1,11,11,0,2012/12/11,2,　実施報告書にて記載。,見積もり提出中
1573,2013,1,11,11,0,2013/11/27,2,　実施報告書に記載。,見積もり提出中
1576,2012,1,11,11,0,2012/11/1,5,消火器： Ａ－３×１本　新品交換,請求済み
1579,2011,1,12,1,0,2012/1/20,5,　差動式スポット型感知器　1個　0.9×４C５ｍ　見積り願います。（未警戒感知器増設工事）,請求済み
1579,2013,1,12,1,0,2014/1/29,5,　受信機バッテリー　DC２４CV 0.225Ah/5HR×１個　見積り願います。,請求済み
1580,2012,1,11,11,0,2012/12/13,2,　Ａ－３消火器　３本　Ａ－１０消火器　１本　見積り願います。,見積もり提出中
1581,2013,1,11,11,0,2013/11/29,5,消火器１０型（廃棄込）、２本　廃棄１本　　　　　,請求済み
1582,2013,1,11,11,0,2013/11/29,5,"誘導灯バッテリーＦＫ１２３・１本
消火器１０型２本（廃棄込）",請求済み
1593,2010,1,11,9,0,2010/8/10,5,"ガス漏れ　　　ＫＰ－３５Ｂ　　　１個
誘導灯　　　バッテリー不良　　　ＦＫ－３８１　　１個　　　　　ＦＫ－６２７Ａ　　１個",請求済み
1593,2010,1,12,3,0,2011/2/25,5,"火通報　　バッテリー不良　　　ニッタン製　　ＤＣ１６.８Ｖ　０.５Ａｈ/５ＨＲ　　　１個
誘導灯　　バッテリー不良　　　松下製　　　　ＦＫ－６２７Ａ　　　　１個",請求済み
1593,2011,1,11,9,0,2011/8/4,5,"消火器　　ＡＢＣ粉末１０型　　　　５本
誘導灯　　バッテリー不良　　　ＦＫ－６２７Ａ　　２個　　　　　ＦＫ－１２８　　１個
非常灯　　バッテリー不良　　　ＦＫ－６９０Ｋ　　１個",請求済み
1593,2011,1,12,3,0,2012/3/19,5,通路誘導等　バッテリー不良　ＦＫ－３８１　　１個　　　　非常灯　バッテリー不良　ＦＫ－６９０Ｋ　１個,請求済み
1593,2012,1,11,9,0,2012/8/4,5,"消火器　　　ＡＢＣ粉末１０型　　　　　５本
誘導灯　　　バッテリー不良　　　　ＦＫ－３８１　　　１個　　　　　　　ＦＫ－６２７Ａ　　　１個
ガス漏れ火災警報設備　　　　ガス漏れ検知器期限切れ　　　ＫＰ－３５Ｂ　　　　３個",請求済み
1593,2012,1,12,3,0,2013/1/29,5,"消火器　　ＡＢＣ粉末１０型　　　　５本
誘導灯　バッテリー不良　ＦＫ－６２７Ａ　２個　　　非常灯　　バッテリー不良　ＦＫ－６９０Ｋ　１個　　ＦＫ－６９６Ｋ　　１個",請求済み
1593,2013,1,12,3,0,2014/2/12,5,"誘導灯　バッテリー　FK-381×2

非常灯バッテリー　　FK－６９０K×１　ＦＫ－６９７×1


スプリンクラー設備　地下水槽クリーニング（前回ユウキサービスに見積りしてもらっているかも・・・）",請求済み
1595,2013,1,11,12,0,2013/12/17,2,誘導灯ランプ　ＣＦ１３７Ｔ４ＥＮＣ（２Ｗ）　　Ｘ２　　（パナソニック）,見積もり提出中
1598,2011,1,11,4,0,2012/4/25,2,"消火器：粉末蓄圧１０型　単価
　　　　　ＣＯ２（ＣＧ－５　・　ＣＧ－７）　単価　＊それぞれ専用台座　単価
　　　　　強化液（ＮＬＳＥ－２Ｓ　・　ＮＬＳＥ－３Ｓ）　単価
　　　　　廃棄　単価

　　　　　＊当社専務が依然、粉末消火器を納入しています。今回金額を合わせるか、確認して下さい。",見積もり提出中
1598,2013,1,11,4,0,2014/5/9,2,消火器　粉末ＡＢＣ１０型　１本　　　強化液３型　　１本,見積もり提出中
1600,2012,1,11,3,0,2013/7/1,2,消 火 器　 ４ 型　 （ 粉末 ・ Ａ－１ ・ 容量１.２ｋｇ ・ ハツタ ）　×　９ 本,見積もり提出中
1604,2010,1,11,12,0,2011/3/3,2,消火器２０型×１本（廃棄あり）,見積もり提出中
1604,2011,1,11,12,0,2012/2/18,5,"消火器（粉末Ａ－５）　ｘ１本
誘導灯ランプ　ＦＰＬ６Ｗ（白色）ｘ　１本",請求済み
1607,2011,1,12,6,0,2011/6/23,5,　Ａ－３消火器　４本　誘導灯　本体２０Ｗ中型通路右矢印　１台　見積もりお願いします。,請求済み
1607,2012,1,12,6,0,2012/6/18,5,　消火器１本　引き取り見積り。,請求済み
1608,2011,1,11,12,0,2012/4/20,2,消火器10型　ｘ　1本,見積もり提出中
1608,2012,1,11,12,0,2013/1/25,5,消火器　A-３　　２本,請求済み
1609,2011,1,11,12,0,2012/4/20,2,消火器10型　ｘ　1本,見積もり提出中
1609,2012,1,11,12,0,2013/1/25,5,消火器　A-３　　２本,請求済み
1610,2011,1,11,12,0,2012/1/17,2,　高輝度誘導灯　Ｂ級　２台　リニューアルプレート込み,見積もり提出中
1610,2012,1,11,12,0,2013/1/16,5,　前回と同じ見積を下さい。,請求済み
1610,2012,1,12,6,0,2012/9/10,5,　誘導灯バッテリー　ＦＫ－３４９　　３台,請求済み
1610,2013,1,11,12,0,2013/12/24,6,　　総合と機器　を　逆にして下さい。,対応不要
1610,2013,1,12,6,0,2013/7/17,5,　　誘導灯本体不良　　　高輝度Ｂ級　　１台　（ＢＬ　　吊り下げ金具　１台　　　　　バッテリー　ＦＫ－３７６　１台,請求済み
1613,2012,1,11,1,0,2013/2/5,2,消火器　Ａ－３　　２本,見積もり提出中
1614,2010,1,12,12,0,2010/12/27,6,別紙,対応不要
1614,2011,1,11,6,0,2011/6/6,6,別紙,対応不要
1614,2012,1,11,6,0,2012/6/22,6,対応不要,対応不要
1614,2013,1,12,12,0,2013/12/5,6,対応不要,対応不要
1615,2012,1,12,7,0,2012/9/29,5,"誘導灯高輝度ランプ更新
　　ＣＦ１３５Ｔ４ＥＮＬ（２Ｗ）　×７本",請求済み
1621,2010,1,11,2,0,2011/2/15,2,消火器： Ａ－３×１本　新品交換　　他１本撤去品あり,見積もり提出中
1621,2011,1,11,2,0,2012/2/8,6,前回と同じ　見積り不要,対応不要
1624,2010,1,11,7,0,2010/7/30,5,　Ａ－３消火器　３本　誘導灯バッテリー（ＦＫ３７６×１）見積りお願いします。,請求済み
1626,2010,1,11,2,0,2011/3/3,2,自火報：受信機バッテリー不良（ＤＣ２４Ｖ　０.２２５Ａｈ　×１個）,見積もり提出中
1626,2011,1,11,2,0,2012/2/22,2,受信機ﾊﾞｯﾃﾘｰ　DC24V０．２２５Ah　ｘ　１本,見積もり提出中
1626,2013,1,11,2,0,2014/3/26,2,受信機用バッテリー　ＤＣ２４Ｖ０．２２５ＡＨ５ＨＲ　　Ｘ　１　誘導灯バッテリー　岩崎　ＨＪＦ７Ｂ４．８Ｖ２０００ＭＡＨ　Ｘ　１,見積もり提出中
1627,2010,1,11,7,0,2010/9/8,5,"自火報：受信機バッテリー不良×１個（ＤＣ２４Ｖ　０.２２５Ａｈ）
　　　　　感知器移設：ＡＥ０.９－４Ｃ×１ｍ　　　

消火器：１０型×４本　交換（廃棄込み）",請求済み
1627,2013,1,11,7,0,2013/9/5,2,"漏電火災警報器
テンパール　　受信機　ＥＦ－４ＷＮＡ　　Ｘ１台　　　　　変流器　Ｎ－３０  Ｘ  ２台",見積もり提出中
1629,2010,1,11,3,0,2011/3/29,2,　誘導灯移設工事　　材料　２号モール　１本　ＶＶＦ１．６×２Ｃ　２ｍ　,見積もり提出中
1631,2012,1,12,8,0,2012/9/12,5,"誘導灯バッテリー不良（４ＮＲ－ＡＣ－ＴＬ　×１個）

非常灯バッテリー不良（ＦＫ６９７Ｋ　×１個）",請求済み
1633,2010,1,11,3,0,2011/4/1,5,"自火報：受信機バッテリー不良（ＤＣ２４Ｖ ０.２２５Ａｈ×１個）
　　　　　未警戒工事（差動２種×１個　ＡＥ０．９－４C×３ｍ）
消火器：強化液３?２単位　単価　（廃棄料込）
　　　　　粉末１０型　単価　（廃棄料込）
　　　　　１本の廃棄料",請求済み
1633,2011,1,11,3,0,2012/6/29,5,消火器１本廃棄のみの見積り,請求済み
1633,2012,1,11,3,0,2013/3/15,2,"消火器交換：中性強化液３?×２本
　　　　　　　　粉末１０型×１本",見積もり提出中
1633,2013,1,11,3,0,2014/4/3,2,粉末消火器１０型　×３本,見積もり提出中
1640,2010,1,11,4,0,2011/6/23,5,　Ａ－３消火器　８本見積りお願いします。,請求済み
1643,2010,1,12,10,0,2010/10/16,2,消火器１０型×１本・２０型×１本,見積もり提出中
1644,2011,1,11,2,0,2012/4/6,2,消火器　　Ａ－３　　１本　　　　火報　　　表示灯　１ヶ所交換,見積もり提出中
1649,2010,1,11,3,0,2011/5/27,5,"消火器１０型×２１本
非常放送　・本体移設工事　　　ＨＰ０.９－１０Ｐ×７ｍ
　　　　　　　　　　　　　　　　　　　 モール×２ｍ
　　　　　　　　　　　　　　　　  　　 作業費
　　　　　　　　　　　　　　　　　　　 消防書類届出費
　　　　　　　　　　　　　　　　　　　 他（メクラが必要になるかと思います）
 　　　　　　 ・専用回路現場調査費
誘導灯　・バッテリー不良（ＦＫ１８７×２個）
　　　　　 ・専用回路現場調査費

＊専用回路については、ややこしいので１回電気屋さんと一緒に調査した方がいいと思います。",請求済み
1649,2011,1,11,3,0,2012/3/5,2,前回同様,見積もり提出中
1649,2011,1,12,9,0,2011/10/8,2,"消火器１０型×１９本
非常放送受信機移設（前回同様）
誘導灯バッテリー不良（前回同様）
防火設備：順位調整器交換×３個
　　　　　　 防火シャッター手動装置ワイヤー取り付け工事×１ヶ所（メーカー依頼（三和））
　　　　　　　→順位調整器のみ別の見積りにして下さい。",見積もり提出中
1649,2012,1,11,3,0,2013/4/4,2,別紙,見積もり提出中
1649,2012,1,12,9,0,2012/11/24,2,別紙,見積もり提出中
1649,2013,1,11,3,0,2014/3/24,6,前回と変わらないので不要です。,対応不要
1650,2010,1,12,2,0,2011/4/30,5,別紙,請求済み
1650,2011,1,11,8,0,2011/8/30,2,"防火設備不良メーカー調査費（シャッター・防火戸）　当社￥３０，０００
自火報：感知器移設工事　　５ヶ所
　　　　　受信機移設工事
非常放送：本体移設工事
→防火設備以外は前回見積りから調整して下さい。",見積もり提出中
1650,2011,1,12,2,0,2012/3/12,2,"１：前回見積り＋防火設備エジェクター不良×３個 （現行ニッタン製）
２：誤報により感知器交換×１個　（定温特種）
１・２を別々で作成して下さい。",見積もり提出中
1650,2012,1,11,8,0,2012/8/23,2,別紙,見積もり提出中
1650,2012,1,12,2,0,2013/3/5,2,別紙,見積もり提出中
1650,2013,1,11,8,0,2013/9/10,2,別紙,見積もり提出中
1650,2013,1,12,2,0,2014/2/27,2,"前回見積り　＋　誘導灯バッテリー不良　ＦＫ１３４(ﾊﾟﾅｿﾆｯｸ) ×１個
　　　　　　　　　　避難器具交換　＜城田鉄工㈱ ・ 金属製避難つり下げはしご ・ 折りたたみ式 ・ は第５２－５ ・ ８.５ｍ ・ １６.６ｋｇ＞",見積もり提出中
1652,2010,1,12,12,0,2010/12/24,6,別紙,対応不要
1652,2012,1,11,6,0,2012/6/13,6,対応不要,対応不要
1652,2013,1,12,12,0,2013/12/10,6,対応不要,対応不要
1654,2010,1,11,4,0,2011/4/27,2,自火報：バッテリー不良×１（ＤＣ２4V　０.４５Ａｈ）,見積もり提出中
1654,2010,1,12,10,0,2010/10/30,2,前回同様,見積もり提出中
1654,2011,1,11,4,0,2012/4/11,2,自火報：バッテリー不良×１個（ＤＣ２４Ｖ　０.４５Ａｈ）,見積もり提出中
1654,2011,1,12,10,0,2011/10/14,2,"自火報受信機バッテリー不良　×１（ＤＣ２４Ｖ　０.４５Ａｈ）
消火器スタンド　×１",見積もり提出中
1654,2012,1,11,4,0,2013/4/26,2,別紙,見積もり提出中
1654,2012,1,12,10,0,2012/10/25,2,前回同様,見積もり提出中
1654,2013,1,12,10,0,2013/10/9,6,別紙,対応不要
1656,2010,1,11,10,0,2010/10/30,6,別紙,対応不要
1656,2011,1,11,10,0,2011/10/14,6,スプリンクラーヘッドのガード（埋め込みの一般的な物）　×２個,対応不要
1656,2011,1,12,4,0,2012/4/23,2,"消火器１０型用台座　×１台
自家発電機用蓄電池更新　×１台（ユアサコーポレーション製　ＲＥＨ４０－１２）
自火報：表示灯　×１個",見積もり提出中
1656,2012,1,11,10,0,2012/10/26,2,誘導灯ランプ更新　　ＣＦ２１０Ｔ４ＥＮＬ（３Ｗ） ×４個,見積もり提出中
1656,2013,1,11,10,0,2013/10/7,6,別紙,対応不要
1656,2013,1,12,4,0,2014/4/30,5,"消火器台座 ２ヶ所・誘導灯高輝度ランプ ４本・表示灯 １ヶ所　修繕済み　　　　＊自家発バッテリーは届き次第行う
Ｈ２６. ４.３０に自火発バッテリー交換済み",請求済み
1660,2010,1,11,10,0,2011/1/31,5,"自火報： 受信機バッテリー不良。（ＤＣ２４Ｖ ０.４５Ａｈ）
　　　　   ２階天井裏 間仕切り変更の為、感知器未警戒２ヶ所。（差動感知器×２個、ＡＥ０.９-２Ｐ×２０ｍ）
　　前回、コバボーがいくらで見積りしてるかわからない為すこし安めにお願いします。",請求済み
1660,2011,1,11,10,0,2012/4/26,5,消火器： Ａ－３×２本　１０年以上経過消火器　新品交換,請求済み
1660,2013,1,11,10,0,2013/10/31,2,非常灯： バッテリー　ＦＫ６０１×２５台・ＦＫ６０８×５台・非常灯電球 7.2Ｖ 10Ｗ ×２個,見積もり提出中
1661,2010,1,12,2,0,2011/3/4,2,　Ａ－３消火器　4本見積もりお願いします。,見積もり提出中
1661,2011,1,11,8,0,2011/8/24,2,　ＡＱ－３消火器　4本見積もり願います。,見積もり提出中
1661,2011,1,12,2,0,2012/2/29,2,　Ａ－３消火器　４本見積り願います。,見積もり提出中
1661,2012,1,11,8,0,2012/9/6,2,　Ａ－３消火器　４本見積り願います。,見積もり提出中
1661,2012,1,12,2,0,2013/2/19,2,　Ａ－３消火器　４本見積り願います。,見積もり提出中
1661,2013,1,11,8,0,2013/8/31,2,　Ａ－３消火器　４本交換見積もり願います。,見積もり提出中
1664,2010,1,11,5,0,2010/5/21,5,　Ａ－３消火器　４本　誘導灯バッテリー（ＦＫ６２７Ａ）１個　見積もりお願いします。　,請求済み
1664,2012,1,11,5,0,2012/5/7,5,　誘導灯バッテリーＦＫ１２２　１個見積り願います。,請求済み
1664,2013,1,11,5,0,2013/5/18,5,　誘導灯バッテリー　ＦＫ１２２　1個　見積もり願います。,請求済み
1666,2011,1,11,11,0,2011/11/28,2,　誘導灯バッテリー　ＦＫ１23　１個　避難はしご７．５ｍ　自在金具　１台　避難器具標識２枚　取扱説明書　２枚（自在金具用）見積り願います。,見積もり提出中
1666,2011,1,12,5,0,2011/5/31,2,　誘導灯バッテリー（キセノンＦＫ３７７×３）見積りお願いします。,見積もり提出中
1666,2012,1,12,5,0,2012/5/23,2,　誘導灯バッテリーFK３７７×２個　FK１２３×１個　避難器具７．５ｍ　自在金具１台　非常灯バッテリーFK６０７×１１個　FK６０８×１０個　見積り願います。,見積もり提出中
1666,2013,1,11,11,0,2013/11/15,5,　誘導灯バッテリーＦＫ３８１　ＦＫ３４１　各１個　,請求済み
1666,2013,1,12,5,0,2013/5/9,2,　誘導灯バッテリー（ＦＫ３８１×１）　高輝度Ｂ級キセノン付避難口　２台　見積もり願います。,見積もり提出中
1666,2014,1,12,5,0,2014/5/29,2,　誘導灯バッテリーＦＫ１23×２　キセノンバッテリーＦＫ３７７×３　避難ハッチ３ヶ所交換,見積もり提出中
1668,2012,1,11,5,0,2012/4/25,2,消火器　　　ＡＢＣ粉末１０型　　　　　５本,見積もり提出中
1668,2012,1,12,11,0,2012/10/20,2,"消火器　　　ＡＢＣ粉末１０型　　　９本
自火報　　　煙感知器ヘッド不良　　　１ヶ所",見積もり提出中
1668,2013,1,11,5,0,2013/5/28,5,"消火器　　　ＡＢＣ粉末１０型　　　　５本
自火報　　　煙感知器　ヘッド不良交換　　　１個
誘導灯　　　パネル不良　　ＦＫ－０１８９７　　１枚　　　　",請求済み
1668,2014,1,11,5,0,2014/4/30,5,点検書類時、消火器１０型１０本更新致しました。,請求済み
1669,2010,1,12,3,0,2011/3/9,6,　松本ひよこ　波田しなのハイツ　宮澤様より２３年８月より消防設備点検を行って下さいとの事です。,対応不要
1670,2010,1,11,6,0,2010/6/23,1,　誘導灯バッテリー　ＦＫ１74×４個　２階断線修理　消火栓ホース１２本　見積もりお願いします。,見積もり依頼
1670,2010,1,11,12,0,2010/12/28,2,　誘導灯バッテリー　（ＦＫ３８３×１）　消火器Ａ－３単価見積りお願いします。,見積もり提出中
1670,2010,1,12,6,0,2010/7/21,5,　誘導灯バッテリー　ＦＫ１74×４個　断線修理０．９×２Ｃ　１０ｍ　消火栓ホース１２本　見積もりお願いします。,請求済み
1670,2011,1,12,6,0,2011/6/7,2,　誘導灯バッテリー　ＦＫ３83　１個　ＦＫ183　1個　ＷＮ９-CL(岩崎電気)1個　Ａ－3消火器15本　消火栓ホース４０Ａ×12本　見積りお願いします。,見積もり提出中
1670,2012,1,11,12,0,2013/1/22,5,　前回と同じ見積もりお願いします。,請求済み
1670,2013,1,11,12,0,2014/1/14,2,　前回の見積書プラス受信機バッテリー０．４５Aｈ/5HR 1個　消火器A-３　13本　誘導灯バッテリーFK１９１×2個　見積り願います。,見積もり提出中
1670,2013,1,12,6,0,2013/6/27,5,　前回と同じ見積書と中型２０W誘導灯１台　定温１種取り換え　見積もり願います。,請求済み
1670,2014,1,12,6,0,2014/6/3,1,　Ａ－３消火器　１３本　屋内消火栓ホース　４０Ａ　１０本　誘導灯バッテリー　ＦＫ１９１×２個　　高輝度Ｂ級　２台　,見積もり依頼
1672,2010,1,11,5,0,2010/7/26,5,別紙にて,請求済み
1672,2011,1,11,2,0,2012/3/19,5,"本社：差動２種ヘッド×１個　交換（交通費）

第三工場：消火器１０型×２本　交換",請求済み
1673,2010,1,11,12,0,2010/12/17,2,　能美　煙感知器　１個,見積もり提出中
1673,2013,1,11,12,0,2013/12/20,5,　ノーミ　煙感知器　２台　（２種）,請求済み
1674,2011,1,12,2,0,2012/3/5,6,　別紙にて提出。,対応不要
1674,2012,1,11,8,0,2012/8/28,2,　自火報　感知器不良　　特種定温スポット　　２台　　　非常放送　非常電源ユニット　パナソニック調査費用,見積もり提出中
1674,2012,1,12,2,0,2013/2/16,2,　　定温式スポット　特殊　　１台　　（不良交換,見積もり提出中
1674,2013,1,11,8,0,2013/8/30,2,　定温式スポット×１台　（前回と同じ場所）　　差動式スポット×１台　　　,見積もり提出中
1674,2013,1,12,2,0,2014/3/29,5,　ノーミ　煙感知器2種　1台　　消火栓ホース　４０Ａ　１２本　　消火器Ａ－３　７本,請求済み
1676,2011,1,11,3,0,2012/3/19,2,　美須々運動場　　防火戸制御盤　１回線　　１台,見積もり提出中
1676,2011,1,12,9,0,2011/10/6,5,"消火器　Ａ－３　７本

誘導灯本体
Ｂ級　避難口　片面　１台",請求済み
1676,2012,1,11,3,0,2013/3/18,2,　(南部屋内)　　消火器　１　本　　　誘導灯バッテリー　ＦＫ－６２７Ａ　　１台,見積もり提出中
1676,2012,1,12,9,0,2012/10/25,5,　美須々屋内　　前回同様　防火戸制御盤　１回線　　１台,請求済み
1676,2013,2,21,3,0,2014/3/19,2,　南部屋内運動場　消火器６本　　外防水ベル　１台　　　美須々屋内　消火器　６本,見積もり提出中
1680,2010,1,11,12,0,2010/12/20,2,　A-3消火器　5本　見積りお願いします。,見積もり提出中
1680,2010,1,12,6,0,2010/6/14,2,　Ａ－３消火器　５本見積りお願いします。　,見積もり提出中
1680,2011,1,12,6,0,2011/6/8,2,　Ａ－３消火器　5本　差動式スポット型感知器　1個　見積りお願いします。,見積もり提出中
1680,2012,1,11,12,0,2012/11/30,2,　Ａ－３消火器　５本見積願います。,見積もり提出中
1680,2012,1,12,6,0,2012/6/9,2,　Ａ－３消火器　５本見積り願います。,見積もり提出中
1681,2010,1,12,11,0,2010/12/24,5,"自火報：　①本体交換工事（受信機　Ｐ－２　５回線）
　　　　　　②受信機（２ＰＫ１　現基盤　ＰＣ－１２３２／KA）　Ｐ－２　５回線（基盤とトランス交換工事）
　　　　　　③受信機（２ＰＫ０　現基盤　ＰＣ－８６８Ｃ／ＨA）　Ｐ－２　５回線（基盤交換工事）
　　＊雷による交換工事予定
　　＊①と③の見積りと、②と③の見積りを作成して下さい。たぶん消防への設置届あります。",請求済み
1681,2011,1,11,5,0,2011/5/16,2,消火器１０型×２本,見積もり提出中
1681,2011,1,12,11,0,2011/11/25,2,消火器１０型×５本,見積もり提出中
1682,2010,1,11,6,0,2010/8/26,5,"消火器： Ａ－３×７本　　新品交換  　古い消火器は７本以上あり
自火報： 未警戒及び断線　４ヶ所（定温×１個、差動×３個）
　　　　　 煙感知器不良 １ヶ所
　　　　　 受信機バッテリー不良　ＤＣ ２４Ｖ １.２Ａｈ
　　　　　                                                         ほとんどの機器が失効していると思われます。
誘導灯： バッテリー不良 １ヶ所 (FK341×１個）
　　　　　　　　　　　　　　　　　　　　　　　　　　　　　　　小型誘導灯６個中５個が停電時豆球の器具です。
　　　　　　　　　　　　　　　　　　　　　　　　　　　　　　
　　　　　　　　　　　　　　　　　　　　　　　　　　　　　　　防火管理者の確認もお願いします。",請求済み
1683,2013,1,12,3,0,2014/3/10,2,誘導灯バッテリー　ＦＫ７３４　　　１個,見積もり提出中
1684,2012,1,11,5,0,2012/6/16,2,消火器１０型×２本交換,見積もり提出中
1685,2014,1,11,5,0,2014/6/3,2,消火器１０型２本　見積りをお願いします。,見積もり提出中
1686,2011,1,12,11,0,2011/12/2,5,誘導灯バッテリー不良：東芝　４ＮＲ-AC-TL　４.８Ｖ　６００ｍＡｈ　　×１個,請求済み
1686,2012,1,11,5,0,2012/6/6,5,誘導灯バッテリー不良（４ＮＲ－ＡＣ－ＴＬ　　×２個）,請求済み
1686,2012,1,12,11,0,2013/1/22,5,誘導灯バッテリー不良　×１個（４ＮＲ－ＡＣ－ＴＬ）,請求済み
1686,2013,1,12,11,0,2013/11/19,5,"　誘導灯ランプ交換　×３本　交換済み


　＜見積り依頼＞
　粉末消火器　１０型　×４本",請求済み
1686,2014,1,11,5,0,2014/5/27,5,消火器 ４本  取り替え　　４月に先行して請求済み,請求済み
1688,2012,1,12,12,0,2013/2/2,5,誘導灯バッテリー不良×１個（FK136）,請求済み
1688,2013,1,12,12,0,2014/3/3,5,"　差動式スポット型感知器　２種　（松下）　×１個　交換
　（感第４９～２７～１号 ・ ＤＣ ３０Ｖ ・ ７０ｍＡ ・ ＢＶ４２２０８）",請求済み
1689,2011,1,11,6,0,2011/9/29,2,"消火器； １０年以上経過消火器　Ａ－３×１７本　新品交換
誘導灯： バッテリー不良３ヶ所。ＦＫ６４６×２個・FK６２７×１個",見積もり提出中
1689,2011,1,12,12,0,2012/2/24,5,"消火器： ９本が１０年以上経過　新品交換
誘導灯： 前回と同じ　　
　　　　　　　　　　　　　　誘導灯のみ交換済み２/２４　消火器は施主の方で交換",請求済み
1689,2012,1,11,6,0,2012/6/1,2,"消火器： １０年以上経過消火器　４本　新品交換
自火報： ダスキン棟 受信機バッテリー ＤＣ２４Ｖ０.２２５Ａｈ　新品交換
　　　　　 倉庫棟 ダスキン１階ベル不良　新品交換",見積もり提出中
1689,2012,1,12,12,0,2012/12/7,2,前回と同じ （ 追加で倉庫棟ダスキン階段の煙感知器×１個 不良　新品交換 ）,見積もり提出中
1689,2013,1,12,12,0,2013/12/25,2,誘導灯： バッテリー不良。　ＦＫ３７８×１個　新品交換,見積もり提出中
1690,2011,1,11,5,0,2011/6/13,2,"消火器１０型×１本
火報：受信機バッテリー不良×１個（DC２４V　０.２２５Ah）",見積もり提出中
1695,2011,1,11,9,0,2011/9/28,2,サスナカへ　　　消火器　　　中性強化液３?　　　　１本,見積もり提出中
1695,2013,1,12,3,0,2014/2/28,5,非常警報　　バッテリー不良　　　松下電工製　　ＤＣ６Ｖ　０.２９Ａｈ　　　１個,請求済み
1696,2010,1,12,3,0,2011/3/17,2,非常灯　　バッテリー不良　　　　ＦＫ－６０８　　　１個,見積もり提出中
1696,2011,1,11,9,0,2011/9/28,2,サスナカへ　　　　消火器　　　ＡＢＣ粉末１０型　　　　２本,見積もり提出中
1697,2011,1,11,11,0,2011/11/29,2,"消火器　　　ＡＢＣ粉末１０型　　　６本
自火報　　　バッテリー不良　　　２４Ｖ　０.６Ａｈ　　　　１個
緩降機　　　型式失効　　　　１１ｍ用　　　　　　　　１台",見積もり提出中
1697,2012,1,11,11,0,2012/11/22,2,"消火器　　　ＡＢＣ粉末１０型　　　４本
自火報　　　バッテリー不良　　　２４Ｖ　０.６Ａｈ",見積もり提出中
1698,2010,1,11,10,0,2010/11/24,2,"非常警報設備　　バッテリー不良　２４Ｖ　１.６５Ａｈ/５ＨＲ　　　　ベル不良　１５０ｍｍ　２４Ｖ　　２個
消火器　　　ＡＢＣ粉末１０型　　１８本
防火戸設備　　　バッテリー不良　２４Ｖ　０.２２５Ａｈ",見積もり提出中
1700,2010,1,12,11,0,2010/12/2,2,　受信機　バッテリー　0.225　１台,見積もり提出中
1702,2011,1,12,4,0,2012/5/16,5,消火器１０型×１本納入　＊いままでの金額と合わせて下さい。,請求済み
1703,2010,1,12,3,0,2011/4/13,2,　東芝　誘導灯バッテリー　　３ＮＲ-CU-SB　1台　　　東芝高輝度ランプ　２台　（１３Ｗ用）　定価　1050円　　,見積もり提出中
1703,2011,1,11,9,0,2011/10/6,2,消火器A-3　１本　　　煙感知器２種防水型　１台　　誘導灯　ランプFPL-9EX　３本　FPL-13EX　３本　　バッテリー　２NR-CU-S　１台　２NR-CX-S　１台　　　　３NR-CU-S　　１台　　,見積もり提出中
1703,2011,1,12,3,0,2012/4/21,5,前回の見積りを下さい。　（検討事項あり,請求済み
1703,2012,1,11,9,0,2012/9/25,5,　誘導灯バッテリー　２NR-CX-S　２台　　３NR-CU-S　１台,請求済み
1703,2012,1,12,3,0,2013/4/10,2,　　誘導灯バッテリー　　　２ＮＲ-CX-S　　２台,見積もり提出中
1703,2013,1,11,9,0,2013/10/22,5,　前回の見積もり　（誘導灯バッテリー×２台）　今回１台増えて　計　３台　でお願いします。,請求済み
1703,2013,1,12,3,0,2014/5/7,5,　誘導灯バッテリー　　東芝　２ＮＲ-CX-S　　２台,請求済み
1706,2013,1,12,2,0,2014/2/4,2,高輝度誘導灯ランプ交換　：　ＣＦ１３５Ｔ４ＥＮＬ（２Ｗ）（東芝）　×７本　,見積もり提出中
1714,2010,1,11,9,0,2010/9/30,5,"誘導灯： バッテリー不良。ＦＫ６２７Ａ×１個

現在は大丈夫だけど予算取りの為
消火器： 粉末Ａ－３の１本の値段
自火報： バッテリーＤＣ２４Ｖ ０.６Ａｈ
非常放送： バッテリーＤＣ２４Ｖ ３.５Ａｈ

　誘導灯のみ交換済み",請求済み
1715,2010,1,11,8,0,2010/8/31,2,別紙,見積もり提出中
1715,2010,1,12,2,0,2011/2/16,2,"誘導灯専用回路工事（１ヶ所のみ）
　ＶＡ－２.０ｍｍ　×７ｍ　　　人工作業費
　現在、他設備と一緒になっているので、切り離し、既設誘導灯ブレーカーに取り付け。",見積もり提出中
1715,2011,1,12,2,0,2012/2/23,6,自火報：差動式分布型感知器（熱電対検知部）不良×２個　　（沖電気製　型式ＨＳＤ２０２・感第７－６０－１）,対応不要
1715,2012,1,12,2,0,2013/3/5,2,別紙,見積もり提出中
1715,2013,1,12,2,0,2014/2/25,2,"屋外消火栓 ホース交換　　（アシモリジェットホース ・ ６５Ａ） ×６本
水抜き用配管のバルブ交換　（ １０Ｋ－３／４ ・ ２５ｍｍ ） ×１個",見積もり提出中
1722,2010,1,11,9,0,2010/10/1,6,別紙,対応不要
1722,2010,1,12,3,0,2011/3/29,2,別紙,見積もり提出中
1722,2011,1,12,3,0,2012/3/29,6,対応不要,対応不要
1722,2013,1,12,3,0,2014/3/29,6,見積り不要,対応不要
1723,2010,1,11,9,0,2010/10/1,6,別紙,対応不要
1723,2010,1,12,3,0,2011/3/15,6,別紙,対応不要
1723,2011,1,12,3,0,2012/4/17,6,対応不要,対応不要
1723,2013,1,12,3,0,2014/3/20,6,対応不要,対応不要
1728,2010,1,12,1,0,2011/1/11,6,別紙,対応不要
1728,2011,1,12,1,0,2012/1/7,6,不備ありますが対応不要,対応不要
1728,2013,1,12,1,0,2014/1/10,6,対応不要,対応不要
1730,2010,1,11,9,0,2010/9/17,6,別紙,対応不要
1730,2010,1,12,3,0,2011/3/23,2,別紙,見積もり提出中
1730,2011,1,12,3,0,2012/4/21,6,対応不要,対応不要
1730,2013,1,12,3,0,2014/3/13,6,対応不要,対応不要
1731,2010,1,12,1,0,2011/1/18,6,別紙,対応不要
1731,2011,1,12,1,0,2012/1/7,6,不備ありますが対応不要,対応不要
1731,2013,1,12,1,0,2014/1/10,6,対応不要,対応不要
1732,2010,1,12,12,0,2010/12/28,6,別紙,対応不要
1732,2011,1,12,12,0,2011/12/28,6,不備ありますが、対応不要,対応不要
1732,2012,1,11,6,0,2012/6/15,6,対応不要,対応不要
1732,2013,1,12,12,0,2013/12/9,6,対応不要,対応不要
1733,2010,1,12,12,0,2010/12/28,6,別紙,対応不要
1733,2012,1,11,6,0,2012/6/15,6,対応不要,対応不要
1733,2013,1,12,12,0,2013/12/7,6,対応不要,対応不要
1734,2010,1,11,9,0,2010/9/16,6,別紙,対応不要
1734,2010,1,12,3,0,2011/3/17,2,別紙,見積もり提出中
1734,2011,1,12,3,0,2012/4/17,6,対応不要,対応不要
1734,2013,1,12,3,0,2014/3/7,6,対応不要,対応不要
1735,2010,1,11,9,0,2010/9/29,6,別紙,対応不要
1735,2010,1,12,3,0,2011/3/29,2,別紙,見積もり提出中
1735,2011,1,12,3,0,2012/3/29,6,対応不要,対応不要
1735,2013,1,12,3,0,2014/3/29,6,見積り不要,対応不要
1736,2010,1,12,11,0,2010/11/29,6,別紙,対応不要
1736,2011,1,11,5,0,2011/5/24,6,別紙,対応不要
1736,2012,1,11,5,0,2012/5/26,6,対応不要,対応不要
1736,2013,1,12,11,0,2013/11/18,6,"修繕依頼時に見積り作成。

今回も見積り不要。",対応不要
1736,2014,1,11,5,0,2014/5/16,6,対応不要です。,対応不要
1739,2010,1,11,9,0,2010/9/17,6,別紙,対応不要
1739,2010,1,12,3,0,2011/3/23,2,別紙,見積もり提出中
1739,2011,1,12,3,0,2012/4/21,6,対応不要,対応不要
1739,2013,1,12,3,0,2014/3/13,6,見積り不要,対応不要
1740,2010,1,11,9,0,2010/8/31,6,別紙,対応不要
1740,2011,1,12,3,0,2012/4/21,6,対応不要,対応不要
1740,2013,1,12,3,0,2014/3/20,6,対応不要,対応不要
1741,2010,1,11,9,0,2010/8/31,6,別紙,対応不要
1741,2011,1,12,3,0,2012/4/21,6,対応不要,対応不要
1741,2013,1,12,3,0,2014/3/20,6,対応不要,対応不要
1749,2010,1,12,1,0,2011/1/26,6,別紙,対応不要
1749,2011,1,12,1,0,2012/1/25,6,不備ありますが、対応不要,対応不要
1749,2012,1,11,7,0,2012/7/21,6,不備ありますが、対応不要,対応不要
1749,2013,1,11,7,0,2013/9/30,6,別紙,対応不要
1749,2013,1,12,1,0,2014/1/30,6,対応不要,対応不要
1755,2011,1,11,9,0,2011/11/11,5,消火器１０型×６本,請求済み
1755,2011,1,12,3,0,2012/3/19,2,消火器１０型×１本,見積もり提出中
1755,2012,1,12,3,0,2013/3/12,2,別紙,見積もり提出中
1755,2013,1,11,9,0,2013/9/5,2,別紙,見積もり提出中
1755,2013,1,12,3,0,2014/3/11,2,粉末１０型消火器更新　×４本,見積もり提出中
1756,2011,1,11,7,0,2011/7/26,2,"消火器１０型　x　１本
煙感知器　x　１個　",見積もり提出中
1756,2012,1,11,7,0,2012/8/17,2,"消火器１０型　×１本　交換
同上ＢＯＸ　×１台　設置",見積もり提出中
1760,2014,1,11,6,0,2014/6/3,1,　実施報告書記載　　　白馬で見積もり？,見積もり依頼
1763,2010,1,11,8,0,2010/10/9,5,消火器　　Ａ－３　　5本　　6500円　　　火報　　　差動式スポット　　増設1ヶ所　　ＯＰ－４Ｃ　　２５ｍ　　０，２２５Ａｈ　バッテリー　1台,請求済み
1763,2011,1,11,8,0,2011/9/30,2,消火器　A-3　５本,見積もり提出中
1763,2012,1,11,8,0,2012/11/8,2,誘導灯バッテリ－　東芝　２ＮＲ-ＣＸ-Ｓ　　Ｘ１台,見積もり提出中
1764,2014,1,11,5,0,2014/5/26,5,別紙にて,請求済み
1765,2011,1,11,7,0,2011/8/6,5,消火器１０型単価見積り,請求済み
1765,2011,1,12,1,0,2012/1/19,2,"１）受信機バッテリーDC24V0.225Ah/5HR　　x1個

２）誘導灯ﾊﾞｯﾃﾘｰFK３７６　ｘ　１個
　　誘導灯パネルFK26820　ｘ　1枚

　１）・２）見積り個々に作成して下さい。",見積もり提出中
1765,2012,1,12,1,0,2013/2/8,2,自火報用バッテリー　密閉型ニッケルカドニウム蓄電池 （ DC２４V ・ 0.225Ah／５HR ）×１個,見積もり提出中
1765,2013,1,11,7,0,2013/7/19,5,前回と同じ受信機バッテリーの見積もりお願いいたします。,請求済み
1766,2011,1,12,1,0,2012/2/1,2,誘導灯　　バッテリー不良　　　ＦＫ－６２７Ａ　　　２個,見積もり提出中
1766,2012,1,11,7,0,2012/7/13,2,"二酸化炭素　容器弁交換　　　５５ｋｇ/８２.４?ボンベ　　　２７本　　　　　起動用ボンベ　　１.３ｋｇ　　　１本
誘導灯　　バッテリー不良　　　　ＦＫ－６２７Ａ　　　　３個",見積もり提出中
1766,2013,1,11,7,0,2013/7/24,2,誘導灯　　　バッテリー不良　　　FK-６２７A　　　１個,見積もり提出中
1768,2010,1,11,9,0,2010/10/20,2,"自火報：未警戒　差動２種×３個　０.９－４Ｃ×１０ｍ
　　　　　受信機バッテリー不良×１個（ＤＣ２４Ｖ　０.２２５Ａｈ）",見積もり提出中
1769,2010,1,11,9,0,2010/10/16,5,"自火報：感知器移設　　ＡＥ０.９－４Ｃ×１ｍ
　　　　　感知器増設　　定温１種防水×１個　　　ＡＥ０.９－４Ｃ×２ｍ",請求済み
1772,2010,1,11,9,0,2010/9/28,2,　報告書に記載,見積もり提出中
1772,2012,1,11,9,0,2012/9/26,2,　実施報告書に記載。　　実施報告書、件名一緒になってるので注意！,見積もり提出中
1774,2011,1,11,2,0,2012/2/9,2,"自火報：感知器未警戒　定温特種防水×２個　・　ＡＥ０.９－４Ｃ×１０ｍ　・　消防申請書類費　・　作業費　・　交通費
誘導灯：バッテリー不良　ＦＫ６４６×１個",見積もり提出中
1774,2011,1,12,8,0,2011/9/1,2,誘導灯バッテリー不良　　ＦＫ６４６×１個,見積もり提出中
1774,2012,1,11,2,0,2013/2/5,2,別紙,見積もり提出中
1774,2012,1,12,8,0,2013/2/5,5,別紙,請求済み
1774,2013,1,11,2,0,2014/2/25,6,前回と同じです。よろしくお願い致します。,対応不要
1774,2013,1,12,8,0,2013/9/5,2,別紙,見積もり提出中
1775,2010,1,11,10,0,2010/11/4,2,"消火器：強化液２単位（中性）　×１本　　廃棄あり
　　　　　粉末１０型　×１本　　廃棄あり
誘導灯：バッテリー不良　×1個（東芝　２NR-CU-LE）",見積もり提出中
1776,2011,1,11,5,0,2011/6/1,2,"消火器： Ａ－３×１７本　新品交換　　１本６５００円
避難はしご： ２階用避難はしご ５.６ｍ用　使用方法のプレート１枚
誘導灯： バッテリー１ヶ所。ＦＫ３４９×１個",見積もり提出中
1776,2012,1,11,5,0,2012/6/8,5,"誘導灯： バッテリー不良。ＦＫ３４９×１個
避難器具： ５.６ｍ避難はしご（自在フック）　錆びがある為、リニューアル交換　　別々の見積りで。",請求済み
1776,2013,1,11,5,0,2013/6/5,5,"火通：    ロム交換
誘導灯： バッテリー不良 ３ヶ所。ＦＫ６４６×２個・ＦＫ３８１×１個",請求済み
1776,2014,1,11,5,0,2014/5/26,2,誘導灯： バッテリー不良。１か所　　ＦＫ３４９×１個,見積もり提出中
1784,2010,1,11,11,0,2010/11/17,5,"消火器：１０型×１本　　・　　２０型×２本
自火報：感知器移設工事×３ヶ所（ＡＥ－０.９　×７ｍ）
　　　　　店舗改修に伴う未警戒工事×４ヶ所（定温特種×１個　　・　　定温特種防水×３個　　・　　ＡＥ－０.９　×１５ｍ）
誘導灯：バッテリー不良×１個（ＦＫ３４１）",請求済み
1784,2013,1,11,11,0,2013/12/3,2,粉末消火器　１０型　×１本交換,見積もり提出中
1784,2014,1,12,5,0,2014/5/9,2,前回同様なので不要です,見積もり提出中
1785,2010,1,11,11,0,2010/11/30,2,別紙,見積もり提出中
1785,2010,1,12,4,0,2011/4/6,2,前回見積り同様,見積もり提出中
1785,2011,1,11,10,0,2011/10/15,2,前回の見積り内容に　＋　呼水槽ボールタップ不良×１個（ＳＨ２０　浮き１００ｍｍ）,見積もり提出中
1785,2011,1,12,4,0,2012/6/20,5,前回見積り　＋　屋内消火栓ポンプ用圧力計不良 ×１個,請求済み
1785,2012,1,11,10,0,2012/12/10,5,別紙,請求済み
1785,2013,1,11,10,0,2014/2/17,5,消火栓ホース交換　×２本,請求済み
1785,2013,1,12,4,0,2014/4/18,2,粉末１０型消火器　交換　×１本（以前６５００円で出てるので同じ金額でお願いします）,見積もり提出中
1786,2010,1,11,7,0,2010/11/20,5,消火器　　Ａ－３　　３本　　　６４００円　　　　火報　　　０．２２５Ａｈ　　１台　　バッテリー,請求済み
1789,2010,1,11,11,0,2010/11/6,5,消火器　　　Ａ－３　　　３本　　　　６５００円　　　　火報　　　０．２２５Ａｈ　　１台,請求済み
1789,2011,1,11,11,0,2011/12/28,2,"下二子東公民館

誘導灯バッテリー　”ＦＫ－646”　　×　１個

消火器　Ａ－３　１本",見積もり提出中
1789,2012,1,11,11,0,2013/1/9,5,下二子東公民館　　　　　消火器　　Ａ－３　　１本,請求済み
1789,2013,1,11,11,0,2013/12/11,2,誘導灯　　　バッテリー　　FK-646　1台　と　　C級　避難口１台,見積もり提出中
1793,2010,1,11,12,0,2010/12/8,5,報告書に記載。,請求済み
1793,2011,1,11,12,0,2011/12/28,5,　実施報告書に記載,請求済み
1793,2013,1,11,12,0,2014/1/14,5,　点検実施報告書記載。,請求済み
1793,2013,1,12,6,0,2013/8/7,2,　実施報告書に記載,見積もり提出中
1794,2010,1,11,12,0,2010/12/8,5,報告書に記載。,請求済み
1794,2013,1,11,12,0,2014/1/14,5,　実施報告書記載。,請求済み
1794,2013,1,12,6,0,2013/8/7,2,　実施報告書に記載,見積もり提出中
1795,2010,1,11,12,0,2010/12/14,5,報告書　備考欄に記載。,請求済み
1795,2011,1,11,12,0,2011/12/28,6,　実施報告書に記載,対応不要
1795,2013,1,11,12,0,2014/1/14,6,　実施報告書記載。,対応不要
1795,2013,1,12,6,0,2013/8/7,5,　実施報告書に記載,請求済み
1796,2010,1,11,11,0,2010/12/6,2,"消火器： 新品交換  Ａ－３×２本
誘導灯： バッテリー交換  ＦＫ１２２×１個",見積もり提出中
1800,2010,1,12,11,0,2011/6/23,5,別紙,請求済み
1800,2011,1,11,6,0,2011/7/5,2,別紙,見積もり提出中
1800,2011,1,12,12,0,2011/12/14,1,前回内容　＋　自火報感知器移設×６ヶ所　（計８ヶ所）　ＡＥ０.９－４Ｃ　×１５ｍ　（計３０ｍ）,見積もり依頼
1800,2012,1,11,12,0,2012/12/20,2,別紙,見積もり提出中
1800,2013,1,11,12,0,2013/12/27,2,"前回見積りの　既設感知器撤去移設費 ８箇所 → ９箇所
　　　　　　　　　　　　＋
屋内消火栓　圧力計　交換　（１５Ｋｇ/ｃｍ2 ・ 径３/８ ・ 平行ねじ ・ ７５ｍｍ）


＜別紙不良個所用見積り＞
　自動火災報知設備

＊感知器増設
　・差動２種 ×２  ・定温1種防水 ×４   ・定温１種×３ 　・電線ＡＥ ０.９ー４Ｃ　６０ｍ　　（共通箇所）
　　　　　　　　　　　　　　　　　　　　　　＋
　・差動２種 ×２  ・定温１種防水 ×８　・電線ＡＥ ０.９ー４Ｃ　６０ｍ



　・差動２種 ×２  ・定温1種防水 ×４   ・定温１種×３ 　・電線ＡＥ ０.９ー４Ｃ　６０ｍ　　（共通箇所）
　　　　　　　　　　　　　　　　　　　　　　＋
　・煙感知器２種 ×８　・電線ＡＥ ０.９－４Ｃ  ９０ｍ",見積もり提出中
1800,2013,1,12,6,0,2013/6/29,2,別紙,見積もり提出中
1801,2010,1,12,11,0,2011/6/20,5,別紙,請求済み
1801,2011,1,11,6,0,2011/6/20,2,別紙,見積もり提出中
1801,2011,1,12,12,0,2011/12/14,1,前回内容　＋　自火報感知器移設工事　２ヶ所（作業費・一応別途で消防書類費・ＡＥ０．９－４C　×３ｍ）,見積もり依頼
1801,2012,1,11,12,0,2012/12/19,2,別紙,見積もり提出中
1801,2012,1,12,6,0,2012/6/19,2,別紙,見積もり提出中
1801,2013,1,11,12,0,2013/12/25,2,"前回見積り
　　＋
粉末消火器１０型　交換　×１本
消火器スタンド　×１個",見積もり提出中
1801,2013,1,12,6,0,2013/6/29,2,別紙,見積もり提出中
1802,2010,1,12,11,0,2011/6/20,5,別紙,請求済み
1802,2012,1,11,12,0,2012/12/19,2,"非常警報設備：バッテリー不良×１個（ＮＲ０．４５ＡＡ－５　　　６Ｖ　４５０ｍＡｈ（日本電池製））
　　　　　　　　　　上記型番はたぶんないと思います　→　前回　５－ＡＡ５００　　６Ｖ　５００ｍＡｈ　で見積もりしてると思います。",見積もり提出中
1802,2013,1,12,6,0,2013/6/29,2,別紙,見積もり提出中
1803,2010,1,11,12,0,2010/12/13,5,消火器： Ａ－３×２本　新品交換,請求済み
1804,2011,1,11,10,0,2011/10/26,2,"消火器　Ａ－３　　　　　 　 ×   ５ 本　

総合盤　表示灯のガード　×　１ 個

　　　　　 表示灯ランプ　　×　 １ 個",見積もり提出中
1804,2012,1,11,10,0,2012/10/12,2,消火器　A－３　６本,見積もり提出中
1804,2013,1,11,10,0,2013/11/2,2,消火器　粉末ＡＢＣ１０型　　　　　１０本,見積もり提出中
1805,2010,1,11,11,0,2010/11/29,5,　A-3消火器　3本　見積りお願いします。,請求済み
1806,2010,1,11,11,0,2010/12/2,5,"消火器： 新品交換 Ａ－３×３本
自火報： バッテリー不良。ＤＣ２４Ｖ０.４５Ａｈ×１本
　　　　　 １階発報修理。",請求済み
1811,2010,1,11,12,0,2011/3/24,5,"非常警報設備：専用回路工事←あまり費用をかけずにできると思います
誘導灯：専用回路工事←あまり費用をかけずにできると思います
　　　　　バッテリー不良×１個（ＦＫ３４１）
　　　　　設置位置変更・増設に伴う現場調査費",請求済み
1811,2011,1,12,6,0,2011/8/6,5,誘導灯バッテリー不良（ＦＫ３７６×１）,請求済み
1811,2012,1,11,12,0,2012/12/17,2,別紙,見積もり提出中
1811,2012,1,12,6,0,2012/6/15,2,"消火器１０型×１本交換
同上スタンド×１台

＊誘導灯移設工事費→セコムテクノ　川上さんより依頼。見積り出ていると思われます。",見積もり提出中
1813,2011,1,11,12,0,2011/12/14,2,前回同様,見積もり提出中
1813,2011,1,12,6,0,2011/6/10,2,"消火器１０型×４本
誘導灯専用回路工事←見積り前回出ているので確認して下さい。",見積もり提出中
1813,2012,1,11,12,0,2012/12/18,2,別紙,見積もり提出中
1813,2012,1,12,6,0,2012/6/11,2,"消火器１０型×５本
誘導灯電源切換工事（別紙）",見積もり提出中
1813,2013,1,12,6,0,2013/6/7,2,別紙,見積もり提出中
1813,2014,1,12,6,0,2014/5/28,4,"・誘導灯専用回路工事　済
・消火器４本取り替え　　１本廃棄　→　信越報知　直請け",社内確認済み
1814,2010,1,11,1,0,2011/1/26,2,"消火器１０型蓄圧×１０本
誘導灯バッテリー不良　ＦＫ６２７Ａ　×３台",見積もり提出中
1814,2011,1,11,1,0,2012/1/26,2,"消火器１０型×８本
誘導灯バッテリー不良×５個（ＦＫ６２７Ａ）",見積もり提出中
1814,2011,1,12,7,0,2011/7/21,2,"消火器１０型×７本
消火器廃棄処分費×２本
誘導灯バッテリー不良×３個（ＦＫ６２７A）",見積もり提出中
1814,2012,1,11,1,0,2013/1/10,2,別紙,見積もり提出中
1814,2012,1,12,7,0,2012/7/2,2,前回同様,見積もり提出中
1814,2013,1,11,1,0,2014/5/19,5,"前回見積り＋誘導灯ランプ３本追加（型番同じ）
修繕内容：消火器交換（８本）・自火報バッテリー交換・誘導灯バッテリー交換（５ヶ所）　＊誘導灯本体交換は中止になりました。",請求済み
1814,2013,1,12,7,0,2013/7/4,2,別紙,見積もり提出中
1818,2010,1,11,2,0,2011/3/4,5,受信機バッテリー　０．４５Ａｈ　１個見積りお願いします。,請求済み
1819,2011,1,11,7,0,2011/9/1,2,"自火報：感知器２ヶ所移設→前回同様
　　　　　→メクラプレート×２枚
　　　　　　 ０.９－４Ｃ×３ｍ
　　　　　　 消防検査費",見積もり提出中
1819,2011,1,12,1,0,2012/1/13,2,"自火報：感知器移設→前回同様
自火報・誘導灯専用回路修繕→前回同様",見積もり提出中
1819,2012,1,11,7,0,2012/11/26,5,"自火報：感知器移設 ×２ヶ所　←前回出ています
　　　　　自火報・誘導灯専用回路切換工事　←前回出ています
誘導灯：高輝度用ランプ更新　　ＣＦ１３０Ｔ４ＥＮ／Ｃ（２W）　　×４本
　　　　　　　　　　　　　　　　　　　 ＣＦ２００Ｔ４ＥＮ／Ｃ（３W）　　×３本",請求済み
1819,2012,1,12,1,0,2013/1/31,2,別紙,見積もり提出中
1819,2013,1,11,7,0,2013/7/3,2,別紙,見積もり提出中
1819,2013,1,12,1,0,2014/1/8,2,"前回見積り
　　＋
粉末消火器１０型　×２本交換",見積もり提出中
1820,2011,1,11,7,0,2011/10/25,5,"前回同様
　内容　　自火報：松下製　差動２種×１個　ヘッド取り付け（ニッタンが安ければ、それで構いません）
　　　　　　消火器：ノズル交換×１本　（旧型初田製）←中古あげますか？",請求済み
1820,2011,1,12,1,0,2012/2/24,5,"消火器：旧消火器１０型用ホース交換×１本
自火報：煙感知器２種ヘッド不良交換×１個",請求済み
1820,2012,1,11,7,0,2012/11/26,5,"消火器１０型（加圧）用ホース破損交換 ×１本　　←前回出ています
避難はしご：つり下げはしご（自在金具用）使用方法の表示プレート ×１枚",請求済み
1820,2012,1,12,1,0,2013/1/31,2,別紙,見積もり提出中
1820,2013,1,12,1,0,2014/1/8,2,前回見積りを日付を変えて出して下さい。,見積もり提出中
1822,2011,1,11,1,0,2012/1/30,5,"火報感知器増設　￥５，０００
差動スポット１個　　",請求済み
1822,2013,1,11,1,0,2014/1/24,5,消火器　　A-3　　６本　　６０００円で,請求済み
1823,2010,1,11,2,0,2011/2/21,5,,請求済み
1826,2012,1,11,2,0,2013/3/1,5,消火器１０年以上経過　　粉末１０型　２本,請求済み
1837,2010,1,11,3,0,2011/3/19,2,消火器： Ａ－３×３本　新品交換,見積もり提出中
1838,2010,1,11,2,0,2011/8/10,5,別紙,請求済み
1839,2010,1,11,2,0,2011/9/14,4,"消防設備点検料　年１回￥１５.０００
消防設備修繕　誘導灯バッテリー不良交換×４個（ＦＫ６２７Ａ）
　　　　　　　　　　非常警報用メガホン未設置の為、納入×１個",社内確認済み
1840,2010,1,11,4,0,2011/4/21,2,"消火器：１０型×８本
　　　　　 ＣＯ２（ＨＣ－７）×１本→台座と専用台座×１個ずつ
自火報：未警戒工事
　　　　　松下製　煙感知器２種×４個　　ＡＥ０．９－４C×２０ｍ
＊検査無し",見積もり提出中
1840,2011,1,11,4,0,2012/4/9,6,対応不要,対応不要
1840,2011,1,12,10,0,2011/10/5,6,不良はありますが見積り不要,対応不要
1840,2012,1,12,10,0,2012/12/10,5,別紙,請求済み
1840,2013,1,11,4,0,2014/4/11,2,蓄圧式粉末消火器１０型　×２本　交換,見積もり提出中
1840,2013,1,12,10,0,2013/10/9,6,別紙,対応不要
1841,2011,1,11,6,0,2011/8/17,5,消火器； Ａ－３×８本　新品交換,請求済み
1841,2012,1,11,6,0,2012/6/24,2,自火報： 受信機バッテリー不良。　ＤＣ ２４Ｖ ０.２２５Ａｈ,見積もり提出中
1841,2012,1,12,12,0,2013/1/18,5,受信機バッテリー　前回と同じ,請求済み
1842,2013,1,11,6,0,2013/6/17,2,自火報： ４階えんぱーく歯科医院　未警戒１ヶ所　　前回と同じ,見積もり提出中
1842,2014,1,11,6,0,2014/5/21,2,"自火報： ４階未警戒　前回と同じ
スプリンクラー設備： ポンプの圧力計不良。　物はユウキサービスに確認したら ７～８０００円だそうです。",見積もり提出中
1844,2010,1,11,4,0,2011/6/14,2,"消火器　　ＡＢＣ粉末１０型　　　５本　　　　３?中性強化液　　　１本
屋内消火栓　　　　ホース　　　　４本",見積もり提出中
1844,2011,1,11,4,0,2012/4/7,5,誘導灯中型バッテリー不良。　ＦＫ－６４６　１個,請求済み
1844,2011,1,12,10,0,2011/11/16,2,"消火器　　　ＡＢＣ粉末１０型　　　　５本　　　　以前見積り有り
誘導灯　　　バッテリー不良　　　　ＦＫ－６４６　　　１個
非常灯　　　バッテリー不良　　　　ＦＫ－１６３　　　５個　　　　　ＦＫ－３７２　　　１個",見積もり提出中
1844,2012,1,11,4,0,2013/4/3,2,"消火器　　ＡＢＣ粉末１０型　　　１０本
非常放送　　バッテリー不良　　２４Ｖ　３.５Ａｈ　　　１個",見積もり提出中
1844,2013,1,12,10,0,2013/12/9,2,前回と同じ見積りお願い致します。,見積もり提出中
1846,2010,1,11,4,0,2011/4/26,2,　別紙　記載します。,見積もり提出中
1846,2011,1,11,4,0,2012/4/16,2,　消火栓ホース　４０　　　２３本,見積もり提出中
1846,2011,1,12,10,0,2011/11/29,2,前回と同じ　　火報　煙感知器　２種　１台　　　　　　防火設備　煙感知器　３種　　１台　　防火スクリーン障害　,見積もり提出中
1848,2012,1,11,9,0,2012/10/22,2,支援センタ－　消火器　Ａ-３　　１本,見積もり提出中
1848,2012,1,12,3,0,2013/3/6,2,"支援センター　らいふあしすと　　
消火器　ＡＢＣ１０型　　１本",見積もり提出中
1848,2013,1,11,9,0,2013/9/24,5,支援センター　　　消火器粉末ＡＢＣ１０型　　　１本,請求済み
1850,2010,1,11,4,0,2011/6/1,5,消火器　　Ａ－３　　３本,請求済み
1851,2014,1,11,5,0,2014/5/26,2,誘導灯ランプ　パナソニックＣＦ１３７Ｔ４ＥＮ／Ｃ　　１本　　　ＣＦ２００Ｔ４ＥＮ／Ｃ　　１本,見積もり提出中
1852,2010,1,11,4,0,2011/5/12,5,別紙記載,請求済み
1853,2011,1,11,4,0,2012/4/18,2,　消火器　　Ａ－３　　２５本　　　　１本　\７０００円,見積もり提出中
1853,2011,3,31,11,0,2011/11/29,2,　消火器　Ａ－３　２２本　,見積もり提出中
1853,2012,1,12,8,0,2012/7/30,2,　放送設備　屋外スピーカー　切り替えスイッチ工事　（一斉放送時スイッチで切りたいの事）,見積もり提出中
1853,2012,3,31,11,0,2012/11/15,2,　誘導灯バッテリー　ＦＫ－136　　１台　　消火器　　,見積もり提出中
1853,2013,1,11,4,0,2014/4/21,2,　消火器　Ａ－３　　２２本　　３種煙感知器　　１台,見積もり提出中
1855,2010,1,11,4,0,2011/4/8,5,消火器： A-３×４本　新品交換,請求済み
1858,2012,1,11,7,0,2012/9/3,2,　誘導灯　Ｃ級通路両面　１台,見積もり提出中
1859,2012,1,11,9,0,2012/9/25,5,　実施報告書記載。,請求済み
1860,2011,1,11,6,0,2011/8/2,5,　別紙　日報に記載。,請求済み
1860,2012,1,11,6,0,2012/7/23,2,　報告書に記載。　修繕決定。,見積もり提出中
1861,2012,1,11,9,0,2012/9/10,5,　報告書に記載。,請求済み
1861,2012,1,12,3,0,2013/3/14,2,実施報告書に記載。,見積もり提出中
1861,2013,1,12,3,0,2014/3/26,2,　煙２種　５台　　　オーエム見積り提出。,見積もり提出中
1863,2012,1,11,9,0,2012/9/25,6,　　実施報告書記載。　（足場いるのでわ・・・・？　Or  　感知器能美かと・・・）　石井君に確認します。,対応不要
1863,2013,1,12,3,0,2014/3/26,2,　誘導灯バッテリー　　東芝　　オーエムより見積り有り。,見積もり提出中
1865,2013,1,12,3,0,2014/3/13,2,　　誘導灯バッテリー　　４ＮＲ－ＡＣ－ＴＬ　　１台,見積もり提出中
1866,2012,1,11,9,0,2012/10/1,5,　実施報告書にて記載。,請求済み
1866,2012,1,12,2,0,2013/3/7,6,　不良箇所あるが、オーエムから見積もりが来てるかわかりません。,対応不要
1867,2012,1,11,7,0,2012/9/10,2,実施報告書に記載。,見積もり提出中
1868,2012,1,11,7,0,2012/9/3,2,　消火器スタンド　４台,見積もり提出中
1877,2011,1,11,3,0,2012/3/2,2,自火報： 前回と同じ,見積もり提出中
1877,2011,1,12,9,0,2011/9/29,2,自火報： 受信機不良　Ｐ型２級５回線　能美製,見積もり提出中
1880,2011,1,11,4,0,2012/4/23,2,別紙,見積もり提出中
1880,2011,1,12,10,0,2011/10/30,2,"消火器：１０型 ×２本
屋内消火栓：前回同様
自火報：前回同様
誘導灯及び誘導標識：標識最終避難口 ×１枚
　　　　　　　　　　　　　 誘導灯本体Ｃ級最終避難口 １台　　・　　リニューアルプレート １枚　　・　　消防申請費",見積もり提出中
1880,2012,1,11,4,0,2013/5/1,2,別紙,見積もり提出中
1880,2012,1,12,10,0,2012/10/31,5,別紙,請求済み
1880,2013,1,11,4,0,2014/4/28,2,"＜補修内容＞　消火器１４本　交換済み　・　ハロン標識　交換済み

＜見積り依頼＞　・点検口作成　４５０×４５０　×３ヶ所　　・誘導灯　ブレーカー調査　費用　×３ヶ所",見積もり提出中
1880,2013,1,12,10,0,2013/11/1,6,別紙,対応不要
1884,2010,1,11,4,0,2011/5/13,2,　誘導灯FA10119　1台　　　　,見積もり提出中
1890,2011,1,11,5,0,2011/5/28,2,"自火報：定温特種（松下製）×２個
　　　　　ＡＥ０．９－４Ｃ×１０ｍ",見積もり提出中
1890,2012,1,11,5,0,2012/5/15,2,"屋内消火栓：呼水槽内ボールタップ不良交換　×１個（サイズ：ＳＨ１３？３Ｋ？ＩＫ？　←左記のどれかです）


自火報：感知器未警戒増設工事
　　　　　差動２種（松下の自己保持タイプ）　×１個
　　　　　定温特種防水（松下の自己保持タイプ）　×１個
　　　　　ＡＥ０.９－４Ｃ　×２０ｍ
　　　　　消防の届け出が必要であれば届出費
　　　　　＊自火報は前回同様。見積りは前回出ていると思われます。
　　　　　　 一応今回記載しましたが、前回の内容のままで構いません。",見積もり提出中
1890,2014,1,11,5,0,2014/5/21,2,別紙にて,見積もり提出中
1896,2011,1,11,5,0,2011/5/27,2,消火器： Ａ－３×４本　　新品交換,見積もり提出中
1896,2011,1,12,11,0,2011/11/29,5,Ａ－３　４本　更新,請求済み
1896,2012,1,12,11,0,2012/11/20,5,受信機基盤交換,請求済み
1899,2011,1,11,5,0,2011/5/13,5,　Ａ－３消火器　６本入れ替えました。,請求済み
1900,2011,1,11,10,0,2011/10/25,2,"消火器： Ａ－３×１３本　新品交換
自火報： 煙感知器×１個　ヘッド不良
　　　　　 感知器未警戒　差動感知器×１０個　ＡＥ ０.９－２Ｐ×１００ｍ　感知器をとめる部材が必要",見積もり提出中
1900,2011,1,12,4,0,2012/4/11,2,"前回と同じで　（受信機基板・感知器未警戒・煙感知器１個・消火器１３本）　他 誘導灯バッテリー１個追加（２ＮＲ-ＣＵ-ＬＥ）
　　　　　　　　　",見積もり提出中
1900,2012,1,11,10,0,2012/10/17,2,前回と同じ　　（屋外線の幹線引き換え工事　ＣＰＥV０.９-１０Ｐ×７５ｍを増やして下さい。）,見積もり提出中
1900,2012,1,12,4,0,2013/4/15,2,前回と同じ　一部修正　（受信機基板・感知器未警戒・煙感知器１個・消火器７本）,見積もり提出中
1900,2013,1,11,10,0,2013/10/16,2,"前回同様。追加で誘導灯バッテリー１個（２ＮＲ－ＣＵ－ＬＥ　２．４Ｖ　２０００ｍＡｈ　東芝ライテック）　見積りお願いします。
　（消火器７本・受信機基盤・未警戒・煙１個・外線張替）",見積もり提出中
1900,2013,1,12,4,0,2014/4/18,2,"消火器： Ａ－３×７本　新品交換　１本７０００円  ５月４本・６月３本　交換予定
自火報： 感知器不良 （２種 煙感知器×１個 ・ 差動感知器（能美）×１個)
　　　　   未警戒 （差動感知器×１０個（配送センター休憩室・第２配送センター休憩室、同内下屋８個）.AE‐２Ｐ×100ｍ）
　　　　　 外線引き換え （事務棟～第２配送センター ＣＰＥＶ－１０Ｐ×７５ｍ）
　　　　　 受信機電源基盤 交換
誘導灯： 器具不良 （Ｂ級避難口両面片矢印×１台）",見積もり提出中
1901,2011,1,11,5,0,2011/8/3,5,誘導灯： 高輝度ランプ　東芝製 ＣＦ１３５Ｔ４ＥＮＬ×１４本,請求済み
1901,2011,1,12,11,0,2012/1/16,5,消火器： バッテリー不良。８ヶ所　４ＮＲ－ＡＣ－ＴＬ×８個,請求済み
1901,2013,1,11,5,0,2013/5/8,2,誘導灯： バッテリー不良。４ＮＲ-ＡＣ-ＴＬ×２個,見積もり提出中
1901,2013,1,12,11,0,2013/11/22,2,"誘導灯： 前回と同じものを１個追加で 合計３個バッテリー不良。
消火器： Ａ－３×３本　新品交換　　来年度失効の為",見積もり提出中
1901,2014,1,11,5,0,2014/5/16,1,"　前回と同じ
誘導灯： バッテリー不良。３カ所　４ＮＲ－ＡＣ－ＴＬ×３個　　新品交換
消火器： Ａ－３×３本　　新品交換　　",見積もり依頼
1901,2014,1,12,5,0,2014/5/19,2,前回と同じ　誘導灯：バッテリー不良　３箇所　4NR-AC-TL　　　消火器：A-3×3本更新,見積もり提出中
1902,2012,1,12,11,0,2012/11/9,2,スプリンクラー設備： 連送用配管の逆止弁不良。トーヨーバルブ製　１０－ＦＮＷ,見積もり提出中
1902,2014,1,11,5,0,2014/5/17,1,ガス漏れ設備： 検知器1個不良。（新コスモス電機 ㈱製　ＸＨ－６２８ＦＰａ　１００Ｖ用）,見積もり依頼
1902,2014,1,12,5,0,2014/5/19,2,ガス漏れ設備：検知器1個不良（新コスモス電機㈱製　XH-628FPa　100V用）,見積もり提出中
1903,2011,1,11,5,0,2011/5/31,2,"火報：受信機バッテリー不良×１個（DC２４V　０.２２５Ah）
誘導灯：バッテリー不良×１個（ＦＫ３７６）
消火器１０型×１本",見積もり提出中
1903,2011,1,12,11,0,2012/3/23,5,"消火器：１０型×６本
自火報：受信機バッテリー不良（ＤＣ２４Ｖ　０.２２５Ａｈ ×１）
誘導灯：バッテリー不良（ＦＫ３７６ ×２）",請求済み
1904,2011,1,12,11,0,2011/12/20,2,前回の見積り　＋　誘導灯バッテリー不良　ＦＫ３７６ ×１個,見積もり提出中
1904,2012,1,11,5,0,2012/5/26,2,別紙,見積もり提出中
1904,2012,1,12,11,0,2013/1/30,5,"消火器交換　             ・A-3　　　　×　５本
誘導灯バッテリー交換 ・FK-３７６　×　２台 
                               ・FK-３８１　×　１台
                               ・FK-３４９　×　１台",請求済み
1904,2013,1,11,5,0,2013/6/5,5,"消火器交換　Ａ－３　４本
誘導灯器具交換　Ｂ級通路防水型　",請求済み
1904,2013,1,12,11,0,2013/12/18,5,消火器交換　Ａ－３　４本交換,請求済み
1904,2014,1,11,5,0,2014/5/14,2,誘導灯バッテリー不良交換　・ＦＫ－３７６ × ４台,見積もり提出中
1905,2011,1,11,3,0,2012/7/9,5,"消火器：１０×７本
防火設備：エジェクター不良×１個
　　　　　　　防火戸閉鎖障害（戸枠接触不良）×１台（半年前に三和シャッターから見積り出ていると思います）",請求済み
1905,2011,1,12,9,0,2011/10/26,5,"消火器：１０型×２本
防火設備：戸枠調整メーカー調査依頼費",請求済み
1906,2011,1,12,12,0,2011/12/20,5,"ガス漏れ　　　受信機バッテリー不良　　２４Ｖ　０.９Ａｈ　　　　　ガス漏れ検知器　　　期限切れ　　　８個
火通報　　　　受信機不良　　　１台
誘導灯　　パネル不良　ＥＴ－１２５３　１枚　　バッテリー不良　２ＮＲ－ＣＵ－Ｓ　１個　　３ＮＲ－ＣＨ－ＬＥ　１個　４ＮＲ－Ｃ－Ｓ　１個",請求済み
1906,2013,1,11,6,0,2013/7/30,5,消火器１０年経過　粉末１０型　１本　　　誘導灯バッテリー不良　3ＮＲ-CH-LE １個　　4ＮＲ-Ｃ-Ｓ　１個,請求済み
1906,2013,1,12,12,0,2013/12/28,5,誘導灯中型バッテリー不良　1台　（3ＮＲ－ＳＨ－ＬＥ）,請求済み
1907,2011,1,11,8,0,2011/12/27,5,誘導灯： バッテリー不良１ヶ所。新品交換　ＦＫ１７２×１個,請求済み
1907,2011,1,12,2,0,2012/2/23,2,"消火器： Ａ－３×１２本　新品交換　前回と同じ　見積り不要
誘導灯： バッテリー不良　ＦＫ１７２×１個　見積り 要",見積もり提出中
1907,2012,1,11,8,0,2012/10/5,5,"誘導灯： バッテリー不良。２ヶ所 （ＦＫ１７２×２個）

　他、別見積りで来年度１０年を超えるので消火器×１２本 ・ 動力 ６５Ａホース×５本の見積りをお願いします。",請求済み
1907,2012,1,12,2,0,2013/2/19,2,"動力ポンプ： ６５エイホース５本　新品交換

自火報： バッテリーＤＣ２４Ｖ１.２Ａｈ　新品交換",見積もり提出中
1907,2013,1,11,8,0,2013/9/30,5,前回と同じ,請求済み
1907,2013,1,12,2,0,2014/2/21,5,非常警報不良本体交換　”ニッタン製　EDR（９６E-001-1）”露出型　×１台交換　,請求済み
1908,2012,1,12,3,0,2013/3/7,6,"誘導灯バッテリー交換
ＦＫ－",対応不要
1908,2013,1,12,3,0,2014/3/13,5,"誘導灯本体交換　""B級の避難口（緑色）両面の片矢印""  ×　１台",請求済み
1909,2012,1,11,8,0,2012/9/7,2,"消火器入替　Ａ－３　１０本有り
単価見積り",見積もり提出中
1909,2013,1,12,2,0,2014/2/27,5,ガス漏れ検知器のベース不良　　　”ベースのみの交換修理”　×１台,請求済み
1910,2011,1,11,5,0,2011/5/23,5,　Ａ－３消火器３本　見積りお願いします。,請求済み
1910,2013,1,11,5,0,2013/6/8,5,　受信ｊ機バッテリー　０．２２５Ａｈ／５ＨＲ　１個　見積もり根はいます。,請求済み
1911,2013,1,11,7,0,2013/7/31,2,別紙,見積もり提出中
1911,2013,1,12,1,0,2014/1/18,2,誘導灯ランプ交換　ＣＦ２00Ｔ４ＥＮ／Ｃ１（３Ｗ）　松下　×４本,見積もり提出中
1914,2011,1,11,10,0,2011/12/20,5,"自火報：感知器移設２ヶ所　・　撤去１ヶ所　　　AE０.９－４C×３ｍ
防火設備：シャッター手動装置不良×３ヶ所　メーカー現場調査
　　　　　　　三和へ連絡したところ、現調費は不要との事です。",請求済み
1914,2012,1,11,10,0,2012/10/24,5,"火報　感知器交換
差動スポット　１個　ヘッド交換",請求済み
1915,2011,1,11,12,0,2012/9/21,2,別紙,見積もり提出中
1915,2011,1,12,6,0,2011/11/20,2,誘導灯バッテリー不良　４ＮＲ－Ｃ－Ｓ　×２個,見積もり提出中
1915,2012,1,12,6,0,2012/7/25,2,　消火器Ａ－３　２８本　　誘導灯バッテリー　４ＮＲ-C－Ｓ　４台　,見積もり提出中
1915,2013,1,11,12,0,2014/1/31,2,　別紙記載にて提出,見積もり提出中
1918,2012,1,11,6,0,2012/6/14,2,　消火器　Ａ－３　１本　　二酸化炭素Ｂ－１　３本,見積もり提出中
1918,2013,1,11,6,0,2013/6/27,5,　消火器　Ａ－３　　５本　　　スタンド　　８台　（その内　３台は　２．３キロ二酸化炭素で　　　　　　　　　　　　　　　　　　　　　　　　　　　　　　　　　　　　　　　　　　　　　　　　　　　　　　　　　　　　　　　　　　　　　　　　　　　　　　　　　　　6/27　消火器　１本　納入,請求済み
1919,2011,1,11,10,0,2011/12/20,5,"消火器：１０型×１本交換
　　　　　 ５本廃棄",請求済み
1919,2011,1,12,4,0,2012/5/18,5,誘導灯バッテリー不良×２個　（４ＮＲ－ＡＣ－ＴＬ）,請求済み
1923,2011,1,11,7,0,2011/7/14,5,消火器　Ａ－３　６本　,請求済み
1924,2011,1,11,7,0,2011/11/10,2,消火器１０型×１本（廃棄なし（新設））,見積もり提出中
1925,2011,1,11,7,0,2011/11/10,2,消火器１０型×５本（廃棄あり）,見積もり提出中
1926,2011,1,11,7,0,2011/11/10,2,消火器廃棄×１本,見積もり提出中
1927,2011,1,11,10,0,2012/1/31,5,別紙,請求済み
1927,2011,1,12,4,0,2012/11/26,5,別紙,請求済み
1927,2012,1,11,10,0,2012/11/24,1,別紙,見積もり依頼
1927,2012,1,11,11,0,2012/12/11,2,別紙,見積もり提出中
1927,2013,1,11,11,0,2013/11/13,5,"前回の見積り書から
　消火器　２本　廃棄分を消去して、
　誘導灯ランプ　交換　（CF200T4EN/C（3W））×３本を追加して下さい。
　",請求済み
1927,2013,1,12,5,0,2013/9/5,5,別紙,請求済み
1927,2014,1,12,5,0,2014/5/9,2,前回と変わらないので不要です。,見積もり提出中
1929,2011,1,11,1,0,2012/3/21,5,　新品消火器　１９本　　廃棄消火器　４本,請求済み
1929,2012,1,11,1,0,2013/4/19,2,"誘導灯バッテリー交換　
""２－４ＮＲ－ＣＵ－ＬＥ""　×１台
""４ＮＲ－Ｃ－Ｓ""　　　　　 ×１台
煙感知器ヘッド交換　２種防滴型　×１台",見積もり提出中
1929,2013,1,11,1,0,2014/2/18,2,消火器　Ａ－３　１本　　煙感知器２種　ホーチキ　１台,見積もり提出中
1929,2013,1,12,7,0,2013/9/7,5,　前回と同じ　見積書　プラス　　消火器　　１本,請求済み
1931,2012,1,12,12,0,2012/12/11,2,　実施報告書に記載。,見積もり提出中
1932,2011,1,11,7,0,2011/8/6,5,　非常警報バッテリー　（DC6V 　０．５AH）１個見積り願います。,請求済み
1933,2012,1,12,1,0,2013/2/12,2,　誘導灯バッテリー　ＦＫ６２７Ａ×１個,見積もり提出中
1933,2013,1,11,7,0,2013/8/20,5,　誘導灯バッテリー　ＦＫ６２７Ａ　１個見積もり願います。,請求済み
1934,2011,1,11,7,0,2011/10/28,2,別紙,見積もり提出中
1934,2013,1,11,7,0,2013/7/24,5,別紙,請求済み
1935,2011,1,11,10,0,2011/11/24,2,後日　ツカサ防設　　別紙にて,見積もり提出中
1935,2012,1,11,10,0,2012/10/25,5,　実施報告書に記載。,請求済み
1935,2012,1,12,5,0,2012/5/11,2,　実施報告書記載,見積もり提出中
1935,2013,1,11,10,0,2013/10/28,2,　別紙記載。,見積もり提出中
1935,2014,1,12,5,0,2014/4/21,2,　実施報告書に記載。　ツカサ→信越,見積もり提出中
1936,2011,1,11,7,0,2012/2/1,5,感知器増設　差動２個　定温ＷＰ１個　ＡＥ０．９－４Ｃ　３０ｍ,請求済み
1939,2011,1,11,8,0,2011/10/25,5,"１：消火器交換１０型×１本
　　消火器ＢＯＸ交換・納入　１本用×５個
　　　　 　　　　　　　　　　　　　２本用×１個
　　２ヶ所はコンクリートへ取付けあり

２：火気厳禁看板×１枚
　　少量危険物看板×１枚

１・２を別々の見積りで作成して下さい。",請求済み
1939,2011,1,12,2,0,2012/6/5,5,消火器１０型×３本,請求済み
1939,2012,1,11,8,0,2012/10/19,2,"消火器１０型×３本交換
消火器ＢＯＸ（１本用）×１台交換",見積もり提出中
1940,2012,1,11,7,0,2012/7/30,2,消火器　　ＡＢＣ粉末１０型　　　３本,見積もり提出中
1940,2012,1,12,1,0,2013/2/15,5,自火報設備　受信機バッテリー不良（ニッタン）　24Ｖ０．２２５Ａｈ,請求済み
1940,2013,1,11,7,0,2013/8/30,5,消火器１０年以上　　粉末１０型　３本,請求済み
1943,2011,1,11,9,0,2011/9/5,2,"消火器　Ａ－３　５本
誘導灯バッテリー　ＦＫ－６２７Ａ

感知器増設
差動スポット　２個
電線ＡＥ０，９－４Ｃ　３０ｍ",見積もり提出中
1946,2011,1,11,9,0,2011/9/29,2,消火器： 10年以上経過消火器　Ａ－３×1本　新品交換,見積もり提出中
1947,2011,1,11,9,0,2011/9/29,2,消火器： 10年以上経過消火器　A-3×2本　新品交換,見積もり提出中
1949,2011,1,11,9,0,2011/10/26,5,　Ａ－３消火器　３本　ベル交換工事　見積り願います。,請求済み
1949,2012,1,11,9,0,2012/9/29,2,　差動式スポット型感知器　４個　０．９×４C 30m　見積り願います。,見積もり提出中
1950,2011,1,11,10,0,2011/11/10,2,　非常警報バッテリー　　ニッタン　DC６V　　　EAU-SP　　１台,見積もり提出中
1950,2012,1,11,10,0,2013/1/19,5,　消火器Ａ－３　１２本　　非常警報バッテリー　ニッタン製　8Ｅ-011-1　（1988年製）　ＤＣ6Ｖ　0.5Ａｈ／5ＨＲ　１台,請求済み
1951,2011,1,11,9,0,2011/9/14,2,消火器　　ABC粉末10型　　　2本　　　　ABC粉末４型　　　２本,見積もり提出中
1954,2011,1,12,2,0,2012/6/28,5,消火器Ａ－３　１０本　　強化液３㍑　４本　　誘導灯バッテリー東芝2NR-CU-S　4本,請求済み
1954,2013,1,11,11,0,2013/12/10,2,"自火報　　　差動式感知器不良　　　１個
誘導灯　　　バッテリー不良　　　４ＮＲ－ＡＣ－ＴＬ　　東芝製　　　　１個",見積もり提出中
1955,2012,1,12,10,0,2012/10/17,2,　誘導灯バッテリー不良　FK627A×1個　見積書作成願います。,見積もり提出中
1956,2011,1,12,10,0,2011/10/13,5,　誘導灯バッテリー　ＦＫ１28　誘導灯ランプ　１×ＣＦ２20T4EN(３Ｗ)　１個　Ａ－３消火器　２本　処分消火器Ａ－３　４本見積り願います。,請求済み
1956,2013,1,12,10,0,2013/11/6,5,　誘導灯バッテリー（ＦＫ１２８）×１個　見積り願います。,請求済み
1957,2012,1,12,3,0,2013/3/15,5,消火器交換　Ａ－３　１本,請求済み
1958,2011,1,11,9,0,2011/10/17,5,消火器　Ａ－３　５本　,請求済み
1959,2011,1,11,10,0,2011/12/2,5,"消火器： 強化液×３本１０年以上経過　粉末に変えて新品交換
自火報： ベル×１個　不良。新品交換",請求済み
1959,2013,1,11,10,0,2013/9/19,2,消火器： 次回点検時にＡ－３×６本　新品交換,見積もり提出中
1960,2013,1,11,11,0,2013/11/6,2,自火報： 煙感知器　４個　新品交換　　能美製,見積もり提出中
1962,2011,1,11,10,0,2011/10/28,2,消火器： １０年以上経過消火器１本　新品交換,見積もり提出中
1963,2011,1,11,11,0,2011/11/18,2,ABC粉末消火器　　　１０型　　　　２本,見積もり提出中
1963,2012,1,11,11,0,2012/11/15,5,ＡＢＣ粉末消火器１０型　　　　２本,請求済み
1965,2012,1,11,11,0,2012/12/27,2,別紙,見積もり提出中
1965,2013,1,11,11,0,2013/11/19,2,"誘導灯バッテリー　　ＦＫ１２３　　１個

消火器　　　粉末ＡＢＣ１０型　　３本",見積もり提出中
1965,2014,1,12,5,0,2014/5/27,1,別紙にて,見積もり依頼
1966,2011,1,11,11,0,2011/11/17,5,消火器　A-3　５本,請求済み
1967,2011,1,11,11,0,2011/11/2,5,消火器： Ａ－３×６本　新品交換,請求済み
1967,2012,1,11,11,0,2012/11/2,5,消火器： Ａ－３×６本　　新品交換,請求済み
1970,2012,1,11,10,0,2012/10/17,2,消火器　　ABC粉末１０型　　　　４本,見積もり提出中
1970,2013,1,11,10,0,2013/10/25,5,消火器　　ＡＢＣ粉末１０型　　　２本,請求済み
1976,2011,1,11,11,0,2012/1/12,5,消火器１０型×１本,請求済み
1976,2012,1,12,5,0,2012/6/12,6,別紙,対応不要
1983,2012,1,12,12,0,2012/12/11,2,　実施報告書に記載。,見積もり提出中
1983,2013,1,11,6,0,2013/6/28,2,　　実施報告書　記載。,見積もり提出中
1983,2013,1,12,12,0,2013/12/16,2,　実施報告書記載。,見積もり提出中
1984,2011,1,11,12,0,2011/12/12,5,"消火器　Ａ－３　６本

誘導標識
避難口　　　　　３枚
通路　片矢印　２枚",請求済み
1987,2011,1,11,12,0,2012/3/16,5,"誘導灯・非常警報設備電源切換工事（現在誘導灯と非常警報が一緒になっています）
　→調査済み。VVF２.０ｍｍ×２ｍ　・　作業費（余りのブレーカーあり）",請求済み
1987,2012,1,11,12,0,2012/12/13,2,前回同様,見積もり提出中
1987,2012,1,12,6,0,2012/6/15,2,誘導灯ランプ更新お勧め：高輝度　ＢＬ級用　ＣＦ２００Ｔ４ＥＮ／Ｃ（３W）　×４本,見積もり提出中
1987,2013,1,12,6,0,2013/6/7,2,別紙,見積もり提出中
1988,2011,1,11,12,0,2012/2/24,5,誘導灯バッテリー不良×１（４NR-AC-TL）,請求済み
1988,2013,1,11,12,0,2013/12/7,2,"前回見積り
　　＋
誘導灯ランプ交換　ＣＦ２１０Ｔ４ＥＮＬ（３Ｗ）　オーデリック（株）",見積もり提出中
1988,2013,1,12,6,0,2013/6/7,2,"誘導灯：本体増設 ×１台
　　　　　通路 片面 右矢印　　　ＶＶＦ１.６－２Ｃ　×５ｍ
 　　　　 消防申請費",見積もり提出中
1991,2012,1,11,6,0,2012/6/12,6,別紙,対応不要
1991,2012,1,12,12,0,2012/12/17,2,別紙,見積もり提出中
1991,2013,1,11,6,0,2013/6/7,2,別紙,見積もり提出中
1992,2011,1,11,10,0,2012/1/25,2,"消火器単価見積り　Ａ－３　10型・Ａ－３　強化液ー２
消火器廃棄処分費ｘ　６本　
煙感知器不良　ｘ　5個　（能美防災にてヘッド及びベース見積りして下さい。）
受信機用送受話器　ｘ　2台",見積もり提出中
1992,2011,1,12,4,0,2012/9/21,2,"・消火器交換　Ａ－３　       ×   ９本
・消火器廃棄処分費  　　　 ×　 ７本　
・煙感知器不良ヘッド交換　×　５個　(ノーミ製　煙感知器２種)
・受信機用送受話器　        ×　２台",見積もり提出中
1992,2013,1,11,10,0,2013/12/18,2,"煙感知器ヘッド交換　ノーミ光電２種×８台　
火報　感知器増設工事　定温特種防水×６ヶ所　ＯＰ４Ｃ－５０Ｍ　",見積もり提出中
1993,2011,1,12,1,0,2012/1/21,2,"消火器： Ａ－５×１本　１０年以上経過　新品交換
自火報： 差動感知器×３個不良　新品交換
誘導灯： バッテリー×２台不良（４Ｎ－０６ＤＡ・４Ｎ－０６ＤＢ）　新品交換

別、見積りで　自火報： ベル×１個増設　ＨＰ－１Ｐ×３０ｍ　",見積もり提出中
1993,2011,1,12,12,0,2012/3/9,5,,請求済み
1993,2012,1,11,6,0,2012/6/4,2,誘導灯： バッテリー不良。１ヶ所　　三菱製 ４ＮＲ－０６ＤＢ,見積もり提出中
1993,2012,1,11,12,0,2012/12/11,2,誘導灯： バッテリー不良。２ヶ所　（三菱製　４Ｎ－０６ＤＢ×２個）,見積もり提出中
1993,2013,1,11,12,0,2013/12/17,2,誘導灯：バッテリー不良。４ヶ所　　4Ｎ－０６DB ３台 ・ ４Ｎ－０６ＤＡ　1台　,見積もり提出中
1993,2013,1,12,6,0,2013/6/3,2,誘導灯： バッテリー不良２ヶ所。　前回と同じ,見積もり提出中
1993,2014,1,12,6,0,2014/6/4,1,前回と同じ　　誘導灯バッテリー不良。４か所,見積もり依頼
1999,2012,1,11,6,0,2012/8/21,2,　誘導灯バッテリー　ＦＫ－627Ａ　２台　　誘導灯パネル　ＦＫ02820－Ｒ2Ｅ　　１枚　,見積もり提出中
1999,2013,1,11,6,0,2013/7/3,2,誘導灯バッテリー　：　ＦＫ６２７Ａ　４．８Ｖ　１２００ｍＡｈ　松下製　が３本。　　誘導灯パネル　：　ＦＫ０2820－ＲＺＥ　が２枚。　見積もりお願いします。,見積もり提出中
1999,2013,1,12,12,0,2014/1/7,2,　バッテリー不良　　FK-１２２　２台　　FK-６２６A　４台　　パネル不良FK０２８２０－R2E　２枚,見積もり提出中
2001,2012,1,11,2,0,2013/3/14,2,"誘導灯バッテリー交換
ＦＫ－３４９　1台",見積もり提出中
2004,2011,1,12,2,0,2012/6/28,2,"自火報受信機バッテリー不良　　２４Ｖ０.２２５Ａｈ　　　　旧支所分
消火器収納ＢＯＸ　３本入れ用　　　１個　　　　壁取り付け工事含む",見積もり提出中
2005,2013,1,12,1,0,2014/1/16,5,消火器廃棄のみ1本　\１５００,請求済み
2008,2011,1,11,2,0,2012/3/12,5,"消火器　　　 Ａ－３　  ３本
　　　　        強化液　６．０㍑　 ３本

誘導標識　　避難口  １枚　　",請求済み
2026,2011,1,11,4,0,2012/5/17,5,"・火報　受信機バッテリー交換　
　0.225Ah/5H　×　1個

・誘導灯バッテリー交換
　FK-376　     ×　２個
　FK-381  　   ×　１個

-------------------------
※消火器のみ別にしてください。
・消火器交換
　A-3　　　　　　×　３本　
消火器は今回交換なし",請求済み
2026,2013,1,12,10,0,2013/12/6,2,　誘導灯バッテリー　　ＦＫ－３７６　１台,見積もり提出中
2027,2012,1,11,3,0,2014/3/17,3,消火器　：　蓄圧　２０型　２本交換,補修済み
2030,2013,1,11,3,0,2014/1/20,6,,対応不要
2033,2011,1,11,3,0,2012/3/31,2,消火器Ａ－３　３本更新,見積もり提出中
2034,2012,1,11,4,0,2013/4/26,2,別紙,見積もり提出中
2036,2012,1,11,9,0,2012/9/27,5,　消火栓ホース４０Ａ　　８本　　　誘導灯バッテリー　　ＦＫ－125　２本,請求済み
2036,2012,1,12,3,0,2013/4/6,5,　誘導灯バッテリー　ＦＫ125×１　受信機バッテリー　１．２Ａｈ/5HR×１個　見積もり願います。,請求済み
2036,2013,1,12,3,0,2014/3/20,2,　誘導灯バッテリー　ＦＫ１２５×２　見積り願います。,見積もり提出中
2037,2012,1,12,5,0,2012/5/11,2,　別紙にて提出,見積もり提出中
2037,2013,1,11,11,0,2013/11/28,2,　別紙記載,見積もり提出中
2037,2013,1,12,5,0,2013/5/21,2,　前回の見積もりを　見せて下さい。　そこに付け足します。,見積もり提出中
2043,2012,1,11,6,0,2012/7/31,2,"消火器　　Ａ－３　　１２本

火報　　　光電式感知器　　１ヶ所　　定温式感知器　　２ヶ所

誘導灯　　Ｂ級、Ｃ級避難口片面　　各１台ずつ

火通　　電話回線接続不良の為送り配線にて手直し

避難器具　避難はしご　　１台

項目別に見積書作成して下さい。",見積もり提出中
2043,2013,1,11,6,0,2013/8/19,2,"消火器　ＡＢＣ１０型　　１２本

火報　　光電式感知器　　Ｘ１　　　定温式感知器　　Ｘ２

誘導灯　　Ｂ級、Ｃ級避難口片面　各１台ずつ　　　　

誘導灯バッテリー　　ＦＫ６４６　Ｘ１

避難器具　　避難はしご　Ｘ１


誘導灯バッテリー以外は前回同様",見積もり提出中
2044,2013,1,11,5,0,2013/6/20,2,前回同様にて,見積もり提出中
2044,2013,1,12,11,0,2014/1/14,2,"差動式スポット２種　３個　　取り替え

消火器ＡＢＣ１０型　　　８本（入替）

消火器廃棄処分　１０本",見積もり提出中
2044,2014,1,11,5,0,2014/5/31,1,別紙,見積もり依頼
2046,2012,1,11,4,0,2013/4/20,5,　Ａ－３消火器　７本　受信機バッテリー　２４Ｖ０．４５Ah/5HR1個　見積もり願います。,請求済み
2050,2013,1,11,7,0,2013/7/13,5,　実施報告書に記載。,請求済み
2050,2013,1,12,1,0,2014/2/18,5,別紙参照,請求済み
2051,2012,1,11,7,0,2012/7/10,6,　実施報告書に記載,対応不要
2052,2012,1,11,7,0,2012/7/10,6,　実施報告書に記載,対応不要
2053,2012,1,11,7,0,2012/7/10,6,　実施報告書に記載,対応不要
2054,2012,1,11,10,0,2012/10/29,2,　報告書に記載。,見積もり提出中
2054,2013,1,11,10,0,2013/10/26,2,　別紙記載。,見積もり提出中
2056,2012,1,12,5,0,2012/5/11,6,　消火器　１１本,対応不要
2056,2014,1,12,5,0,2014/5/27,2,　誘導灯　本体不良　１台　　,見積もり提出中
2057,2012,1,11,11,0,2012/11/20,2,　煙感知器　２台,見積もり提出中
2057,2012,1,12,5,0,2012/5/11,2,　ノーミ　煙　２個,見積もり提出中
2058,2012,1,11,5,0,2012/5/11,6,　消火器　４本,対応不要
2059,2012,1,11,5,0,2012/5/11,6,　消火器２９本,対応不要
2059,2014,1,11,5,0,2014/5/27,6,　消火器Ａ－３　３本,対応不要
2060,2012,1,11,5,0,2012/6/11,5,"受信機バッテリー交換
・0.225mA/5h 　　　　　     ×　１ 個

誘導灯バッテリー交換
・FK-381　　　　　　　　　 　×　２ 個
・FK19417 (2.4V_2000mA) ×　３ 個",請求済み
2060,2012,1,12,11,0,2012/11/22,0,,
2060,2013,1,11,5,0,2013/5/22,5,誘導灯バッテリー交換　ＦＫ－３４１　１台,請求済み
2060,2013,1,12,11,0,2013/11/27,0,,
2061,2012,1,11,5,0,2012/7/2,0,"消火器　Ａ－３　３本
消火器ＢＯＸ　　1個
受信機バッテリー交換　０．２２５Ａｈ
感知器増設　差動1個　定温防水1種　1個",
2079,2013,1,11,3,0,2014/5/8,5,　誘導灯　バッテリー　ＫＦ－３４１　　６台,請求済み
2080,2012,1,12,9,0,2012/9/20,6,　実施報告書に記載。,対応不要
2081,2013,1,11,3,0,2014/4/1,2,　消火器　２８本,見積もり提出中
2082,2012,1,11,5,0,2012/5/30,5,消火器： １０年以上経過×１本　新品交換,請求済み
2084,2012,1,12,7,0,2012/7/10,5,　消火器　１１　本　　　受信機バッテリー　２４Ｖ１．２Ａｈ,請求済み
2085,2012,1,11,9,0,2012/9/5,6,　実施報告に記載。,対応不要
2087,2012,1,11,10,0,2012/10/23,2,　消火器は前回のままです。　誘導灯バッテリー　４ＮＲ-AC-TL　１台　ＦＫー３４１　1台　　消火栓不備はユウキより。,見積もり提出中
2087,2013,1,11,10,0,2013/11/15,2,　前回の見積書を出して下さい。　追加で記載します。,見積もり提出中
2091,2012,1,11,5,0,2012/6/19,2,実施報告書に記載。,見積もり提出中
2091,2013,1,11,5,0,2013/6/7,2,　実施報告書に記載。,見積もり提出中
2092,2012,1,11,11,0,2012/11/15,2,"消火器　　ＡＢＣ粉末１０型　　　　３３本
ガス漏れ火災警報設備　　　　受信機内中継器用バッテリー不良　　１.６５Ａｈ　　　検知器　富士電機　ＫＮ－３５Ｂ　　２個",見積もり提出中
2092,2012,1,12,5,0,2012/5/31,2,"消火器　　ＡＢＣ粉末１０型　　３１本　　　　同５０型　　　２本
誘導灯　　高輝度ランプ　　　ＣＦ２２０Ｔ４ＥＮ　　　２本
ガス漏れ　　　バッテリー不良　　２４Ｖ　１.６５Ａｈ　　　１個　　　　　検知器　　富士電機製　ＫＮ－３５Ｂ　　期限切れ　　　２個",見積もり提出中
2092,2013,1,12,5,0,2013/5/29,2,"消火器　　　ＡＢＣ粉末１０型　　　３１本　　　　　５０型　　　　２本
ガス漏れ火災警報設備　　　　２４Ｖ１.６５Ａｈ　バッテリー不良交換　　　　　ガス漏れ検知器　　富士電機　　ＫＮ－３５Ｂ　　　２個",見積もり提出中
2092,2014,1,12,5,0,2014/5/17,2,"消火器　　ABC粉末１０型　　　　３１本　　　　５０型　　　２本
ガス漏れ　　　バッテリー不良　　２４V　１.６５Ah　　　　　検知器　KN-３５B　　２個　　期限切れ",見積もり提出中
2093,2012,1,11,5,0,2012/7/20,2,消火器　　　ＡＢＣ粉末１０型　　　　４本,見積もり提出中
2096,2012,1,11,12,0,2012/12/18,2,別紙,見積もり提出中
2097,2013,1,11,5,0,2013/5/28,2,別紙,見積もり提出中
2097,2014,1,11,5,0,2014/5/27,2,別紙にて,見積もり提出中
2099,2012,1,11,6,0,2012/6/24,2,誘導灯： バッテリー不良。７ヶ所　　①３．６Ｖ　１６５０ｍＡｈ　東芝電材　３ＮＲ－Ｃ－Ｓ　×３個　　　　　　　　　　　　　　　　　　　　　　　　②３．６Ｖ　２３００ｍＡｈ　東芝ライテック　３ＮＲ-CH-LE　×２個　　　　　　　　　　　　　　　　　　　　　　　　　　　　　　　　　　　　　　　　　　　③３．６Ｖ　１８００ｍＡｈ　松下　バッテリー型が読めない。ＤＥＦ－２８５１大光電機（誘導灯本体の型）　×２個,見積もり提出中
2099,2012,1,12,12,0,2012/12/21,5,前回の3NR-CH‐LEのバッテリー2個を減らして、自火報バッテリー24V0.45Aｈ と 防火設備バッテリー24V1.2Ahを増やした見積もり,請求済み
2099,2013,1,11,6,0,2013/7/18,5,誘導灯： 前回と同じ,請求済み
2101,2012,1,11,6,0,2012/6/26,5,自火報バッテリー２４Ｖ0.225Ａｈ　１本　　定温式スポットＷＰ　１個　不良交換,請求済み
2102,2012,1,11,7,0,2012/7/10,6,　実施報告書に記載,対応不要
2107,2013,1,12,1,0,2014/1/21,2,"自火報　感知器増設（１ヶ所）
　
　・差動式スポット型感知器２種　×１個
　・電線AE０.９－４C　×１０ｍ
　",見積もり提出中
2109,2012,1,11,8,0,2012/9/12,5,消火器　Ａ-３　　１本,請求済み
2109,2012,1,12,2,0,2013/3/15,5,消火器　ＡＢＣ１０型　　７本,請求済み
2109,2013,1,11,8,0,2014/2/18,5,消火器　粉末ＡＢＣ１０型　　１本,請求済み
2110,2012,1,11,8,0,2012/9/12,5,"誘導灯バッテリ－　　三菱　３N-２３DA　　Ｘ４

誘導灯　　Ｂ級避難口片面　Ｘ３　　Ｂ級通路片面右矢印　Ｘ１　　吊具５００ＭＭＸ３

消火器　　Ａ-３　　２本",請求済み
2110,2012,1,12,2,0,2013/3/18,5,"非常放送用バッテリーDC２４V１．６５AH/５ＨＲ(ＮＣＢ－１６５）Ｘ１

誘導灯バッテリ－  三菱 ７Ｎ－２３AA  Ｘ1",請求済み
2110,2013,1,12,2,0,2014/3/11,2,受信機用バッテリー　ＤＣ２４Ｖ０．４５ＡＨ５ＨＲ　（ノーミ製）　　Ｘ１　光電式スポット型感知器２種（取替）　Ｘ１,見積もり提出中
2111,2012,1,11,8,0,2012/9/12,5,Ｐ１受信機用電話機　　Ｘ２台　,請求済み
2111,2012,1,12,2,0,2013/3/30,5,受信機用バッテリ－　DC２４V１．２AH/5ＨＲ(BV9810)Ｘ1,請求済み
2111,2013,1,11,8,0,2014/2/18,5,消火器　粉末ＡＢＣ１０型　　１本,請求済み
2112,2012,1,12,11,0,2013/3/28,5,別紙,請求済み
2112,2013,1,11,5,0,2013/6/18,2,別紙,見積もり提出中
2112,2013,1,12,11,0,2013/11/15,2,　別　紙,見積もり提出中
2112,2014,1,11,5,0,2014/5/26,1,別紙,見積もり依頼
2114,2012,1,11,8,0,2012/9/3,6,　これから　北林さんにやってもらうので　入力お願いします。,対応不要
2115,2012,1,11,5,0,2012/8/22,5,消火器　　Ａ－３　　６本,請求済み
2120,2013,1,11,7,0,2013/7/30,5,消火器廃棄　８本,請求済み
2121,2013,1,11,7,0,2013/11/29,5,前回と同じで消火器１０型２本と担当者小川から鈴木へ変更お願い致します。,請求済み
2123,2012,1,11,9,0,2012/9/21,6,別紙,対応不要
2124,2012,1,11,9,0,2012/9/21,6,別紙,対応不要
2125,2012,1,11,9,0,2012/9/21,6,別紙,対応不要
2125,2012,2,21,9,0,2012/9/21,6,,対応不要
2126,2012,1,11,9,0,2012/9/21,6,別紙,対応不要
2127,2012,1,11,9,0,2012/10/30,5,"自火報： 未警戒。モール４本　ＡＥ-２P×５ｍ　差動感知器×１個
避難器具： 自在金具用取扱プレート・避難器具プレート　各１枚",請求済み
2127,2013,1,11,8,0,2013/11/5,5,屋内消火栓： メインバルブ不良。４０Ａ－１０Ｋ　ユウキサービスに見積もり依頼,請求済み
2129,2012,1,12,2,0,2013/2/2,2,別紙,見積もり提出中
2129,2013,1,11,8,0,2013/8/27,2,別紙,見積もり提出中
2129,2013,1,12,2,0,2014/2/7,2,前回見積りから　誘導灯ランプ（FPL13EX－N）を　２本減らして出して下さい。,見積もり提出中
2130,2012,1,12,2,0,2013/2/13,2,　防排煙バッテリー　２４Ｖ　０．２２５Ａｈ／５ＨＲ　1個　,見積もり提出中
2132,2013,1,11,9,0,2013/9/17,0,消火器廃棄のみ　１本　\１５００,
2134,2012,1,12,10,0,2012/10/16,5,"消火器交換　　　　Ａ－３ ×１　￥６．５００
消火器廃棄のみ 　　　　 ×２  ￥３．０００",請求済み
2137,2012,1,11,10,0,2012/12/6,5,"消火器　Ａ－３　　５本

受信機用バッテリ－　ＤＣ２４Ｖ０．２２５ＡH５HR　　Ｘ１

総合盤　ランプカバ－Ｘ１

火報　　煙感知器ヘッドのみ（能美）　Ｘ４個",請求済み
2138,2013,1,12,2,0,2014/2/26,6,　,対応不要
2140,2012,1,11,10,0,2012/11/1,5,受信機 移設工事,請求済み
2143,2012,1,11,4,0,2013/4/16,2,　A－３消火器　２２本　誘導灯バッテリー　４NR-AC-TL×１　３NR-CU-S×１　防水ベル１個　定温式スポット型感知器１種×１個（増設）電線１０ｍ　見積り願います。,見積もり提出中
2143,2013,1,11,4,0,2014/4/17,2,　Ａ－３消火器９本　強化液１３本と（Ａ－３消火器２２本）２とうり　自火報バッテリー１．６５Ａｈ／５ＨＲ　１個　　　　　　　　　　　　　　　　　  誘導灯バッテリー　４ＮＲ－ＡＣ－ＴＬ×４個　３ＮＲ-CU-Ｓ×１個　ガス漏れ検知器　１個　差動１個増設工事　電線５ｍ,見積もり提出中
2143,2013,1,12,10,0,2013/10/24,2,　誘導灯バッテリー　４ＮＲ－ＡＣ－ＴＬ２個　３ＮＲ－ＣＵ－Ｓ１個　未警戒　定温式７０度　１個　電線０．９×４Ｃ５ｍ　Ａ－３消火器１６本　強化液３Ｌ　６本　受信機バッテリー　ＤＣ２４Ｖ　１．６５Ａｈ　５ＨＲ１個　見積り願います。,見積もり提出中
2145,2012,1,11,11,0,2012/11/14,2,消火器１０型×２本　交換,見積もり提出中
2145,2013,1,11,11,0,2013/12/3,5,消火器２本　交換　完了,請求済み
2145,2013,1,12,5,0,2013/5/2,2,別紙,見積もり提出中
2147,2012,1,11,10,0,2012/12/7,2,消化器１０型３本（見積もり提出済み）,見積もり提出中
2147,2013,1,11,10,0,2013/11/12,2,消火器１０型３本,見積もり提出中
2149,2013,1,11,7,0,2013/7/31,2,　別紙に記載　ｂｙ　　たかし,見積もり提出中
2151,2012,1,11,1,0,2013/1/23,5,消火器： Ａ－３×２本　新品交換,請求済み
2157,2012,1,11,12,0,2012/12/11,5,粉末消火器１０型　　２本,請求済み
2159,2012,1,11,12,0,2012/12/26,2,消火器　A－３　　　３本　　　＠６，５００,見積もり提出中
2159,2013,1,11,12,0,2014/1/8,2,"消火器　粉末ABC１０型　　３本

受信機用バッテリー　　DC２４V０．２２５AH５HR（ニッタン製）　　X１",見積もり提出中
2164,2012,1,11,1,0,2013/2/12,2,"・消火器交換　Ａ－３　３７本　
・消火栓ホース交換　４０Ａ　×２０本
・誘導灯バッテリー交換　”３ＮＲ-ＣＨ-Ｓ　×１個”　”３ＮＲ－ＣＨ－ＳＷ　×１個”　”　ＦＫ－６４６ ×１個”
・受信機バッテリー交換　”１．２Ａｈ　×　１個”　
・感知器増設８箇所　”差動スポット３台” ”定温防水１種１台” ”光電煙２種２台””防排用光電煙３種２台”
・感知器ヘッド交換　”差動スポット１台”　”光電煙１台”　
・総合盤内”端子台交換９台”　”Ｐー１発信器交換３台”
　",見積もり提出中
2187,2013,1,11,10,0,2013/12/21,2,別紙,見積もり提出中
2188,2013,1,11,12,0,2013/12/21,2,誘導灯バッテリー交換　FK３７６ ×１　 （松下 ・ ３.６V ・ ２０００ｍAｈ）,見積もり提出中
2188,2013,1,12,6,0,2013/9/25,5,別紙,請求済み
2191,2012,1,11,1,0,2013/1/31,2,別紙,見積もり提出中
2191,2013,1,11,1,0,2014/1/29,2,"前回見積り
　＋
・粉末消火器１０型　１本廃棄

・火災通報装置バッテリー不良　（鉛蓄電池 ・ DC１２V ０.８Ah/５HR （NP０.８－１２）） ×１個 　　（本体：㈱大興電機製作所製）",見積もり提出中
2192,2013,1,11,12,0,2014/1/30,5,非常警報バッテリー　BG９９０５（パナソニック）　　X１,請求済み
2194,2012,1,11,2,0,2013/5/14,5,"自火報：専用回路切り替え工事
　　　　　　ＶＶＦ３.０－３Ｃ　×７ｍ
　　　　　　空きブレーカーがない為、２０Ａのブレーカー　×１個
　　　　　　調査費がみれない為、若干作業費にプラスして下さい。

　　　　　　備考欄に、
　　　　　　　　　停電作業を要します。（時間１５分）
　　　　　　と記載して下さい。",請求済み
2194,2013,1,12,8,0,2013/8/22,2,別紙,見積もり提出中
2199,2013,1,11,9,0,2013/11/15,5,P2　受信機バッテリー　0.225Ah/5HR　1本　見積もりお願い致します。　,請求済み
2200,2012,1,11,3,0,2013/3/7,5,　消火器　３本,請求済み
2201,2012,1,11,3,0,2013/3/7,5,　消火器　Ａ－３　　３本,請求済み
2202,2012,1,11,3,0,2013/3/7,5,　消火器　Ａ－３　　２本,請求済み
2203,2012,1,11,3,0,2013/3/18,5,Ａ－３　５本,請求済み
2204,2012,1,11,3,0,2013/3/7,5,　消火器　Ａ－３　５本,請求済み
2205,2012,1,11,3,0,2013/3/7,5,　消火器　Ａ－３　　５本,請求済み
2205,2013,1,12,9,0,2013/11/22,5,消火器１０型 （ＹＡＭＡＴＯ）１本 放出しているため交換、見積もりお願いいたします。朝日生命に送って下さい。,請求済み
2209,2012,1,11,3,0,2013/4/6,5,"消火器　ＡＢＣ１０型　６本
消火器スタンド　　３台
誘導灯バッテリ－　　ＦＫ３４１　　Ｘ２　　ＦＫ６４６　　Ｘ　１",請求済み
2209,2013,1,11,3,0,2014/3/12,2,受信機用バッテリー　ＤＣ２４Ｖ０．２２５ＡＨ５ＨＲ　（ニッタン製）　　　Ｘ１,見積もり提出中
2209,2013,1,12,9,0,2014/3/12,5,誘導灯バッテリー　　　ＦＫ６２７Ａ    Ｘ  1,請求済み
2212,2013,1,11,3,0,2014/4/10,2,　　消火器　１３本　　　煙感知器（ノーミ）　２種　　１台　　３種　　１台　　　誘導灯バッテリー東芝4ＮＲ-ＳＣ-ＬＥ　１台　　,見積もり提出中
2217,2012,1,11,4,0,2013/6/25,5,別紙,請求済み
2218,2012,1,12,4,0,2013/5/27,2,別紙記載,見積もり提出中
2218,2013,1,11,10,0,2013/11/25,5,"防火戸１枚　戸枠上部の１部分研削作業　０．５人工
少量危険物用火気厳禁パネル３枚　取り替え
非常放送スピーカー１台配線",請求済み
2219,2013,1,11,3,0,2014/3/26,2,　　未警戒増設工事　　　定温　１種防水　　２台　　ＡＥ0.9-2Ｐ　　40メートル,見積もり提出中
2220,2013,1,11,3,0,2014/3/31,2,   消火器　１３本　　消火栓ﾎｰｽ40Ａ　６本　　煙感知器　２種　１台ＡＥ0.9-2Ｐ　20ｍ,見積もり提出中
2228,2013,1,12,10,0,2013/11/22,2,"差動式スポット　　１ケ所交換


作業車　　＠30,000",見積もり提出中
2229,2013,1,12,10,0,2013/10/3,2,消火器： Ａ－３×４本　新品交換,見積もり提出中
2232,2013,1,11,5,0,2013/9/30,5,別紙,請求済み
2232,2014,1,11,5,0,2014/5/28,2,粉末消火器１０型　×１本　交換,見積もり提出中
2233,2013,1,12,10,0,2014/1/30,2,消火器　廃棄　　１本（ABC１０型）,見積もり提出中
2236,2013,1,11,5,0,2013/6/18,2,別紙,見積もり提出中
2236,2013,1,12,11,0,2013/12/16,2,火災通報装置データロム　　メッセージ書き換え　　１式,見積もり提出中
2236,2014,1,11,5,0,2014/5/19,2,前回同様,見積もり提出中
2237,2013,1,11,5,0,2013/6/18,2,別紙,見積もり提出中
2237,2013,1,12,11,0,2013/12/16,2,火災通報装置データロム　　　メッセージ書き換え　　１式,見積もり提出中
2237,2014,1,11,5,0,2014/5/19,2,前回同様,見積もり提出中
2238,2013,1,11,8,0,2013/9/17,2,"消火器　　ＡＢＣ粉末１０型　　　　　１本
防火戸設備　　　　壁埋め込みイジェクター不良交換　　　パナソニック製　　　１個",見積もり提出中
2239,2013,1,11,5,0,2013/5/31,2,別紙,見積もり提出中
2239,2013,1,12,11,0,2013/11/7,2,別紙でまとめて出します。,見積もり提出中
2239,2014,1,11,5,0,2014/5/9,2,前回と同じで、自火報受信機バッテリー0.45Ａｈ×１・自火報と誘導灯回路が一緒現場調査必要,見積もり提出中
2240,2013,1,11,5,0,2013/5/31,2,別紙,見積もり提出中
2240,2013,1,12,11,0,2013/12/21,5,差動５個増設、３個移設・誘導標識３枚設置,請求済み
2241,2013,1,11,5,0,2013/5/31,2,別紙,見積もり提出中
2241,2013,1,12,11,0,2013/11/7,2,別紙でまとめて出します。,見積もり提出中
2241,2014,1,11,5,0,2014/5/9,2,前回と同じで、自火報未警戒２ヶ所・点検口増設３ヶ所・誘導灯バッテリーＦＫ376×２・誘導灯と非常灯の回路が一緒現場調査必要,見積もり提出中
2242,2013,1,11,5,0,2013/5/31,2,別紙,見積もり提出中
2242,2013,1,12,11,0,2013/11/8,2,別紙でまとめて出します。,見積もり提出中
2242,2014,1,11,5,0,2014/5/8,2,前回と同じで、自火報バッテリーＤＣ２4Ｖ，0.225Ａｈ×１本・点検口作成５ヶ所・誘導灯本体交換Ｂ級両面通路リニューアルプレート付,見積もり提出中
2243,2013,1,11,5,0,2013/5/31,2,別紙,見積もり提出中
2243,2013,1,12,11,0,2013/11/8,2,別紙でまとめて出します。,見積もり提出中
2243,2014,1,11,5,0,2014/5/9,2,前回と同じで、自火報未警戒２ヶ所・誘導灯バッテリー４ＮＲ－ＳＣ-ＬＥ１本,見積もり提出中
2244,2013,1,11,5,0,2013/5/31,2,別紙,見積もり提出中
2244,2013,1,12,11,0,2013/11/11,2,別紙でまとめて出します。,見積もり提出中
2244,2014,1,11,5,0,2014/5/8,2,誘導灯本体交換、Ｂ級両面通路（両矢印）１台・バッテリー交換ＦＫ１２８×２、ＦＫ６２７Ａ×５本,見積もり提出中
2245,2013,1,11,5,0,2013/5/31,2,別紙,見積もり提出中
2245,2013,1,12,11,0,2013/11/8,2,別紙でまとめて出します。,見積もり提出中
2245,2014,1,11,5,0,2014/5/8,2,既設誘導灯、撤去及び移設１式,見積もり提出中
2246,2013,1,11,5,0,2013/5/31,2,別紙,見積もり提出中
2246,2013,1,12,11,0,2013/11/12,2,別紙でまとめて出します。,見積もり提出中
2246,2014,1,11,5,0,2014/5/9,2,前回と同じで４ＮＲ－ＡＣ－ＴＬ×１,見積もり提出中
2247,2013,1,11,5,0,2013/5/31,2,別紙,見積もり提出中
2247,2013,1,12,11,0,2013/11/7,2,別紙でまとめて出します。,見積もり提出中
2247,2014,1,11,5,0,2014/5/9,2,前回と同じで、４ＮＲ－ＡＣ－ＴＬ×７,見積もり提出中
2248,2013,1,11,5,0,2013/5/31,2,別紙,見積もり提出中
2248,2013,1,12,11,0,2013/11/12,2,別紙でまとめて出します。,見積もり提出中
2248,2014,1,11,5,0,2014/5/9,2,前回と同じ不良です。４ＮＲ－ＡＣ－ＴＬ×３,見積もり提出中
2249,2013,1,11,5,0,2013/5/31,2,別紙,見積もり提出中
2249,2013,1,12,11,0,2013/11/8,2,別紙でまとめて出します。,見積もり提出中
2249,2014,1,11,5,0,2014/5/9,2,前回と同じで点検口増設１ヶ所,見積もり提出中
2250,2013,1,12,11,0,2013/11/7,6,別紙でまとめて出します。,対応不要
2252,2013,1,11,5,0,2013/5/31,6,別紙,対応不要
2253,2013,1,11,11,0,2013/11/25,2,"前回見積り内容を変更して下さい。

・誘導灯ランプ　５本　→　３本",見積もり提出中
2253,2013,1,12,5,0,2013/5/15,2,"消火器：１０型更新×４本
自火報：煙感知器２種ヘッド不良交換×２（能美製）
　　　　　＊スライダー使用あり（２人工）
誘導灯：ランプ不良交換×５（ＦＰＬ６ＥＸ－Ｎ）

上記、ダイソー用見積りあり",見積もり提出中
2253,2014,1,12,5,0,2014/5/19,2,前回見積りの日付け変更でお願いします。,見積もり提出中
2254,2013,1,11,5,0,2013/5/14,2,消火器（小型）×３本　廃棄,見積もり提出中
2254,2013,1,12,11,0,2013/11/25,6,"前回と変わらず。

見積り不要。",対応不要
2254,2014,1,11,5,0,2014/5/7,2,・消火器１０型　廃棄　×３本　（前回同様）　　　・消火器ＢＯＸ（１０型用）　設置　×１個,見積もり提出中
2255,2014,1,12,5,0,2014/5/16,2,感知器交換　×１個　：定温１種防水　（ＢＶ４１９１２１（感第１７～３号））　パナソニック製　,見積もり提出中
2262,2013,1,11,12,0,2014/1/10,2,　Ａ－３消火器　１本　見積り願います。,見積もり提出中
2262,2013,1,12,6,0,2013/6/27,2,　Ａ－３消火器　１本　蓄光式誘導標識　５枚　見積もり願います。,見積もり提出中
2264,2013,2,21,11,0,2013/11/30,5,　実施報告書記載。,請求済み
2264,2014,1,11,5,0,2014/5/7,2,　消火器粉末　５０型　　１本　　誘導灯バッテリー　4ＮＲ－ＡＣ－ＴＬＢ　３台　・連結送水口耐圧試験一式,見積もり提出中
2265,2013,1,11,6,0,2013/6/14,2,別紙,見積もり提出中
2265,2013,1,12,12,0,2013/12/10,2,前回見積りから、定温式スポット型感知器 特種防水型　１個を消して下さい。,見積もり提出中
2271,2013,1,11,7,0,2013/11/28,5,"別紙

Ｈ２５／７／２７　消火器４本　納入済",請求済み
2271,2013,1,12,1,0,2014/2/25,5,"火報 ： 煙感知器取り替え　×１ヶ所
　　　　　・スポット型煙感知器２種（ホーチキ）　×１　・ベース　×１　･丸型一方行ジョイントボックス（両開き）　×１（鉄でも可）
　　　　　・丸型一方行ジョイントボックス（片開き）　×１（鉄でも可）　 ・丸型ジョイントボックスのフタ　×１　・配管（３００～５００ｍｍ）
非常電源（蓄電池設備）
　　　バッテリー交換　×１　（ ＧＳ ＹＵＡＳＡ製  ・ 型式 ：８５Ｄ３１Ｒ  ・ １２Ｖ ６０Ａｈ/５ＨＲ ）


火報部分のみ修繕済み（２／７）　　非常電源（蓄電池設備）修繕済み（２／２４）",請求済み
2275,2013,1,11,9,0,2013/11/27,2,"消火器　　粉末ＡＢＣ１０型　　１２本　　消火器ボックス　　１個　　　済

火災報知設備

受信機用（ホーチキ）バッテリーＤＣ１2Ｖ０．６ＡＨ/５ＨＲ　　Ｘ１個

感知器増設　　差動式スポット　　７台　　　点検口７ケ所　　電線０．９Ｘ４Ｃ　　４０M

誘導灯バッテリー　　ＦＫ６２７Ａ　Ｘ　３台　　　ＦＫ１２８　　Ｘ　２台　　誘導灯パネル　　ＦＡ２１４３７Ｚ用避難口用パネル　　Ｘ　１枚",見積もり提出中
2276,2013,1,11,9,0,2013/11/27,5,"消火器ABC10型　　　３本　　　　　済

非常警報（松下製）用バッテリーDC６V０．２９AH/５HR　　１台

誘導灯ランプ　パナソニック　CF220T4EN　　２本",請求済み
2277,2013,1,11,9,0,2013/11/27,5,"消火器　ABC10型　　３本　　　済

受信機（ホーチキ）用バッテリーDC２４V０．４５AH/５HR　　　Ｘ１

感知器増設　定温特種３個　　電線１０M",請求済み
2285,2013,1,11,6,0,2013/7/3,5,"消火器　　ABC粉末１０型　　　　１本
誘導灯　　バッテリー不良　　　FK-１３６　　　２個
非常灯　　バッテリー不良　　　FK-１７０　　　１０個",請求済み
2286,2013,1,11,8,0,2013/10/16,2,別紙,見積もり提出中
2287,2013,1,11,8,0,2013/10/16,2,別紙,見積もり提出中
2287,2013,1,12,2,0,2014/3/5,2,光電式感知器２種　　１個　　　　取替費　　１式　　　試験調整費　　１式,見積もり提出中
2288,2013,1,11,8,0,2013/10/16,2,別紙,見積もり提出中
2288,2013,1,12,2,0,2014/3/5,2,差動式感知器２種　　　Ｘ１　　取替費　１式　　試験調整費　　１式,見積もり提出中
2289,2013,1,11,8,0,2013/10/16,2,別紙,見積もり提出中
2290,2013,1,11,8,0,2013/10/16,2,別紙,見積もり提出中
2291,2013,1,11,8,0,2013/10/16,2,別紙,見積もり提出中
2291,2013,1,12,2,0,2014/3/5,2,　　受信機バッテリー　　DC２４V　３．５Ah／５HR　　　１台,見積もり提出中
2292,2013,1,11,8,0,2013/10/16,2,別紙,見積もり提出中
2292,2013,1,12,2,0,2014/3/5,2,差動式感知器２種　１個　　　取替費　　１式　　試験調整費　　１式,見積もり提出中
2293,2013,1,11,8,0,2013/10/16,2,別紙,見積もり提出中
2294,2013,1,11,8,0,2013/10/16,2,別紙,見積もり提出中
2294,2013,1,12,2,0,2014/3/5,2,"差動式スポット型感知器２種　　Ⅹ１
定温式スポット型感知器特種防水型　　Ⅹ１
光電式スポット型感知器２種　　Ⅹ１　取替費　１式　　　　試験調整費　　１式",見積もり提出中
2295,2013,1,11,8,0,2013/10/16,2,別紙,見積もり提出中
2295,2013,1,12,2,0,2014/3/5,2,　　※　差動式スポット感知器　　３台　　　内２台　足場必要（ビデ３段）　　　,見積もり提出中
2296,2013,1,11,8,0,2013/10/16,2,別紙,見積もり提出中
2296,2013,1,12,2,0,2014/3/5,2,　受信機バッテリー　　ＤＣ２４　１．２Ａｈ／５ＨＲ　　　１台　,見積もり提出中
2297,2013,1,11,8,0,2013/10/16,2,別紙,見積もり提出中
2298,2013,1,11,8,0,2013/10/16,2,別紙,見積もり提出中
2298,2013,1,12,2,0,2014/3/5,2,"光電式スポット型感知器２種　　Ｘ１
取替費　　　　　　　　　　　　　　　１式
試験調整費　　　　　　　　　　　　１式",見積もり提出中
2300,2013,1,11,8,0,2013/10/16,2,別紙,見積もり提出中
2300,2013,1,12,2,0,2014/3/5,2,"差動式スポット型感知器２種　Ⅹ　１
取替費　　　　　　　　　　　　　　１式
試験調整費　　　　　　　　　　　１式",見積もり提出中
2305,2013,1,11,7,0,2013/7/31,2,別紙,見積もり提出中
2305,2013,1,12,1,0,2014/3/17,5,別紙,請求済み
2306,2013,1,11,7,0,2013/7/31,2,別紙,見積もり提出中
2306,2013,1,12,1,0,2014/3/31,5,見積り通り,請求済み
2307,2013,1,11,7,0,2013/7/31,2,別紙,見積もり提出中
2307,2013,1,12,1,0,2014/3/31,5,見積り通り,請求済み
2308,2013,1,11,9,0,2013/8/10,6,別紙,対応不要
2308,2013,1,12,4,0,2014/3/24,5,"自火報設備修繕①　・　屋内消火栓：フート弁・吸込管交換　水槽内清掃　・　誘導灯：バッテリー交換　　　修繕済み
＊自火発の触媒栓交換は４月の点検時に行う予定",請求済み
2309,2013,1,11,9,0,2013/8/10,6,別紙,対応不要
2309,2013,1,12,4,0,2014/3/24,5,"自火報：煙感知器交換　２ヶ所　　　　　　　　　　　　　修繕済み
誘導灯：バッテリー（１０個）・ランプ交換（３本）　　　　修繕済み",請求済み
2309,2014,1,11,5,0,2014/5/21,2,誘導灯バッテリー不良　×１（FK１２８）　　　非常放送スピーカー不良　×１（ＣＳ－１５２ＰＡ　　ＴＯＡ）,見積もり提出中
2310,2013,1,11,9,0,2013/8/10,6,別紙,対応不要
2310,2014,1,11,5,0,2014/5/28,2,提出中,見積もり提出中
2311,2013,1,11,9,0,2013/8/10,6,別紙,対応不要
2311,2014,1,11,5,0,2014/5/28,2,別紙,見積もり提出中
2312,2013,1,11,9,0,2013/8/10,6,別紙,対応不要
2312,2014,1,11,5,0,2014/5/28,2,内容変更→別紙,見積もり提出中
2313,2013,1,11,9,0,2013/10/24,2,光電式スポット型感知器　２種　×１個　（能美防災）,見積もり提出中
2313,2014,1,11,5,0,2014/5/28,2,日付変更→別紙,見積もり提出中
2323,2013,1,11,8,0,2013/9/9,2,消火器　Ａ－３　１本　納品,見積もり提出中
2323,2013,1,12,2,0,2014/2/27,5,"前回同様
消火器増設　１０型　×　１本",請求済み
2332,2013,1,11,9,0,2013/12/18,5,別紙,請求済み
2338,2013,1,11,10,0,2013/11/16,2,　Ａ－３消火器　１０本見積り願います。,見積もり提出中
2339,2013,1,11,7,0,2013/11/5,2,"・消火器１０型(交換）３本

・粉末消火設備８台（廃棄込）


・自火報能美FAP１１４（１９７３年製）に装備できる送受話器２台


　差動感知器３個、定温感知器１個



見積りお願い致します。",見積もり提出中
2345,2013,1,11,10,0,2013/11/16,2,"消火器： 新品交換 ６本
自火報： ＤＣ２４Ｖ０.９Ａｈ　バッテリー交換
誘導灯： ＦＫ３７６×２個   バッテリー交換",見積もり提出中
2351,2013,1,12,12,0,2014/1/20,2,"消火器ＡＢＣ１０型　　１６本

連結送水管耐圧性能点検　　１系統　　１式

定温特種　　１個　　取り換え",見積もり提出中
2352,2013,1,11,3,0,2014/4/19,1,　青山常務相談打ち合わせのうえ別紙で記載します。,見積もり依頼
2353,2014,1,12,5,0,2014/5/16,2,消火器１０型１５本　（前回見積り１７本）金額を下げてもらえないかと・・・,見積もり提出中
2355,2013,1,11,12,0,2014/1/20,2,"受信機用バッテリーDC２４V１．２AH５HR（ノーミ製）　　X１

消火器ABC１０型　　１２本",見積もり提出中
2358,2013,1,11,11,0,2014/1/15,2,消火器　粉末ＡＢＣ１０型　　２本,見積もり提出中
2358,2014,1,12,5,0,2014/5/31,2,消火器ＡＢＣ１０型　　　２本,見積もり提出中
2359,2013,1,11,12,0,2013/12/16,2,"非常警報設備用バッテリー　ＤＣ６Ｖ０．２５ＡＨ（ニッタン製）　　Ｘ２

誘導灯バッテリー　　ＦＫ３４１　Ｘ２　　ＦＫ６４６　Ｘ２",見積もり提出中
2362,2013,1,11,1,0,2014/1/20,6,,対応不要
2372,2013,1,11,12,0,2014/1/22,5,消火器： Ａ－３」×９本　新品交換,請求済み
2376,2013,1,11,2,0,2014/2/6,2,"アクアランド茅野分
火報サウナ内地区ベル不良交換　　”地区ベル単体１５０ｍｍ”のみ　×　２台",見積もり提出中
2379,2013,1,11,1,0,2014/3/14,5,消火器　　A-3　２本　　　６５００円,請求済み
2382,2013,1,11,2,0,2014/3/26,5,"共用部： 消火器８本　新品交換 ・ 誘導灯バッテリー１ヶ所 ＦＫ１２５ ・ 受信機バッテリーDC24V0.225Ah
１階東 ｑｕａｌｉｔａ： 誘導灯バッテリー２か所 ＦＫ１２５×２個
２階西 そらのかなた： 自火報未警戒　煙感知器３個、定温特種防水感知器２個、ＡＥ２Ｐ－１５ｍ",請求済み
2383,2013,1,12,4,0,2014/4/30,2,"煙感知器　２種（能美）　交換　×１個
自火報受信機付属　通話装置（ジャックタイプの子機）　×１個",見積もり提出中
2390,2013,1,12,3,0,2014/3/11,2,"・火報受信機バッテリー不良交換　""１．２Ａｈ/５ＨＲ""×１本　・誘導灯キセノン用バッテリー不良 ""FK-646""×１本
・消火栓ホース耐圧性能試験と新品交換別々で。　",見積もり提出中
2391,2013,1,12,3,0,2014/3/25,2,・誘導バッテリー不良交換　”ＦＫ－１２８”　×　１台　　・火報　送受話機１台　,見積もり提出中
2399,2014,1,11,5,0,2014/5/16,2,・消火器交換　１０型　６９本　・非常警報バッテリー不良交換　松下（ＢＧ９９０５）×２台　・避難器具取説（オリロー）張替え×５枚,見積もり提出中
2403,2013,1,11,4,0,2014/4/2,2,感知器不良ヘッド交換　・ノーミ製光電２種（ＦＤＫ２２８Ａ－Ｘ）　×　１８台　差動スポット×２台,見積もり提出中
2407,2014,1,12,5,0,2014/5/15,2,"誘導灯本体不良交換　Ｂ級片面キセノン付避難口ＢＬ型×２台と壁づけ用リニューアルプレート２枚
誘導灯バッテリー不良交換　　・三菱製（３Ｎ－１２ＡＢ）×１９台　・（４Ｎ－１９ＤＢ）×１台　・（４Ｎ－１９ＨＡ）×６台
・松下製（ＦＫ－６２７）×３台　・（ＦＫ－６４６）×２台　火災通報バッテリー不良交換・ＤＣ１２Ｖ０．８Ａｈ（大興）×１台",見積もり提出中
2409,2014,1,11,5,0,2014/5/23,2,"火報感知器不良交換　""ニッタン製　３種煙×１台""　""埋め込み用ベース×１台""",見積もり提出中
2410,2014,1,12,5,0,2014/5/14,2,"誘導灯バッテリー不良交換　・（２ＮＲ－ＣＵ－Ｓ）×３台　・（４ＮＲ－ＣＵ－Ｓ）×１台　・（３ＮＲ－ＣＸ－ＬＥ）×２台
誘導灯本体不良交換　　　　・ (Ｃ級片面避難口の防水型)×１台　?着工届け、設置届け含む。",見積もり提出中
2414,2013,1,11,4,0,2014/5/1,2,"・粉末消火器１０型　交換×１本
・差動２種　×７個　・定温特種防水　×２個　・配線ＡＥ０.９－４C　×５０ｍ　・消防申請費　　・警戒区域図作成費
・受信機リニューアル提案　　（既存受信機：　Ｐ型２級５回線　受第６０－３９　・　ＦＡＰ２２０）",見積もり提出中
2421,2014,1,11,5,0,2014/5/22,2,"消火器： Ａ－２×５本　１０年以上経過　　新品交換　　他 廃棄消火器が３本あり
自火報： 未警戒１か所・不良感知器１か所　（特種１個・差動１個・ＡＥ２Ｐ×１５ｍ）",見積もり提出中
2447,2014,1,11,5,0,2014/5/31,2,定温式スポット１２０℃１個不良交換,見積もり提出中
